id,name,size.bytecode,size.static,start.jit,exec.jit,freq.jit,compilation.jit,size.dynamic.jit,start.interp,exec.interp,freq.interp,exec.spec,compilation.spec,size.dynamic.spec
28,_start,83,992,64110.0,0.0,0.0,4421218.0,992.0,59260.0,0.0,0.0,999999999999,999999999999,999999999999
27,__wasm_call_ctors,5,808,4486318.0,0.0,1.0,1792809.0,808.0,63910.0,0.0,1.0,999999999999,999999999999,999999999999
39,init,20,840,6279667.0,0.0,1.0,1981359.0,840.0,64480.0,0.0,1.0,999999999999,999999999999,999999999999
2759,__wasi_clock_time_get,20,824,8261606.0,0.0,2.0,1937189.0,824.0,65680.0,0.0,2.0,999999999999,999999999999,999999999999
2752,__main_void,214,1400,10204525.0,0.0,1.0,4892338.0,1400.0,72270.0,0.0,1.0,999999999999,999999999999,999999999999
2756,__wasi_args_sizes_get,18,824,15097533.0,0.0,1.0,1907279.0,824.0,73190.0,0.0,1.0,999999999999,999999999999,999999999999
2729,malloc,12,808,17007932.0,0.0,10793.0,1780680.0,808.0,77090.0,10000000.0,10775.0,999999999999,999999999999,999999999999
2730,dlmalloc,5377,8240,18789242.0,0.0,10814.0,79914841.0,8240.0,77510.0,20000000.0,10791.0,999999999999,999999999999,999999999999
2734,calloc,109,984,98711963.0,0.0,2.0,3550448.0,984.0,99200.0,0.0,2.0,999999999999,999999999999,999999999999
2900,memset,393,1200,102263481.0,0.0,21509.0,9199466.0,1200.0,102900.0,10000000.0,21467.0,999999999999,999999999999,999999999999
2755,__wasi_args_get,18,816,111463827.0,0.0,1.0,1791529.0,816.0,105200.0,0.0,1.0,999999999999,999999999999,999999999999
172,main,15217,17584,113257096.0,0.0,1.0,113157096.0,17584.0,106780.0,0.0,1.0,999999999999,999999999999,999999999999
2868,setvbuf,125,648,226418772.0,0.0,1.0,3664988.0,648.0,122720.0,0.0,1.0,999999999999,999999999999,999999999999
173,consoleClassifySetup,620,1304,230085200.0,0.0,1.0,6368997.0,1304.0,124130.0,0.0,1.0,999999999999,999999999999,999999999999
201,streamOfConsole,162,1024,236455037.0,0.0,3.0,2739189.0,1024.0,127660.0,0.0,3.0,999999999999,999999999999,999999999999
2844,fileno,35,552,239194886.0,0.0,3.0,1994919.0,552.0,129230.0,0.0,3.0,999999999999,999999999999,999999999999
2798,__isatty,104,968,241190695.0,0.0,4.0,2973008.0,968.0,130090.0,0.0,4.0,999999999999,999999999999,999999999999
2761,__wasi_fd_fdstat_get,18,824,244164714.0,0.0,15.0,1766219.0,824.0,130780.0,0.0,11.0,999999999999,999999999999,999999999999
2838,fflush,362,1648,245936602.0,0.0,25.0,8140096.0,1648.0,136830.0,0.0,26.0,999999999999,999999999999,999999999999
202,consoleRenewSetup,5,512,254081938.0,0.0,1.0,1337029.0,512.0,148130.0,0.0,1.0,999999999999,999999999999,999999999999
2829,atexit,162,984,255420048.0,0.0,2.0,3228189.0,984.0,149920.0,0.0,2.0,999999999999,999999999999,999999999999
2825,getenv,154,1120,258649136.0,0.0,5.0,4752818.0,1120.0,151900.0,0.0,5.0,999999999999,999999999999,999999999999
2823,__wasilibc_ensure_environ,27,824,263402694.0,0.0,5.0,1917559.0,824.0,152390.0,0.0,5.0,999999999999,999999999999,999999999999
2824,__wasilibc_initialize_environ,194,1360,265321093.0,0.0,1.0,4453328.0,1360.0,153060.0,0.0,1.0,999999999999,999999999999,999999999999
2758,__wasi_environ_sizes_get,18,824,269775111.0,0.0,1.0,1831549.0,824.0,153780.0,0.0,1.0,999999999999,999999999999,999999999999
2902,__strchrnul,358,1144,271608560.0,0.0,7.0,7198557.0,1144.0,155130.0,0.0,9.0,999999999999,999999999999,999999999999
34,signal,105,576,278808577.0,0.0,1.0,2501409.0,576.0,159630.0,0.0,1.0,999999999999,999999999999,999999999999
1048,sqlite3_sourceid,16,520,281311156.0,0.0,1.0,1602639.0,520.0,161240.0,0.0,1.0,999999999999,999999999999,999999999999
177,cli_strncmp,231,976,282914735.0,0.0,1.0,3354658.0,976.0,162180.0,0.0,1.0,999999999999,999999999999,999999999999
2909,strncmp,136,632,286270143.0,0.0,1.0,4461068.0,632.0,164700.0,0.0,1.0,999999999999,999999999999,999999999999
178,main_init,496,1696,290732251.0,0.0,1.0,4768028.0,1696.0,179180.0,0.0,1.0,999999999999,999999999999,999999999999
935,sqlite3_config,3089,3328,295502019.0,0.0,8.0,15125393.0,3328.0,182720.0,0.0,8.0,999999999999,999999999999,999999999999
179,verify_uninitialized,98,968,310628712.0,0.0,3.0,2560879.0,968.0,190580.0,0.0,3.0,999999999999,999999999999,999999999999
566,sqlite3_snprintf,290,1136,313191951.0,0.0,7.0,4001718.0,1136.0,202420.0,0.0,5.0,999999999999,999999999999,999999999999
562,sqlite3StrAccumInit,199,680,317194569.0,0.0,11021.0,3124148.0,680.0,204940.0,0.0,11261.0,999999999999,999999999999,999999999999
532,sqlite3_str_vappendf,24753,15472,320319567.0,0.0,11021.0,195551716.0,15472.0,207860.0,320000000.0,11261.0,999999999999,999999999999,999999999999
533,sqlite3_str_append,314,1024,515874133.0,0.0,11082.0,4321078.0,1024.0,250130.0,20000000.0,11274.0,999999999999,999999999999,999999999999
2898,memcpy,1008,1888,520196781.0,0.0,80130.0,15436283.0,1888.0,253780.0,270000000.0,83650.0,999999999999,999999999999,999999999999
505,sqlite3_initialize,962,1616,535637704.0,0.0,21024.0,7583666.0,1616.0,298600.0,50000000.0,21022.0,999999999999,999999999999,999999999999
506,sqlite3MallocInit,453,1072,543222490.0,0.0,1.0,4126378.0,1072.0,301290.0,0.0,1.0,999999999999,999999999999,999999999999
928,sqlite3MemSetDefault,82,880,547349688.0,0.0,1.0,2086349.0,880.0,302790.0,0.0,1.0,999999999999,999999999999,999999999999
2687,sqlite3MemInit,38,536,549437717.0,0.0,1.0,1735789.0,536.0,309430.0,0.0,1.0,999999999999,999999999999,999999999999
507,sqlite3RegisterBuiltinFunctions,53,984,551175056.0,0.0,1.0,2071368.0,984.0,313500.0,0.0,1.0,999999999999,999999999999,999999999999
929,sqlite3AlterFunctions,28,832,553247255.0,0.0,1.0,1770439.0,832.0,314080.0,0.0,1.0,999999999999,999999999999,999999999999
933,sqlite3InsertBuiltinFuncs,665,1424,555018425.0,0.0,5.0,7620586.0,1424.0,314750.0,0.0,5.0,999999999999,999999999999,999999999999
538,sqlite3Strlen30,169,936,562639981.0,0.0,10833.0,2878829.0,936.0,317170.0,10000000.0,10795.0,999999999999,999999999999,999999999999
2908,strlen,206,656,565520060.0,0.0,15190.0,5046707.0,656.0,318950.0,50000000.0,19056.0,999999999999,999999999999,999999999999
970,sqlite3FunctionSearch,264,1064,570568247.0,0.0,185.0,4492168.0,1064.0,322860.0,0.0,185.0,999999999999,999999999999,999999999999
573,sqlite3StrICmp,361,672,575062675.0,0.0,943.0,4514418.0,672.0,339840.0,0.0,895.0,999999999999,999999999999,999999999999
930,sqlite3WindowFunctions,28,832,579579513.0,0.0,1.0,1879429.0,832.0,354240.0,0.0,1.0,999999999999,999999999999,999999999999
931,sqlite3RegisterDateTimeFunctions,28,832,581463102.0,0.0,1.0,1879569.0,832.0,442640.0,0.0,1.0,999999999999,999999999999,999999999999
932,sqlite3RegisterJsonFunctions,29,832,583346411.0,0.0,1.0,1915139.0,832.0,504640.0,0.0,1.0,999999999999,999999999999,999999999999
508,sqlite3PcacheInitialize,111,936,585284140.0,0.0,1.0,2671019.0,936.0,1615640.0,0.0,1.0,999999999999,999999999999,999999999999
934,sqlite3PCacheSetDefault,83,880,587956139.0,0.0,1.0,2196429.0,880.0,1616920.0,0.0,1.0,999999999999,999999999999,999999999999
2689,pcache1Init,340,984,590154158.0,0.0,1.0,3238538.0,984.0,1622920.0,0.0,1.0,999999999999,999999999999,999999999999
509,sqlite3OsInit,174,1024,593394156.0,0.0,1.0,3220559.0,1024.0,1625840.0,0.0,1.0,999999999999,999999999999,999999999999
520,sqlite3_malloc,204,1000,596615865.0,0.0,1.0,3386848.0,1000.0,1626720.0,0.0,1.0,999999999999,999999999999,999999999999
512,hasHighPrecisionDouble,488,1720,600003943.0,0.0,8.0,4642518.0,1720.0,1631850.0,0.0,8.0,999999999999,999999999999,999999999999
2924,__extenddftf2,269,1128,604647561.0,0.0,11016.0,4931108.0,1128.0,1634440.0,30000000.0,11266.0,999999999999,999999999999,999999999999
2921,__addtf3,1437,3104,609579899.0,0.0,8.0,21599369.0,3104.0,1638890.0,0.0,8.0,999999999999,999999999999,999999999999
2930,__ashlti3,84,592,631180388.0,10000000.0,10009.0,2968819.0,592.0,1642090.0,10000000.0,10009.0,999999999999,999999999999,999999999999
2933,__lshrti3,85,592,634150267.0,0.0,11008.0,2856259.0,592.0,1643000.0,270000000.0,11258.0,999999999999,999999999999,999999999999
2931,__fe_getround,5,520,637007356.0,0.0,8.0,1581649.0,520.0,1646110.0,0.0,8.0,999999999999,999999999999,999999999999
2922,__letf2,226,712,638589955.0,0.0,109383.0,4166457.0,712.0,1647820.0,140000000.0,111243.0,999999999999,999999999999,999999999999
521,sqlite3Malloc,306,1032,642758402.0,0.0,10788.0,3809699.0,1032.0,1651070.0,10000000.0,10769.0,999999999999,999999999999,999999999999
522,mallocWithAlarm,747,1608,646569941.0,0.0,10788.0,6590567.0,1608.0,1653880.0,10000000.0,10769.0,999999999999,999999999999,999999999999
2686,sqlite3MemRoundup,63,544,653161738.0,0.0,10811.0,1990489.0,544.0,1655950.0,10000000.0,10785.0,999999999999,999999999999,999999999999
528,sqlite3StatusHighwater,204,576,655153517.0,0.0,10849.0,2667149.0,576.0,1656950.0,0.0,10872.0,999999999999,999999999999,999999999999
2682,sqlite3MemMalloc,250,1056,657821626.0,0.0,10788.0,3514228.0,1056.0,1659970.0,0.0,10769.0,999999999999,999999999999,999999999999
496,sqlite3MallocSize,97,920,661337834.0,0.0,21703.0,2383729.0,920.0,1664850.0,10000000.0,21749.0,999999999999,999999999999,999999999999
2685,sqlite3MemSize,96,552,663722563.0,0.0,21722.0,2102368.0,552.0,1666120.0,20000000.0,21768.0,999999999999,999999999999,999999999999
530,sqlite3StatusUp,317,592,665825961.0,0.0,21637.0,2940789.0,592.0,1667580.0,40000000.0,21641.0,999999999999,999999999999,999999999999
524,sqlite3_free,249,1128,668768360.0,0.0,11383.0,3646898.0,1128.0,1673400.0,10000000.0,11843.0,999999999999,999999999999,999999999999
525,sqlite3StatusDown,101,560,672416748.0,0.0,21614.0,2208699.0,560.0,1676190.0,10000000.0,21625.0,999999999999,999999999999,999999999999
2683,sqlite3MemFree,114,896,674626467.0,10000000.0,10788.0,2373809.0,896.0,1678130.0,0.0,10769.0,999999999999,999999999999,999999999999
2732,free,12,808,677001686.0,0.0,10798.0,1786860.0,808.0,1679060.0,0.0,10781.0,999999999999,999999999999,999999999999
2733,dlfree,1713,2216,678789646.0,0.0,10814.0,23848599.0,2216.0,1679420.0,0.0,10792.0,999999999999,999999999999,999999999999
575,sqlite3_os_init,305,1136,702640464.0,0.0,1.0,4194318.0,1136.0,1681810.0,0.0,1.0,999999999999,999999999999,999999999999
2903,strcmp,105,600,706835982.0,0.0,16.0,3567049.0,600.0,1683840.0,0.0,12.0,999999999999,999999999999,999999999999
513,sqlite3_vfs_register,339,1152,710404351.0,0.0,6.0,4427347.0,1152.0,1685700.0,0.0,6.0,999999999999,999999999999,999999999999
514,vfsUnlink,479,608,714834798.0,0.0,6.0,4233187.0,608.0,1701539.0,0.0,6.0,999999999999,999999999999,999999999999
576,unixTempFileInit,73,936,719072416.0,0.0,1.0,2096159.0,936.0,1757279.0,0.0,1.0,999999999999,999999999999,999999999999
510,sqlite3MemdbInit,296,1048,721171435.0,0.0,1.0,3702508.0,1048.0,1764579.0,0.0,1.0,999999999999,999999999999,999999999999
504,sqlite3_vfs_find,322,1112,724874853.0,0.0,4.0,5082038.0,1112.0,1765950.0,0.0,4.0,999999999999,999999999999,999999999999
511,sqlite3PCacheBufferSetup,570,784,729960871.0,0.0,1.0,5558538.0,784.0,1796630.0,0.0,1.0,999999999999,999999999999,999999999999
105,sqlite3_appendvfs_init,337,1128,735523099.0,0.0,1.0,4250617.0,1128.0,1811179.0,0.0,1.0,999999999999,999999999999,999999999999
2801,access,165,1040,739776157.0,0.0,1.0,3070147.0,1040.0,1823830.0,0.0,1.0,999999999999,999999999999,999999999999
2796,__wasilibc_find_relpath_alloc,513,1928,742848024.0,0.0,54.0,8518707.0,1928.0,1824819.0,0.0,42.0,999999999999,999999999999,999999999999
2816,__wasilibc_find_abspath,343,1408,751367941.0,0.0,54.0,9116396.0,1408.0,1826219.0,0.0,42.0,999999999999,999999999999,999999999999
2813,__wasilibc_populate_preopens,226,1296,760485627.0,0.0,63.0,5325737.0,1296.0,1826859.0,0.0,48.0,999999999999,999999999999,999999999999
2765,__wasi_fd_prestat_get,18,824,765812274.0,0.0,3.0,1972389.0,824.0,1827819.0,0.0,3.0,999999999999,999999999999,999999999999
2766,__wasi_fd_prestat_dir_name,20,824,767789303.0,0.0,2.0,1892299.0,824.0,1832130.0,0.0,2.0,999999999999,999999999999,999999999999
2814,internal_register_preopened_fd_unlocked,280,1320,769683502.0,0.0,2.0,5869827.0,1320.0,1833150.0,0.0,2.0,999999999999,999999999999,999999999999
2907,strdup,48,960,775556389.0,0.0,2.0,2588869.0,960.0,1842099.0,0.0,2.0,999999999999,999999999999,999999999999
2897,memcmp,75,584,778151138.0,0.0,74.0,3526948.0,584.0,1864319.0,0.0,62.0,999999999999,999999999999,999999999999
2735,realloc,1140,2192,781679626.0,0.0,32.0,18089820.0,2192.0,1875579.0,0.0,25.0,999999999999,999999999999,999999999999
2905,strcpy,17,840,799771228.0,0.0,54.0,1926390.0,840.0,1877950.0,0.0,42.0,999999999999,999999999999,999999999999
2904,__stpcpy,374,776,801698757.0,0.0,54.0,6606777.0,776.0,1878310.0,0.0,42.0,999999999999,999999999999,999999999999
2789,__wasilibc_nocwd_faccessat,220,1160,808307084.0,0.0,1.0,4851368.0,1160.0,1880410.0,0.0,1.0,999999999999,999999999999,999999999999
2773,__wasi_path_filestat_get,30,952,813159512.0,0.0,19.0,2345988.0,952.0,1881330.0,0.0,17.0,999999999999,999999999999,999999999999
185,process_sqliterc,838,1848,815546680.0,0.0,1.0,8087986.0,1848.0,7403697.0,0.0,1.0,999999999999,999999999999,999999999999
216,find_xdg_config,389,1240,823636236.0,0.0,1.0,4336758.0,1240.0,7406417.0,0.0,1.0,999999999999,999999999999,999999999999
194,find_home_dir,582,1224,827976274.0,0.0,2.0,4978528.0,1224.0,7414047.0,0.0,2.0,999999999999,999999999999,999999999999
190,ePutsUtf8,314,1368,832956832.0,0.0,1.0,3963518.0,1368.0,7420237.0,0.0,1.0,999999999999,999999999999,999999999999
170,getEmitStreamInfo,730,1416,836922090.0,0.0,2001.0,6788066.0,1416.0,7421917.0,10000000.0,4001.0,999999999999,999999999999,999999999999
423,isValidStreamInfo,97,552,843711426.0,0.0,4002.0,2165179.0,552.0,7424687.0,20000000.0,8002.0,999999999999,999999999999,999999999999
2855,fputs,38,944,845878055.0,0.0,2001.0,2321819.0,944.0,7430007.0,0.0,4001.0,999999999999,999999999999,999999999999
2862,fwrite,289,1368,848201364.0,0.0,2001.0,7845787.0,1368.0,7434307.0,0.0,4001.0,999999999999,999999999999,999999999999
2860,__towrite,94,624,856047971.0,0.0,2.0,3079889.0,624.0,7435307.0,0.0,2.0,999999999999,999999999999,999999999999
2848,__stdio_write,316,1368,859128840.0,0.0,9.0,7245716.0,1368.0,7436847.0,0.0,15.0,999999999999,999999999999,999999999999
2847,writev,115,984,866375545.0,0.0,9.0,3109678.0,984.0,7437847.0,0.0,15.0,999999999999,999999999999,999999999999
2771,__wasi_fd_write,22,824,869486524.0,0.0,89.0,1930099.0,824.0,7438707.0,0.0,92.0,999999999999,999999999999,999999999999
196,process_input,4214,4312,871437993.0,0.0,1.0,28519667.0,4312.0,7456057.0,0.0,1.0,999999999999,999999999999,999999999999
275,setLexemeOpen,219,624,899959050.0,0.0,6.0,3144908.0,624.0,7462177.0,0.0,6.0,999999999999,999999999999,999999999999
276,trackParenLevel,125,592,903105638.0,0.0,6.0,2457479.0,592.0,7465357.0,0.0,6.0,999999999999,999999999999,999999999999
277,one_input_line,501,1352,905565177.0,0.0,23.0,5902777.0,1352.0,7469807.0,0.0,23.0,999999999999,999999999999,999999999999
471,local_getline,966,1472,911469014.0,0.0,23.0,9359136.0,1472.0,7471857.0,0.0,23.0,999999999999,999999999999,999999999999
180,shell_check_oom,111,880,920831310.0,0.0,3.0,2556448.0,880.0,7477837.0,0.0,3.0,999999999999,999999999999,999999999999
426,fGetsUtf8,178,952,923389398.0,0.0,23.0,3079258.0,952.0,7479427.0,0.0,23.0,999999999999,999999999999,999999999999
2843,fgets,303,1384,926469817.0,0.0,23.0,8242566.0,1384.0,7481347.0,0.0,23.0,999999999999,999999999999,999999999999
2841,__uflow,85,1032,934713833.0,0.0,2.0,3377398.0,1032.0,7482197.0,0.0,2.0,999999999999,999999999999,999999999999
2840,__toread,134,1056,938092091.0,0.0,2.0,4020778.0,1056.0,1965350.0,0.0,3.0,999999999999,999999999999,999999999999
2850,__stdio_read,253,1232,942113799.0,0.0,2.0,5278648.0,1232.0,1966679.0,0.0,3.0,999999999999,999999999999,999999999999
2749,read,113,984,947393797.0,0.0,12.0,3144008.0,984.0,3126959.0,0.0,62.0,999999999999,999999999999,999999999999
2767,__wasi_fd_read,22,824,950539676.0,0.0,12.0,1927769.0,824.0,1968319.0,0.0,63.0,999999999999,999999999999,999999999999
2896,memchr,371,800,952489775.0,0.0,23.0,8095456.0,800.0,1909890.0,10000000.0,24.0,999999999999,999999999999,999999999999
278,line_is_command_terminator,534,1248,960588321.0,0.0,22.0,6000737.0,1248.0,7514357.0,0.0,22.0,999999999999,999999999999,999999999999
217,__isspace,143,552,966590137.0,0.0,859.0,2372959.0,552.0,7516177.0,0.0,859.0,999999999999,999999999999,999999999999
2822,tolower,20,528,968964187.0,0.0,22.0,1909399.0,528.0,7518867.0,0.0,22.0,999999999999,999999999999,999999999999
280,quickscan,2565,4360,970875936.0,0.0,22.0,20292420.0,4360.0,7521327.0,0.0,22.0,999999999999,999999999999,999999999999
925,sqlite3_complete,3248,4488,991181176.0,0.0,5.0,21611050.0,4488.0,7796187.0,0.0,5.0,999999999999,999999999999,999999999999
574,sqlite3_strnicmp,736,760,1012794416.0,0.0,62.0,7196656.0,760.0,7804567.0,0.0,50.0,999999999999,999999999999,999999999999
191,echo_group_input,134,920,1019994352.0,0.0,6.0,2886029.0,920.0,7896627.0,0.0,6.0,999999999999,999999999999,999999999999
281,runOneSqlLine,1279,2448,1022881941.0,0.0,5.0,11780064.0,2448.0,7898597.0,0.0,5.0,999999999999,999999999999,999999999999
184,open_db,4033,5408,1034663905.0,0.0,5.0,24511518.0,5408.0,1900870.0,0.0,6.0,999999999999,999999999999,999999999999
167,deduceDatabaseType,1043,2072,1059179564.0,0.0,1.0,8942485.0,2072.0,1906830.0,0.0,1.0,999999999999,999999999999,999999999999
2853,fopen,102,1112,1068124049.0,0.0,1.0,3340789.0,1112.0,1909319.0,0.0,1.0,999999999999,999999999999,999999999999
2845,__fmodeflags,102,1032,1071467528.0,0.0,1.0,2951688.0,1032.0,1911110.0,0.0,1.0,999999999999,999999999999,999999999999
2901,strchr,31,864,1074420486.0,0.0,2.0,2114629.0,864.0,1911770.0,0.0,4.0,999999999999,999999999999,999999999999
2800,__wasilibc_open_nomode,163,1032,1076537345.0,0.0,1.0,3138349.0,1032.0,1915550.0,0.0,1.0,999999999999,999999999999,999999999999
2783,__wasilibc_nocwd_openat_nomode,282,1240,1079681094.0,0.0,11.0,5218838.0,1240.0,1933970.0,0.0,7.0,999999999999,999999999999,999999999999
2775,__wasi_path_open,38,992,1084906932.0,0.0,11.0,2577528.0,992.0,1937679.0,0.0,7.0,999999999999,999999999999,999999999999
992,sqlite3_open_v2,127,952,1087513130.0,0.0,1.0,2686698.0,952.0,2002759.0,0.0,1.0,999999999999,999999999999,999999999999
979,openDatabase,3876,4672,1090201078.0,0.0,1.0,28611556.0,4672.0,2004399.0,0.0,1.0,999999999999,999999999999,999999999999
643,sqlite3MallocZero,182,1008,1118815245.0,0.0,20.0,3193758.0,1008.0,2013119.0,0.0,18.0,999999999999,999999999999,999999999999
980,sqlite3HashInit,105,584,1122020214.0,0.0,16.0,2119959.0,584.0,2032959.0,0.0,16.0,999999999999,999999999999,999999999999
982,createCollation,1392,1960,1124141713.0,0.0,7.0,11969574.0,1960.0,2035379.0,0.0,7.0,999999999999,999999999999,999999999999
995,sqlite3FindCollSeq,309,1040,1136112277.0,0.0,28.0,4085817.0,1040.0,2039779.0,0.0,23.0,999999999999,999999999999,999999999999
1609,findCollSeqEntry,681,1664,1140199254.0,0.0,15.0,7195956.0,1664.0,2042079.0,0.0,16.0,999999999999,999999999999,999999999999
870,sqlite3HashFind,108,952,1147396091.0,0.0,130.0,2546639.0,952.0,2044539.0,0.0,125.0,999999999999,999999999999,999999999999
1610,findElementWithHash,532,1368,1149943630.0,0.0,186.0,7154257.0,1368.0,2045979.0,0.0,179.0,999999999999,999999999999,999999999999
820,sqlite3DbMallocZero,198,1032,1157101967.0,0.0,68.0,3361338.0,1032.0,2060309.0,0.0,65.0,999999999999,999999999999,999999999999
550,sqlite3DbMallocRaw,204,992,1160464425.0,0.0,21973.0,3270578.0,992.0,2062049.0,30000000.0,21914.0,999999999999,999999999999,999999999999
873,sqlite3DbMallocRawNN,1019,1232,1163736443.0,0.0,11892.0,7401567.0,1232.0,2064349.0,90000000.0,11698.0,999999999999,999999999999,999999999999
1051,dbMallocRawFinish,164,1008,1171139250.0,0.0,156.0,3100598.0,1008.0,2068529.0,0.0,92.0,999999999999,999999999999,999999999999
971,sqlite3HashInsert,936,1608,1174246678.0,0.0,56.0,8602776.0,1608.0,2088719.0,0.0,54.0,999999999999,999999999999,999999999999
1614,insertElement,598,816,1182852555.0,0.0,58.0,5426656.0,816.0,2107559.0,0.0,57.0,999999999999,999999999999,999999999999
628,sqlite3Error,202,960,1188280802.0,0.0,12.0,3307278.0,960.0,2114689.0,0.0,10.0,999999999999,999999999999,999999999999
985,sqlite3ParseUri,6770,4616,1191599930.0,0.0,1.0,44276119.0,4616.0,2291159.0,0.0,1.0,999999999999,999999999999,999999999999
523,sqlite3_malloc64,129,992,1235879449.0,0.0,4.0,2981068.0,992.0,2319439.0,0.0,4.0,999999999999,999999999999,999999999999
986,sqlite3BtreeOpen,5773,4912,1238867597.0,0.0,3.0,41871551.0,4912.0,2341539.0,0.0,3.0,999999999999,999999999999,999999999999
1127,sqlite3PagerOpen,5024,5008,1280749108.0,0.0,3.0,36203252.0,5008.0,2377139.0,0.0,3.0,999999999999,999999999999,999999999999
1138,sqlite3PcacheSize,12,520,1316954210.0,0.0,3.0,1561089.0,520.0,2383199.0,0.0,3.0,999999999999,999999999999,999999999999
1139,sqlite3JournalSize,124,552,1318516459.0,0.0,3.0,2125639.0,552.0,2384169.0,0.0,3.0,999999999999,999999999999,999999999999
1125,sqlite3OsFullPathname,162,1000,1320646848.0,0.0,1.0,2890088.0,1000.0,2400229.0,0.0,1.0,999999999999,999999999999,999999999999
590,unixFullPathname,608,1520,1323538177.0,0.0,1.0,6376427.0,1520.0,2402169.0,0.0,1.0,999999999999,999999999999,999999999999
591,appendAllPathElements,506,1104,1329916164.0,0.0,1.0,5801517.0,1104.0,2405119.0,0.0,1.0,999999999999,999999999999,999999999999
1101,appendOnePathElement,1789,2064,1335720991.0,0.0,8.0,11880935.0,2064.0,2416899.0,0.0,8.0,999999999999,999999999999,999999999999
2804,lstat,165,1040,1347605046.0,0.0,8.0,3126378.0,1040.0,2424729.0,0.0,8.0,999999999999,999999999999,999999999999
2790,__wasilibc_nocwd_fstatat,425,1488,1350738454.0,0.0,18.0,7106387.0,1488.0,2439059.0,0.0,16.0,999999999999,999999999999,999999999999
498,sqlite3DbFree,136,896,1357909391.0,0.0,142.0,2755828.0,896.0,2730149.0,0.0,115.0,999999999999,999999999999,999999999999
556,sqlite3DbFreeNN,511,1072,1360666769.0,0.0,11396.0,4691988.0,1072.0,2731539.0,40000000.0,11368.0,999999999999,999999999999,999999999999
1140,sqlite3OsOpen,188,1024,1365362717.0,0.0,5.0,3230439.0,1024.0,2742339.0,0.0,3.0,999999999999,999999999999,999999999999
577,unixOpen,3419,3616,1368594536.0,0.0,5.0,25826458.0,3616.0,2743609.0,0.0,3.0,999999999999,999999999999,999999999999
569,sqlite3_randomness,1079,1824,1394422883.0,0.0,5.0,9476406.0,1824.0,2749169.0,0.0,3.0,999999999999,999999999999,999999999999
578,findReusableFd,850,1312,1403901589.0,0.0,1.0,7829346.0,1312.0,2755099.0,0.0,1.0,999999999999,999999999999,999999999999
1058,unixEnterMutex,5,512,1411732045.0,0.0,1.0,1481079.0,512.0,2757159.0,0.0,1.0,999999999999,999999999999,999999999999
1062,unixLeaveMutex,5,512,1413214274.0,0.0,1.0,1442559.0,512.0,2758409.0,0.0,1.0,999999999999,999999999999,999999999999
580,findCreateFileMode,868,1520,1414662903.0,0.0,5.0,8492516.0,1520.0,2778729.0,0.0,3.0,999999999999,999999999999,999999999999
581,robust_open,1077,1936,1423156919.0,0.0,10.0,10277875.0,1936.0,2782779.0,0.0,6.0,999999999999,999999999999,999999999999
1087,posixOpen,118,944,1433436594.0,0.0,10.0,2621939.0,944.0,2785389.0,0.0,6.0,999999999999,999999999999,999999999999
2799,open,163,1032,1436060533.0,0.0,10.0,3072109.0,1032.0,2786669.0,0.0,6.0,999999999999,999999999999,999999999999
2740,fcntl,276,1504,1439217051.0,0.0,18.0,4631187.0,1504.0,2821329.0,0.0,10.0,999999999999,999999999999,999999999999
585,fillInUnixFile,1118,2128,1443850400.0,0.0,5.0,10877055.0,2128.0,2829569.0,0.0,3.0,999999999999,999999999999,999999999999
1034,sqlite3_uri_boolean,272,1056,1454728915.0,0.0,7.0,3615537.0,1056.0,2832699.0,0.0,5.0,999999999999,999999999999,999999999999
1032,sqlite3_uri_parameter,238,1032,1458346092.0,0.0,7.0,3613989.0,1032.0,2834349.0,0.0,5.0,999999999999,999999999999,999999999999
1103,dotlockIoFinderImpl,50,544,1461962291.0,0.0,1.0,1976449.0,544.0,2841029.0,0.0,1.0,999999999999,999999999999,999999999999
1065,storeLastErrno,61,552,1463947490.0,0.0,11.0,2027809.0,552.0,2949329.0,0.0,5.0,999999999999,999999999999,999999999999
1056,verifyDbFile,541,1304,1465976349.0,0.0,5.0,5597507.0,1304.0,2950959.0,0.0,3.0,999999999999,999999999999,999999999999
2741,fstat,416,1456,1471574896.0,0.0,7.0,6926497.0,1456.0,2953279.0,0.0,7.0,999999999999,999999999999,999999999999
2763,__wasi_fd_filestat_get,18,824,1478502753.0,0.0,7.0,1909199.0,824.0,2953929.0,0.0,7.0,999999999999,999999999999,999999999999
1080,fileHasMoved,279,1040,1480424382.0,0.0,4.0,3694798.0,1040.0,2960819.0,0.0,3.0,999999999999,999999999999,999999999999
1141,sqlite3OsDeviceCharacteristics,185,952,1484121330.0,0.0,18.0,3181839.0,952.0,2966999.0,0.0,14.0,999999999999,999999999999,999999999999
1083,unixDeviceCharacteristics,104,936,1487304328.0,0.0,18.0,2435719.0,936.0,2968399.0,0.0,14.0,999999999999,999999999999,999999999999
1082,setDeviceCharacteristics,151,584,1489740987.0,0.0,18.0,2890309.0,584.0,2969409.0,0.0,14.0,999999999999,999999999999,999999999999
1142,setSectorSize,201,1040,1492632686.0,0.0,4.0,3663719.0,1040.0,2971799.0,0.0,4.0,999999999999,999999999999,999999999999
1031,databaseName,329,600,1496298504.0,0.0,3.0,3885918.0,600.0,2978049.0,0.0,3.0,999999999999,999999999999,999999999999
1033,uriParameter,436,1248,1500185613.0,0.0,2.0,6016467.0,1248.0,2981279.0,0.0,2.0,999999999999,999999999999,999999999999
1014,sqlite3PagerSetPagesize,1157,1936,1506205450.0,0.0,6.0,10451925.0,1936.0,3000249.0,0.0,6.0,999999999999,999999999999,999999999999
1153,sqlite3PcacheRefCount,50,544,1516658895.0,0.0,14.0,1931549.0,544.0,3003149.0,0.0,14.0,999999999999,999999999999,999999999999
1154,sqlite3PageMalloc,79,896,1518591534.0,0.0,6.0,2244799.0,896.0,3006309.0,0.0,6.0,999999999999,999999999999,999999999999
1244,pcache1Alloc,580,1392,1520837213.0,0.0,38.0,5452577.0,1392.0,3007319.0,0.0,87.0,999999999999,999999999999,999999999999
1155,pager_reset,137,1008,1526298220.0,0.0,6.0,2777779.0,1008.0,3031069.0,0.0,6.0,999999999999,999999999999,999999999999
697,sqlite3BackupRestart,136,576,1529077299.0,0.0,6.0,3120638.0,576.0,3032209.0,0.0,6.0,999999999999,999999999999,999999999999
1227,sqlite3PcacheClear,81,888,1532199427.0,0.0,6.0,2298659.0,888.0,3034049.0,0.0,6.0,999999999999,999999999999,999999999999
1209,sqlite3PcacheTruncate,584,1448,1534499256.0,0.0,14.0,7456766.0,1448.0,3035509.0,0.0,12.0,999999999999,999999999999,999999999999
1156,sqlite3PcacheSetPageSize,453,1320,1541957653.0,0.0,6.0,5499418.0,1320.0,3038609.0,0.0,6.0,999999999999,999999999999,999999999999
1145,sqlite3PageFree,75,880,1547458500.0,0.0,9.0,2253629.0,880.0,3040729.0,0.0,9.0,999999999999,999999999999,999999999999
1177,pcache1Free,482,1216,1549713269.0,0.0,41.0,4472868.0,1216.0,3041849.0,0.0,90.0,999999999999,999999999999,999999999999
1150,pagerFixMaplimit,33,536,1554187237.0,0.0,9.0,1846889.0,536.0,3046749.0,0.0,9.0,999999999999,999999999999,999999999999
1143,sqlite3PcacheOpen,410,1200,1556035286.0,0.0,3.0,4809617.0,1200.0,3049289.0,0.0,3.0,999999999999,999999999999,999999999999
2691,pcache1Create,808,1552,1560846223.0,0.0,3.0,8025057.0,1552.0,3053499.0,0.0,3.0,999999999999,999999999999,999999999999
2692,pcache1ResizeHash,724,1464,1568878130.0,0.0,3.0,9175926.0,1464.0,3070979.0,0.0,3.0,999999999999,999999999999,999999999999
1181,numberOfCachePages,308,624,1578059246.0,0.0,7.0,3436398.0,624.0,3088729.0,0.0,7.0,999999999999,999999999999,999999999999
2694,pcache1Cachesize,488,1152,1581497003.0,0.0,7.0,5233937.0,1152.0,3091649.0,0.0,7.0,999999999999,999999999999,999999999999
2695,pcache1EnforceMaxPage,407,1272,1586732291.0,0.0,10.0,5676218.0,1272.0,3094549.0,0.0,10.0,999999999999,999999999999,999999999999
1146,sqlite3PagerSetFlags,1009,840,1592409989.0,0.0,3.0,6871587.0,840.0,3099649.0,0.0,3.0,999999999999,999999999999,999999999999
1147,setGetterMethod,105,560,1599284995.0,0.0,7.0,2296249.0,560.0,3110549.0,0.0,7.0,999999999999,999999999999,999999999999
1128,sqlite3PagerSetMmapLimit,108,904,1601582684.0,0.0,3.0,2454169.0,904.0,3112649.0,0.0,3.0,999999999999,999999999999,999999999999
1129,sqlite3PagerReadFileheader,299,1144,1604038313.0,0.0,3.0,4088068.0,1144.0,3114379.0,0.0,3.0,999999999999,999999999999,999999999999
1151,sqlite3OsRead,155,992,1608128481.0,0.0,10.0,2961698.0,992.0,3116879.0,0.0,60.0,999999999999,999999999999,999999999999
1063,unixRead,455,1272,1611091269.0,0.0,10.0,5205598.0,1272.0,3118349.0,0.0,60.0,999999999999,999999999999,999999999999
1064,seekAndRead,849,1672,1616298207.0,0.0,10.0,9054996.0,1672.0,3120049.0,0.0,60.0,999999999999,999999999999,999999999999
2748,__lseek,101,976,1625355103.0,0.0,90.0,3047568.0,976.0,1985130.0,0.0,138.0,999999999999,999999999999,999999999999
2769,__wasi_fd_seek,22,824,1628405561.0,0.0,90.0,1927349.0,824.0,1986190.0,0.0,138.0,999999999999,999999999999,999999999999
1131,sqlite3PagerSetBusyHandler,180,984,1630365901.0,0.0,3.0,2983048.0,984.0,3136829.0,0.0,3.0,999999999999,999999999999,999999999999
1136,sqlite3OsFileControlHint,183,952,1633349899.0,0.0,8.0,3181098.0,952.0,3138389.0,0.0,6.0,999999999999,999999999999,999999999999
1077,unixFileControl,841,2904,1636532347.0,0.0,17.0,7565017.0,2904.0,3140409.0,0.0,10.0,999999999999,999999999999,999999999999
1132,sqlite3PagerIsreadonly,61,544,1644098874.0,0.0,3.0,1980119.0,544.0,3144609.0,0.0,3.0,999999999999,999999999999,999999999999
1134,sqlite3BtreeSchema,260,1120,1646081493.0,0.0,4.0,4034448.0,1120.0,3159899.0,0.0,4.0,999999999999,999999999999,999999999999
657,sqlite3BtreeEnter,68,552,1650117581.0,0.0,329.0,2056889.0,552.0,3161609.0,0.0,559.0,999999999999,999999999999,999999999999
1135,sqlite3BtreeSetCacheSize,140,1032,1652176210.0,0.0,4.0,2872699.0,1032.0,3164429.0,0.0,4.0,999999999999,999999999999,999999999999
1163,sqlite3PagerSetCachesize,99,912,1655050729.0,0.0,4.0,2437368.0,912.0,3166279.0,0.0,4.0,999999999999,999999999999,999999999999
1245,sqlite3PcacheSetCachesize,147,1032,1657489417.0,0.0,4.0,2953519.0,1032.0,3167409.0,0.0,4.0,999999999999,999999999999,999999999999
670,sqlite3PagerFile,48,544,1660445916.0,0.0,3.0,1936979.0,544.0,3175749.0,0.0,3.0,999999999999,999999999999,999999999999
987,sqlite3SchemaGet,450,1304,1662385075.0,0.0,2.0,5068057.0,1304.0,3182029.0,0.0,2.0,999999999999,999999999999,999999999999
988,sqlite3SetTextEncoding,177,1040,1667462322.0,0.0,1.0,3060148.0,1040.0,3206619.0,0.0,2.0,999999999999,999999999999,999999999999
889,sqlite3ExpirePreparedStatements,202,616,1670526561.0,0.0,3.0,3828349.0,616.0,3223059.0,0.0,4.0,999999999999,999999999999,999999999999
989,sqlite3RegisterPerConnectionBuiltinFunctions,161,1000,1674360999.0,0.0,1.0,3008788.0,1000.0,3244949.0,0.0,1.0,999999999999,999999999999,999999999999
967,sqlite3_overload_function,406,1480,1677370918.0,0.0,1.0,4841017.0,1480.0,3246049.0,0.0,1.0,999999999999,999999999999,999999999999
966,sqlite3FindFunction,1824,2304,1682213155.0,0.0,81.0,15536663.0,2304.0,3248059.0,0.0,81.0,999999999999,999999999999,999999999999
564,sqlite3_mprintf,155,1032,1697755148.0,0.0,10501.0,3244659.0,1032.0,3269139.0,0.0,10501.0,999999999999,999999999999,999999999999
563,sqlite3_vmprintf,260,1176,1701002397.0,0.0,10501.0,3884508.0,1176.0,3272069.0,0.0,10501.0,999999999999,999999999999,999999999999
558,sqlite3StrAccumFinish,310,1000,1704891205.0,0.0,10514.0,3937307.0,1000.0,3321349.0,0.0,10506.0,999999999999,999999999999,999999999999
559,strAccumFinishRealloc,347,1144,1708830602.0,0.0,10508.0,4206419.0,1144.0,3323809.0,10000000.0,10506.0,999999999999,999999999999,999999999999
964,sqlite3_create_function_v2,215,1104,1713041941.0,0.0,1.0,3739428.0,1104.0,3343429.0,0.0,1.0,999999999999,999999999999,999999999999
962,createFunctionApi,633,1840,1716782519.0,0.0,36.0,8609166.0,1840.0,3345539.0,0.0,36.0,999999999999,999999999999,999999999999
963,sqlite3CreateFunc,2419,2736,1725395855.0,0.0,36.0,17347232.0,2736.0,3360699.0,0.0,36.0,999999999999,999999999999,999999999999
725,functionDestroy,249,1064,1742754967.0,0.0,72.0,3663448.0,1064.0,3437429.0,0.0,72.0,999999999999,999999999999,999999999999
621,sqlite3ApiExit,173,960,1746420235.0,0.0,2077.0,3181639.0,960.0,3443029.0,10000000.0,4071.0,999999999999,999999999999,999999999999
975,sqlite3_errcode,297,1056,1749603574.0,0.0,4.0,3980979.0,1056.0,3446279.0,0.0,4.0,999999999999,999999999999,999999999999
895,sqlite3SafetyCheckSickOrOk,301,968,1753585942.0,0.0,5.0,3385738.0,968.0,3448189.0,0.0,5.0,999999999999,999999999999,999999999999
2712,sqlite3TestExtInit,77,896,1756973840.0,0.0,1.0,2245169.0,896.0,3452609.0,0.0,1.0,999999999999,999999999999,999999999999
695,sqlite3FaultSim,177,936,1759221969.0,0.0,11770.0,2970329.0,936.0,3453479.0,120000000.0,47021.0,999999999999,999999999999,999999999999
2713,sqlite3JsonTableFunctions,341,1064,1762193957.0,0.0,1.0,4662158.0,1064.0,3456449.0,0.0,1.0,999999999999,999999999999,999999999999
900,sqlite3_create_module,133,960,1766857265.0,0.0,5.0,2706729.0,960.0,3458679.0,0.0,5.0,999999999999,999999999999,999999999999
901,createModule,275,1224,1769565094.0,0.0,5.0,4459488.0,1224.0,3460159.0,0.0,5.0,999999999999,999999999999,999999999999
902,sqlite3VtabCreateModule,787,1776,1774027612.0,0.0,5.0,8138665.0,1776.0,3461809.0,0.0,5.0,999999999999,999999999999,999999999999
990,sqlite3AutoLoadExtensions,496,1440,1782178667.0,0.0,1.0,6896526.0,1440.0,3543829.0,0.0,1.0,999999999999,999999999999,999999999999
944,setupLookaside,2370,2392,1789077794.0,0.0,1.0,18552861.0,2392.0,3549479.0,0.0,1.0,999999999999,999999999999,999999999999
484,sqlite3LookasideUsed,356,1272,1807632955.0,0.0,1.0,4635238.0,1272.0,3553589.0,0.0,1.0,999999999999,999999999999,999999999999
494,countLookasideSlots,148,576,1812270073.0,0.0,4.0,3222629.0,576.0,3555209.0,0.0,4.0,999999999999,999999999999,999999999999
945,sqlite3BeginBenignMalloc,83,832,1815494592.0,0.0,92.0,2267609.0,832.0,3562889.0,0.0,92.0,999999999999,999999999999,999999999999
2817,sbrk,79,888,1817766611.0,0.0,6.0,2922848.0,888.0,3570989.0,0.0,8.0,999999999999,999999999999,999999999999
946,sqlite3EndBenignMalloc,83,832,1820697259.0,0.0,92.0,2262909.0,832.0,3584619.0,20000000.0,92.0,999999999999,999999999999,999999999999
973,sqlite3_wal_autocheckpoint,46,544,1822978678.0,0.0,1.0,1917870.0,544.0,3664759.0,0.0,1.0,999999999999,999999999999,999999999999
991,sqlite3_free_filename,159,976,1824898678.0,0.0,1.0,2976109.0,976.0,3670079.0,0.0,1.0,999999999999,999999999999,999999999999
943,sqlite3_db_config,1175,1960,1827880936.0,0.0,8.0,11358064.0,1960.0,3683829.0,0.0,9.0,999999999999,999999999999,999999999999
44,sqlite3_shathree_init,410,1712,1839241840.0,0.0,1.0,7864057.0,1712.0,3720399.0,0.0,1.0,999999999999,999999999999,999999999999
961,sqlite3_create_function,201,1088,1847110267.0,0.0,34.0,5252547.0,1088.0,3722389.0,0.0,34.0,999999999999,999999999999,999999999999
969,matchQuality,636,704,1852384164.0,0.0,22.0,5362247.0,704.0,3820729.0,0.0,22.0,999999999999,999999999999,999999999999
51,sqlite3_uint_init,125,1144,1857760591.0,0.0,1.0,2600169.0,1144.0,4035449.0,0.0,1.0,999999999999,999999999999,999999999999
993,sqlite3_create_collation,149,984,1860363010.0,0.0,2.0,2877769.0,984.0,4037038.0,0.0,2.0,999999999999,999999999999,999999999999
994,sqlite3_create_collation_v2,218,1128,1863242669.0,0.0,2.0,3550018.0,1128.0,4038238.0,0.0,2.0,999999999999,999999999999,999999999999
53,sqlite3_decimal_init,667,1664,1866801817.0,0.0,1.0,6955817.0,1664.0,4098589.0,0.0,1.0,999999999999,999999999999,999999999999
1612,rehash,706,1696,1873779674.0,0.0,1.0,8395996.0,1696.0,5047128.0,0.0,1.0,999999999999,999999999999,999999999999
1613,strHash,209,632,1882180700.0,0.0,90.0,3785498.0,632.0,5065798.0,0.0,90.0,999999999999,999999999999,999999999999
965,sqlite3_create_window_function,229,1144,1885969808.0,0.0,1.0,3898708.0,1144.0,5144108.0,0.0,1.0,999999999999,999999999999,999999999999
75,sqlite3_base64_init,138,1160,1889881736.0,0.0,1.0,2689029.0,1160.0,5305608.0,0.0,1.0,999999999999,999999999999,999999999999
79,sqlite3_base85_init,138,1160,1892578885.0,0.0,1.0,2779199.0,1160.0,5380108.0,0.0,1.0,999999999999,999999999999,999999999999
89,sqlite3_regexp_init,253,1320,1895367914.0,0.0,1.0,3754128.0,1320.0,5452018.0,0.0,1.0,999999999999,999999999999,999999999999
83,sqlite3_ieee_init,454,1144,1899132832.0,0.0,1.0,5087897.0,1144.0,5613078.0,0.0,1.0,999999999999,999999999999,999999999999
88,sqlite3_series_init,303,1168,1904240679.0,0.0,1.0,4075138.0,1168.0,6244377.0,0.0,1.0,999999999999,999999999999,999999999999
927,sqlite3_libversion_number,15,520,1908317417.0,0.0,1.0,1589489.0,520.0,6246237.0,0.0,1.0,999999999999,999999999999,999999999999
94,sqlite3_fileio_init,358,1608,1909915106.0,0.0,1.0,4586668.0,1608.0,6291457.0,0.0,1.0,999999999999,999999999999,999999999999
98,fsdirRegister,119,944,1914515214.0,0.0,1.0,2453819.0,944.0,6540567.0,0.0,1.0,999999999999,999999999999,999999999999
104,sqlite3_completion_init,118,952,1916975153.0,0.0,1.0,2543519.0,952.0,6584447.0,0.0,1.0,999999999999,999999999999,999999999999
103,sqlite3CompletionVtabInit,129,960,1919519892.0,0.0,1.0,2503969.0,960.0,6585637.0,0.0,1.0,999999999999,999999999999,999999999999
473,beginTimer,80,928,1922048381.0,0.0,5.0,2391029.0,928.0,7917607.0,0.0,5.0,999999999999,999999999999,999999999999
189,shell_exec,3936,4936,1924441530.0,0.0,5.0,31126285.0,4936.0,7919427.0,0.0,5.0,999999999999,999999999999,999999999999
603,sqlite3_prepare_v2,170,1016,1955570264.0,0.0,8.0,3000778.0,1016.0,7926267.0,0.0,6.0,999999999999,999999999999,999999999999
616,sqlite3LockAndPrepare,719,1632,1958573283.0,0.0,8.0,8705026.0,1632.0,7928047.0,0.0,6.0,999999999999,999999999999,999999999999
627,sqlite3SafetyCheckOk,290,1040,1967279769.0,0.0,11.0,3679809.0,1040.0,7930357.0,0.0,7.0,999999999999,999999999999,999999999999
485,sqlite3BtreeEnterAll,261,664,1970961668.0,0.0,10.0,4383187.0,664.0,7933207.0,0.0,8.0,999999999999,999999999999,999999999999
897,sqlite3Prepare,2882,3376,1975347295.0,0.0,12.0,23911608.0,3376.0,7936947.0,0.0,10.0,999999999999,999999999999,999999999999
1615,sqlite3BtreeSchemaLocked,132,1008,1999263114.0,0.0,12.0,2556908.0,1008.0,7945937.0,0.0,10.0,999999999999,999999999999,999999999999
1246,querySharedCacheTableLock,676,768,2001824342.0,0.0,20.0,6029978.0,768.0,7947787.0,0.0,18.0,999999999999,999999999999,999999999999
905,sqlite3RunParser,2748,3944,2007856619.0,0.0,14.0,20651080.0,3944.0,7953317.0,0.0,10.0,999999999999,999999999999,999999999999
908,sqlite3ParserInit,225,664,2028510360.0,0.0,14.0,2952838.0,664.0,7957887.0,0.0,10.0,999999999999,999999999999,999999999999
904,sqlite3GetToken,9763,4920,2031464558.0,0.0,618.0,55757224.0,4920.0,7960337.0,10000000.0,488.0,999999999999,999999999999,999999999999
907,keywordCode,1136,1104,2087224422.0,0.0,209.0,11216405.0,1104.0,7974147.0,0.0,169.0,999999999999,999999999999,999999999999
912,sqlite3Parser,916,1840,2098444217.0,0.0,409.0,9430225.0,1840.0,7986397.0,0.0,313.0,999999999999,999999999999,999999999999
1660,yy_find_shift_action,850,808,2107876572.0,0.0,1150.0,7514646.0,808.0,7989437.0,0.0,930.0,999999999999,999999999999,999999999999
1664,yy_shift,455,1184,2115393798.0,0.0,407.0,5033268.0,1184.0,7996407.0,0.0,313.0,999999999999,999999999999,999999999999
1663,yy_reduce,47469,42664,2120430496.0,0.0,741.0,339163998.0,42664.0,8035577.0,20000000.0,617.0,999999999999,999999999999,999999999999
1676,disableLookaside,139,584,2459597584.0,0.0,6.0,2681348.0,584.0,8150737.0,0.0,6.0,999999999999,999999999999,999999999999
1768,yy_find_reduce_action,214,592,2462281073.0,0.0,741.0,2634269.0,592.0,8157207.0,0.0,617.0,999999999999,999999999999,999999999999
1675,sqlite3StartTable,3728,4504,2464925241.0,0.0,6.0,25902528.0,4504.0,8532167.0,0.0,6.0,999999999999,999999999999,999999999999
1779,sqlite3TwoPartName,506,1240,2490829269.0,0.0,4.0,5240517.0,1240.0,8537476.0,0.0,4.0,999999999999,999999999999,999999999999
1710,sqlite3NameFromToken,221,1064,2496071316.0,0.0,31.0,3386218.0,1064.0,8541787.0,0.0,23.0,999999999999,999999999999,999999999999
1616,sqlite3DbStrNDup,326,1128,2499459024.0,0.0,81.0,4041069.0,1128.0,8543687.0,0.0,49.0,999999999999,999999999999,999999999999
1803,sqlite3Dequote,715,728,2503510002.0,0.0,83.0,5605188.0,728.0,8570996.0,0.0,46.0,999999999999,999999999999,999999999999
1780,sqlite3CheckObjectName,763,1752,2509116670.0,0.0,6.0,8039336.0,1752.0,8575956.0,0.0,6.0,999999999999,999999999999,999999999999
1252,sqlite3WritableSchema,98,560,2517158196.0,0.0,8.0,2056499.0,560.0,8577656.0,0.0,6.0,999999999999,999999999999,999999999999
2002,sqlite3ReadOnlyShadowTables,311,632,2519217785.0,0.0,2.0,3319198.0,632.0,8585616.0,0.0,2.0,999999999999,999999999999,999999999999
1785,sqlite3ShadowTableName,420,1208,2522538343.0,0.0,8.0,4618748.0,1208.0,8589036.0,0.0,6.0,999999999999,999999999999,999999999999
2912,strrchr,25,912,2527158661.0,0.0,8.0,2019239.0,912.0,8590436.0,0.0,6.0,999999999999,999999999999,999999999999
2911,__memrchr,48,560,2529180500.0,0.0,8.0,2853119.0,560.0,8592547.0,0.0,6.0,999999999999,999999999999,999999999999
1778,sqlite3AuthCheck,551,1344,2532035249.0,0.0,44.0,5693147.0,1344.0,8597627.0,0.0,32.0,999999999999,999999999999,999999999999
868,sqlite3ReadSchema,386,1064,2537730236.0,0.0,16.0,4089269.0,1064.0,8603536.0,0.0,12.0,999999999999,999999999999,999999999999
999,sqlite3Init,696,1416,2541823035.0,0.0,9.0,8109726.0,1416.0,8606047.0,0.0,7.0,999999999999,999999999999,999999999999
1003,sqlite3InitOne,3656,4040,2549935800.0,0.0,2.0,27293317.0,4040.0,8610167.0,0.0,2.0,999999999999,999999999999,999999999999
1413,sqlite3InitCallback,2627,2432,2577230827.0,0.0,4.0,16169593.0,2432.0,8616276.0,10000000.0,4.0,999999999999,999999999999,999999999999
1499,sqlite3GetUInt32,513,728,2593402720.0,0.0,4.0,5658657.0,728.0,8624027.0,0.0,4.0,999999999999,999999999999,999999999999
620,sqlite3DbStrDup,311,1144,2599077487.0,0.0,36.0,4072538.0,1144.0,9172186.0,0.0,26.0,999999999999,999999999999,999999999999
572,sqlite3_stricmp,278,968,2603163385.0,0.0,29.0,3348438.0,968.0,9209656.0,0.0,19.0,999999999999,999999999999,999999999999
869,sqlite3FindTable,2007,2472,2606515913.0,0.0,19.0,16212232.0,2472.0,9244166.0,0.0,15.0,999999999999,999999999999,999999999999
1500,sqlite3FindIndex,517,1280,2622732265.0,0.0,6.0,6813517.0,1280.0,9270536.0,0.0,4.0,999999999999,999999999999,999999999999
1620,sqlite3DbIsNamed,252,1096,2629547852.0,0.0,12.0,3756589.0,1096.0,9274036.0,0.0,8.0,999999999999,999999999999,999999999999
1678,sqlite3AddColumn,3567,3280,2633316480.0,0.0,22.0,26209857.0,3280.0,9556506.0,0.0,22.0,999999999999,999999999999,999999999999
1802,sqlite3DequoteToken,430,664,2659527818.0,0.0,44.0,4806628.0,664.0,9562526.0,0.0,32.0,999999999999,999999999999,999999999999
1804,sqlite3StrIHash,319,640,2664343976.0,0.0,74.0,3825898.0,640.0,9607356.0,0.0,40.0,999999999999,999999999999,999999999999
555,sqlite3DbRealloc,553,1096,2668171534.0,0.0,61.0,4623107.0,1096.0,9614096.0,0.0,35.0,999999999999,999999999999,999999999999
1050,dbReallocFinish,422,1432,2672808591.0,0.0,23.0,5052688.0,1432.0,10021756.0,0.0,13.0,999999999999,999999999999,999999999999
1052,isLookaside,162,584,2677863089.0,0.0,23.0,2484619.0,584.0,10024636.0,0.0,13.0,999999999999,999999999999,999999999999
527,sqlite3Realloc,1065,1816,2680349118.0,0.0,23.0,8618056.0,1816.0,10027206.0,0.0,16.0,999999999999,999999999999,999999999999
517,sqlite3StatusValue,85,552,2688971334.0,0.0,23.0,1960319.0,552.0,10034936.0,0.0,16.0,999999999999,999999999999,999999999999
529,sqlite3MallocAlarm,138,888,2690933553.0,0.0,23.0,2473879.0,888.0,10037706.0,0.0,16.0,999999999999,999999999999,999999999999
2684,sqlite3MemRealloc,329,1200,2693409262.0,0.0,23.0,3966758.0,1200.0,10039836.0,0.0,16.0,999999999999,999999999999,999999999999
1677,sqlite3EndTable,7278,7240,2697405250.0,0.0,6.0,53833344.0,7240.0,11531395.0,0.0,6.0,999999999999,999999999999,999999999999
859,sqlite3SchemaToIndex,259,624,2751246624.0,0.0,29.0,3960678.0,624.0,11566965.0,0.0,17.0,999999999999,999999999999,999999999999
1790,estimateTableWidth,428,1112,2755210202.0,0.0,6.0,5809868.0,1112.0,11571005.0,0.0,4.0,999999999999,999999999999,999999999999
1024,sqlite3LogEst,685,744,2761022460.0,0.0,30.0,5765947.0,744.0,11576305.0,0.0,24.0,999999999999,999999999999,999999999999
1671,sqlite3FinishCoding,2803,3512,2766801567.0,0.0,14.0,22168539.0,3512.0,11701755.0,0.0,10.0,999999999999,999999999999,999999999999
913,sqlite3ParserFinalize,398,1088,2788974366.0,0.0,14.0,5147697.0,1088.0,11717225.0,0.0,10.0,999999999999,999999999999,999999999999
1619,sqlite3ErrorClear,172,928,2794125593.0,0.0,12.0,2862449.0,928.0,11728405.0,0.0,10.0,999999999999,999999999999,999999999999
654,sqlite3ParseObjectReset,683,1512,2796990132.0,0.0,12.0,7798266.0,1512.0,11731075.0,0.0,10.0,999999999999,999999999999,999999999999
612,sqlite3_finalize,400,1400,2804791978.0,0.0,9.0,5232097.0,1400.0,11737815.0,0.0,9.0,999999999999,999999999999,999999999999
655,sqlite3BtreeTxnState,127,552,2810026156.0,0.0,14.0,2277939.0,552.0,11742775.0,0.0,14.0,999999999999,999999999999,999999999999
659,sqlite3BtreeBeginTrans,475,1240,2812305375.0,0.0,11.0,5396258.0,1240.0,11744935.0,0.0,9.0,999999999999,999999999999,999999999999
680,btreeBeginTrans,3189,2984,2817702773.0,0.0,8.0,23297959.0,2984.0,11747285.0,0.0,8.0,999999999999,999999999999,999999999999
1247,lockBtree,2541,2928,2841003852.0,0.0,8.0,18606671.0,2928.0,11759815.0,0.0,8.0,999999999999,999999999999,999999999999
1251,sqlite3PagerSharedLock,1873,2768,2859612552.0,0.0,8.0,15133503.0,2768.0,11762965.0,0.0,8.0,999999999999,999999999999,999999999999
1189,pager_wait_on_lock,250,1136,2874747635.0,0.0,14.0,4575938.0,1136.0,11766135.0,0.0,10.0,999999999999,999999999999,999999999999
1190,pagerLockDb,451,1112,2879325613.0,0.0,20.0,4816718.0,1112.0,11767525.0,0.0,14.0,999999999999,999999999999,999999999999
1191,sqlite3OsLock,119,952,2884143601.0,0.0,14.0,2669079.0,952.0,11770385.0,0.0,10.0,999999999999,999999999999,999999999999
1099,dotlockLock,573,1344,2886815030.0,0.0,14.0,5765226.0,1344.0,11771735.0,0.0,10.0,999999999999,999999999999,999999999999
2808,mkdir,161,1016,2892583196.0,0.0,6.0,3026688.0,1016.0,11774655.0,0.0,6.0,999999999999,999999999999,999999999999
2786,__wasilibc_nocwd_mkdirat_nomode,37,864,2895617245.0,0.0,6.0,2253929.0,864.0,11799085.0,0.0,6.0,999999999999,999999999999,999999999999
2772,__wasi_path_create_directory,26,928,2897872864.0,0.0,6.0,2226129.0,928.0,11799635.0,0.0,6.0,999999999999,999999999999,999999999999
1254,hasHotJournal,1093,2136,2900182113.0,0.0,6.0,10290775.0,2136.0,11870945.0,0.0,6.0,999999999999,999999999999,999999999999
1212,sqlite3OsAccess,144,984,2910474498.0,0.0,6.0,2845139.0,984.0,11874645.0,0.0,6.0,999999999999,999999999999,999999999999
589,unixAccess,428,1136,2913322247.0,0.0,6.0,4629747.0,1136.0,11876465.0,0.0,6.0,999999999999,999999999999,999999999999
2803,stat,165,1040,2917954614.0,0.0,10.0,3058519.0,1040.0,11878305.0,0.0,8.0,999999999999,999999999999,999999999999
1255,pagerPagecount,450,1128,2921040033.0,0.0,6.0,4869127.0,1128.0,11911915.0,0.0,6.0,999999999999,999999999999,999999999999
705,sqlite3OsFileSize,118,952,2925910511.0,0.0,6.0,2619668.0,952.0,11914075.0,0.0,6.0,999999999999,999999999999,999999999999
1071,unixFileSize,323,1128,2928533289.0,0.0,6.0,4181298.0,1128.0,11915655.0,0.0,6.0,999999999999,999999999999,999999999999
718,btreeGetPage,250,1152,2932728208.0,0.0,61.0,3994619.0,1152.0,11929065.0,0.0,59.0,999999999999,999999999999,999999999999
609,sqlite3PagerGet,144,984,2936725176.0,0.0,11880.0,2831648.0,984.0,11930815.0,0.0,47129.0,999999999999,999999999999,999999999999
1179,getPageNormal,1590,2344,2939558394.0,0.0,11878.0,12689474.0,2344.0,11932585.0,110000000.0,47127.0,999999999999,999999999999,999999999999
1194,sqlite3PcacheFetch,197,1016,2952249658.0,0.0,11878.0,3213078.0,1016.0,11936295.0,60000000.0,47127.0,999999999999,999999999999,999999999999
2697,pcache1Fetch,111,936,2955465326.0,0.0,11878.0,2563438.0,936.0,11938255.0,10000000.0,47127.0,999999999999,999999999999,999999999999
2698,pcache1FetchNoMutex,536,1128,2958030975.0,0.0,11878.0,6171688.0,1128.0,11939505.0,110000000.0,47127.0,999999999999,999999999999,999999999999
2707,pcache1FetchStage2,1509,2096,2964204293.0,0.0,54.0,12209943.0,2096.0,11942515.0,0.0,103.0,999999999999,999999999999,999999999999
2709,pcache1AllocPage,582,1424,2976415676.0,0.0,54.0,6552017.0,1424.0,11946665.0,0.0,103.0,999999999999,999999999999,999999999999
2710,pcache1InitBulk,965,1504,2982969103.0,0.0,3.0,9126976.0,1504.0,11948575.0,0.0,3.0,999999999999,999999999999,999999999999
1196,sqlite3PcacheFetchFinish,288,1024,2992142589.0,0.0,11932.0,3764998.0,1024.0,12029685.0,150000000.0,47230.0,999999999999,999999999999,999999999999
1201,pcacheFetchFinishWithInit,389,1120,2995909487.0,0.0,54.0,4141578.0,1120.0,12031705.0,0.0,103.0,999999999999,999999999999,999999999999
1256,btreePageFromDbPage,324,1168,3000055705.0,0.0,59.0,4342868.0,1168.0,12059575.0,0.0,109.0,999999999999,999999999999,999999999999
685,sqlite3PagerGetExtra,49,544,3004400643.0,0.0,11874.0,1951839.0,544.0,12060895.0,290000000.0,47177.0,999999999999,999999999999,999999999999
610,sqlite3PagerGetData,48,544,3006355202.0,0.0,54.0,1910559.0,544.0,12062745.0,0.0,103.0,999999999999,999999999999,999999999999
681,sqlite3Get4byte,193,584,3008267971.0,0.0,11649.0,2594619.0,584.0,3148539.0,80000000.0,46651.0,999999999999,999999999999,999999999999
671,sqlite3PagerPagecount,68,560,3010863530.0,0.0,8.0,2058339.0,560.0,12067525.0,0.0,8.0,999999999999,999999999999,999999999999
1377,sqlite3BtreeGetMeta,300,1160,3012924019.0,0.0,7.0,4206108.0,1160.0,12092805.0,0.0,5.0,999999999999,999999999999,999999999999
1295,sqlite3AbsInt32,197,576,3017133757.0,0.0,1.0,2634148.0,576.0,12133735.0,0.0,1.0,999999999999,999999999999,999999999999
663,sqlite3BtreeLastPage,86,904,3019773135.0,0.0,3.0,2318789.0,904.0,12149075.0,0.0,1.0,999999999999,999999999999,999999999999
684,btreePagecount,48,544,3022093594.0,0.0,11878.0,1926189.0,544.0,12150025.0,10000000.0,47121.0,999999999999,999999999999,999999999999
860,sqlite3MPrintf,125,968,3024021233.0,0.0,11.0,2617599.0,968.0,12151985.0,0.0,5.0,999999999999,999999999999,999999999999
648,sqlite3VMPrintf,314,1200,3026640342.0,0.0,13.0,4211229.0,1200.0,12153075.0,0.0,5.0,999999999999,999999999999,999999999999
607,sqlite3_exec,2628,3432,3030866241.0,0.0,3.0,24127028.0,3432.0,12268545.0,0.0,1.0,999999999999,999999999999,999999999999
1703,sqlite3Expr,163,1048,3055009179.0,0.0,20.0,3031919.0,1048.0,12564575.0,0.0,8.0,999999999999,999999999999,999999999999
1723,sqlite3ExprAlloc,1042,1608,3058043917.0,0.0,38.0,9144046.0,1608.0,12568035.0,0.0,26.0,999999999999,999999999999,999999999999
1704,sqlite3ExprSetErrorOffset,146,568,3067193633.0,0.0,18.0,2660638.0,568.0,12593585.0,0.0,6.0,999999999999,999999999999,999999999999
1700,sqlite3ExprListAppend,447,1096,3069855891.0,0.0,73.0,4649447.0,1096.0,12595485.0,0.0,45.0,999999999999,999999999999,999999999999
1910,sqlite3ExprListAppendNew,332,1136,3074507959.0,0.0,33.0,4215698.0,1136.0,12597845.0,0.0,23.0,999999999999,999999999999,999999999999
1696,sqlite3SrcListAppendFromTerm,1498,1784,3078738087.0,0.0,10.0,10773095.0,1784.0,13032925.0,0.0,8.0,999999999999,999999999999,999999999999
1708,sqlite3SrcListAppend,1003,1688,3089512643.0,0.0,14.0,8551515.0,1688.0,13037174.0,0.0,10.0,999999999999,999999999999,999999999999
1705,sqlite3SrcListShiftJoinType,853,776,3098075298.0,0.0,10.0,7847647.0,776.0,13158724.0,0.0,8.0,999999999999,999999999999,999999999999
1681,tokenExpr,809,1560,3105929854.0,0.0,47.0,7693836.0,1560.0,13427154.0,0.0,27.0,999999999999,999999999999,999999999999
1712,sqlite3ExprListSetSortOrder,419,664,3113632901.0,0.0,4.0,4194968.0,664.0,13606604.0,0.0,2.0,999999999999,999999999999,999999999999
1697,sqlite3SelectNew,1029,1888,3117831049.0,0.0,12.0,9597145.0,1888.0,13745524.0,0.0,10.0,999999999999,999999999999,999999999999
1695,parserDoubleLinkSelect,748,1368,3127434124.0,0.0,10.0,7500047.0,1368.0,13813424.0,0.0,8.0,999999999999,999999999999,999999999999
1693,sqlite3Select,26465,24136,3134936661.0,0.0,14.0,205897841.0,24136.0,13860584.0,0.0,12.0,999999999999,999999999999,999999999999
1769,sqlite3GetVdbe,277,984,3340837752.0,0.0,30.0,4088688.0,984.0,13902324.0,0.0,22.0,999999999999,999999999999,999999999999
861,sqlite3VdbeCreate,510,1288,3344930420.0,0.0,8.0,5237858.0,1288.0,13904774.0,0.0,6.0,999999999999,999999999999,999999999999
874,sqlite3VdbeAddOp2,133,960,3350181308.0,0.0,70.0,2567358.0,960.0,13924124.0,0.0,56.0,999999999999,999999999999,999999999999
1631,sqlite3VdbeAddOp3,468,1272,3352750776.0,0.0,273.0,5316678.0,1272.0,13925524.0,0.0,189.0,999999999999,999999999999,999999999999
1632,growOp3,204,1120,3358069404.0,0.0,8.0,3727289.0,1120.0,13928164.0,0.0,6.0,999999999999,999999999999,999999999999
876,growOpArray,583,1304,3361798092.0,0.0,8.0,5955616.0,1304.0,13929704.0,0.0,6.0,999999999999,999999999999,999999999999
542,sqlite3DbMallocSize,384,1032,3367759949.0,0.0,11335.0,3993038.0,1032.0,13950194.0,20000000.0,11297.0,999999999999,999999999999,999999999999
1840,sqlite3SelectPrep,319,1184,3371757197.0,0.0,14.0,4195168.0,1184.0,13963634.0,0.0,12.0,999999999999,999999999999,999999999999
2150,sqlite3SelectExpand,297,1144,3375954615.0,0.0,6.0,3920549.0,1144.0,13966144.0,0.0,4.0,999999999999,999999999999,999999999999
2086,sqlite3WalkSelect,543,1376,3379876434.0,0.0,38.0,6825386.0,1376.0,13968554.0,0.0,32.0,999999999999,999999999999,999999999999
2160,selectExpander,12126,8896,3386703371.0,0.0,16.0,88799917.0,8896.0,13971154.0,0.0,14.0,999999999999,999999999999,999999999999
1761,sqlite3WithPush,379,1096,3475507908.0,0.0,12.0,4698018.0,1096.0,14008674.0,0.0,10.0,999999999999,999999999999,999999999999
2163,sqlite3SrcListAssignCursors,452,1160,3480208666.0,0.0,12.0,5630727.0,1160.0,14011474.0,0.0,10.0,999999999999,999999999999,999999999999
2165,resolveFromTermToCte,4333,3672,3485841452.0,0.0,8.0,29672195.0,3672.0,14017034.0,0.0,6.0,999999999999,999999999999,999999999999
1819,sqlite3LocateTableItem,311,1160,3515516118.0,0.0,10.0,4429908.0,1160.0,14023544.0,0.0,6.0,999999999999,999999999999,999999999999
858,sqlite3LocateTable,1121,1840,3519949416.0,0.0,10.0,9997336.0,1840.0,14026094.0,0.0,6.0,999999999999,999999999999,999999999999
2166,cannotBeFunction,219,984,3529954072.0,0.0,8.0,3263568.0,984.0,14054804.0,0.0,6.0,999999999999,999999999999,999999999999
2168,sqlite3ProcessJoin,3947,4400,3533219600.0,0.0,12.0,31537315.0,4400.0,14059014.0,0.0,10.0,999999999999,999999999999,999999999999
1911,sqlite3ExprListAppendGrow,483,1248,3564780535.0,0.0,7.0,5179637.0,1248.0,14305304.0,0.0,3.0,999999999999,999999999999,999999999999
885,sqlite3ExprListDelete,136,896,3569970712.0,0.0,116.0,2641699.0,896.0,14354854.0,0.0,92.0,999999999999,999999999999,999999999999
914,exprListDeleteNN,338,1200,3572615261.0,0.0,39.0,4593348.0,1200.0,14356374.0,0.0,29.0,999999999999,999999999999,999999999999
499,sqlite3ExprDelete,136,896,3577210129.0,0.0,177.0,2650709.0,896.0,14358054.0,0.0,121.0,999999999999,999999999999,999999999999
1539,sqlite3ExprDeleteNN,689,1480,3579863378.0,0.0,132.0,8351316.0,1480.0,14359984.0,0.0,92.0,999999999999,999999999999,999999999999
503,sqlite3DbNNFreeNN,466,1072,3588216914.0,0.0,509.0,4501758.0,1072.0,14365414.0,0.0,342.0,999999999999,999999999999,999999999999
2088,sqlite3WalkSelectExpr,759,1568,3592725232.0,0.0,25.0,7168946.0,1568.0,14386794.0,0.0,21.0,999999999999,999999999999,999999999999
2085,sqlite3WalkExprList,335,1112,3599895628.0,0.0,92.0,4972348.0,1112.0,14389014.0,0.0,80.0,999999999999,999999999999,999999999999
2082,sqlite3WalkExpr,161,920,3604869516.0,0.0,219.0,2852309.0,920.0,14391444.0,0.0,171.0,999999999999,999999999999,999999999999
2084,sqlite3WalkExprNN,693,1448,3607723225.0,0.0,303.0,8160575.0,1448.0,14393144.0,0.0,211.0,999999999999,999999999999,999999999999
2158,sqlite3ExprWalkNoop,46,544,3615884940.0,0.0,189.0,1944339.0,544.0,14395404.0,0.0,137.0,999999999999,999999999999,999999999999
2089,sqlite3WalkSelectFrom,524,1216,3617832829.0,0.0,25.0,6553668.0,1216.0,14426844.0,0.0,21.0,999999999999,999999999999,999999999999
2091,sqlite3SelectPopWith,294,1032,3624388266.0,0.0,12.0,3746468.0,1032.0,14431564.0,0.0,10.0,999999999999,999999999999,999999999999
2131,sqlite3ResolveSelectNames,176,968,3628136585.0,0.0,8.0,2936789.0,968.0,14435094.0,0.0,6.0,999999999999,999999999999,999999999999
2125,resolveSelectStep,4682,3984,3631074963.0,0.0,12.0,38990612.0,3984.0,14438504.0,0.0,10.0,999999999999,999999999999,999999999999
1919,sqlite3ResolveExprNames,709,1384,3670067244.0,0.0,39.0,6850497.0,1384.0,14446274.0,0.0,21.0,999999999999,999999999999,999999999999
1955,sqlite3ResolveExprListNames,966,1536,3676919612.0,0.0,12.0,9691645.0,1536.0,14452494.0,0.0,10.0,999999999999,999999999999,999999999999
1809,sqlite3ExprCheckHeight,216,1008,3686612896.0,0.0,93.0,3320759.0,1008.0,14457264.0,0.0,55.0,999999999999,999999999999,999999999999
2124,resolveExprStep,10140,10816,3689935615.0,0.0,100.0,67239758.0,10816.0,14460794.0,0.0,58.0,999999999999,999999999999,999999999999
2127,lookupName,13252,9864,3757179153.0,0.0,40.0,99260413.0,9864.0,14476784.0,0.0,22.0,999999999999,999999999999,999999999999
2141,sqlite3ExprColUsed,480,696,3856448446.0,0.0,33.0,4644177.0,696.0,14544664.0,0.0,19.0,999999999999,999999999999,999999999999
2132,resolveOrderGroupBy,1201,2128,3861101893.0,0.0,4.0,12807854.0,2128.0,14733223.0,0.0,2.0,999999999999,999999999999,999999999999
2028,sqlite3ExprSkipCollateAndLikely,334,616,3873911087.0,0.0,93.0,4218918.0,616.0,14736453.0,0.0,57.0,999999999999,999999999999,999999999999
2152,resolveAsName,459,1176,3878132665.0,0.0,4.0,6397967.0,1176.0,14739753.0,0.0,2.0,999999999999,999999999999,999999999999
2153,sqlite3ExprIsInteger,439,1192,3884533502.0,0.0,8.0,5095517.0,1192.0,14760653.0,0.0,4.0,999999999999,999999999999,999999999999
1000,sqlite3IsRowid,224,1104,3889633979.0,0.0,5.0,3715459.0,1104.0,14816413.0,0.0,1.0,999999999999,999999999999,999999999999
2057,sqlite3ExprCompare,4011,2736,3893353838.0,0.0,74.0,22160399.0,2736.0,14834273.0,0.0,42.0,999999999999,999999999999,999999999999
1858,sqlite3ExprListCompare,827,1264,3915516277.0,0.0,15.0,7757747.0,1264.0,14856363.0,0.0,5.0,999999999999,999999999999,999999999999
2156,sqlite3ResolveOrderGroupBy,878,1464,3923278224.0,0.0,4.0,8693206.0,1464.0,14938863.0,0.0,2.0,999999999999,999999999999,999999999999
2151,sqlite3SelectAddTypeInfo,159,944,3931974539.0,0.0,6.0,2716749.0,944.0,14949173.0,0.0,4.0,999999999999,999999999999,999999999999
2161,sqlite3SelectWalkNoop,46,544,3934692868.0,0.0,13.0,1917589.0,544.0,14952253.0,0.0,11.0,999999999999,999999999999,999999999999
2162,selectAddSubqueryTypeInfo,505,1248,3936614447.0,0.0,13.0,6466057.0,1248.0,14981983.0,0.0,11.0,999999999999,999999999999,999999999999
1842,sqlite3GenerateColumnNames,2019,2216,3943082394.0,0.0,4.0,16365292.0,2216.0,14987473.0,0.0,2.0,999999999999,999999999999,999999999999
1968,sqlite3VdbeSetNumCols,495,1304,3959449626.0,0.0,4.0,5401928.0,1304.0,14993433.0,0.0,2.0,999999999999,999999999999,999999999999
883,initMemArray,246,664,3964862534.0,0.0,20.0,3912698.0,664.0,15014453.0,0.0,14.0,999999999999,999999999999,999999999999
1969,sqlite3VdbeSetColName,367,1104,3968777802.0,0.0,38.0,4364648.0,1104.0,15023623.0,0.0,18.0,999999999999,999999999999,999999999999
760,sqlite3VdbeMemSetStr,2222,2256,3973144300.0,0.0,40.0,16235212.0,2256.0,15027063.0,0.0,18.0,999999999999,999999999999,999999999999
773,sqlite3VdbeMemClearAndResize,259,1000,3989383032.0,0.0,1797.0,3639048.0,1000.0,15037023.0,10000000.0,2525.0,999999999999,999999999999,999999999999
738,sqlite3VdbeMemGrow,1170,1840,3993023460.0,0.0,11313.0,9989225.0,1840.0,15039243.0,40000000.0,11285.0,999999999999,999999999999,999999999999
2193,generateColumnTypes,376,1256,4003028405.0,0.0,4.0,5610686.0,1256.0,15199893.0,0.0,2.0,999999999999,999999999999,999999999999
2178,columnTypeImpl,1434,1752,4008641082.0,0.0,22.0,12696085.0,1752.0,15202553.0,0.0,12.0,999999999999,999999999999,999999999999
1001,sqlite3ColumnType,339,1000,4021339487.0,0.0,17.0,4005998.0,1000.0,15210163.0,0.0,7.0,999999999999,999999999999,999999999999
1843,sqlite3WindowRewrite,4503,4888,4025362555.0,0.0,14.0,30895695.0,4888.0,15395473.0,0.0,12.0,999999999999,999999999999,999999999999
1850,countOfViewOptimization,2497,2384,4056261380.0,0.0,12.0,17342742.0,2384.0,15406323.0,0.0,10.0,999999999999,999999999999,999999999999
1859,sqlite3KeyInfoFromExprList,570,1400,4073606572.0,0.0,4.0,6998066.0,1400.0,15415133.0,0.0,2.0,999999999999,999999999999,999999999999
2030,sqlite3KeyInfoAlloc,519,1280,4080606988.0,0.0,4.0,5633257.0,1280.0,15417623.0,0.0,2.0,999999999999,999999999999,999999999999
2222,sqlite3ExprNNCollSeq,181,968,4086250715.0,0.0,4.0,3149039.0,968.0,15439433.0,0.0,2.0,999999999999,999999999999,999999999999
1651,sqlite3ExprCollSeq,1798,2400,4089402554.0,0.0,20.0,14385403.0,2400.0,15440913.0,0.0,12.0,999999999999,999999999999,999999999999
1653,sqlite3CheckCollSeq,353,1048,4103790917.0,0.0,20.0,4090638.0,1048.0,15446923.0,0.0,12.0,999999999999,999999999999,999999999999
1773,sqlite3VdbeAddOp4,213,1144,4107884415.0,0.0,32.0,3568908.0,1144.0,15452783.0,0.0,10.0,999999999999,999999999999,999999999999
866,sqlite3VdbeChangeP4,738,1216,4111456553.0,0.0,48.0,6245518.0,1216.0,15457293.0,0.0,20.0,999999999999,999999999999,999999999999
1860,sqlite3VdbeMakeLabel,67,552,4117705001.0,0.0,62.0,2007199.0,552.0,15464193.0,0.0,46.0,999999999999,999999999999,999999999999
1862,sqlite3VdbeChangeOpcode,114,960,4119713550.0,0.0,4.0,2609668.0,960.0,15467023.0,0.0,2.0,999999999999,999999999999,999999999999
1999,sqlite3VdbeGetOp,190,608,4122324648.0,0.0,96.0,2927639.0,608.0,15468753.0,0.0,90.0,999999999999,999999999999,999999999999
1864,sqlite3WhereBegin,12155,9888,4125254147.0,0.0,14.0,91054426.0,9888.0,15474273.0,0.0,10.0,999999999999,999999999999,999999999999
2223,whereLoopInit,119,592,4216323573.0,0.0,27.0,2406629.0,592.0,15507443.0,0.0,19.0,999999999999,999999999999,999999999999
2224,sqlite3WhereClauseInit,183,640,4218733232.0,0.0,14.0,2585219.0,640.0,15509123.0,0.0,10.0,999999999999,999999999999,999999999999
2225,sqlite3WhereSplit,397,1248,4221319651.0,0.0,18.0,4670278.0,1248.0,15510973.0,0.0,10.0,999999999999,999999999999,999999999999
2226,createMask,122,568,4225992189.0,0.0,12.0,2255509.0,568.0,15515503.0,0.0,8.0,999999999999,999999999999,999999999999
2227,sqlite3WhereTabFuncArgs,1320,1992,4228249058.0,0.0,12.0,13353263.0,1992.0,15517263.0,0.0,8.0,999999999999,999999999999,999999999999
2228,sqlite3WhereExprAnalyze,207,1032,4241604091.0,0.0,14.0,3898779.0,1032.0,15520623.0,0.0,10.0,999999999999,999999999999,999999999999
2232,whereShortCut,2769,2304,4245504320.0,0.0,12.0,19591571.0,2304.0,15525153.0,0.0,8.0,999999999999,999999999999,999999999999
2292,whereScanInit,1032,1520,4265097790.0,0.0,28.0,9015496.0,1520.0,15532633.0,0.0,18.0,999999999999,999999999999,999999999999
2293,whereScanNext,3270,2528,4274114496.0,0.0,28.0,25602898.0,2528.0,15536883.0,0.0,18.0,999999999999,999999999999,999999999999
2233,whereLoopAddAll,1669,2352,4299720863.0,0.0,12.0,16023572.0,2352.0,15547683.0,0.0,10.0,999999999999,999999999999,999999999999
2294,sqlite3WhereGetMask,364,680,4315746366.0,0.0,34.0,5183648.0,680.0,15551853.0,0.0,22.0,999999999999,999999999999,999999999999
2296,whereLoopAddBtree,7002,5280,4320931844.0,0.0,10.0,49820667.0,5280.0,15555103.0,0.0,8.0,999999999999,999999999999,999999999999
2350,estLog,237,912,4370757100.0,0.0,19.0,3155018.0,912.0,15567853.0,0.0,15.0,999999999999,999999999999,999999999999
2353,indexMightHelpWithOrderBy,1463,1632,4373916748.0,0.0,10.0,12190974.0,1632.0,15578973.0,0.0,8.0,999999999999,999999999999,999999999999
2354,whereLoopOutputAdjust,2336,1832,4386110492.0,0.0,10.0,17247421.0,1832.0,15588843.0,0.0,8.0,999999999999,999999999999,999999999999
2351,whereLoopInsert,1476,1984,4403359913.0,0.0,13.0,11866085.0,1984.0,15594613.0,0.0,9.0,999999999999,999999999999,999999999999
2365,whereLoopAdjustCost,1264,1368,4415227938.0,0.0,13.0,8757966.0,1368.0,15598023.0,0.0,9.0,999999999999,999999999999,999999999999
2366,whereLoopFindLesser,1358,992,4423987994.0,0.0,13.0,9242845.0,992.0,15601573.0,0.0,9.0,999999999999,999999999999,999999999999
2367,whereLoopXfer,820,1472,4433241759.0,0.0,13.0,7265707.0,1472.0,15623123.0,0.0,9.0,999999999999,999999999999,999999999999
2359,whereLoopClearUnion,459,1192,4440509126.0,0.0,38.0,4827168.0,1192.0,15624893.0,0.0,28.0,999999999999,999999999999,999999999999
2356,whereLoopAddBtreeIndex,10711,6472,4445339044.0,0.0,10.0,67796207.0,6472.0,15633603.0,0.0,8.0,999999999999,999999999999,999999999999
2298,whereLoopClear,274,1104,4513142871.0,0.0,25.0,3882509.0,1104.0,15679733.0,0.0,19.0,999999999999,999999999999,999999999999
2234,wherePathSolver,10018,5672,4517028130.0,0.0,16.0,68938496.0,5672.0,15684333.0,0.0,12.0,999999999999,999999999999,999999999999
2211,sqlite3LogEstAdd,901,696,4585978546.0,0.0,34.0,5483788.0,696.0,15718323.0,0.0,24.0,999999999999,999999999999,999999999999
2299,wherePathSatisfiesOrderBy,9718,5576,4591466194.0,0.0,9.0,73550985.0,5576.0,15743453.0,0.0,5.0,999999999999,999999999999,999999999999
2289,sqlite3WhereFindTerm,575,1280,4665021259.0,0.0,6.0,6752456.0,1280.0,15766673.0,0.0,2.0,999999999999,999999999999,999999999999
2235,whereInterstageHeuristic,582,832,4671786156.0,0.0,4.0,6698097.0,832.0,15810293.0,0.0,2.0,999999999999,999999999999,999999999999
1986,sqlite3OpenTable,545,1440,4678500362.0,0.0,10.0,6089997.0,1440.0,15914713.0,0.0,6.0,999999999999,999999999999,999999999999
1899,sqlite3TableLock,273,1152,4684593289.0,0.0,14.0,4141718.0,1152.0,15917803.0,0.0,6.0,999999999999,999999999999,999999999999
877,sqlite3BtreeSharable,61,544,4688737057.0,0.0,26.0,1923050.0,544.0,15919863.0,0.0,14.0,999999999999,999999999999,999999999999
862,sqlite3VdbeAddOp4Int,488,1312,4690663627.0,0.0,21.0,5682428.0,1312.0,15922153.0,0.0,13.0,999999999999,999999999999,999999999999
879,vdbeChangeP4Full,434,1248,4696348714.0,0.0,23.0,5327967.0,1248.0,15932433.0,0.0,7.0,999999999999,999999999999,999999999999
863,sqlite3VdbeChangeP5,163,584,4701678541.0,0.0,49.0,2789699.0,584.0,15938703.0,0.0,33.0,999999999999,999999999999,999999999999
1781,sqlite3CodeVerifySchema,176,920,4704470130.0,0.0,8.0,2805318.0,920.0,15941623.0,0.0,6.0,999999999999,999999999999,999999999999
2102,sqlite3CodeVerifySchemaAtToplevel,250,944,4707277828.0,0.0,14.0,3350039.0,944.0,15943333.0,0.0,8.0,999999999999,999999999999,999999999999
1793,sqlite3VdbeCurrentAddr,49,544,4710629787.0,0.0,64.0,1956749.0,544.0,15947583.0,0.0,48.0,999999999999,999999999999,999999999999
2244,sqlite3WhereExplainOneScan,2475,2632,4712587936.0,0.0,12.0,16830802.0,2632.0,15952233.0,0.0,8.0,999999999999,999999999999,999999999999
2245,sqlite3WhereCodeOneLoopStart,30791,25592,4729423998.0,0.0,12.0,249928510.0,25592.0,15958413.0,0.0,8.0,999999999999,999999999999,999999999999
1865,sqlite3WhereOutputRowCount,66,544,4979362268.0,0.0,20.0,2249009.0,544.0,16038292.0,0.0,16.0,999999999999,999999999999,999999999999
1867,sqlite3WhereIsOrdered,158,552,4981614127.0,0.0,4.0,2346019.0,552.0,16041623.0,0.0,2.0,999999999999,999999999999,999999999999
1868,sqlite3WhereOrderByLimitOptLabel,309,640,4983961726.0,0.0,4.0,3557128.0,640.0,16043443.0,0.0,2.0,999999999999,999999999999,999999999999
1869,sqlite3VdbeChangeToNoop,351,1072,4987520194.0,0.0,5.0,4038828.0,1072.0,16046532.0,0.0,1.0,999999999999,999999999999,999999999999
878,freeP4,581,1688,4991560513.0,0.0,36.0,4679157.0,1688.0,16048992.0,0.0,16.0,999999999999,999999999999,999999999999
1307,sqlite3KeyInfoUnref,188,912,4996243250.0,0.0,4.0,2910808.0,912.0,16051443.0,0.0,2.0,999999999999,999999999999,999999999999
1873,sqlite3WhereContinueLabel,48,544,4999164439.0,0.0,10.0,1793159.0,544.0,16063932.0,0.0,8.0,999999999999,999999999999,999999999999
1874,sqlite3WhereBreakLabel,49,544,5000958888.0,0.0,10.0,1791369.0,544.0,16065232.0,0.0,8.0,999999999999,999999999999,999999999999
1872,selectInnerLoop,7166,7384,5002751377.0,0.0,14.0,51195575.0,7384.0,16066352.0,0.0,12.0,999999999999,999999999999,999999999999
2257,codeOffset,165,936,5053949522.0,0.0,15.0,3014498.0,936.0,16075392.0,0.0,13.0,999999999999,999999999999,999999999999
2258,innerLoopLoadRow,156,952,5056966221.0,0.0,12.0,2685069.0,952.0,16082412.0,0.0,10.0,999999999999,999999999999,999999999999
1885,sqlite3ExprCodeExprList,1576,2016,5059652940.0,0.0,17.0,14456293.0,2016.0,16083992.0,0.0,15.0,999999999999,999999999999,999999999999
1958,sqlite3ExprCodeTarget,15921,19104,5074111153.0,0.0,82.0,117922774.0,19104.0,16089712.0,0.0,52.0,999999999999,999999999999,999999999999
2035,sqlite3ExprCodeGetColumn,461,1208,5192037827.0,0.0,35.0,5281107.0,1208.0,16107912.0,0.0,21.0,999999999999,999999999999,999999999999
1924,sqlite3ExprCodeGetColumnOfTable,1070,1896,5197321864.0,0.0,35.0,9536825.0,1896.0,16110023.0,0.0,21.0,999999999999,999999999999,999999999999
1942,sqlite3TableColumnToStorage,581,744,5206860929.0,0.0,37.0,6473018.0,744.0,16115392.0,0.0,23.0,999999999999,999999999999,999999999999
1993,sqlite3ColumnDefault,597,1488,5213337297.0,0.0,33.0,5982316.0,1488.0,16121332.0,0.0,19.0,999999999999,999999999999,999999999999
1875,sqlite3WhereEnd,7780,7664,5219328173.0,0.0,14.0,62615301.0,7664.0,16230103.0,0.0,10.0,999999999999,999999999999,999999999999
1871,sqlite3VdbeResolveLabel,284,992,5281947574.0,0.0,62.0,3719738.0,992.0,16240883.0,0.0,46.0,999999999999,999999999999,999999999999
2071,resizeResolveLabel,486,1232,5285669822.0,0.0,8.0,5532777.0,1232.0,16243272.0,0.0,4.0,999999999999,999999999999,999999999999
1347,sqlite3DbReallocOrFree,197,1056,5291205279.0,0.0,10.0,3293558.0,1056.0,16245983.0,0.0,4.0,999999999999,999999999999,999999999999
2246,whereInfoFree,385,1288,5294517757.0,0.0,14.0,5816828.0,1288.0,16283142.0,0.0,10.0,999999999999,999999999999,999999999999
2320,sqlite3WhereClauseClear,550,1192,5300336875.0,0.0,14.0,6337957.0,1192.0,16284482.0,0.0,10.0,999999999999,999999999999,999999999999
2321,whereLoopDelete,115,992,5306676642.0,0.0,13.0,2573569.0,992.0,16287792.0,0.0,9.0,999999999999,999999999999,999999999999
1848,sqlite3VdbeExplainPop,92,928,5309259501.0,0.0,14.0,2288229.0,928.0,16309612.0,0.0,12.0,999999999999,999999999999,999999999999
2214,sqlite3VdbeExplainParent,176,976,5311549640.0,0.0,14.0,3151298.0,976.0,16310932.0,0.0,12.0,999999999999,999999999999,999999999999
1538,sqlite3SelectDelete,142,904,5314704088.0,0.0,13.0,2779358.0,904.0,16313642.0,0.0,11.0,999999999999,999999999999,999999999999
1540,clearSelect,671,1776,5317485496.0,0.0,13.0,8711716.0,1776.0,16315252.0,0.0,11.0,999999999999,999999999999,999999999999
1543,sqlite3SrcListDelete,1037,1712,5326207022.0,0.0,21.0,10862656.0,1712.0,16406792.0,0.0,17.0,999999999999,999999999999,999999999999
491,sqlite3DeleteTable,262,952,5337074907.0,0.0,23.0,3516669.0,952.0,16423792.0,0.0,17.0,999999999999,999999999999,999999999999
1770,sqlite3VdbeAddOp0,104,928,5340604945.0,0.0,11.0,2478968.0,928.0,16541882.0,0.0,7.0,999999999999,999999999999,999999999999
1772,sqlite3VdbeJumpHere,107,912,5343086274.0,0.0,17.0,2458179.0,912.0,16545682.0,0.0,13.0,999999999999,999999999999,999999999999
2027,sqlite3VdbeChangeP2,114,960,5345546423.0,0.0,17.0,2619639.0,960.0,16547322.0,0.0,13.0,999999999999,999999999999,999999999999
865,sqlite3VdbeUsesBtree,276,1040,5348169512.0,0.0,14.0,3799128.0,1040.0,16551432.0,0.0,8.0,999999999999,999999999999,999999999999
1777,sqlite3VdbeGoto,109,928,5351972000.0,0.0,12.0,2485049.0,928.0,16561842.0,0.0,10.0,999999999999,999999999999,999999999999
867,sqlite3VdbeMakeReady,2567,2880,5354458649.0,0.0,8.0,16867411.0,2880.0,16565602.0,0.0,6.0,999999999999,999999999999,999999999999
881,resolveP2Values,1028,1880,5371328230.0,0.0,8.0,9005076.0,1880.0,16571622.0,0.0,6.0,999999999999,999999999999,999999999999
882,allocSpace,342,648,5380340666.0,0.0,52.0,3636039.0,648.0,16591812.0,0.0,36.0,999999999999,999999999999,999999999999
626,sqlite3VdbeRewind,205,672,5383981755.0,0.0,8.0,2798549.0,672.0,16608592.0,0.0,6.0,999999999999,999999999999,999999999999
604,sqlite3_step,751,1848,5386789494.0,0.0,260.0,9042105.0,1848.0,16639712.0,0.0,508.0,999999999999,999999999999,999999999999
617,vdbeSafetyNotNull,182,984,5395833259.0,0.0,260.0,3150779.0,984.0,16641702.0,0.0,508.0,999999999999,999999999999,999999999999
638,vdbeSafety,176,944,5398985868.0,0.0,265.0,2943598.0,944.0,16643292.0,0.0,513.0,999999999999,999999999999,999999999999
618,sqlite3Step,2011,2184,5401930716.0,0.0,260.0,14999143.0,2184.0,16646152.0,0.0,508.0,999999999999,999999999999,999999999999
798,sqlite3VdbeExec,103835,80248,5416931989.0,0.0,260.0,1337755580.0,80248.0,16653512.0,10000000.0,508.0,999999999999,999999999999,999999999999
1379,allocateCursor,1292,1824,6754695249.0,0.0,267.0,11325045.0,1824.0,16786142.0,10000000.0,511.0,999999999999,999999999999,999999999999
1460,sqlite3BtreeCursorSize,13,520,6766023864.0,0.0,263.0,1495799.0,520.0,16790582.0,0.0,507.0,999999999999,999999999999,999999999999
1461,sqlite3BtreeCursorZero,95,568,6767532723.0,0.0,263.0,1956399.0,568.0,16819042.0,0.0,507.0,999999999999,999999999999,999999999999
1380,sqlite3BtreeCursor,289,1056,6769490862.0,0.0,263.0,3661778.0,1056.0,16822032.0,10000000.0,507.0,999999999999,999999999999,999999999999
1463,btreeCursor,857,1496,6773153840.0,0.0,263.0,8867966.0,1496.0,16824022.0,0.0,507.0,999999999999,999999999999,999999999999
1381,sqlite3BtreeCursorHintFlags,61,552,6782024516.0,0.0,261.0,1939009.0,552.0,16831752.0,0.0,505.0,999999999999,999999999999,999999999999
810,sqlite3BtreeFirst,234,1056,6783966565.0,0.0,10757.0,3449008.0,1056.0,16837332.0,10000000.0,11005.0,999999999999,999999999999,999999999999
1456,moveToRoot,1683,1968,6787418353.0,0.0,42315.0,12485984.0,1968.0,16838882.0,400000000.0,42556.0,999999999999,999999999999,999999999999
731,sqlite3VdbeHalt,4031,3400,6799908447.0,0.0,8.0,24224038.0,3400.0,23856709.0,0.0,6.0,999999999999,999999999999,999999999999
1311,closeAllCursors,552,1352,6824135276.0,0.0,8.0,6702296.0,1352.0,23862179.0,0.0,6.0,999999999999,999999999999,999999999999
1318,closeCursorsInFrame,328,1096,6830839832.0,0.0,8.0,4890468.0,1096.0,23865009.0,0.0,6.0,999999999999,999999999999,999999999999
1328,sqlite3VdbeFreeCursorNN,372,1080,6835731800.0,0.0,267.0,4303588.0,1080.0,23867759.0,0.0,511.0,999999999999,999999999999,999999999999
1331,sqlite3BtreeCloseCursor,637,1392,6840036788.0,0.0,263.0,6715627.0,1392.0,23870309.0,0.0,507.0,999999999999,999999999999,999999999999
1283,btreeReleaseAllCursorPages,344,1120,6846755145.0,0.0,263.0,4885477.0,1120.0,23873939.0,0.0,507.0,999999999999,999999999999,999999999999
1249,unlockBtreeIfUnused,196,928,6851642142.0,0.0,273.0,2963849.0,928.0,23882949.0,0.0,517.0,999999999999,999999999999,999999999999
1304,releaseMemArray,597,1280,6854610141.0,0.0,20.0,6798497.0,1280.0,23889629.0,0.0,14.0,999999999999,999999999999,999999999999
1312,sqlite3VdbeEnter,447,1160,6861417718.0,0.0,8.0,5755347.0,1160.0,23939759.0,0.0,6.0,999999999999,999999999999,999999999999
1313,sqlite3VdbeCheckFk,417,1144,6867174625.0,0.0,14.0,4413288.0,1144.0,23942579.0,0.0,12.0,999999999999,999999999999,999999999999
1314,vdbeCommit,4736,5120,6871589473.0,0.0,6.0,36892162.0,5120.0,23950589.0,0.0,6.0,999999999999,999999999999,999999999999
1322,sqlite3VtabSync,495,1376,6908484085.0,0.0,6.0,6872567.0,1376.0,23955269.0,0.0,6.0,999999999999,999999999999,999999999999
1040,sqlite3BtreeGetFilename,99,912,6915361782.0,0.0,6.0,2304999.0,912.0,23963379.0,0.0,6.0,999999999999,999999999999,999999999999
1041,sqlite3PagerFilename,206,1008,6917669381.0,0.0,6.0,3478488.0,1008.0,23965039.0,0.0,6.0,999999999999,999999999999,999999999999
1137,sqlite3IsMemdb,75,544,6921149729.0,0.0,6.0,1884219.0,544.0,23966739.0,0.0,6.0,999999999999,999999999999,999999999999
679,sqlite3BtreeCommitPhaseOne,479,1312,6923039828.0,0.0,7.0,5206418.0,1312.0,23974639.0,0.0,7.0,999999999999,999999999999,999999999999
678,sqlite3BtreeCommitPhaseTwo,389,1264,6928248916.0,0.0,7.0,4930998.0,1264.0,23979229.0,0.0,7.0,999999999999,999999999999,999999999999
711,btreeEndTransaction,456,1176,6933182403.0,0.0,10.0,4588707.0,1176.0,23982109.0,0.0,10.0,999999999999,999999999999,999999999999
1272,clearAllSharedCacheTableLocks,587,1168,6937773452.0,0.0,8.0,5892198.0,1168.0,23985229.0,0.0,8.0,999999999999,999999999999,999999999999
720,releasePageOne,82,888,6943669279.0,0.0,8.0,2155699.0,888.0,23991419.0,0.0,8.0,999999999999,999999999999,999999999999
1257,sqlite3PagerUnrefPageOne,110,992,6945826968.0,0.0,8.0,2462578.0,992.0,23992479.0,0.0,8.0,999999999999,999999999999,999999999999
1118,sqlite3PcacheRelease,275,960,6948291667.0,0.0,11878.0,3376267.0,960.0,23879919.0,40000000.0,47127.0,999999999999,999999999999,999999999999
1120,pcacheUnpin,204,944,6951669954.0,0.0,11817.0,2965998.0,944.0,23994739.0,70000000.0,47071.0,999999999999,999999999999,999999999999
2699,pcache1Unpin,388,1072,6954638153.0,0.0,11817.0,4172118.0,1072.0,23996999.0,80000000.0,47071.0,999999999999,999999999999,999999999999
1200,pagerUnlockIfUnused,142,984,6958813501.0,0.0,8.0,2738999.0,984.0,24001289.0,0.0,8.0,999999999999,999999999999,999999999999
1161,pagerUnlockAndRollback,703,1424,6961556630.0,0.0,11.0,5803288.0,1424.0,24003459.0,0.0,11.0,999999999999,999999999999,999999999999
1202,pager_end_transaction,2032,2496,6967361778.0,0.0,14.0,14793212.0,2496.0,24006829.0,0.0,12.0,999999999999,999999999999,999999999999
1158,pager_unlock,876,1600,6982156310.0,0.0,11.0,7836207.0,1600.0,24011399.0,0.0,11.0,999999999999,999999999999,999999999999
1030,sqlite3BitvecDestroy,292,1120,6989995567.0,0.0,25.0,4456938.0,1120.0,24013659.0,0.0,21.0,999999999999,999999999999,999999999999
1204,releaseAllSavepoints,407,1304,6994456105.0,0.0,19.0,5983646.0,1304.0,24015739.0,0.0,17.0,999999999999,999999999999,999999999999
1144,sqlite3OsClose,169,936,7000442121.0,0.0,34.0,2834549.0,936.0,24018589.0,0.0,30.0,999999999999,999999999999,999999999999
1210,pagerUnlockDb,354,1072,7003283970.0,0.0,15.0,4104528.0,1072.0,24026949.0,0.0,13.0,999999999999,999999999999,999999999999
1217,sqlite3OsUnlock,118,952,7007389778.0,0.0,11.0,2496499.0,952.0,24028779.0,0.0,9.0,999999999999,999999999999,999999999999
1098,dotlockUnlock,521,1184,7009887867.0,0.0,12.0,5073298.0,1184.0,24030109.0,0.0,10.0,999999999999,999999999999,999999999999
2807,rmdir,161,1016,7014964485.0,0.0,6.0,2860048.0,1016.0,24033289.0,0.0,6.0,999999999999,999999999999,999999999999
2793,__wasilibc_nocwd___wasilibc_rmdirat,36,864,7017833423.0,0.0,6.0,2118629.0,864.0,24058459.0,0.0,6.0,999999999999,999999999999,999999999999
2777,__wasi_path_remove_directory,26,928,7019953652.0,0.0,6.0,2090799.0,928.0,24059149.0,0.0,6.0,999999999999,999999999999,999999999999
1323,sqlite3VtabCommit,88,904,7022144911.0,0.0,6.0,2196109.0,904.0,24117969.0,0.0,6.0,999999999999,999999999999,999999999999
1339,callFinaliser,559,1400,7024343470.0,0.0,8.0,6898587.0,1400.0,24119039.0,0.0,8.0,999999999999,999999999999,999999999999
1004,sqlite3CommitInternalChanges,65,544,7031246067.0,0.0,15.0,1881169.0,544.0,24124359.0,0.0,13.0,999999999999,999999999999,999999999999
799,doWalCallbacks,53,552,7033132236.0,0.0,8.0,1804769.0,552.0,24135869.0,0.0,6.0,999999999999,999999999999,999999999999
634,sqlite3VdbeFinalize,184,1032,7034942125.0,0.0,3.0,3081369.0,1032.0,24141419.0,0.0,1.0,999999999999,999999999999,999999999999
625,sqlite3VdbeReset,523,1256,7038025794.0,0.0,8.0,5210867.0,1256.0,24143079.0,0.0,6.0,999999999999,999999999999,999999999999
492,sqlite3VdbeDelete,304,1096,7043239371.0,0.0,8.0,3862218.0,1096.0,24147919.0,0.0,6.0,999999999999,999999999999,999999999999
502,sqlite3VdbeClearObject,784,1784,7047105019.0,0.0,8.0,8368756.0,1784.0,24149259.0,0.0,6.0,999999999999,999999999999,999999999999
1305,vdbeFreeOpArray,410,1128,7055485925.0,0.0,8.0,5109638.0,1128.0,24241109.0,0.0,6.0,999999999999,999999999999,999999999999
1414,sqlite3AnalysisLoad,1057,1792,7060604553.0,0.0,1.0,10653935.0,1792.0,24287919.0,0.0,1.0,999999999999,999999999999,999999999999
1497,sqlite3BtreeCommit,158,1072,7071265968.0,0.0,1.0,3244518.0,1072.0,24328789.0,0.0,1.0,999999999999,999999999999,999999999999
1783,sqlite3BeginWriteOperation,290,1032,7074586026.0,0.0,6.0,3545128.0,1032.0,41431430.0,0.0,2.0,999999999999,999999999999,999999999999
1771,sqlite3VdbeAddOp1,118,944,7078135324.0,0.0,24.0,2490699.0,944.0,42923290.0,0.0,20.0,999999999999,999999999999,999999999999
1784,sqlite3OpenSchemaTable,238,1152,7080630493.0,0.0,2.0,3566358.0,1152.0,,,,999999999999,999999999999,999999999999
1684,sqlite3AddPrimaryKey,1948,2536,7084215461.0,0.0,4.0,16690162.0,2536.0,18365501.0,0.0,4.0,999999999999,999999999999,999999999999
1812,makeColumnPartOfPrimaryKey,190,936,7100907593.0,0.0,4.0,3043409.0,936.0,18370631.0,0.0,2.0,999999999999,999999999999,999999999999
1815,sqlite3HasExplicitNulls,545,1104,7103953202.0,0.0,4.0,6285697.0,1104.0,18375851.0,0.0,2.0,999999999999,999999999999,999999999999
1683,sqlite3AddNotNull,611,768,7110262529.0,0.0,8.0,6111127.0,768.0,19005181.0,0.0,8.0,999999999999,999999999999,999999999999
547,enlargeAndAppend,261,1096,7116397236.0,0.0,8.0,3573958.0,1096.0,,,,999999999999,999999999999,999999999999
541,sqlite3StrAccumEnlarge,1355,1744,7119973444.0,0.0,8.0,9920845.0,1744.0,,,,999999999999,999999999999,999999999999
1799,sqlite3NestedParse,683,1544,7129903969.0,0.0,2.0,6374787.0,1544.0,,,,999999999999,999999999999,999999999999
535,printfTempBuf,483,1160,7136289746.0,0.0,2.0,4596958.0,1160.0,,,,999999999999,999999999999,999999999999
1810,sqlite3DequoteExpr,202,936,7140914495.0,0.0,13.0,2856769.0,936.0,39060072.0,0.0,1.0,999999999999,999999999999,999999999999
1701,sqlite3ExprListSetName,420,1256,7143777993.0,0.0,15.0,4837497.0,1256.0,22462129.0,0.0,5.0,999999999999,999999999999,999999999999
1680,sqlite3PExpr,511,1408,7148631400.0,0.0,37.0,5568358.0,1408.0,37464653.0,0.0,25.0,999999999999,999999999999,999999999999
1726,sqlite3ExprAttachSubtrees,586,1240,7154204148.0,0.0,37.0,5504497.0,1240.0,37471223.0,0.0,25.0,999999999999,999999999999,999999999999
852,sqlite3GetInt32,2182,1536,7159712425.0,0.0,20.0,13764503.0,1536.0,36458873.0,0.0,16.0,999999999999,999999999999,999999999999
1706,sqlite3SrcListIndexedBy,474,1064,7173507438.0,0.0,2.0,4621428.0,1064.0,,,,999999999999,999999999999,999999999999
1715,sqlite3ExprListCheckLength,241,968,7178130506.0,0.0,2.0,3287569.0,968.0,,,,999999999999,999999999999,999999999999
1717,sqlite3Update,21493,19176,7181419755.0,0.0,2.0,169342609.0,19176.0,,,,999999999999,999999999999,999999999999
1816,sqlite3SrcListLookup,474,1224,7350766234.0,0.0,4.0,5506357.0,1224.0,41346620.0,0.0,2.0,999999999999,999999999999,999999999999
1913,sqlite3TriggersExist,355,1200,7356288231.0,0.0,4.0,4788518.0,1200.0,41387980.0,0.0,2.0,999999999999,999999999999,999999999999
2394,tempTriggersExist,207,608,7361080819.0,0.0,4.0,2882089.0,608.0,41390340.0,0.0,2.0,999999999999,999999999999,999999999999
1829,sqlite3ViewGetColumnNames,255,976,7363965998.0,0.0,4.0,3275268.0,976.0,41394750.0,0.0,2.0,999999999999,999999999999,999999999999
1915,sqlite3IsReadOnly,451,1176,7367242716.0,0.0,4.0,4861447.0,1176.0,41398080.0,0.0,2.0,999999999999,999999999999,999999999999
2398,tabIsReadOnly,407,1112,7372105853.0,0.0,4.0,4572578.0,1112.0,41399860.0,0.0,2.0,999999999999,999999999999,999999999999
1914,sqlite3FkRequired,966,1696,7376699801.0,0.0,2.0,10228966.0,1696.0,,,,999999999999,999999999999,999999999999
1950,sqlite3ExprVectorSize,339,648,7386932857.0,0.0,33.0,3518858.0,648.0,42135680.0,0.0,13.0,999999999999,999999999999,999999999999
2285,whereClauseInsert,1083,1760,7390469655.0,0.0,11.0,9704565.0,1760.0,43015099.0,0.0,5.0,999999999999,999999999999,999999999999
2286,exprAnalyze,11789,10736,7400177920.0,0.0,10.0,79176852.0,10736.0,43027519.0,0.0,4.0,999999999999,999999999999,999999999999
2322,sqlite3WhereExprUsage,165,920,7479359682.0,0.0,25.0,2969129.0,920.0,43039019.0,0.0,13.0,999999999999,999999999999,999999999999
2324,sqlite3WhereExprUsageNN,309,1000,7482331901.0,0.0,22.0,3884238.0,1000.0,43040670.0,0.0,10.0,999999999999,999999999999,999999999999
2335,sqlite3WhereExprUsageFull,1047,1616,7486218629.0,0.0,4.0,8562306.0,1616.0,5586515618.0,0.0,2.0,999999999999,999999999999,999999999999
2325,allowedOp,275,568,7494782835.0,0.0,10.0,2757958.0,568.0,43049959.0,0.0,4.0,999999999999,999999999999,999999999999
1813,sqlite3ExprSkipCollate,194,576,7497542833.0,0.0,16.0,3404608.0,576.0,43052650.0,0.0,8.0,999999999999,999999999999,999999999999
2326,exprMightBeIndexed,769,1264,7500949972.0,0.0,16.0,8027896.0,1264.0,43057799.0,0.0,8.0,999999999999,999999999999,999999999999
2327,operatorMask,276,640,7508980058.0,0.0,9.0,3075389.0,640.0,43061810.0,0.0,5.0,999999999999,999999999999,999999999999
2334,isAuxiliaryVtabOperator,2528,2040,7512058717.0,0.0,10.0,15550722.0,2040.0,43073659.0,0.0,4.0,999999999999,999999999999,999999999999
2308,codeEqualityTerm,4613,4192,7527625059.0,0.0,2.0,35151974.0,4192.0,,,,999999999999,999999999999,999999999999
2310,disableTerm,620,824,7562781033.0,0.0,2.0,6842616.0,824.0,,,,999999999999,999999999999,999999999999
1887,sqlite3ReleaseTempReg,207,584,7569625909.0,0.0,49.0,2798169.0,584.0,42879060.0,0.0,39.0,999999999999,999999999999,999999999999
1921,sqlite3WhereOkOnePass,111,576,7572429218.0,0.0,2.0,2131469.0,576.0,,,,999999999999,999999999999,999999999999
1923,sqlite3WhereUsesDeferredSeek,72,544,7574562587.0,0.0,2.0,1982759.0,544.0,,,,999999999999,999999999999,999999999999
1926,sqlite3OpenTableAndIndices,1465,2096,7576569306.0,0.0,4.0,14237503.0,2096.0,44501999.0,0.0,2.0,999999999999,999999999999,999999999999
1941,sqlite3TriggerColmask,765,1488,7590812759.0,0.0,2.0,8556236.0,1488.0,,,,999999999999,999999999999,999999999999
1776,sqlite3ExprCode,474,1232,7599372105.0,0.0,27.0,5195198.0,1232.0,45102219.0,0.0,13.0,999999999999,999999999999,999999999999
1987,sqlite3VdbeLoadString,128,960,7604570753.0,0.0,13.0,2552169.0,960.0,45157259.0,0.0,1.0,999999999999,999999999999,999999999999
1945,sqlite3GenerateConstraintChecks,17496,16056,7607142861.0,0.0,4.0,137239034.0,16056.0,44556269.0,0.0,2.0,999999999999,999999999999,999999999999
2429,indexIteratorFirst,178,624,7744386715.0,0.0,4.0,3279309.0,624.0,44716049.0,0.0,2.0,999999999999,999999999999,999999999999
1797,sqlite3TableAffinity,737,1648,7747672534.0,0.0,4.0,7273647.0,1648.0,44722849.0,0.0,2.0,999999999999,999999999999,999999999999
2121,sqlite3TableAffinityStr,692,1224,7754949561.0,0.0,3.0,7540636.0,1224.0,44725559.0,0.0,2.0,999999999999,999999999999,999999999999
1947,sqlite3GenerateRowIndexDelete,891,1696,7762510926.0,0.0,2.0,10432536.0,1696.0,,,,999999999999,999999999999,999999999999
1948,sqlite3CompleteInsertion,1648,2144,7772945562.0,0.0,4.0,15247663.0,2144.0,44765009.0,0.0,2.0,999999999999,999999999999,999999999999
1932,sqlite3AuthContextPop,139,576,7788197755.0,0.0,2.0,2426738.0,576.0,,,,999999999999,999999999999,999999999999
1665,yy_accept,75,552,7790651813.0,0.0,2.0,1907229.0,552.0,,,,999999999999,999999999999,999999999999
1800,sqlite3ChangeCookie,213,984,7792566192.0,0.0,2.0,2962449.0,984.0,,,,999999999999,999999999999,999999999999
1801,sqlite3VdbeAddParseSchemaOp,322,1272,7795541361.0,0.0,2.0,5262738.0,1272.0,,,,999999999999,999999999999,999999999999
1792,sqlite3MayAbort,149,568,7800808019.0,0.0,8.0,2318008.0,568.0,44378569.0,0.0,6.0,999999999999,999999999999,999999999999
501,deleteTable,707,1648,7803144238.0,0.0,8.0,7801487.0,1648.0,44879189.0,0.0,6.0,999999999999,999999999999,999999999999
1646,sqlite3FkDelete,661,1464,7810948434.0,0.0,8.0,7443206.0,1464.0,44881909.0,0.0,6.0,999999999999,999999999999,999999999999
1648,sqlite3DeleteColumnNames,531,1336,7818393660.0,0.0,8.0,6575227.0,1336.0,44884969.0,0.0,6.0,999999999999,999999999999,999999999999
1617,sqlite3VdbeSetSql,280,1048,7824978637.0,0.0,5.0,3728848.0,1048.0,29421286.0,0.0,5.0,999999999999,999999999999,999999999999
800,sqlite3_sql,129,568,7828717605.0,0.0,5.0,2343579.0,568.0,29452396.0,0.0,5.0,999999999999,999999999999,999999999999
846,sqlite3_stmt_isexplain,151,568,7831064944.0,0.0,10.0,2371389.0,568.0,29458186.0,0.0,10.0,999999999999,999999999999,999999999999
273,bind_prepared_stmt,978,2160,7833438473.0,0.0,5.0,10261335.0,2160.0,29463336.0,0.0,5.0,999999999999,999999999999,999999999999
838,sqlite3_bind_parameter_count,147,560,7843701748.0,0.0,5.0,2386869.0,560.0,29466146.0,0.0,5.0,999999999999,999999999999,999999999999
270,exec_prepared_stmt,2296,2376,7846090287.0,0.0,5.0,16084762.0,2376.0,29469136.0,0.0,5.0,999999999999,999999999999,999999999999
2705,pcache1PinPage,169,632,7862315969.0,0.0,11817.0,2563469.0,632.0,29733596.0,110000000.0,47071.0,999999999999,999999999999,999999999999
1124,sqlite3TempInMemory,91,552,7864885018.0,0.0,9.0,1961429.0,552.0,45653668.0,0.0,7.0,999999999999,999999999999,999999999999
1248,sqlite3PagerBegin,465,1272,7866848947.0,0.0,6.0,5372337.0,1272.0,45655198.0,0.0,4.0,999999999999,999999999999,999999999999
2805,utimes,245,1152,7872225134.0,0.0,8.0,3952509.0,1152.0,45660818.0,0.0,4.0,999999999999,999999999999,999999999999
2791,__wasilibc_nocwd_utimensat,505,1712,7876183132.0,0.0,8.0,8689136.0,1712.0,45680748.0,0.0,4.0,999999999999,999999999999,999999999999
2774,__wasi_path_filestat_set_times,34,976,7884874618.0,0.0,8.0,2465819.0,976.0,45682198.0,0.0,4.0,999999999999,999999999999,999999999999
688,newDatabase,807,1600,7887388287.0,0.0,6.0,7445446.0,1600.0,45711358.0,0.0,4.0,999999999999,999999999999,999999999999
672,sqlite3PagerWrite,427,1160,7894836114.0,0.0,31668.0,4951407.0,1160.0,46196128.0,180000000.0,31651.0,999999999999,999999999999,999999999999
694,pager_write,790,1456,7899790001.0,0.0,59.0,7281087.0,1456.0,46199238.0,0.0,57.0,999999999999,999999999999,999999999999
1261,pager_open_journal,1017,1784,7907073218.0,0.0,6.0,9118965.0,1784.0,46202298.0,0.0,4.0,999999999999,999999999999,999999999999
1025,sqlite3BitvecCreate,161,960,7916196333.0,0.0,4.0,3016299.0,960.0,47081058.0,0.0,2.0,999999999999,999999999999,999999999999
1267,jrnlBufferSize,39,536,7919226292.0,0.0,4.0,1866619.0,536.0,47100628.0,0.0,2.0,999999999999,999999999999,999999999999
1268,databaseIsUnmoved,365,1064,7921094831.0,0.0,4.0,4241698.0,1064.0,47101868.0,0.0,2.0,999999999999,999999999999,999999999999
1265,sqlite3JournalOpen,541,1224,7925337829.0,0.0,4.0,5663507.0,1224.0,47113878.0,0.0,2.0,999999999999,999999999999,999999999999
1091,getFileMode,293,1144,7931008986.0,0.0,4.0,4068838.0,1144.0,47143368.0,0.0,2.0,999999999999,999999999999,999999999999
1184,writeJournalHdr,1408,2080,7935170884.0,0.0,4.0,13027613.0,2080.0,47253508.0,0.0,2.0,999999999999,999999999999,999999999999
1183,journalHdrOffset,235,616,7948200828.0,0.0,8.0,3058449.0,616.0,47257158.0,0.0,4.0,999999999999,999999999999,999999999999
570,sqlite3OsRandomness,303,1144,7951265417.0,0.0,1.0,4163378.0,1144.0,47271738.0,0.0,1.0,999999999999,999999999999,999999999999
592,unixRandomness,514,1408,7955431365.0,0.0,1.0,5726977.0,1408.0,47273698.0,0.0,1.0,999999999999,999999999999,999999999999
2745,time,93,976,7961194012.0,0.0,1.0,2815518.0,976.0,47301888.0,0.0,1.0,999999999999,999999999999,999999999999
571,chacha_block,4736,1648,7964014630.0,0.0,1.0,30407856.0,1648.0,47307208.0,0.0,1.0,999999999999,999999999999,999999999999
686,sqlite3Put4byte,156,600,7994433106.0,0.0,211.0,2605069.0,600.0,46231198.0,0.0,185.0,999999999999,999999999999,999999999999
674,sqlite3OsWrite,155,992,7997042675.0,0.0,80.0,2924868.0,992.0,47440218.0,0.0,77.0,999999999999,999999999999,999999999999
1066,unixWrite,578,1336,7999969873.0,0.0,80.0,6669857.0,1336.0,47441978.0,0.0,77.0,999999999999,999999999999,999999999999
1067,seekAndWrite,158,976,8006642320.0,0.0,80.0,2864068.0,976.0,47444318.0,0.0,77.0,999999999999,999999999999,999999999999
1089,seekAndWriteFd,571,1424,8009508048.0,0.0,80.0,6772286.0,1424.0,47446218.0,0.0,77.0,999999999999,999999999999,999999999999
2750,write,113,984,8016289035.0,0.0,80.0,3097319.0,984.0,47452548.0,0.0,77.0,999999999999,999999999999,999999999999
1230,sqlite3PcacheMakeDirty,275,952,8019662404.0,0.0,59.0,3448598.0,952.0,46206858.0,0.0,57.0,999999999999,999999999999,999999999999
1121,pcacheManageDirtyList,934,872,8023114262.0,0.0,220.0,6912877.0,872.0,46209708.0,0.0,218.0,999999999999,999999999999,999999999999
1231,sqlite3BitvecTestNotNull,815,824,8030029879.0,0.0,57.0,7956616.0,824.0,47491717.0,0.0,55.0,999999999999,999999999999,999999999999
1253,zeroPage,983,1536,8037990455.0,0.0,54.0,8598736.0,1536.0,46220448.0,0.0,51.0,999999999999,999999999999,999999999999
1233,decodeFlags,1226,1552,8046591401.0,0.0,56.0,8467256.0,1552.0,16865462.0,0.0,103.0,999999999999,999999999999,999999999999
682,sqlite3PagerOpenSavepoint,211,968,8055063437.0,0.0,6.0,3355199.0,968.0,45720208.0,0.0,4.0,999999999999,999999999999,999999999999
1356,out2Prerelease,238,1000,8058425276.0,110000000.0,2533305.0,3616437.0,1000.0,29770596.0,20580000000.0,10035021.0,999999999999,999999999999,999999999999
1364,sqlite3VdbeBooleanValue,303,992,8062051903.0,0.0,2.0,3761529.0,992.0,,,,999999999999,999999999999,999999999999
667,sqlite3BtreeUpdateMeta,325,1216,8065815072.0,0.0,4.0,4625517.0,1216.0,,,,999999999999,999999999999,999999999999
1383,sqlite3BtreeCreateTable,140,1056,8070445830.0,0.0,2.0,2893478.0,1056.0,,,,999999999999,999999999999,999999999999
1466,btreeCreateTable,2057,3056,8073342648.0,0.0,2.0,16976552.0,3056.0,,,,999999999999,999999999999,999999999999
1279,allocateBtreePage,6533,6184,8090322090.0,0.0,51.0,46694838.0,6184.0,114360406.0,0.0,49.0,999999999999,999999999999,999999999999
1294,btreeGetUnusedPage,354,1240,8137023667.0,0.0,51.0,4609748.0,1240.0,114458016.0,0.0,49.0,999999999999,999999999999,999999999999
2708,pcache1UnderMemoryPressure,215,968,8141644105.0,0.0,101.0,3162709.0,968.0,114476956.0,0.0,145.0,999999999999,999999999999,999999999999
1491,sqlite3HeapNearlyFull,57,536,8144809724.0,0.0,101.0,1752549.0,536.0,114478916.0,0.0,145.0,999999999999,999999999999,999999999999
1197,addToSavepointBitvecs,338,1176,8146568023.0,0.0,56.0,5579028.0,1176.0,47572257.0,0.0,55.0,999999999999,999999999999,999999999999
1148,sqlite3PagerPageRefcount,88,896,8152154541.0,0.0,98.0,2293119.0,896.0,114194096.0,0.0,98.0,999999999999,999999999999,999999999999
1232,sqlite3PcachePageRefcount,51,544,8154450000.0,0.0,98.0,1918278.0,544.0,114196086.0,0.0,98.0,999999999999,999999999999,999999999999
1280,releasePage,120,880,8156372788.0,0.0,196.0,2543269.0,880.0,114524596.0,0.0,196.0,999999999999,999999999999,999999999999
611,sqlite3PagerUnref,120,880,8158920007.0,0.0,6.0,2528639.0,880.0,306308024.0,0.0,2.0,999999999999,999999999999,999999999999
637,sqlite3PagerUnrefNotNull,141,912,8161452136.0,0.0,11870.0,2789328.0,912.0,23877919.0,50000000.0,47119.0,999999999999,999999999999,999999999999
1547,allocateTempSpace,325,1112,8164253034.0,0.0,3.0,4134609.0,1112.0,45779028.0,0.0,3.0,999999999999,999999999999,999999999999
1387,sqlite3BtreeLast,249,976,8168404763.0,0.0,21002.0,3523858.0,976.0,46306488.0,30000000.0,21000.0,999999999999,999999999999,999999999999
1467,btreeLast,342,1112,8171930491.0,0.0,10553.0,4175558.0,1112.0,46308448.0,0.0,10551.0,999999999999,999999999999,999999999999
1472,getAndInitPage,520,1536,8176107919.0,0.0,11815.0,6169857.0,1536.0,16844822.0,50000000.0,47068.0,999999999999,999999999999,999999999999
734,sqlite3VdbeMemRelease,144,904,8182286366.0,0.0,2.0,2911928.0,904.0,,,,999999999999,999999999999,999999999999
1397,sqlite3BtreeInsert,5857,4544,8185201444.0,0.0,21004.0,36432963.0,4544.0,46341518.0,190000000.0,21000.0,999999999999,999999999999,999999999999
1389,sqlite3BtreeTableMoveto,2904,2432,8221637417.0,0.0,21004.0,20802270.0,2432.0,46350878.0,80000000.0,21000.0,999999999999,999999999999,999999999999
1479,fillInCell,3155,3176,8242442877.0,0.0,21004.0,24204859.0,3176.0,46363338.0,10000000.0,21000.0,999999999999,999999999999,999999999999
1373,sqlite3PutVarint,392,1008,8266650976.0,0.0,21008.0,3930808.0,1008.0,46369248.0,50000000.0,21000.0,999999999999,999999999999,999999999999
1482,insertCellFast,3093,2752,8270587344.0,0.0,21004.0,21303869.0,2752.0,46380548.0,40000000.0,21000.0,999999999999,999999999999,999999999999
2899,memmove,1217,2192,8291896784.0,0.0,21052.0,23391079.0,2192.0,46395408.0,260000000.0,21049.0,999999999999,999999999999,999999999999
1386,sqlite3VdbeFreeCursor,136,896,8315293092.0,0.0,4.0,2712069.0,896.0,,,,999999999999,999999999999,999999999999
1285,releasePageNotNull,81,888,8318011221.0,0.0,11864.0,2293269.0,888.0,23876969.0,40000000.0,47117.0,999999999999,999999999999,999999999999
769,sqlite3VdbeMemSetNull,146,904,8320314060.0,0.0,11005.0,2793729.0,904.0,46826338.0,30000000.0,11503.0,999999999999,999999999999,999999999999
1243,sqlite3GetVarint,3210,1288,8323124579.0,0.0,3.0,14738703.0,1288.0,,,,999999999999,999999999999,999999999999
1402,sqlite3VdbeCursorRestore,141,1008,8337867622.0,20000000.0,2500252.0,3154909.0,1008.0,5647860748.0,3560000000.0,10000500.0,999999999999,999999999999,999999999999
1366,sqlite3BtreeCursorHasMoved,91,544,8341024370.0,90000000.0,5028515.0,2070749.0,544.0,16887722.0,17150000000.0,20036008.0,999999999999,999999999999,999999999999
1286,sqlite3BtreeIntegerKey,95,920,8343097059.0,60000000.0,2510751.0,2369969.0,920.0,46966378.0,2820000000.0,10011000.0,999999999999,999999999999,999999999999
1288,getCellInfo,214,936,8345468338.0,100000000.0,5022254.0,3143239.0,936.0,16891122.0,74280000000.0,20023502.0,999999999999,999999999999,999999999999
1289,btreeParseCell,306,1024,8348612917.0,60000000.0,2522004.0,3547228.0,1024.0,16893412.0,15240000000.0,10023002.0,999999999999,999999999999,999999999999
1236,btreeParseCellPtr,2548,1656,8352161875.0,60000000.0,2532506.0,14531173.0,1656.0,16895942.0,57360000000.0,10033502.0,999999999999,999999999999,999999999999
1357,sqlite3VdbeMemShallowCopy,399,1040,8366702318.0,0.0,42503.0,4167918.0,1040.0,46538548.0,130000000.0,43001.0,999999999999,999999999999,999999999999
755,sqlite3VdbeMemMakeWriteable,424,1104,8370873706.0,0.0,32003.0,4875218.0,1104.0,46440168.0,180000000.0,32501.0,999999999999,999999999999,999999999999
1360,applyAffinity,670,1120,8375753294.0,0.0,31510.0,5534557.0,1120.0,46985408.0,90000000.0,31500.0,999999999999,999999999999,999999999999
1372,sqlite3VarintLen,150,600,8381291081.0,0.0,1008.0,3072938.0,600.0,47010278.0,20000000.0,1500.0,999999999999,999999999999,999999999999
1481,dropCell,1188,1672,8384376509.0,0.0,10502.0,9759456.0,1672.0,46482018.0,30000000.0,10500.0,999999999999,999999999999,999999999999
1560,freeSpace,4242,2408,8394138255.0,0.0,10502.0,24980248.0,2408.0,46486498.0,100000000.0,10500.0,999999999999,999999999999,999999999999
1378,sqlite3FkClearTriggerCache,473,1312,8419127193.0,0.0,2.0,6650537.0,1312.0,,,,999999999999,999999999999,999999999999
1730,sqlite3ExprAnd,537,1256,8425830630.0,0.0,2.0,5260257.0,1256.0,,,,999999999999,999999999999,999999999999
1053,lookasideMallocSize,147,584,8431124997.0,0.0,2.0,2530228.0,584.0,,,,999999999999,999999999999,999999999999
1849,propagateConstants,693,1584,8433695096.0,0.0,2.0,8132416.0,1584.0,,,,999999999999,999999999999,999999999999
2215,findConstInWhere,685,1472,8441830482.0,0.0,6.0,6699697.0,1472.0,,,,999999999999,999999999999,999999999999
1733,sqlite3ExprIsConstant,101,920,8448533239.0,0.0,6.0,2435599.0,920.0,44096299.0,0.0,4.0,999999999999,999999999999,999999999999
1964,exprIsConst,187,1000,8450970628.0,0.0,48.0,2933698.0,1000.0,43329149.0,0.0,38.0,999999999999,999999999999,999999999999
2080,exprNodeIsConstant,1313,1376,8453907266.0,0.0,73.0,9156046.0,1376.0,43333079.0,0.0,63.0,999999999999,999999999999,999999999999
2277,constInsert,1019,1576,8463067022.0,0.0,2.0,9732895.0,1576.0,,,,999999999999,999999999999,999999999999
2058,sqlite3ExprAffinity,998,2736,8472802477.0,0.0,33.0,8956426.0,2736.0,42514330.0,0.0,17.0,999999999999,999999999999,999999999999
917,sqlite3ExprCompareCollSeq,227,1008,8481762343.0,0.0,3.0,3530178.0,1008.0,5588393936.0,0.0,1.0,999999999999,999999999999,999999999999
918,sqlite3BinaryCompareCollSeq,379,1168,8485295141.0,0.0,13.0,4722228.0,1168.0,43433499.0,0.0,7.0,999999999999,999999999999,999999999999
1002,sqlite3ColumnColl,386,632,8490020799.0,0.0,13.0,4580168.0,632.0,43440249.0,0.0,7.0,999999999999,999999999999,999999999999
2218,sqlite3IsBinary,143,568,8494605687.0,0.0,3.0,2452019.0,568.0,5588406286.0,0.0,1.0,999999999999,999999999999,999999999999
2032,sqlite3TableColumnAffinity,254,624,8497060346.0,0.0,17.0,3337698.0,624.0,43456889.0,0.0,9.0,999999999999,999999999999,999999999999
2216,propagateConstantExprRewrite,607,1320,8500404794.0,0.0,14.0,6014807.0,1320.0,,,,999999999999,999999999999,999999999999
2278,propagateConstantExprRewriteOne,1151,1520,8506421741.0,0.0,14.0,10392275.0,1520.0,,,,999999999999,999999999999,999999999999
2304,termCanDriveIndex,606,1288,8516845276.0,0.0,6.0,8621016.0,1288.0,5586643747.0,0.0,2.0,999999999999,999999999999,999999999999
2345,sqlite3IndexAffinityOk,372,1024,8525469112.0,0.0,3.0,4018068.0,1024.0,5588494106.0,0.0,1.0,999999999999,999999999999,999999999999
2346,comparisonAffinity,388,1152,8529488810.0,0.0,3.0,4894767.0,1152.0,5588495706.0,0.0,1.0,999999999999,999999999999,999999999999
2079,sqlite3CompareAffinity,551,1048,8534386957.0,0.0,11.0,4693008.0,1048.0,43452689.0,0.0,5.0,999999999999,999999999999,999999999999
2111,sqlite3ProgressCheck,496,1184,8539092025.0,0.0,8.0,5123968.0,1184.0,43131830.0,0.0,4.0,999999999999,999999999999,999999999999
1895,sqlite3ExprIfFalse,2579,3856,8544240293.0,0.0,10.0,20372200.0,3856.0,43313939.0,0.0,6.0,999999999999,999999999999,999999999999
2039,sqlite3ExprIsVector,109,904,8564615083.0,0.0,8.0,2350939.0,904.0,43319199.0,0.0,4.0,999999999999,999999999999,999999999999
2041,sqlite3ExprCodeTemp,520,1456,8566968702.0,0.0,36.0,5871687.0,1456.0,43323049.0,0.0,28.0,999999999999,999999999999,999999999999
2043,sqlite3ExprIsConstantNotJoin,101,920,8572841810.0,0.0,42.0,2431578.0,920.0,43327499.0,0.0,34.0,999999999999,999999999999,999999999999
1886,sqlite3GetTempReg,207,600,8575276598.0,0.0,30.0,3176048.0,600.0,42866050.0,0.0,26.0,999999999999,999999999999,999999999999
2044,sqlite3ExprCodeRunJustOnce,1367,2040,8578459546.0,0.0,18.0,13385084.0,2040.0,43405419.0,0.0,14.0,999999999999,999999999999,999999999999
1807,sqlite3ExprDup,183,952,8591846920.0,0.0,59.0,2995869.0,952.0,41589070.0,0.0,55.0,999999999999,999999999999,999999999999
2072,exprDup,2769,2968,8594844959.0,0.0,40.0,19460570.0,2968.0,41590810.0,0.0,36.0,999999999999,999999999999,999999999999
2113,dupedExprStructSize,278,624,8614311609.0,0.0,40.0,3337139.0,624.0,41599510.0,0.0,36.0,999999999999,999999999999,999999999999
2114,exprStructSize,152,608,8617651338.0,0.0,40.0,2720889.0,608.0,41603370.0,0.0,36.0,999999999999,999999999999,999999999999
2042,codeCompare,474,1480,8620377867.0,0.0,8.0,6190727.0,1480.0,43431109.0,0.0,4.0,999999999999,999999999999,999999999999
2064,binaryCompareP5,208,1056,8626575644.0,0.0,8.0,3222368.0,1056.0,43447609.0,0.0,4.0,999999999999,999999999999,999999999999
1474,moveToLeftmost,487,1208,8629884752.0,0.0,22008.0,5607457.0,1208.0,16877912.0,130000000.0,57011.0,999999999999,999999999999,999999999999
812,sqlite3BtreePayloadSize,91,920,8635497019.0,40000000.0,2511503.0,2367679.0,920.0,16889932.0,2620000000.0,10012502.0,999999999999,999999999999,999999999999
1368,sqlite3BtreePayloadFetch,94,912,8637869818.0,60000000.0,2511503.0,2370309.0,912.0,16905572.0,3850000000.0,10012502.0,999999999999,999999999999,999999999999
1449,fetchPayload,344,640,8640242927.0,80000000.0,2511503.0,3561888.0,640.0,16906952.0,32020000000.0,10012502.0,999999999999,999999999999,999999999999
1369,sqlite3VdbeOneByteSerialTypeLen,77,544,8643807395.0,140000000.0,5019511.0,2040549.0,544.0,16913542.0,51940000000.0,20028508.0,999999999999,999999999999,999999999999
1363,sqlite3MemCompare,1471,1488,8645854264.0,0.0,505.0,10477015.0,1488.0,5635509124.0,10000000.0,1000.0,999999999999,999999999999,999999999999
1446,vdbeCompareMemString,879,1824,8656333029.0,0.0,5.0,8523586.0,1824.0,,,,999999999999,999999999999,999999999999
981,binCollFunc,267,1040,8664859115.0,0.0,5.0,3883519.0,1040.0,,,,999999999999,999999999999,999999999999
815,sqlite3VdbeSerialGet,1427,1888,8668751864.0,50000000.0,2539483.0,8729595.0,1888.0,17029012.0,45120000000.0,10046726.0,999999999999,999999999999,999999999999
814,sqlite3GetVarint32,630,1160,8677484419.0,0.0,2.0,5489077.0,1160.0,17042782.0,0.0,2.0,999999999999,999999999999,999999999999
884,sqlite3VdbeSerialTypeLen,166,568,8682974986.0,0.0,985.0,2656419.0,568.0,17046552.0,10000000.0,1228.0,999999999999,999999999999,999999999999
629,sqlite3_column_count,151,576,8685636945.0,0.0,3.0,2676879.0,576.0,17087422.0,0.0,2.0,999999999999,999999999999,999999999999
630,sqlite3_column_name,103,920,8688316754.0,0.0,14.0,2463399.0,920.0,17106062.0,0.0,9.0,999999999999,999999999999,999999999999
826,columnName,1206,1408,8690781853.0,0.0,14.0,8769306.0,1408.0,17107252.0,0.0,9.0,999999999999,999999999999,999999999999
553,sqlite3_value_text,97,904,8699553479.0,0.0,1024.0,2237388.0,904.0,17112372.0,0.0,2019.0,999999999999,999999999999,999999999999
739,sqlite3ValueText,416,1008,8701793517.0,0.0,1024.0,4368198.0,1008.0,17113832.0,10000000.0,2019.0,999999999999,999999999999,999999999999
631,sqlite3_column_text,134,1056,8706166785.0,0.0,1010.0,2855269.0,1056.0,17143802.0,0.0,2010.0,999999999999,999999999999,999999999999
622,columnMem,423,1120,8709023734.0,0.0,2010.0,4632588.0,1120.0,17144842.0,0.0,4010.0,999999999999,999999999999,999999999999
623,columnMallocFailure,173,960,8713658842.0,0.0,2010.0,2991749.0,960.0,17150272.0,0.0,4010.0,999999999999,999999999999,999999999999
750,valueToText,752,1360,8716654841.0,0.0,752.0,7084476.0,1360.0,17171302.0,0.0,1252.0,999999999999,999999999999,999999999999
1349,sqlite3VdbeMemStringify,414,1232,8723741627.0,0.0,1252.0,4941227.0,1232.0,17174292.0,0.0,1752.0,999999999999,999999999999,999999999999
1350,vdbeMemRenderNum,422,1224,8728689294.0,0.0,1252.0,4797428.0,1224.0,17199572.0,10000000.0,1752.0,999999999999,999999999999,999999999999
1351,sqlite3Int64ToText,618,1208,8733488092.0,0.0,752.0,6555157.0,1208.0,17201922.0,0.0,1002.0,999999999999,999999999999,999999999999
763,sqlite3VdbeChangeEncoding,297,1008,8740046989.0,0.0,1503.0,3828018.0,1008.0,17209952.0,0.0,2255.0,999999999999,999999999999,999999999999
809,sqlite3BtreeNext,491,1120,8743959337.0,60000000.0,2512257.0,5041068.0,1120.0,20126241.0,57820000000.0,10048010.0,999999999999,999999999999,999999999999
1473,btreeNext,1462,1776,8749002015.0,0.0,11760.0,11365374.0,1776.0,23842939.0,120000000.0,47013.0,999999999999,999999999999,999999999999
1315,sqlite3VdbeCloseStatement,173,976,8760383349.0,0.0,2.0,3294859.0,976.0,,,,999999999999,999999999999,999999999999
486,sqlite3BtreePager,56,544,8763693368.0,0.0,4.0,1926969.0,544.0,29774286.0,0.0,4.0,999999999999,999999999999,999999999999
661,sqlite3PagerGetJournalMode,61,544,8765622417.0,0.0,4.0,1950459.0,544.0,29775376.0,0.0,4.0,999999999999,999999999999,999999999999
662,sqlite3PagerIsMemdb,139,568,8767575006.0,0.0,4.0,2502259.0,568.0,306164184.0,0.0,2.0,999999999999,999999999999,999999999999
1182,sqlite3PagerExclusiveLock,134,952,8770080085.0,0.0,8.0,2891009.0,952.0,306166174.0,0.0,4.0,999999999999,999999999999,999999999999
673,sqlite3PagerCommitPhaseOne,883,1888,8773037724.0,0.0,4.0,8935915.0,1888.0,306271054.0,0.0,2.0,999999999999,999999999999,999999999999
696,pagerFlushOnCommit,285,1000,8781976009.0,0.0,12.0,3716138.0,1000.0,305876994.0,0.0,8.0,999999999999,999999999999,999999999999
698,pager_incr_changecounter,345,1248,8785694247.0,0.0,4.0,4619238.0,1248.0,306278114.0,0.0,2.0,999999999999,999999999999,999999999999
1187,pager_write_changecounter,292,1160,8790320365.0,0.0,8.0,3865269.0,1160.0,306298904.0,0.0,4.0,999999999999,999999999999,999999999999
699,writeSuperJournal,1643,2008,8794191213.0,0.0,4.0,11992854.0,2008.0,306312734.0,0.0,2.0,999999999999,999999999999,999999999999
700,syncJournal,1728,2168,8806186507.0,0.0,4.0,12458445.0,2168.0,306316754.0,0.0,2.0,999999999999,999999999999,999999999999
708,sqlite3OsSync,155,960,8818681202.0,0.0,12.0,2991008.0,960.0,306364474.0,0.0,6.0,999999999999,999999999999,999999999999
1070,unixSync,573,1496,8821674040.0,0.0,12.0,6380326.0,1496.0,306366304.0,0.0,6.0,999999999999,999999999999,999999999999
587,full_fsync,107,944,8828057347.0,0.0,16.0,2567749.0,944.0,306369374.0,0.0,8.0,999999999999,999999999999,999999999999
2746,fsync,43,880,8830628386.0,0.0,16.0,2368279.0,880.0,306370674.0,0.0,8.0,999999999999,999999999999,999999999999
2770,__wasi_fd_sync,16,824,8832998995.0,0.0,16.0,1891909.0,824.0,306371464.0,0.0,8.0,999999999999,999999999999,999999999999
1088,openDirectory,797,1368,8835260884.0,0.0,4.0,8062656.0,1368.0,307234304.0,0.0,2.0,999999999999,999999999999,999999999999
588,robust_close,232,1088,8843377040.0,0.0,9.0,3718808.0,1088.0,307374184.0,0.0,5.0,999999999999,999999999999,999999999999
2754,close,40,936,8847097548.0,0.0,9.0,2433649.0,936.0,1989679.0,0.0,6.0,999999999999,999999999999,999999999999
2760,__wasi_fd_close,16,824,8849533477.0,0.0,9.0,1895339.0,824.0,1990570.0,0.0,6.0,999999999999,999999999999,999999999999
1185,sqlite3PcacheClearSyncFlags,198,608,8851706876.0,0.0,4.0,3540439.0,608.0,307578633.0,0.0,2.0,999999999999,999999999999,999999999999
701,sqlite3PcacheDirtyList,206,968,8855250814.0,0.0,4.0,3878158.0,968.0,307584233.0,0.0,2.0,999999999999,999999999999,999999999999
1269,pcacheSortDirtyList,1146,1504,8859132852.0,0.0,4.0,9520176.0,1504.0,307588013.0,0.0,2.0,999999999999,999999999999,999999999999
1270,pcacheMergeDirtyList,395,696,8868656678.0,0.0,53.0,4506927.0,696.0,307595093.0,0.0,53.0,999999999999,999999999999,999999999999
702,pager_write_pagelist,1377,1856,8873166305.0,0.0,4.0,12019745.0,1856.0,307628433.0,0.0,2.0,999999999999,999999999999,999999999999
1078,fcntlSizeHint,882,1376,8885189980.0,0.0,4.0,8370176.0,1376.0,307638504.0,0.0,2.0,999999999999,999999999999,999999999999
1188,sqlite3BackupUpdate,152,920,8893617386.0,0.0,57.0,2896488.0,920.0,307678033.0,0.0,55.0,999999999999,999999999999,999999999999
703,sqlite3PcacheCleanAll,139,992,8896550314.0,0.0,8.0,3498818.0,992.0,307777844.0,0.0,4.0,999999999999,999999999999,999999999999
1176,sqlite3PcacheMakeClean,254,1016,8900051212.0,0.0,59.0,3340019.0,1016.0,305952844.0,0.0,57.0,999999999999,999999999999,999999999999
676,sqlite3PagerSync,339,1120,8903396981.0,0.0,4.0,4243118.0,1120.0,307811704.0,0.0,2.0,999999999999,999999999999,999999999999
707,sqlite3OsFileControl,217,992,8907642529.0,0.0,11.0,3498458.0,992.0,47104108.0,0.0,6.0,999999999999,999999999999,999999999999
709,sqlite3PagerCommitPhaseTwo,437,1144,8911433127.0,0.0,4.0,4693798.0,1144.0,307999723.0,0.0,2.0,999999999999,999999999999,999999999999
1205,sqlite3JournalIsInMemory,83,544,8916132535.0,0.0,8.0,2083639.0,544.0,305869294.0,0.0,6.0,999999999999,999999999999,999999999999
1093,nolockClose,78,896,8918219094.0,0.0,4.0,2238909.0,896.0,308013853.0,0.0,2.0,999999999999,999999999999,999999999999
1061,closeUnixFile,344,1120,8920460683.0,0.0,5.0,4133728.0,1120.0,308015163.0,0.0,3.0,999999999999,999999999999,999999999999
1207,sqlite3OsDelete,201,976,8924609421.0,0.0,4.0,3251908.0,976.0,308025373.0,0.0,2.0,999999999999,999999999999,999999999999
586,unixDelete,544,1456,8927863839.0,0.0,4.0,6239267.0,1456.0,308027103.0,0.0,2.0,999999999999,999999999999,999999999999
2806,unlink,161,1016,8934105936.0,0.0,4.0,2998519.0,1016.0,308029243.0,0.0,2.0,999999999999,999999999999,999999999999
2792,__wasilibc_nocwd___wasilibc_unlinkat,36,864,8937113275.0,0.0,4.0,2246129.0,864.0,308053203.0,0.0,2.0,999999999999,999999999999,999999999999
2779,__wasi_path_unlink_file,26,928,8939361304.0,0.0,4.0,2232599.0,928.0,308054023.0,0.0,2.0,999999999999,999999999999,999999999999
2702,pcache1Truncate,192,968,8941673083.0,0.0,11.0,3117089.0,968.0,305886284.0,0.0,9.0,999999999999,999999999999,999999999999
1160,pager_error,245,1000,8944796821.0,0.0,4.0,3500639.0,1000.0,308143273.0,0.0,2.0,999999999999,999999999999,999999999999
710,btreeClearHasContent,100,928,8948300490.0,0.0,6.0,2403388.0,928.0,305901114.0,0.0,4.0,999999999999,999999999999,999999999999
271,explain_data_delete,140,968,8950774578.0,0.0,5.0,2643599.0,968.0,29931196.0,0.0,5.0,999999999999,999999999999,999999999999
267,eqp_render,551,1344,8953421177.0,0.0,5.0,5405327.0,1344.0,29933906.0,0.0,5.0,999999999999,999999999999,999999999999
639,sqlite3LeaveMutexAndCloseZombie,1974,2864,8958841214.0,0.0,6.0,18048262.0,2864.0,29977396.0,0.0,6.0,999999999999,999999999999,999999999999
474,endTimer,357,1448,8976894096.0,0.0,5.0,4033848.0,1448.0,29985246.0,0.0,5.0,999999999999,999999999999,999999999999
475,doAutoDetectRestore,1546,2720,8980930524.0,0.0,5.0,12542484.0,2720.0,29989146.0,0.0,5.0,999999999999,999999999999,999999999999
200,clearTempFile,265,1048,8993479048.0,0.0,6.0,3477708.0,1048.0,30001466.0,0.0,6.0,999999999999,999999999999,999999999999
1737,parserAddExprIdListTerm,341,1312,8997054106.0,0.0,4.0,4850068.0,1312.0,22439449.0,0.0,4.0,999999999999,999999999999,999999999999
1687,sqlite3CreateForeignKey,3999,3704,9001916194.0,0.0,2.0,29456726.0,3704.0,22636740.0,0.0,2.0,999999999999,999999999999,999999999999
2736,dispose_chunk,1638,2120,9031408150.0,0.0,3.0,22177759.0,2120.0,,,,999999999999,999999999999,999999999999
1611,removeElementGivenHash,577,1176,9053736439.0,0.0,2.0,5537357.0,1176.0,395240780365.0,0.0,1.0,999999999999,999999999999,999999999999
726,sqlite3HashClear,275,1136,9059278026.0,0.0,15.0,4277238.0,1136.0,41900720.0,0.0,14.0,999999999999,999999999999,999999999999
1459,fkTriggerDelete,280,1280,9063559495.0,0.0,4.0,4137798.0,1280.0,395240794905.0,0.0,2.0,999999999999,999999999999,999999999999
1262,pagerAddPageToRollbackJournal,759,1672,9067955253.0,0.0,5.0,7394696.0,1672.0,47496948.0,0.0,6.0,999999999999,999999999999,999999999999
1228,pager_cksum,250,672,9075352238.0,0.0,5.0,5248127.0,672.0,47498948.0,0.0,6.0,999999999999,999999999999,999999999999
1264,write32bits,161,1048,9080602986.0,0.0,10.0,2950879.0,1048.0,47509868.0,0.0,12.0,999999999999,999999999999,999999999999
1026,sqlite3BitvecSet,2202,1984,9083601365.0,0.0,5.0,16172142.0,1984.0,47565957.0,0.0,6.0,999999999999,999999999999,999999999999
1555,moveToRightmost,422,1232,9099804787.0,0.0,50.0,5541987.0,1232.0,46908648.0,0.0,51.0,999999999999,999999999999,999999999999
1721,sqlite3IdListAppend,785,1464,9106539584.0,0.0,4.0,6985607.0,1464.0,35402394.0,0.0,4.0,999999999999,999999999999,999999999999
1702,sqlite3ExprListSetSpan,370,1072,9113540781.0,0.0,14.0,4378988.0,1072.0,36614093.0,0.0,14.0,999999999999,999999999999,999999999999
1806,sqlite3DbSpanDup,373,1040,9117922049.0,0.0,13.0,5415366.0,1040.0,36617053.0,0.0,13.0,999999999999,999999999999,999999999999
1762,sqlite3CteNew,383,1360,9123361715.0,0.0,2.0,4975657.0,1360.0,38750852.0,0.0,2.0,999999999999,999999999999,999999999999
1763,sqlite3WithAdd,989,1664,9128342833.0,0.0,2.0,10234706.0,1664.0,38814472.0,0.0,2.0,999999999999,999999999999,999999999999
1727,sqlite3ExprFunction,677,1472,9138599909.0,0.0,4.0,6794086.0,1472.0,40345761.0,0.0,4.0,999999999999,999999999999,999999999999
1736,sqlite3ExprSetHeightAndFlags,141,1032,9145396665.0,0.0,6.0,3130698.0,1032.0,40359261.0,0.0,6.0,999999999999,999999999999,999999999999
1965,exprSetHeight,567,1216,9148528823.0,0.0,6.0,5429937.0,1216.0,40360721.0,0.0,6.0,999999999999,999999999999,999999999999
2280,heightOfExprList,275,1048,9153962051.0,0.0,22.0,4628608.0,1048.0,40364801.0,0.0,22.0,999999999999,999999999999,999999999999
2279,heightOfExpr,175,568,9158593219.0,0.0,34.0,2641809.0,568.0,40367651.0,0.0,34.0,999999999999,999999999999,999999999999
2433,sqlite3ExprListFlags,241,640,9161237578.0,0.0,4.0,4516928.0,640.0,40371931.0,0.0,4.0,999999999999,999999999999,999999999999
1694,attachWithToSelect,209,1016,9165771006.0,0.0,2.0,3512718.0,1016.0,41235550.0,0.0,2.0,999999999999,999999999999,999999999999
1719,sqlite3Insert,17231,15480,9169287034.0,0.0,2.0,130680727.0,15480.0,41330640.0,0.0,2.0,999999999999,999999999999,999999999999
1917,sqlite3VdbeCountChanges,67,544,9300000291.0,0.0,2.0,2144779.0,544.0,41429350.0,0.0,2.0,999999999999,999999999999,999999999999
1953,autoIncBegin,1262,1576,9302151040.0,0.0,2.0,10212066.0,1576.0,41436800.0,0.0,2.0,999999999999,999999999999,999999999999
1795,sqlite3SelectDestInit,161,648,9312368416.0,0.0,8.0,2639658.0,648.0,41470580.0,0.0,8.0,999999999999,999999999999,999999999999
2171,searchWith,472,1208,9315019124.0,0.0,2.0,6676607.0,1208.0,41533840.0,0.0,2.0,999999999999,999999999999,999999999999
1839,sqlite3ParserAddCleanup,381,1344,9321702671.0,0.0,5.0,5049407.0,1344.0,41556180.0,0.0,5.0,999999999999,999999999999,999999999999
1835,sqlite3SelectDup,1339,2544,9326759298.0,0.0,6.0,13824104.0,2544.0,41573920.0,0.0,6.0,999999999999,999999999999,999999999999
1836,sqlite3ExprListDup,1290,1904,9340585912.0,0.0,22.0,11597364.0,1904.0,41580150.0,0.0,22.0,999999999999,999999999999,999999999999
2004,sqlite3SrcListDup,1858,2424,9352195206.0,0.0,5.0,16136533.0,2424.0,41650730.0,0.0,5.0,999999999999,999999999999,999999999999
2103,sqlite3WithDup,874,1504,9368341939.0,0.0,5.0,8231446.0,1504.0,41723490.0,0.0,5.0,999999999999,999999999999,999999999999
2104,sqlite3WindowListDup,326,1120,9376576865.0,0.0,5.0,4579929.0,1120.0,41726310.0,0.0,5.0,999999999999,999999999999,999999999999
2092,findRightmost,120,560,9381173963.0,0.0,4.0,2552408.0,560.0,41834480.0,0.0,4.0,999999999999,999999999999,999999999999
2119,sqlite3ColumnsFromExprList,3611,3448,9383727971.0,0.0,2.0,27392777.0,3448.0,41840530.0,0.0,2.0,999999999999,999999999999,999999999999
1811,sqlite3IsTrueOrFalse,185,1056,9411128538.0,0.0,2.0,3443849.0,1056.0,41857020.0,0.0,2.0,999999999999,999999999999,999999999999
2133,resolveCompoundOrderBy,2890,2896,9414610397.0,0.0,2.0,24040448.0,2896.0,42210590.0,0.0,2.0,999999999999,999999999999,999999999999
2120,sqlite3SubqueryColumnTypes,3684,3224,9438676065.0,0.0,2.0,26955607.0,3224.0,42506730.0,0.0,2.0,999999999999,999999999999,999999999999
2177,sqlite3ExprDataType,980,3640,9465636292.0,0.0,2.0,11505044.0,3640.0,42522830.0,0.0,2.0,999999999999,999999999999,999999999999
1846,flattenSubquery,9196,6424,9477149886.0,0.0,2.0,65987158.0,6424.0,42563580.0,0.0,2.0,999999999999,999999999999,999999999999
1851,sqlite3SelectExprHeight,112,936,9543142995.0,0.0,4.0,2451299.0,936.0,42586450.0,0.0,4.0,999999999999,999999999999,999999999999
2217,heightOfSelect,338,1336,9545598314.0,0.0,6.0,5050067.0,1336.0,42587800.0,0.0,6.0,999999999999,999999999999,999999999999
1852,pushDownWhereTerms,2393,2872,9550653041.0,0.0,2.0,21587210.0,2872.0,42601630.0,0.0,2.0,999999999999,999999999999,999999999999
1853,disableUnusedSubqueryResultColumns,1877,1248,9572242321.0,0.0,2.0,14439123.0,1248.0,42606690.0,0.0,2.0,999999999999,999999999999,999999999999
1854,fromClauseTermCanBeCoroutine,1067,1384,9586683134.0,0.0,2.0,9925225.0,1384.0,42610810.0,0.0,2.0,999999999999,999999999999,999999999999
1857,isSelfJoinView,794,1360,9596610989.0,0.0,2.0,8667346.0,1360.0,42615250.0,0.0,2.0,999999999999,999999999999,999999999999
1855,sqlite3VdbeExplain,417,1256,9605283615.0,0.0,11.0,5017518.0,1256.0,42624880.0,0.0,11.0,999999999999,999999999999,999999999999
1847,multiSelect,7100,8304,9610306923.0,0.0,2.0,51899285.0,8304.0,42658090.0,0.0,2.0,999999999999,999999999999,999999999999
2208,hasAnchor,224,584,9662211518.0,0.0,2.0,3688738.0,584.0,42667650.0,0.0,2.0,999999999999,999999999999,999999999999
2209,generateWithRecursiveQuery,2949,4360,9665903476.0,0.0,2.0,25298218.0,4360.0,42671140.0,0.0,2.0,999999999999,999999999999,999999999999
1861,computeLimitRegisters,1015,2048,9691205694.0,0.0,4.0,9480776.0,2048.0,42677810.0,0.0,4.0,999999999999,999999999999,999999999999
2036,codeInteger,832,1592,9700719350.0,0.0,13.0,7770306.0,1592.0,42855020.0,0.0,13.0,999999999999,999999999999,999999999999
1884,sqlite3GetTempRange,396,1040,9708494476.0,0.0,6.0,4216558.0,1040.0,42864340.0,0.0,6.0,999999999999,999999999999,999999999999
1888,sqlite3ReleaseTempRange,242,960,9712717244.0,0.0,6.0,3363948.0,960.0,42881540.0,0.0,6.0,999999999999,999999999999,999999999999
1796,sqlite3VdbeEndCoroutine,149,976,9716149622.0,0.0,4.0,2752119.0,976.0,43661749.0,0.0,4.0,999999999999,999999999999,999999999999
1856,sqlite3ClearTempRegCache,69,560,9718906381.0,0.0,4.0,2023389.0,560.0,43668869.0,0.0,4.0,999999999999,999999999999,999999999999
2047,sqlite3VtabOverloadFunction,1243,1776,9720968560.0,0.0,2.0,9821715.0,1776.0,44358159.0,0.0,2.0,999999999999,999999999999,999999999999
2048,sqlite3VdbeAddFunctionCall,622,1640,9730792925.0,0.0,2.0,7078406.0,1640.0,44363389.0,0.0,2.0,999999999999,999999999999,999999999999
2262,translateColumnToCopy,706,1376,9737877921.0,0.0,2.0,7317597.0,1376.0,44405669.0,0.0,2.0,999999999999,999999999999,999999999999
1954,readsTable,888,1528,9745207078.0,0.0,2.0,9455506.0,1528.0,44441299.0,0.0,2.0,999999999999,999999999999,999999999999
1959,autoIncStep,166,936,9754673104.0,0.0,2.0,3041649.0,936.0,44552279.0,0.0,2.0,999999999999,999999999999,999999999999
1938,sqlite3VdbeAppendP4,300,1024,9757726352.0,0.0,10.0,3811858.0,1024.0,44647379.0,0.0,10.0,999999999999,999999999999,999999999999
1930,sqlite3AutoincrementEnd,127,896,9761559511.0,0.0,2.0,2632528.0,896.0,44786789.0,0.0,2.0,999999999999,999999999999,999999999999
1649,sqlite3UpsertDelete,136,896,9764197559.0,0.0,2.0,2719319.0,896.0,44800969.0,0.0,2.0,999999999999,999999999999,999999999999
1544,sqlite3WithDelete,292,1112,9766930208.0,0.0,2.0,4957838.0,1112.0,44950909.0,0.0,2.0,999999999999,999999999999,999999999999
1546,cteClear,160,1088,9771889825.0,0.0,2.0,3067888.0,1088.0,44953479.0,0.0,2.0,999999999999,999999999999,999999999999
500,sqlite3IdListDelete,304,1120,9774965484.0,0.0,2.0,4958568.0,1120.0,45022739.0,0.0,2.0,999999999999,999999999999,999999999999
1385,sqlite3BtreeFakeValidCursor,17,520,9780124792.0,0.0,3.0,1590249.0,520.0,45839068.0,0.0,3.0,999999999999,999999999999,999999999999
813,sqlite3VdbeMemFromBtreeZeroOffset,295,1184,9781800861.0,0.0,10500.0,4135728.0,1184.0,46433558.0,20000000.0,10500.0,999999999999,999999999999,999999999999
756,vdbeMemAddTerminator,359,1088,9785941059.0,0.0,10500.0,4209158.0,1088.0,46443278.0,0.0,10500.0,999999999999,999999999999,999999999999
1399,sqlite3BtreeDelete,5061,4232,9790154607.0,0.0,10500.0,35130923.0,4232.0,46462198.0,70000000.0,10500.0,999999999999,999999999999,999999999999
1483,balance,1992,2408,9825292690.0,0.0,10547.0,15727782.0,2408.0,46502868.0,30000000.0,10549.0,999999999999,999999999999,999999999999
1424,sqlite3AddInt64,465,656,9841036942.0,10000000.0,30998.0,3844938.0,656.0,46600828.0,190000000.0,30998.0,999999999999,999999999999,999999999999
2471,roundFunc,971,2352,9844886461.0,0.0,10500.0,8073457.0,2352.0,46610178.0,10000000.0,10500.0,999999999999,999999999999,999999999999
752,sqlite3_value_type,95,552,9852963497.0,0.0,27500.0,2134179.0,552.0,46613148.0,30000000.0,34000.0,999999999999,999999999999,999999999999
636,sqlite3_value_int,88,896,9855101726.0,0.0,10500.0,2262939.0,896.0,46615368.0,10000000.0,10500.0,999999999999,999999999999,999999999999
746,sqlite3VdbeIntValue,340,1032,9857366915.0,0.0,10500.0,4213967.0,1032.0,46616378.0,40000000.0,10500.0,999999999999,999999999999,999999999999
551,sqlite3_value_double,83,896,9861584112.0,0.0,16000.0,2266859.0,896.0,46621058.0,10000000.0,21500.0,999999999999,999999999999,999999999999
744,sqlite3VdbeRealValue,321,992,9863853681.0,0.0,37250.0,3722978.0,992.0,46622148.0,60000000.0,44000.0,999999999999,999999999999,999999999999
537,sqlite3FpDecode,6263,6480,9867582699.0,0.0,11000.0,39963072.0,6480.0,46672728.0,50000000.0,11250.0,999999999999,999999999999,999999999999
2923,__getf2,218,704,9907550641.0,0.0,21001.0,4098468.0,704.0,46684308.0,50000000.0,21251.0,999999999999,999999999999,999999999999
2928,__multf3,1474,2808,9911652689.0,0.0,86376.0,22456429.0,2808.0,46691378.0,330000000.0,87486.0,999999999999,999999999999,999999999999
2925,__fixunstfdi,135,1008,9934112118.0,0.0,11000.0,3299828.0,1008.0,46721578.0,0.0,11250.0,999999999999,999999999999,999999999999
855,sqlite3AtoF,8944,5600,9937429916.0,0.0,10501.0,57919673.0,5600.0,46787878.0,170000000.0,10501.0,999999999999,999999999999,999999999999
767,sqlite3_result_double,102,904,9995363118.0,0.0,10751.0,2369448.0,904.0,46823928.0,10000000.0,10751.0,999999999999,999999999999,999999999999
768,sqlite3VdbeMemSetDouble,153,1040,9997736548.0,0.0,10751.0,3040408.0,1040.0,46825338.0,10000000.0,10751.0,999999999999,999999999999,999999999999
770,sqlite3IsNaN,216,600,10000778656.0,0.0,20751.0,2603479.0,600.0,46828078.0,150000000.0,20751.0,999999999999,999999999999,999999999999
857,sqlite3VdbeIntegerAffinity,471,1032,10003401365.0,0.0,10500.0,4283138.0,1032.0,46996838.0,10000000.0,10500.0,999999999999,999999999999,999999999999
747,sqlite3RealToI64,279,1024,10007686823.0,0.0,10500.0,3009728.0,1024.0,46999038.0,180000000.0,10500.0,999999999999,999999999999,999999999999
1563,anotherValidCursor,344,1032,10011901410.0,0.0,2.0,4755548.0,1032.0,,,,999999999999,999999999999,999999999999
1564,balance_deeper,875,1824,10016659838.0,0.0,2.0,8441437.0,1824.0,,,,999999999999,999999999999,999999999999
1568,copyNodeContent,814,1552,10025166555.0,0.0,2.0,7770116.0,1552.0,,,,999999999999,999999999999,999999999999
1149,btreeInitPage,896,1464,10032938980.0,0.0,2.0,8224376.0,1464.0,16862872.0,0.0,52.0,999999999999,999999999999,999999999999
1478,btreeComputeFreeSpace,1762,1680,10041167236.0,0.0,2.0,12489584.0,1680.0,47051558.0,0.0,4.0,999999999999,999999999999,999999999999
1565,balance_quick,1979,2368,10053665781.0,0.0,47.0,15980172.0,2368.0,114355986.0,0.0,49.0,999999999999,999999999999,999999999999
1235,cellSizePtrTableLeaf,1514,968,10069664403.0,0.0,47.0,10533385.0,968.0,114527676.0,0.0,49.0,999999999999,999999999999,999999999999
1569,rebuildPage,2658,2368,10080201538.0,0.0,47.0,19568511.0,2368.0,114545716.0,0.0,49.0,999999999999,999999999999,999999999999
1567,sqlite3PagerTempSpace,50,544,10099772269.0,0.0,47.0,1968379.0,544.0,114550696.0,0.0,49.0,999999999999,999999999999,999999999999
1485,insertCell,3376,2960,10101746078.0,0.0,47.0,23254689.0,2960.0,114569826.0,0.0,49.0,999999999999,999999999999,999999999999
1458,moveToChild,833,1480,10125071857.0,0.0,11553.0,7864806.0,1480.0,46912938.0,170000000.0,46561.0,999999999999,999999999999,999999999999
724,sqlite3BtreeClose,645,1584,10134257222.0,0.0,3.0,6656917.0,1584.0,305845894.0,0.0,3.0,999999999999,999999999999,999999999999
714,sqlite3BtreeRollback,564,1656,10140917509.0,0.0,4.0,7035227.0,1656.0,305849294.0,0.0,4.0,999999999999,999999999999,999999999999
715,saveAllCursors,513,1096,10147955286.0,0.0,4.0,6087327.0,1096.0,305852724.0,0.0,4.0,999999999999,999999999999,999999999999
717,sqlite3PagerRollback,679,1296,10154044653.0,0.0,2.0,6057547.0,1296.0,305857944.0,0.0,2.0,999999999999,999999999999,999999999999
1208,sqlite3PcacheClearWritable,198,608,10160108519.0,0.0,4.0,3525818.0,608.0,305879784.0,0.0,4.0,999999999999,999999999999,999999999999
1178,getPageError,88,592,10163642068.0,0.0,2.0,2332079.0,592.0,305898104.0,0.0,2.0,999999999999,999999999999,999999999999
1133,sqlite3PagerClose,449,1592,10165984257.0,0.0,3.0,5596477.0,1592.0,305941394.0,0.0,3.0,999999999999,999999999999,999999999999
1157,pagerFreeMapHdrs,182,1024,10171583644.0,0.0,3.0,3797849.0,1024.0,305944824.0,0.0,3.0,999999999999,999999999999,999999999999
2703,pcache1TruncateUnsafe,724,1336,10175388033.0,0.0,3.0,8137715.0,1336.0,305965104.0,0.0,3.0,999999999999,999999999999,999999999999
2706,pcache1FreePage,266,1000,10183528818.0,0.0,54.0,3522679.0,1000.0,305971684.0,0.0,103.0,999999999999,999999999999,999999999999
1162,sqlite3PcacheClose,99,904,10187066207.0,0.0,3.0,2411239.0,904.0,306021114.0,0.0,3.0,999999999999,999999999999,999999999999
2693,pcache1Destroy,356,1272,10189479146.0,0.0,3.0,4820667.0,1272.0,306022024.0,0.0,3.0,999999999999,999999999999,999999999999
1013,freeTempSpace,184,952,10194308354.0,0.0,3.0,2986568.0,952.0,306060434.0,0.0,3.0,999999999999,999999999999,999999999999
1316,sqlite3VdbeSetChanges,106,576,10198378232.0,0.0,2.0,2262919.0,576.0,308257883.0,0.0,2.0,999999999999,999999999999,999999999999
1306,freeP4FuncCtx,122,1000,10200653801.0,0.0,4.0,2717158.0,1000.0,308337943.0,0.0,4.0,999999999999,999999999999,999999999999
1308,freeEphemeralFunction,124,912,10203372989.0,0.0,6.0,2823729.0,912.0,308339373.0,0.0,6.0,999999999999,999999999999,999999999999
2038,codeReal,296,1400,10206470628.0,0.0,1.0,4303947.0,1400.0,320079327.0,0.0,1.0,999999999999,999999999999,999999999999
2927,__floatunditf,138,1008,10210779145.0,0.0,10001.0,3492439.0,1008.0,320101647.0,10000000.0,10001.0,999999999999,999999999999,999999999999
2929,__trunctfdf2,548,1472,10214275104.0,0.0,10001.0,8028926.0,1472.0,320117877.0,10000000.0,10001.0,999999999999,999999999999,999999999999
2061,sqlite3VdbeAddOp4Dup8,296,1240,10222305750.0,0.0,1.0,4569978.0,1240.0,320123077.0,0.0,1.0,999999999999,999999999999,999999999999
801,sqlite3VdbeDb,48,536,10226878218.0,0.0,1.0,1899319.0,536.0,320125037.0,0.0,1.0,999999999999,999999999999,999999999999
1439,sqlite3SubInt64,310,984,10228968127.0,0.0,10000.0,3572598.0,984.0,321476706.0,10000000.0,10000.0,999999999999,999999999999,999999999999
1358,numericType,202,936,10232543765.0,0.0,20000.0,3074538.0,936.0,321483886.0,30000000.0,20000.0,999999999999,999999999999,999999999999
1734,sqlite3PExprAddSelect,235,984,10283123221.0,0.0,2.0,4191298.0,984.0,5581545980.0,0.0,2.0,999999999999,999999999999,999999999999
2130,sqlite3ReferencesSrcList,751,1472,10287379749.0,0.0,2.0,7109296.0,1472.0,5585465538.0,0.0,2.0,999999999999,999999999999,999999999999
2143,exprRefToSrcList,906,864,10294492195.0,0.0,2.0,8060066.0,864.0,5585472108.0,0.0,2.0,999999999999,999999999999,999999999999
2139,resolveAlias,1611,1928,10302573212.0,0.0,1.0,10784814.0,1928.0,5585866518.0,0.0,1.0,999999999999,999999999999,999999999999
2146,incrAggFunctionDepth,247,960,10313373726.0,0.0,1.0,3176809.0,960.0,5586041888.0,0.0,1.0,999999999999,999999999999,999999999999
1963,sqlite3ExprDeferredDelete,135,928,10316552905.0,0.0,1.0,2600019.0,928.0,5586048478.0,0.0,1.0,999999999999,999999999999,999999999999
2323,exprSelectUsage,1089,1896,10319188374.0,0.0,2.0,11673944.0,1896.0,5586520938.0,0.0,2.0,999999999999,999999999999,999999999999
2301,sqlite3WhereExprListUsage,330,1128,10330865118.0,0.0,4.0,5248067.0,1128.0,5586524258.0,0.0,4.0,999999999999,999999999999,999999999999
2300,whereSortingCost,951,1360,10336138215.0,0.0,1.0,7598127.0,1360.0,5586889657.0,0.0,1.0,999999999999,999999999999,999999999999
2081,sqlite3SelectWalkFail,64,568,10343759022.0,0.0,1.0,2073039.0,568.0,5587141517.0,0.0,1.0,999999999999,999999999999,999999999999
2050,sqlite3CodeSubselect,1981,2976,10345835701.0,0.0,2.0,16390522.0,2976.0,5587160197.0,0.0,2.0,999999999999,999999999999,999999999999
1877,sqlite3ExprAnalyzeAggList,289,1096,10362251693.0,0.0,6.0,4489488.0,1096.0,5587296227.0,0.0,6.0,999999999999,999999999999,999999999999
1879,sqlite3ExprAnalyzeAggregates,181,1168,10366743991.0,0.0,4.0,2751179.0,1168.0,5587298797.0,0.0,4.0,999999999999,999999999999,999999999999
2265,analyzeAggregate,3790,3776,10369497820.0,0.0,4.0,29170186.0,3776.0,5587303537.0,0.0,4.0,999999999999,999999999999,999999999999
2391,addAggInfoFunc,166,1016,10398672256.0,0.0,2.0,2776149.0,1016.0,5587311957.0,0.0,2.0,999999999999,999999999999,999999999999
2393,sqlite3ArrayAllocate,626,1264,10401451695.0,0.0,4.0,5902076.0,1264.0,5587313837.0,0.0,4.0,999999999999,999999999999,999999999999
1880,minMaxQuery,640,1480,10407370321.0,0.0,2.0,6874927.0,1480.0,5587357317.0,0.0,2.0,999999999999,999999999999,999999999999
1881,analyzeAggFuncArgs,479,1320,10414248158.0,0.0,2.0,6674977.0,1320.0,5587364547.0,0.0,2.0,999999999999,999999999999,999999999999
2390,findOrCreateAggInfoColumn,1720,1664,10420928225.0,0.0,2.0,14109523.0,1664.0,5587376377.0,0.0,2.0,999999999999,999999999999,999999999999
2392,addAggInfoColumn,166,1016,10435039788.0,0.0,2.0,2830379.0,1016.0,5587380197.0,0.0,2.0,999999999999,999999999999,999999999999
1898,isSimpleCount,753,816,10437875947.0,0.0,2.0,6012627.0,816.0,5587399117.0,0.0,2.0,999999999999,999999999999,999999999999
1883,assignAggregateRegisters,142,600,10443890844.0,0.0,2.0,2531679.0,600.0,5587407327.0,0.0,2.0,999999999999,999999999999,999999999999
1896,resetAccumulator,1712,2272,10446424363.0,0.0,2.0,14618473.0,2272.0,5587409267.0,0.0,2.0,999999999999,999999999999,999999999999
2229,sqlite3WhereAddLimit,1572,1608,10461052176.0,0.0,2.0,12615444.0,1608.0,5587445957.0,0.0,2.0,999999999999,999999999999,999999999999
1866,sqlite3WhereIsDistinct,61,544,10473698030.0,0.0,2.0,1879959.0,544.0,5587676407.0,0.0,2.0,999999999999,999999999999,999999999999
1893,updateAccumulator,4313,4864,10475580039.0,0.0,2.0,37245372.0,4864.0,5587678267.0,0.0,2.0,999999999999,999999999999,999999999999
1894,finalizeAggFunctions,1917,2928,10512849221.0,0.0,2.0,18165461.0,2928.0,5587797147.0,0.0,2.0,999999999999,999999999999,999999999999
2060,sqlite3VdbeGetLastOp,106,912,10531023892.0,0.0,3.0,2338249.0,912.0,5587847027.0,0.0,3.0,999999999999,999999999999,999999999999
2260,pushOntoSorter,3049,4168,10533389251.0,0.0,1.0,24125608.0,4168.0,5588043646.0,0.0,1.0,999999999999,999999999999,999999999999
2328,markTermAsChild,230,680,10557574279.0,0.0,1.0,3144159.0,680.0,5588379476.0,0.0,1.0,999999999999,999999999999,999999999999
2329,termIsEquivalence,727,1392,10560720698.0,0.0,1.0,6594077.0,1392.0,5588382706.0,0.0,1.0,999999999999,999999999999,999999999999
2330,exprCommute,597,1192,10567322265.0,0.0,1.0,5292638.0,1192.0,5588409556.0,0.0,1.0,999999999999,999999999999,999999999999
2389,makeSorterRecord,348,1232,10572664963.0,0.0,1.0,4691077.0,1232.0,5589017766.0,0.0,1.0,999999999999,999999999999,999999999999
1904,generateSortTail,4212,5656,10577362240.0,0.0,1.0,35971283.0,5656.0,5589065456.0,0.0,1.0,999999999999,999999999999,999999999999
1876,agginfoFree,167,1104,10613377003.0,0.0,2.0,3123709.0,1104.0,5589500886.0,0.0,2.0,999999999999,999999999999,999999999999
2096,sqlite3ExprDeleteGeneric,136,896,10616506492.0,0.0,1.0,2642488.0,896.0,5589520826.0,0.0,1.0,999999999999,999999999999,999999999999
1384,sqlite3VdbeSorterInit,1887,2080,10619307420.0,0.0,1.0,13861343.0,2080.0,5589893725.0,0.0,1.0,999999999999,999999999999,999999999999
602,sqlite3BtreeGetPageSize,56,552,10633179383.0,0.0,1.0,1922990.0,552.0,5589907196.0,0.0,1.0,999999999999,999999999999,999999999999
1361,sqlite3VdbeMemRealify,165,960,10635129912.0,0.0,1250.0,2723039.0,960.0,5590130176.0,0.0,2500.0,999999999999,999999999999,999999999999
1407,sqlite3VdbeMemInit,107,608,10637867141.0,0.0,2.0,2404599.0,608.0,5590255875.0,0.0,2.0,999999999999,999999999999,999999999999
2493,sumStep,824,1848,10640273870.0,0.0,5500.0,7991647.0,1848.0,5590261825.0,0.0,11000.0,999999999999,999999999999,999999999999
816,sqlite3_aggregate_context,196,984,10648269037.0,0.0,5751.0,3305449.0,984.0,5590264445.0,50000000.0,11501.0,999999999999,999999999999,999999999999
817,createAggContext,350,1176,10651576855.0,0.0,251.0,4266167.0,1176.0,5590265995.0,0.0,501.0,999999999999,999999999999,999999999999
853,sqlite3_value_numeric_type,197,1072,10655848522.0,0.0,5500.0,3393289.0,1072.0,5590280975.0,20000000.0,11000.0,999999999999,999999999999,999999999999
2494,kahanBabuskaNeumaierInit,318,656,10659245591.0,0.0,251.0,3350538.0,656.0,5590285805.0,10000000.0,251.0,999999999999,999999999999,999999999999
2495,kahanBabuskaNeumaierStep,307,872,10662599259.0,0.0,5500.0,3236769.0,872.0,5590290895.0,40000000.0,11000.0,999999999999,999999999999,999999999999
1457,moveToParent,317,1024,10665960068.0,0.0,11506.0,3835328.0,1024.0,5599916601.0,120000000.0,46510.0,999999999999,999999999999,999999999999
1346,sqlite3VdbeMemFinalize,626,1320,10669962816.0,0.0,251.0,6043057.0,1320.0,5635460554.0,10000000.0,501.0,999999999999,999999999999,999999999999
2501,avgFinalize,452,1200,10676008803.0,0.0,1.0,4851757.0,1200.0,5635464984.0,0.0,1.0,999999999999,999999999999,999999999999
2498,sqlite3IsOverflow,133,584,10680862781.0,0.0,251.0,2340378.0,584.0,5635469934.0,0.0,251.0,999999999999,999999999999,999999999999
1451,serialGet,744,744,10683421829.0,0.0,6483.0,5328828.0,744.0,5657757724.0,110000000.0,11724.0,999999999999,999999999999,999999999999
2497,sumFinalize,535,1200,10692347775.0,0.0,250.0,5140468.0,1200.0,6430208994.0,0.0,500.0,999999999999,999999999999,999999999999
1405,sqlite3VdbeSorterWrite,3090,2248,10697496513.0,0.0,250.0,20260500.0,2248.0,6430311294.0,0.0,500.0,999999999999,999999999999,999999999999
1403,sqlite3VdbeSorterRewind,417,1232,11648894778.0,0.0,1.0,5721628.0,1232.0,394955806842.0,0.0,1.0,999999999999,999999999999,999999999999
1487,vdbeSorterSort,1377,1728,11654623835.0,0.0,1.0,11503904.0,1728.0,394955810562.0,0.0,1.0,999999999999,999999999999,999999999999
1577,vdbeSortAllocUnpacked,319,1072,11666131209.0,0.0,1.0,4119568.0,1072.0,394955813451.0,0.0,1.0,999999999999,999999999999,999999999999
1395,sqlite3VdbeAllocUnpackedRecord,368,1056,11670252907.0,0.0,1.0,4104978.0,1056.0,394955815982.0,0.0,1.0,999999999999,999999999999,999999999999
1578,vdbeSorterGetCompare,222,584,11674369275.0,0.0,1.0,2728279.0,584.0,394955849671.0,0.0,1.0,999999999999,999999999999,999999999999
1579,vdbeSorterMerge,596,1312,11677100514.0,0.0,249.0,6473167.0,1312.0,394955858231.0,0.0,499.0,999999999999,999999999999,999999999999
1585,vdbeSorterCompare,248,1184,11683575421.0,0.0,1282.0,4304208.0,1184.0,394955861211.0,0.0,2519.0,999999999999,999999999999,999999999999
1396,sqlite3VdbeRecordUnpack,1150,1792,11687881179.0,0.0,983.0,11895264.0,1792.0,394955863771.0,0.0,1226.0,999999999999,999999999999,999999999999
1471,sqlite3VdbeRecordCompare,117,944,11699782323.0,0.0,1282.0,2603249.0,944.0,394955878102.0,0.0,2519.0,999999999999,999999999999,999999999999
1408,sqlite3VdbeRecordCompareWithSkip,5548,4328,11702387802.0,0.0,1282.0,38580691.0,4328.0,394955880211.0,10000000.0,2519.0,999999999999,999999999999,999999999999
1492,serialGet7,674,744,11740972013.0,0.0,1282.0,5040688.0,744.0,394965400893.0,10000000.0,1536.0,999999999999,999999999999,999999999999
1401,sqlite3VdbeSorterRowkey,325,1216,11746232621.0,0.0,250.0,4471138.0,1216.0,394997052068.0,0.0,500.0,999999999999,999999999999,999999999999
1486,vdbeSorterRowkey,312,688,11750705849.0,0.0,250.0,3637768.0,688.0,394997056488.0,0.0,500.0,999999999999,999999999999,999999999999
632,sqlite3_column_type,134,1056,11754372137.0,0.0,1000.0,2841449.0,1056.0,394997224678.0,0.0,2000.0,999999999999,999999999999,999999999999
546,sqlite3_str_appendf,107,920,11757226736.0,0.0,500.0,2490229.0,920.0,394997312548.0,0.0,750.0,999999999999,999999999999,999999999999
433,shell_callback,20663,17320,11759733685.0,0.0,250.0,131834856.0,17320.0,394997626938.0,20000000.0,500.0,999999999999,999999999999,999999999999
230,oPutsUtf8,314,1368,11891575201.0,0.0,2000.0,4140038.0,1368.0,394997649738.0,0.0,4000.0,999999999999,999999999999,999999999999
2870,__stdout_write,61,1008,11895730139.0,0.0,1.0,2954059.0,1008.0,394997732198.0,0.0,1.0,999999999999,999999999999,999999999999
1404,sqlite3VdbeSorterNext,479,1240,11898720188.0,0.0,250.0,5179488.0,1240.0,394997873898.0,0.0,500.0,999999999999,999999999999,999999999999
1330,sqlite3VdbeSorterClose,221,1128,11905278585.0,0.0,1.0,3582688.0,1128.0,395239022425.0,0.0,1.0,999999999999,999999999999,999999999999
1332,sqlite3VdbeSorterReset,535,1480,11908863743.0,0.0,1.0,7005697.0,1480.0,395239025025.0,0.0,1.0,999999999999,999999999999,999999999999
1333,vdbeMergeEngineFree,263,1056,11915871280.0,0.0,1.0,4519188.0,1056.0,395239026645.0,0.0,1.0,999999999999,999999999999,999999999999
1334,vdbeSortSubtaskCleanup,303,1184,11920392848.0,0.0,1.0,4073188.0,1184.0,395239030375.0,0.0,1.0,999999999999,999999999999,999999999999
1335,vdbeSorterRecordFree,190,1032,11924473756.0,0.0,1.0,3856318.0,1032.0,395239049595.0,0.0,1.0,999999999999,999999999999,999999999999
198,set_table_name,1060,1520,11928482584.0,0.0,1.0,8871826.0,1520.0,395239538095.0,0.0,1.0,999999999999,999999999999,999999999999
168,close_db,156,1088,11937356989.0,0.0,1.0,3211129.0,1088.0,395239542875.0,0.0,1.0,999999999999,999999999999,999999999999
951,sqlite3_close,85,904,11940571098.0,0.0,1.0,2315029.0,904.0,395239544435.0,0.0,1.0,999999999999,999999999999,999999999999
952,sqlite3Close,670,1704,11942888737.0,0.0,1.0,8502126.0,1704.0,395239545635.0,0.0,1.0,999999999999,999999999999,999999999999
953,disconnectAllVtab,681,1424,11951393353.0,0.0,1.0,8587966.0,1424.0,395239550845.0,0.0,1.0,999999999999,999999999999,999999999999
690,sqlite3VtabUnlockList,240,1056,11959986749.0,0.0,2.0,3858888.0,1056.0,395239564995.0,0.0,2.0,999999999999,999999999999,999999999999
954,sqlite3VtabRollback,88,904,11963848647.0,0.0,2.0,2259069.0,904.0,395239567605.0,0.0,2.0,999999999999,999999999999,999999999999
721,connectionIsBusy,377,1176,11966111366.0,0.0,2.0,5644067.0,1176.0,395239570455.0,0.0,2.0,999999999999,999999999999,999999999999
2439,sqlite3BtreeIsInBackup,79,552,11971758453.0,0.0,2.0,2070909.0,552.0,395239573945.0,0.0,2.0,999999999999,999999999999,999999999999
722,sqlite3RollbackAll,878,1744,11973834712.0,0.0,1.0,9613286.0,1744.0,395239583925.0,0.0,1.0,999999999999,999999999999,999999999999
723,sqlite3CloseSavepoints,249,1088,11983457128.0,0.0,1.0,4421047.0,1088.0,395239607905.0,0.0,1.0,999999999999,999999999999,999999999999
1097,dotlockClose,137,1048,11987913075.0,0.0,1.0,2865479.0,1048.0,395240664935.0,0.0,1.0,999999999999,999999999999,999999999999
689,sqlite3SchemaClear,859,1664,11990814564.0,0.0,2.0,8110196.0,1664.0,395240742025.0,0.0,2.0,999999999999,999999999999,999999999999
691,sqlite3CollapseDatabaseArray,884,1432,11998959020.0,0.0,1.0,8448186.0,1432.0,395241150895.0,0.0,1.0,999999999999,999999999999,999999999999
727,sqlite3VtabEponymousTableClear,209,984,12007426726.0,0.0,5.0,3296728.0,984.0,395241528085.0,0.0,5.0,999999999999,999999999999,999999999999
728,sqlite3VtabModuleUnref,235,1056,12010725424.0,0.0,5.0,3767118.0,1056.0,395241530025.0,0.0,5.0,999999999999,999999999999,999999999999
729,sqlite3ValueFree,155,992,12014501432.0,0.0,1.0,2945129.0,992.0,395241607185.0,0.0,1.0,999999999999,999999999999,999999999999
199,output_reset,439,1360,12017453781.0,0.0,1.0,4967108.0,1360.0,395241640865.0,0.0,1.0,999999999999,999999999999,999999999999
245,output_file_close,227,896,12022424789.0,0.0,1.0,2956478.0,896.0,395241642825.0,0.0,1.0,999999999999,999999999999,999999999999
283,setOutputStream,85,904,12025384018.0,0.0,1.0,2294448.0,904.0,395241646585.0,0.0,1.0,999999999999,999999999999,999999999999
459,designateEmitStream,446,1136,12027680417.0,0.0,1.0,4534748.0,1136.0,395241648035.0,0.0,1.0,999999999999,999999999999,999999999999
424,isKnownWritable,274,616,12032216894.0,0.0,1.0,3738688.0,616.0,395241650465.0,0.0,1.0,999999999999,999999999999,999999999999
2831,__wasm_call_dtors,15,864,12035960902.0,0.0,1.0,1877009.0,864.0,395241659935.0,0.0,1.0,999999999999,999999999999,999999999999
2828,__funcs_on_exit,183,1040,12037840101.0,0.0,1.0,4251758.0,1040.0,395241660845.0,0.0,1.0,999999999999,999999999999,999999999999
2830,call,12,824,12042092949.0,0.0,2.0,1917369.0,824.0,395241662665.0,0.0,2.0,999999999999,999999999999,999999999999
175,sayAbnormalExit,47,848,12044012029.0,0.0,1.0,2095730.0,848.0,395241663495.0,0.0,1.0,999999999999,999999999999,999999999999
174,consoleRestore,4,512,12046109717.0,0.0,1.0,1445490.0,512.0,395241665625.0,0.0,1.0,999999999999,999999999999,999999999999
2839,__stdio_exit,389,1712,12047556927.0,0.0,1.0,8302736.0,1712.0,395241666545.0,0.0,1.0,999999999999,999999999999,999999999999
2863,__ofl_lock,9,520,12055862113.0,10000000.0,1.0,1586859.0,520.0,1961910.0,10000000.0,3.0,999999999999,999999999999,999999999999
1198,readDbPage,551,1192,,,,,,12040115.0,0.0,52.0,999999999999,999999999999,999999999999
1426,sqlite3PagerOkToChangeJournalMode,258,592,,,,,,29777386.0,0.0,2.0,999999999999,999999999999,999999999999
1427,sqlite3PagerSetJournalMode,1172,1720,,,,,,29780796.0,0.0,2.0,999999999999,999999999999,999999999999
1428,sqlite3JournalModename,150,568,,,,,,29785096.0,0.0,2.0,999999999999,999999999999,999999999999
1455,putVarint64,805,848,,,,,,3661537179.0,20000000.0,3617.0,999999999999,999999999999,999999999999
1782,sqlite3ForceNotReadOnly,232,1120,,,,,,27278977.0,0.0,2.0,999999999999,999999999999,999999999999
2836,dummy,4,512,,,,,,1997619.0,0.0,1.0,999999999999,999999999999,999999999999
2837,fclose,153,1288,,,,,,1983199.0,0.0,1.0,999999999999,999999999999,999999999999
2846,__stdio_seek,18,840,,,,,,1984490.0,0.0,1.0,999999999999,999999999999,999999999999
2849,readv,115,984,,,,,,1967570.0,0.0,1.0,999999999999,999999999999,999999999999
2851,__stdio_close,15,840,,,,,,1989379.0,0.0,1.0,999999999999,999999999999,999999999999
2852,__fdopen,390,1712,,,,,,1950850.0,0.0,1.0,999999999999,999999999999,999999999999
2856,fread,198,1288,,,,,,1964339.0,0.0,1.0,999999999999,999999999999,999999999999
2864,__ofl_unlock,3,512,,,,,,1962410.0,0.0,2.0,999999999999,999999999999,999999999999
2865,__ofl_add,53,944,,,,,,1961490.0,0.0,1.0,999999999999,999999999999,999999999999
