id,name,size.bytecode,size.static,start.jit,exec.jit,freq.jit,compilation.jit,size.dynamic.jit,start.interp,exec.interp,freq.interp,exec.spec,compilation.spec,size.dynamic.spec
28,_start,83,992,57390.0,0.0,0.0,4408958.0,992.0,58440.0,0.0,0.0,999999999999,999999999999,999999999999
27,__wasm_call_ctors,5,808,4467248.0,0.0,1.0,1796839.0,808.0,62480.0,0.0,1.0,999999999999,999999999999,999999999999
39,init,20,840,6264647.0,0.0,1.0,1974659.0,840.0,62980.0,0.0,1.0,999999999999,999999999999,999999999999
2759,__wasi_clock_time_get,20,824,8239876.0,0.0,2.0,1941089.0,824.0,64240.0,0.0,2.0,999999999999,999999999999,999999999999
2752,__main_void,214,1400,10186565.0,0.0,1.0,4921887.0,1400.0,70050.0,0.0,1.0,999999999999,999999999999,999999999999
2756,__wasi_args_sizes_get,18,824,15109232.0,0.0,1.0,1936329.0,824.0,71000.0,0.0,1.0,999999999999,999999999999,999999999999
2729,malloc,12,808,17048931.0,0.0,382.0,1777119.0,808.0,75530.0,0.0,324.0,999999999999,999999999999,999999999999
2730,dlmalloc,5377,8240,18826781.0,0.0,407.0,79655992.0,8240.0,75950.0,0.0,345.0,999999999999,999999999999,999999999999
2734,calloc,109,984,98493073.0,0.0,2.0,3633968.0,984.0,94690.0,0.0,2.0,999999999999,999999999999,999999999999
2900,memset,393,1200,102128331.0,0.0,22328.0,9225716.0,1200.0,98120.0,40000000.0,22264.0,999999999999,999999999999,999999999999
2755,__wasi_args_get,18,816,111354967.0,0.0,1.0,1791099.0,816.0,100380.0,0.0,1.0,999999999999,999999999999,999999999999
172,main,15217,17584,113147996.0,0.0,1.0,112881246.0,17584.0,101870.0,0.0,1.0,999999999999,999999999999,999999999999
2868,setvbuf,125,648,226033672.0,0.0,1.0,3591338.0,648.0,117330.0,0.0,1.0,999999999999,999999999999,999999999999
173,consoleClassifySetup,620,1304,229626330.0,0.0,1.0,6354728.0,1304.0,118620.0,0.0,1.0,999999999999,999999999999,999999999999
201,streamOfConsole,162,1024,235981827.0,0.0,3.0,2740368.0,1024.0,122330.0,0.0,3.0,999999999999,999999999999,999999999999
2844,fileno,35,552,238723206.0,0.0,3.0,1970579.0,552.0,124010.0,0.0,3.0,999999999999,999999999999,999999999999
2798,__isatty,104,968,240694605.0,0.0,4.0,2967879.0,968.0,124810.0,0.0,4.0,999999999999,999999999999,999999999999
2761,__wasi_fd_fdstat_get,18,824,243663524.0,0.0,19.0,1792499.0,824.0,125660.0,0.0,13.0,999999999999,999999999999,999999999999
2838,fflush,362,1648,245461693.0,0.0,33.0,8171496.0,1648.0,131570.0,0.0,34.0,999999999999,999999999999,999999999999
202,consoleRenewSetup,5,512,253637879.0,0.0,1.0,1374649.0,512.0,142970.0,0.0,1.0,999999999999,999999999999,999999999999
2829,atexit,162,984,255013558.0,0.0,2.0,3238379.0,984.0,144860.0,0.0,2.0,999999999999,999999999999,999999999999
2825,getenv,154,1120,258252917.0,0.0,5.0,4799248.0,1120.0,146550.0,0.0,5.0,999999999999,999999999999,999999999999
2823,__wasilibc_ensure_environ,27,824,263052945.0,0.0,5.0,1939429.0,824.0,147100.0,0.0,5.0,999999999999,999999999999,999999999999
2824,__wasilibc_initialize_environ,194,1360,264993264.0,0.0,1.0,4454378.0,1360.0,147730.0,0.0,1.0,999999999999,999999999999,999999999999
2758,__wasi_environ_sizes_get,18,824,269448412.0,0.0,1.0,1799559.0,824.0,148440.0,0.0,1.0,999999999999,999999999999,999999999999
2902,__strchrnul,358,1144,271249641.0,0.0,7.0,7169416.0,1144.0,149910.0,0.0,9.0,999999999999,999999999999,999999999999
34,signal,105,576,278420347.0,0.0,1.0,2478819.0,576.0,154220.0,0.0,1.0,999999999999,999999999999,999999999999
1048,sqlite3_sourceid,16,520,280900106.0,0.0,1.0,1578999.0,520.0,155970.0,0.0,1.0,999999999999,999999999999,999999999999
177,cli_strncmp,231,976,282480015.0,0.0,1.0,3358589.0,976.0,157100.0,0.0,1.0,999999999999,999999999999,999999999999
2909,strncmp,136,632,285839294.0,0.0,1.0,4424958.0,632.0,159740.0,0.0,1.0,999999999999,999999999999,999999999999
178,main_init,496,1696,290265452.0,0.0,1.0,4773827.0,1696.0,173920.0,0.0,1.0,999999999999,999999999999,999999999999
935,sqlite3_config,3089,3328,295040819.0,0.0,8.0,15158352.0,3328.0,177740.0,0.0,8.0,999999999999,999999999999,999999999999
179,verify_uninitialized,98,968,310200672.0,0.0,3.0,2539569.0,968.0,185260.0,0.0,3.0,999999999999,999999999999,999999999999
566,sqlite3_snprintf,290,1136,312742471.0,0.0,9.0,4034928.0,1136.0,197240.0,0.0,6.0,999999999999,999999999999,999999999999
562,sqlite3StrAccumInit,199,680,316778349.0,0.0,35.0,3133509.0,680.0,199500.0,0.0,20.0,999999999999,999999999999,999999999999
532,sqlite3_str_vappendf,24753,15472,319912938.0,0.0,35.0,194742157.0,15472.0,202400.0,0.0,20.0,999999999999,999999999999,999999999999
533,sqlite3_str_append,314,1024,514657705.0,0.0,126.0,4344618.0,1024.0,246300.0,0.0,39.0,999999999999,999999999999,999999999999
2898,memcpy,1008,1888,519003732.0,0.0,89600.0,15178274.0,1888.0,249850.0,520000000.0,107929.0,999999999999,999999999999,999999999999
505,sqlite3_initialize,962,1616,534187366.0,0.0,26.0,7470206.0,1616.0,295630.0,0.0,23.0,999999999999,999999999999,999999999999
506,sqlite3MallocInit,453,1072,541658792.0,0.0,1.0,4048218.0,1072.0,298290.0,0.0,1.0,999999999999,999999999999,999999999999
928,sqlite3MemSetDefault,82,880,545707760.0,0.0,1.0,2057259.0,880.0,300090.0,0.0,1.0,999999999999,999999999999,999999999999
2687,sqlite3MemInit,38,536,547766389.0,0.0,1.0,1715799.0,536.0,306479.0,0.0,1.0,999999999999,999999999999,999999999999
507,sqlite3RegisterBuiltinFunctions,53,984,549483678.0,0.0,1.0,2037299.0,984.0,310959.0,0.0,1.0,999999999999,999999999999,999999999999
929,sqlite3AlterFunctions,28,832,551521857.0,0.0,1.0,1733329.0,832.0,311519.0,0.0,1.0,999999999999,999999999999,999999999999
933,sqlite3InsertBuiltinFuncs,665,1424,553256076.0,0.0,5.0,7569137.0,1424.0,312199.0,0.0,5.0,999999999999,999999999999,999999999999
538,sqlite3Strlen30,169,936,560826023.0,0.0,371.0,2826159.0,936.0,314690.0,0.0,313.0,999999999999,999999999999,999999999999
2908,strlen,206,656,563653172.0,0.0,898.0,4991977.0,656.0,316919.0,0.0,696.0,999999999999,999999999999,999999999999
970,sqlite3FunctionSearch,264,1064,568646339.0,0.0,181.0,4438508.0,1064.0,321130.0,0.0,181.0,999999999999,999999999999,999999999999
573,sqlite3StrICmp,361,672,573087557.0,0.0,1012.0,4483518.0,672.0,338719.0,0.0,933.0,999999999999,999999999999,999999999999
930,sqlite3WindowFunctions,28,832,577573635.0,0.0,1.0,1879239.0,832.0,353310.0,0.0,1.0,999999999999,999999999999,999999999999
931,sqlite3RegisterDateTimeFunctions,28,832,579456784.0,0.0,1.0,1867429.0,832.0,440799.0,0.0,1.0,999999999999,999999999999,999999999999
932,sqlite3RegisterJsonFunctions,29,832,581327993.0,0.0,1.0,1859979.0,832.0,507850.0,0.0,1.0,999999999999,999999999999,999999999999
508,sqlite3PcacheInitialize,111,936,583209432.0,0.0,1.0,2678159.0,936.0,1644559.0,0.0,1.0,999999999999,999999999999,999999999999
934,sqlite3PCacheSetDefault,83,880,585888521.0,0.0,1.0,2197219.0,880.0,1645849.0,0.0,1.0,999999999999,999999999999,999999999999
2689,pcache1Init,340,984,588087370.0,0.0,1.0,3235638.0,984.0,1652079.0,0.0,1.0,999999999999,999999999999,999999999999
509,sqlite3OsInit,174,1024,591324789.0,0.0,1.0,3174679.0,1024.0,1654999.0,0.0,1.0,999999999999,999999999999,999999999999
520,sqlite3_malloc,204,1000,594500487.0,0.0,1.0,3378498.0,1000.0,1655949.0,0.0,1.0,999999999999,999999999999,999999999999
512,hasHighPrecisionDouble,488,1720,597880255.0,0.0,8.0,4616748.0,1720.0,1660739.0,0.0,8.0,999999999999,999999999999,999999999999
2924,__extenddftf2,269,1128,602498063.0,0.0,21.0,4886928.0,1128.0,1663459.0,0.0,21.0,999999999999,999999999999,999999999999
2921,__addtf3,1437,3104,607386291.0,0.0,8.0,21421309.0,3104.0,1667459.0,0.0,8.0,999999999999,999999999999,999999999999
2930,__ashlti3,84,592,628808850.0,0.0,8.0,2921339.0,592.0,1670449.0,0.0,8.0,999999999999,999999999999,999999999999
2933,__lshrti3,85,592,631731269.0,0.0,13.0,2773419.0,592.0,1671389.0,0.0,13.0,999999999999,999999999999,999999999999
2931,__fe_getround,5,520,634505618.0,0.0,8.0,1588179.0,520.0,1674059.0,0.0,8.0,999999999999,999999999999,999999999999
2922,__letf2,226,712,636094867.0,0.0,33.0,4111918.0,712.0,1675909.0,0.0,33.0,999999999999,999999999999,999999999999
521,sqlite3Malloc,306,1032,640207965.0,0.0,377.0,3725019.0,1032.0,1679249.0,0.0,318.0,999999999999,999999999999,999999999999
522,mallocWithAlarm,747,1608,643934964.0,0.0,377.0,6526686.0,1608.0,1682089.0,0.0,318.0,999999999999,999999999999,999999999999
2686,sqlite3MemRoundup,63,544,650462920.0,0.0,411.0,1959569.0,544.0,1684249.0,0.0,340.0,999999999999,999999999999,999999999999
528,sqlite3StatusHighwater,204,576,652423619.0,0.0,453.0,2643159.0,576.0,1685409.0,0.0,430.0,999999999999,999999999999,999999999999
2682,sqlite3MemMalloc,250,1056,655067758.0,0.0,377.0,3541568.0,1056.0,1688709.0,0.0,318.0,999999999999,999999999999,999999999999
496,sqlite3MallocSize,97,920,658611776.0,0.0,912.0,2385079.0,920.0,1693519.0,0.0,866.0,999999999999,999999999999,999999999999
2685,sqlite3MemSize,96,552,660998005.0,0.0,936.0,2054109.0,552.0,1694899.0,0.0,888.0,999999999999,999999999999,999999999999
530,sqlite3StatusUp,317,592,663053104.0,0.0,830.0,2940219.0,592.0,1696359.0,0.0,748.0,999999999999,999999999999,999999999999
524,sqlite3_free,249,1128,665995313.0,0.0,504.0,3665758.0,1128.0,1702849.0,0.0,414.0,999999999999,999999999999,999999999999
525,sqlite3StatusDown,101,560,669662521.0,0.0,796.0,2195349.0,560.0,1705709.0,0.0,726.0,999999999999,999999999999,999999999999
2683,sqlite3MemFree,114,896,671859040.0,0.0,377.0,2341849.0,896.0,1707849.0,0.0,318.0,999999999999,999999999999,999999999999
2732,free,12,808,674202049.0,0.0,387.0,1773689.0,808.0,1708749.0,0.0,330.0,999999999999,999999999999,999999999999
2733,dlfree,1713,2216,675976728.0,0.0,407.0,23457309.0,2216.0,1709079.0,0.0,346.0,999999999999,999999999999,999999999999
575,sqlite3_os_init,305,1136,699436167.0,0.0,1.0,4141328.0,1136.0,1711149.0,0.0,1.0,999999999999,999999999999,999999999999
2903,strcmp,105,600,703579165.0,0.0,20.0,3570298.0,600.0,1713229.0,0.0,14.0,999999999999,999999999999,999999999999
513,sqlite3_vfs_register,339,1152,707150713.0,0.0,6.0,4384528.0,1152.0,1715119.0,0.0,6.0,999999999999,999999999999,999999999999
514,vfsUnlink,479,608,711538321.0,0.0,6.0,4161608.0,608.0,1731829.0,0.0,6.0,999999999999,999999999999,999999999999
576,unixTempFileInit,73,936,715704599.0,0.0,1.0,2118259.0,936.0,1789479.0,0.0,1.0,999999999999,999999999999,999999999999
510,sqlite3MemdbInit,296,1048,717825648.0,0.0,1.0,3691559.0,1048.0,1797009.0,0.0,1.0,999999999999,999999999999,999999999999
504,sqlite3_vfs_find,322,1112,721518107.0,0.0,4.0,5005828.0,1112.0,1798229.0,0.0,4.0,999999999999,999999999999,999999999999
511,sqlite3PCacheBufferSetup,570,784,726527344.0,0.0,1.0,5521247.0,784.0,1828819.0,0.0,1.0,999999999999,999999999999,999999999999
105,sqlite3_appendvfs_init,337,1128,732051721.0,0.0,1.0,4219168.0,1128.0,1843739.0,0.0,1.0,999999999999,999999999999,999999999999
2801,access,165,1040,736272889.0,0.0,1.0,3073999.0,1040.0,1855539.0,0.0,1.0,999999999999,999999999999,999999999999
2796,__wasilibc_find_relpath_alloc,513,1928,739348038.0,0.0,72.0,8462446.0,1928.0,1856429.0,0.0,54.0,999999999999,999999999999,999999999999
2816,__wasilibc_find_abspath,343,1408,747811624.0,0.0,72.0,9074665.0,1408.0,1857819.0,0.0,54.0,999999999999,999999999999,999999999999
2813,__wasilibc_populate_preopens,226,1296,756887399.0,0.0,85.0,5328448.0,1296.0,1858499.0,0.0,62.0,999999999999,999999999999,999999999999
2765,__wasi_fd_prestat_get,18,824,762216817.0,0.0,3.0,1924659.0,824.0,1859359.0,0.0,3.0,999999999999,999999999999,999999999999
2766,__wasi_fd_prestat_dir_name,20,824,764146406.0,0.0,2.0,1884239.0,824.0,1863519.0,0.0,2.0,999999999999,999999999999,999999999999
2814,internal_register_preopened_fd_unlocked,280,1320,766032465.0,0.0,2.0,5836168.0,1320.0,1864499.0,0.0,2.0,999999999999,999999999999,999999999999
2907,strdup,48,960,771872003.0,0.0,2.0,2562879.0,960.0,1872569.0,0.0,2.0,999999999999,999999999999,999999999999
2897,memcmp,75,584,774440421.0,0.0,8102.0,3502769.0,584.0,1894459.0,100000000.0,16080.0,999999999999,999999999999,999999999999
2735,realloc,1140,2192,777945200.0,0.0,43.0,17752021.0,2192.0,1908029.0,0.0,31.0,999999999999,999999999999,999999999999
2905,strcpy,17,840,795698771.0,0.0,72.0,1930159.0,840.0,1910489.0,0.0,54.0,999999999999,999999999999,999999999999
2904,__stpcpy,374,776,797629930.0,0.0,72.0,6515977.0,776.0,1910899.0,0.0,54.0,999999999999,999999999999,999999999999
2789,__wasilibc_nocwd_faccessat,220,1160,804147547.0,0.0,1.0,4801307.0,1160.0,1913289.0,0.0,1.0,999999999999,999999999999,999999999999
2773,__wasi_path_filestat_get,30,952,808949904.0,0.0,23.0,2311209.0,952.0,1914369.0,0.0,20.0,999999999999,999999999999,999999999999
185,process_sqliterc,838,1848,811302573.0,0.0,1.0,8061207.0,1848.0,7436376.0,0.0,1.0,999999999999,999999999999,999999999999
216,find_xdg_config,389,1240,819365060.0,0.0,1.0,4258058.0,1240.0,7438886.0,0.0,1.0,999999999999,999999999999,999999999999
194,find_home_dir,582,1224,823626338.0,0.0,2.0,4975177.0,1224.0,7446146.0,0.0,2.0,999999999999,999999999999,999999999999
190,ePutsUtf8,314,1368,828603256.0,0.0,1.0,3936259.0,1368.0,7452896.0,0.0,1.0,999999999999,999999999999,999999999999
170,getEmitStreamInfo,730,1416,832540744.0,0.0,31.0,6779726.0,1416.0,7454816.0,0.0,31.0,999999999999,999999999999,999999999999
423,isValidStreamInfo,97,552,839321700.0,0.0,62.0,2139039.0,552.0,7457386.0,0.0,62.0,999999999999,999999999999,999999999999
2855,fputs,38,944,841462429.0,0.0,31.0,2275119.0,944.0,7462646.0,0.0,31.0,999999999999,999999999999,999999999999
2862,fwrite,289,1368,843739158.0,0.0,31.0,7855786.0,1368.0,7467016.0,0.0,31.0,999999999999,999999999999,999999999999
2860,__towrite,94,624,851595874.0,0.0,2.0,3021898.0,624.0,7468036.0,0.0,2.0,999999999999,999999999999,999999999999
2848,__stdio_write,316,1368,854618613.0,0.0,3.0,7174326.0,1368.0,7469546.0,0.0,3.0,999999999999,999999999999,999999999999
2847,writev,115,984,861793889.0,0.0,3.0,3046139.0,984.0,7470716.0,0.0,3.0,999999999999,999999999999,999999999999
2771,__wasi_fd_write,22,824,864840948.0,0.0,101.0,1896349.0,824.0,7471826.0,0.0,89.0,999999999999,999999999999,999999999999
196,process_input,4214,4312,866759627.0,0.0,1.0,28313056.0,4312.0,7488616.0,0.0,1.0,999999999999,999999999999,999999999999
275,setLexemeOpen,219,624,895074673.0,0.0,8.0,3118679.0,624.0,7494876.0,0.0,8.0,999999999999,999999999999,999999999999
276,trackParenLevel,125,592,898194962.0,0.0,8.0,2495959.0,592.0,7497246.0,0.0,8.0,999999999999,999999999999,999999999999
277,one_input_line,501,1352,900693081.0,0.0,31.0,5884277.0,1352.0,7500946.0,0.0,31.0,999999999999,999999999999,999999999999
471,local_getline,966,1472,906578628.0,0.0,31.0,9272706.0,1472.0,7502886.0,0.0,31.0,999999999999,999999999999,999999999999
180,shell_check_oom,111,880,915854443.0,0.0,3.0,2550179.0,880.0,7509246.0,0.0,3.0,999999999999,999999999999,999999999999
426,fGetsUtf8,178,952,918406142.0,0.0,31.0,3084089.0,952.0,7511035.0,0.0,31.0,999999999999,999999999999,999999999999
2843,fgets,303,1384,921491621.0,0.0,31.0,8149816.0,1384.0,7512866.0,0.0,31.0,999999999999,999999999999,999999999999
2841,__uflow,85,1032,929642787.0,0.0,3.0,3282729.0,1032.0,7513795.0,0.0,3.0,999999999999,999999999999,999999999999
2840,__toread,134,1056,932926436.0,0.0,3.0,4008688.0,1056.0,1998889.0,0.0,4.0,999999999999,999999999999,999999999999
2850,__stdio_read,253,1232,936936074.0,0.0,3.0,5161417.0,1232.0,2000319.0,0.0,4.0,999999999999,999999999999,999999999999
2749,read,113,984,942098881.0,0.0,17.0,3077819.0,984.0,3154848.0,0.0,68.0,999999999999,999999999999,999999999999
2767,__wasi_fd_read,22,824,945178689.0,0.0,17.0,1904359.0,824.0,2002109.0,0.0,69.0,999999999999,999999999999,999999999999
2896,memchr,371,800,947104819.0,0.0,32.0,7889266.0,800.0,1943439.0,0.0,33.0,999999999999,999999999999,999999999999
278,line_is_command_terminator,534,1248,954997135.0,0.0,30.0,5917358.0,1248.0,7563155.0,0.0,30.0,999999999999,999999999999,999999999999
217,__isspace,143,552,960915653.0,0.0,1235.0,2332579.0,552.0,7564966.0,10000000.0,1235.0,999999999999,999999999999,999999999999
2822,tolower,20,528,963249232.0,0.0,31.0,1881768.0,528.0,7567766.0,0.0,31.0,999999999999,999999999999,999999999999
280,quickscan,2565,4360,965133680.0,0.0,30.0,20151001.0,4360.0,7570146.0,0.0,30.0,999999999999,999999999999,999999999999
925,sqlite3_complete,3248,4488,985292291.0,0.0,7.0,21390189.0,4488.0,7694286.0,0.0,7.0,999999999999,999999999999,999999999999
574,sqlite3_strnicmp,736,760,1006685220.0,0.0,87.0,7141427.0,760.0,7702866.0,0.0,66.0,999999999999,999999999999,999999999999
191,echo_group_input,134,920,1013829457.0,0.0,7.0,2884299.0,920.0,7773075.0,0.0,7.0,999999999999,999999999999,999999999999
281,runOneSqlLine,1279,2448,1016715176.0,0.0,7.0,11710634.0,2448.0,7774846.0,0.0,7.0,999999999999,999999999999,999999999999
184,open_db,4033,5408,1028427780.0,0.0,7.0,24223548.0,5408.0,1934079.0,0.0,8.0,999999999999,999999999999,999999999999
167,deduceDatabaseType,1043,2072,1052655468.0,0.0,1.0,8876946.0,2072.0,1940369.0,0.0,1.0,999999999999,999999999999,999999999999
2853,fopen,102,1112,1061534134.0,0.0,1.0,3306639.0,1112.0,1942719.0,0.0,1.0,999999999999,999999999999,999999999999
2845,__fmodeflags,102,1032,1064843223.0,0.0,1.0,2933269.0,1032.0,1944739.0,0.0,1.0,999999999999,999999999999,999999999999
2901,strchr,31,864,1067777952.0,0.0,2.0,2048908.0,864.0,1945359.0,0.0,4.0,999999999999,999999999999,999999999999
2800,__wasilibc_open_nomode,163,1032,1069829310.0,0.0,1.0,3042978.0,1032.0,1949349.0,0.0,1.0,999999999999,999999999999,999999999999
2783,__wasilibc_nocwd_openat_nomode,282,1240,1072877099.0,0.0,15.0,5165367.0,1240.0,1968389.0,0.0,9.0,999999999999,999999999999,999999999999
2775,__wasi_path_open,38,992,1078050216.0,0.0,15.0,2568569.0,992.0,1972089.0,0.0,9.0,999999999999,999999999999,999999999999
992,sqlite3_open_v2,127,952,1080647805.0,0.0,1.0,2635479.0,952.0,2035789.0,0.0,1.0,999999999999,999999999999,999999999999
979,openDatabase,3876,4672,1083284914.0,0.0,1.0,28452516.0,4672.0,2037459.0,0.0,1.0,999999999999,999999999999,999999999999
643,sqlite3MallocZero,182,1008,1111740470.0,0.0,27.0,3144909.0,1008.0,2046129.0,0.0,24.0,999999999999,999999999999,999999999999
980,sqlite3HashInit,105,584,1114894389.0,0.0,16.0,2105779.0,584.0,2065829.0,0.0,16.0,999999999999,999999999999,999999999999
982,createCollation,1392,1960,1117001758.0,0.0,7.0,11848464.0,1960.0,2068619.0,0.0,7.0,999999999999,999999999999,999999999999
995,sqlite3FindCollSeq,309,1040,1128851672.0,0.0,34.0,4023808.0,1040.0,2073539.0,0.0,26.0,999999999999,999999999999,999999999999
1609,findCollSeqEntry,681,1664,1132876670.0,0.0,15.0,7084477.0,1664.0,2075769.0,0.0,16.0,999999999999,999999999999,999999999999
870,sqlite3HashFind,108,952,1139962347.0,0.0,134.0,2546359.0,952.0,2078419.0,0.0,126.0,999999999999,999999999999,999999999999
1610,findElementWithHash,532,1368,1142509936.0,0.0,195.0,7092696.0,1368.0,2079959.0,0.0,183.0,999999999999,999999999999,999999999999
820,sqlite3DbMallocZero,198,1032,1149606692.0,0.0,75.0,3333487.0,1032.0,2094949.0,0.0,70.0,999999999999,999999999999,999999999999
550,sqlite3DbMallocRaw,204,992,1152941621.0,0.0,12286.0,3259379.0,992.0,2096419.0,10000000.0,12192.0,999999999999,999999999999,999999999999
873,sqlite3DbMallocRawNN,1019,1232,1156202349.0,10000000.0,12823.0,7329467.0,1232.0,2098459.0,40000000.0,12527.0,999999999999,999999999999,999999999999
1051,dbMallocRawFinish,164,1008,1163533256.0,0.0,223.0,3096158.0,1008.0,2102809.0,0.0,122.0,999999999999,999999999999,999999999999
971,sqlite3HashInsert,936,1608,1166636114.0,0.0,61.0,8512727.0,1608.0,2122989.0,0.0,57.0,999999999999,999999999999,999999999999
1614,insertElement,598,816,1175151971.0,0.0,61.0,5412967.0,816.0,2141819.0,0.0,59.0,999999999999,999999999999,999999999999
628,sqlite3Error,202,960,1180566757.0,0.0,13.0,3296899.0,960.0,2148309.0,0.0,10.0,999999999999,999999999999,999999999999
985,sqlite3ParseUri,6770,4616,1183875306.0,0.0,1.0,44013049.0,4616.0,2322729.0,0.0,1.0,999999999999,999999999999,999999999999
523,sqlite3_malloc64,129,992,1227892165.0,0.0,4.0,2945818.0,992.0,2350358.0,0.0,4.0,999999999999,999999999999,999999999999
986,sqlite3BtreeOpen,5773,4912,1230846024.0,0.0,4.0,41674400.0,4912.0,2372069.0,0.0,4.0,999999999999,999999999999,999999999999
1127,sqlite3PagerOpen,5024,5008,1272530004.0,0.0,4.0,35826873.0,5008.0,2407069.0,0.0,4.0,999999999999,999999999999,999999999999
1138,sqlite3PcacheSize,12,520,1308359327.0,0.0,4.0,1514569.0,520.0,2413118.0,0.0,4.0,999999999999,999999999999,999999999999
1139,sqlite3JournalSize,124,552,1309875476.0,0.0,4.0,2103559.0,552.0,2414208.0,0.0,4.0,999999999999,999999999999,999999999999
1125,sqlite3OsFullPathname,162,1000,1311983325.0,0.0,1.0,2837938.0,1000.0,2430078.0,0.0,1.0,999999999999,999999999999,999999999999
590,unixFullPathname,608,1520,1314822484.0,0.0,1.0,6313238.0,1520.0,2431788.0,0.0,1.0,999999999999,999999999999,999999999999
591,appendAllPathElements,506,1104,1321137781.0,0.0,1.0,5725777.0,1104.0,2434748.0,0.0,1.0,999999999999,999999999999,999999999999
1101,appendOnePathElement,1789,2064,1326867518.0,0.0,8.0,11805344.0,2064.0,2445378.0,0.0,8.0,999999999999,999999999999,999999999999
2804,lstat,165,1040,1338675702.0,0.0,8.0,3115319.0,1040.0,2453498.0,0.0,8.0,999999999999,999999999999,999999999999
2790,__wasilibc_nocwd_fstatat,425,1488,1341798621.0,0.0,22.0,7051207.0,1488.0,2468158.0,0.0,19.0,999999999999,999999999999,999999999999
498,sqlite3DbFree,136,896,1348914217.0,0.0,178.0,2722179.0,896.0,2756778.0,0.0,136.0,999999999999,999999999999,999999999999
556,sqlite3DbFreeNN,511,1072,1351638046.0,0.0,12190.0,4630518.0,1072.0,2758218.0,50000000.0,12146.0,999999999999,999999999999,999999999999
1140,sqlite3OsOpen,188,1024,1356272874.0,0.0,7.0,3192709.0,1024.0,2769258.0,0.0,4.0,999999999999,999999999999,999999999999
577,unixOpen,3419,3616,1359466833.0,0.0,7.0,25627207.0,3616.0,2770788.0,0.0,4.0,999999999999,999999999999,999999999999
569,sqlite3_randomness,1079,1824,1385095951.0,0.0,7.0,9399375.0,1824.0,2776578.0,0.0,4.0,999999999999,999999999999,999999999999
578,findReusableFd,850,1312,1394497955.0,0.0,1.0,7694027.0,1312.0,2782558.0,0.0,1.0,999999999999,999999999999,999999999999
1058,unixEnterMutex,5,512,1402193542.0,0.0,1.0,1431649.0,512.0,2784698.0,0.0,1.0,999999999999,999999999999,999999999999
1062,unixLeaveMutex,5,512,1403626951.0,0.0,1.0,1435660.0,512.0,2785998.0,0.0,1.0,999999999999,999999999999,999999999999
580,findCreateFileMode,868,1520,1405068511.0,0.0,7.0,8395426.0,1520.0,2806088.0,0.0,4.0,999999999999,999999999999,999999999999
581,robust_open,1077,1936,1413465537.0,0.0,14.0,10295835.0,1936.0,2810268.0,0.0,8.0,999999999999,999999999999,999999999999
1087,posixOpen,118,944,1423762452.0,0.0,14.0,2591498.0,944.0,2812948.0,0.0,8.0,999999999999,999999999999,999999999999
2799,open,163,1032,1426356531.0,0.0,14.0,3055358.0,1032.0,2814658.0,0.0,8.0,999999999999,999999999999,999999999999
2740,fcntl,276,1504,1429493819.0,0.0,26.0,4593948.0,1504.0,2850688.0,0.0,14.0,999999999999,999999999999,999999999999
585,fillInUnixFile,1118,2128,1434090427.0,0.0,7.0,10920604.0,2128.0,2857548.0,0.0,4.0,999999999999,999999999999,999999999999
1034,sqlite3_uri_boolean,272,1056,1445012941.0,0.0,9.0,3600919.0,1056.0,2860908.0,0.0,6.0,999999999999,999999999999,999999999999
1032,sqlite3_uri_parameter,238,1032,1448615050.0,0.0,9.0,3551638.0,1032.0,2862558.0,0.0,6.0,999999999999,999999999999,999999999999
1103,dotlockIoFinderImpl,50,544,1452168678.0,0.0,1.0,1946469.0,544.0,2869128.0,0.0,1.0,999999999999,999999999999,999999999999
1065,storeLastErrno,61,552,1454123817.0,0.0,15.0,2016269.0,552.0,2976708.0,0.0,7.0,999999999999,999999999999,999999999999
1056,verifyDbFile,541,1304,1456141086.0,0.0,7.0,5558798.0,1304.0,2978348.0,0.0,4.0,999999999999,999999999999,999999999999
2741,fstat,416,1456,1461701354.0,0.0,9.0,6901917.0,1456.0,2980718.0,0.0,9.0,999999999999,999999999999,999999999999
2763,__wasi_fd_filestat_get,18,824,1468604761.0,0.0,9.0,1891938.0,824.0,2981408.0,0.0,9.0,999999999999,999999999999,999999999999
1080,fileHasMoved,279,1040,1470507219.0,0.0,6.0,3658698.0,1040.0,2988308.0,0.0,4.0,999999999999,999999999999,999999999999
1141,sqlite3OsDeviceCharacteristics,185,952,1474168388.0,0.0,24.0,3126189.0,952.0,2994098.0,0.0,18.0,999999999999,999999999999,999999999999
1083,unixDeviceCharacteristics,104,936,1477295686.0,0.0,24.0,2423229.0,936.0,2995728.0,0.0,18.0,999999999999,999999999999,999999999999
1082,setDeviceCharacteristics,151,584,1479720075.0,0.0,24.0,2859249.0,584.0,2996878.0,0.0,18.0,999999999999,999999999999,999999999999
1142,setSectorSize,201,1040,1482580944.0,0.0,5.0,3663768.0,1040.0,2999608.0,0.0,5.0,999999999999,999999999999,999999999999
1031,databaseName,329,600,1486247132.0,0.0,3.0,3855548.0,600.0,3006358.0,0.0,3.0,999999999999,999999999999,999999999999
1033,uriParameter,436,1248,1490103801.0,0.0,2.0,5948116.0,1248.0,3010168.0,0.0,2.0,999999999999,999999999999,999999999999
1014,sqlite3PagerSetPagesize,1157,1936,1496056367.0,0.0,8.0,10332365.0,1936.0,3029648.0,0.0,8.0,999999999999,999999999999,999999999999
1153,sqlite3PcacheRefCount,50,544,1506390092.0,0.0,19.0,1927359.0,544.0,3032758.0,0.0,19.0,999999999999,999999999999,999999999999
1154,sqlite3PageMalloc,79,896,1508318761.0,0.0,8.0,2193699.0,896.0,3035858.0,0.0,8.0,999999999999,999999999999,999999999999
1244,pcache1Alloc,580,1392,1510513380.0,0.0,42.0,5428368.0,1392.0,3036998.0,0.0,90.0,999999999999,999999999999,999999999999
1155,pager_reset,137,1008,1515949868.0,0.0,8.0,2796429.0,1008.0,3060788.0,0.0,8.0,999999999999,999999999999,999999999999
697,sqlite3BackupRestart,136,576,1518747937.0,0.0,8.0,3085038.0,576.0,3062208.0,0.0,8.0,999999999999,999999999999,999999999999
1227,sqlite3PcacheClear,81,888,1521834745.0,0.0,8.0,2288479.0,888.0,3063998.0,0.0,8.0,999999999999,999999999999,999999999999
1209,sqlite3PcacheTruncate,584,1448,1524124584.0,0.0,20.0,7409036.0,1448.0,3065578.0,0.0,17.0,999999999999,999999999999,999999999999
1156,sqlite3PcacheSetPageSize,453,1320,1531535090.0,0.0,8.0,5424778.0,1320.0,3068558.0,0.0,8.0,999999999999,999999999999,999999999999
1145,sqlite3PageFree,75,880,1536961038.0,0.0,12.0,2217559.0,880.0,3070688.0,0.0,12.0,999999999999,999999999999,999999999999
1177,pcache1Free,482,1216,1539179717.0,0.0,46.0,4387778.0,1216.0,3071798.0,0.0,94.0,999999999999,999999999999,999999999999
1150,pagerFixMaplimit,33,536,1543568935.0,0.0,12.0,1870539.0,536.0,3076808.0,0.0,12.0,999999999999,999999999999,999999999999
1143,sqlite3PcacheOpen,410,1200,1545440584.0,0.0,4.0,4735218.0,1200.0,3079638.0,0.0,4.0,999999999999,999999999999,999999999999
2691,pcache1Create,808,1552,1550177052.0,0.0,4.0,7951156.0,1552.0,3083618.0,0.0,4.0,999999999999,999999999999,999999999999
2692,pcache1ResizeHash,724,1464,1558134998.0,0.0,4.0,9062566.0,1464.0,3100378.0,0.0,4.0,999999999999,999999999999,999999999999
1181,numberOfCachePages,308,624,1567201974.0,0.0,9.0,3398328.0,624.0,3117918.0,0.0,9.0,999999999999,999999999999,999999999999
2694,pcache1Cachesize,488,1152,1570601882.0,0.0,9.0,5221227.0,1152.0,3120258.0,0.0,9.0,999999999999,999999999999,999999999999
2695,pcache1EnforceMaxPage,407,1272,1575824249.0,0.0,13.0,5625987.0,1272.0,3122708.0,0.0,13.0,999999999999,999999999999,999999999999
1146,sqlite3PagerSetFlags,1009,840,1581451937.0,0.0,4.0,6850157.0,840.0,3127378.0,0.0,4.0,999999999999,999999999999,999999999999
1147,setGetterMethod,105,560,1588305423.0,0.0,10.0,2309109.0,560.0,3138298.0,0.0,10.0,999999999999,999999999999,999999999999
1128,sqlite3PagerSetMmapLimit,108,904,1590616122.0,0.0,4.0,2400559.0,904.0,3140278.0,0.0,4.0,999999999999,999999999999,999999999999
1129,sqlite3PagerReadFileheader,299,1144,1593018171.0,0.0,4.0,4092088.0,1144.0,3141948.0,0.0,4.0,999999999999,999999999999,999999999999
1151,sqlite3OsRead,155,992,1597112090.0,0.0,14.0,2934419.0,992.0,3144278.0,0.0,65.0,999999999999,999999999999,999999999999
1063,unixRead,455,1272,1600047478.0,0.0,14.0,5168437.0,1272.0,3145798.0,0.0,65.0,999999999999,999999999999,999999999999
1064,seekAndRead,849,1672,1605217475.0,0.0,14.0,8990836.0,1672.0,3147608.0,0.0,65.0,999999999999,999999999999,999999999999
2748,__lseek,101,976,1614210211.0,0.0,112.0,3032019.0,976.0,2018429.0,0.0,152.0,999999999999,999999999999,999999999999
2769,__wasi_fd_seek,22,824,1617244620.0,0.0,112.0,1902069.0,824.0,2019429.0,0.0,152.0,999999999999,999999999999,999999999999
1131,sqlite3PagerSetBusyHandler,180,984,1619183019.0,0.0,4.0,2976568.0,984.0,3164688.0,0.0,4.0,999999999999,999999999999,999999999999
1136,sqlite3OsFileControlHint,183,952,1622160527.0,0.0,10.0,3155289.0,952.0,3166388.0,0.0,7.0,999999999999,999999999999,999999999999
1077,unixFileControl,841,2904,1625316916.0,0.0,24.0,7488366.0,2904.0,3168398.0,0.0,13.0,999999999999,999999999999,999999999999
1132,sqlite3PagerIsreadonly,61,544,1632806992.0,0.0,4.0,1978039.0,544.0,3172958.0,0.0,4.0,999999999999,999999999999,999999999999
1134,sqlite3BtreeSchema,260,1120,1634787731.0,0.0,5.0,4052268.0,1120.0,3187938.0,0.0,5.0,999999999999,999999999999,999999999999
657,sqlite3BtreeEnter,68,552,1638841859.0,0.0,112.0,2069099.0,552.0,3189728.0,0.0,83.0,999999999999,999999999999,999999999999
1135,sqlite3BtreeSetCacheSize,140,1032,1640913008.0,0.0,5.0,2826189.0,1032.0,3192768.0,0.0,5.0,999999999999,999999999999,999999999999
1163,sqlite3PagerSetCachesize,99,912,1643740997.0,0.0,5.0,2443439.0,912.0,3194408.0,0.0,5.0,999999999999,999999999999,999999999999
1245,sqlite3PcacheSetCachesize,147,1032,1646185796.0,0.0,5.0,2935769.0,1032.0,3195498.0,0.0,5.0,999999999999,999999999999,999999999999
670,sqlite3PagerFile,48,544,1649124755.0,0.0,4.0,1943999.0,544.0,3204088.0,0.0,4.0,999999999999,999999999999,999999999999
987,sqlite3SchemaGet,450,1304,1651071494.0,0.0,2.0,4999517.0,1304.0,3210618.0,0.0,2.0,999999999999,999999999999,999999999999
988,sqlite3SetTextEncoding,177,1040,1656080011.0,0.0,1.0,3024599.0,1040.0,3234498.0,0.0,2.0,999999999999,999999999999,999999999999
889,sqlite3ExpirePreparedStatements,202,616,1659108189.0,0.0,3.0,3783018.0,616.0,3250878.0,0.0,4.0,999999999999,999999999999,999999999999
989,sqlite3RegisterPerConnectionBuiltinFunctions,161,1000,1662897568.0,0.0,1.0,3044818.0,1000.0,3272558.0,0.0,1.0,999999999999,999999999999,999999999999
967,sqlite3_overload_function,406,1480,1665943436.0,0.0,1.0,4801198.0,1480.0,3273608.0,0.0,1.0,999999999999,999999999999,999999999999
966,sqlite3FindFunction,1824,2304,1670745864.0,0.0,77.0,15460302.0,2304.0,3275698.0,0.0,77.0,999999999999,999999999999,999999999999
564,sqlite3_mprintf,155,1032,1686210796.0,0.0,1.0,3225518.0,1032.0,3295718.0,0.0,1.0,999999999999,999999999999,999999999999
563,sqlite3_vmprintf,260,1176,1689438475.0,0.0,1.0,3838878.0,1176.0,3298668.0,0.0,1.0,999999999999,999999999999,999999999999
558,sqlite3StrAccumFinish,310,1000,1693281683.0,0.0,21.0,3961279.0,1000.0,3348618.0,0.0,9.0,999999999999,999999999999,999999999999
559,strAccumFinishRealloc,347,1144,1697244962.0,0.0,13.0,4197488.0,1144.0,3350908.0,0.0,9.0,999999999999,999999999999,999999999999
964,sqlite3_create_function_v2,215,1104,1701447910.0,0.0,1.0,3708598.0,1104.0,3370148.0,0.0,1.0,999999999999,999999999999,999999999999
962,createFunctionApi,633,1840,1705157598.0,0.0,36.0,8540195.0,1840.0,3372338.0,0.0,36.0,999999999999,999999999999,999999999999
963,sqlite3CreateFunc,2419,2736,1713701234.0,0.0,36.0,17215663.0,2736.0,3387538.0,0.0,36.0,999999999999,999999999999,999999999999
725,functionDestroy,249,1064,1730929206.0,0.0,72.0,3651738.0,1064.0,3463258.0,0.0,72.0,999999999999,999999999999,999999999999
621,sqlite3ApiExit,173,960,1734582674.0,0.0,121.0,3158408.0,960.0,3468768.0,0.0,112.0,999999999999,999999999999,999999999999
975,sqlite3_errcode,297,1056,1737743232.0,0.0,4.0,3956888.0,1056.0,3471748.0,0.0,4.0,999999999999,999999999999,999999999999
895,sqlite3SafetyCheckSickOrOk,301,968,1741701200.0,0.0,5.0,3337509.0,968.0,3473708.0,0.0,5.0,999999999999,999999999999,999999999999
2712,sqlite3TestExtInit,77,896,1745040669.0,0.0,1.0,2256629.0,896.0,3478218.0,0.0,1.0,999999999999,999999999999,999999999999
695,sqlite3FaultSim,177,936,1747299658.0,0.0,54.0,2960188.0,936.0,3479518.0,0.0,87.0,999999999999,999999999999,999999999999
2713,sqlite3JsonTableFunctions,341,1064,1750261586.0,0.0,1.0,4597098.0,1064.0,3482418.0,0.0,1.0,999999999999,999999999999,999999999999
900,sqlite3_create_module,133,960,1754859814.0,0.0,5.0,2695739.0,960.0,3484688.0,0.0,5.0,999999999999,999999999999,999999999999
901,createModule,275,1224,1757556973.0,0.0,5.0,4443428.0,1224.0,3486398.0,0.0,5.0,999999999999,999999999999,999999999999
902,sqlite3VtabCreateModule,787,1776,1762003661.0,0.0,5.0,8100516.0,1776.0,3487958.0,0.0,5.0,999999999999,999999999999,999999999999
990,sqlite3AutoLoadExtensions,496,1440,1770114967.0,0.0,1.0,6828877.0,1440.0,3569658.0,0.0,1.0,999999999999,999999999999,999999999999
944,setupLookaside,2370,2392,1776945914.0,0.0,1.0,18371691.0,2392.0,3575058.0,0.0,1.0,999999999999,999999999999,999999999999
484,sqlite3LookasideUsed,356,1272,1795319345.0,0.0,1.0,4613978.0,1272.0,3578878.0,0.0,1.0,999999999999,999999999999,999999999999
494,countLookasideSlots,148,576,1799935193.0,0.0,4.0,3176908.0,576.0,3580578.0,0.0,4.0,999999999999,999999999999,999999999999
945,sqlite3BeginBenignMalloc,83,832,1803114111.0,0.0,99.0,2231579.0,832.0,3588408.0,0.0,94.0,999999999999,999999999999,999999999999
2817,sbrk,79,888,1805350710.0,0.0,8.0,2904829.0,888.0,3596428.0,0.0,11.0,999999999999,999999999999,999999999999
946,sqlite3EndBenignMalloc,83,832,1808263629.0,0.0,99.0,2220059.0,832.0,3609878.0,0.0,94.0,999999999999,999999999999,999999999999
973,sqlite3_wal_autocheckpoint,46,544,1810501778.0,0.0,1.0,1952999.0,544.0,3686448.0,0.0,1.0,999999999999,999999999999,999999999999
991,sqlite3_free_filename,159,976,1812456517.0,0.0,1.0,2928618.0,976.0,3691978.0,0.0,1.0,999999999999,999999999999,999999999999
943,sqlite3_db_config,1175,1960,1815390285.0,0.0,10.0,11213695.0,1960.0,3707038.0,0.0,11.0,999999999999,999999999999,999999999999
44,sqlite3_shathree_init,410,1712,1826607070.0,0.0,1.0,4655618.0,1712.0,3742997.0,0.0,1.0,999999999999,999999999999,999999999999
961,sqlite3_create_function,201,1088,1831264978.0,0.0,34.0,3503838.0,1088.0,3744817.0,0.0,34.0,999999999999,999999999999,999999999999
969,matchQuality,636,704,1834784786.0,0.0,16.0,5189848.0,704.0,3845337.0,0.0,16.0,999999999999,999999999999,999999999999
51,sqlite3_uint_init,125,1144,1839986914.0,0.0,1.0,2609278.0,1144.0,4062937.0,0.0,1.0,999999999999,999999999999,999999999999
993,sqlite3_create_collation,149,984,1842597642.0,0.0,2.0,2863989.0,984.0,4064257.0,0.0,2.0,999999999999,999999999999,999999999999
994,sqlite3_create_collation_v2,218,1128,1845463341.0,0.0,2.0,3463158.0,1128.0,4065477.0,0.0,2.0,999999999999,999999999999,999999999999
53,sqlite3_decimal_init,667,1664,1848934869.0,0.0,1.0,6925097.0,1664.0,4126287.0,0.0,1.0,999999999999,999999999999,999999999999
1612,rehash,706,1696,1855880916.0,0.0,1.0,8402556.0,1696.0,5061197.0,0.0,1.0,999999999999,999999999999,999999999999
1613,strHash,209,632,1864289522.0,0.0,86.0,3801728.0,632.0,5080007.0,0.0,86.0,999999999999,999999999999,999999999999
965,sqlite3_create_window_function,229,1144,1868094980.0,0.0,1.0,3891078.0,1144.0,5157387.0,0.0,1.0,999999999999,999999999999,999999999999
75,sqlite3_base64_init,138,1160,1871999278.0,0.0,1.0,2699999.0,1160.0,5317147.0,0.0,1.0,999999999999,999999999999,999999999999
79,sqlite3_base85_init,138,1160,1874707157.0,0.0,1.0,2685369.0,1160.0,5399396.0,0.0,1.0,999999999999,999999999999,999999999999
89,sqlite3_regexp_init,253,1320,1877400146.0,0.0,1.0,3696608.0,1320.0,5472476.0,0.0,1.0,999999999999,999999999999,999999999999
83,sqlite3_ieee_init,454,1144,1881107714.0,0.0,1.0,5086648.0,1144.0,5633376.0,0.0,1.0,999999999999,999999999999,999999999999
88,sqlite3_series_init,303,1168,1886213962.0,0.0,1.0,4074188.0,1168.0,6271066.0,0.0,1.0,999999999999,999999999999,999999999999
927,sqlite3_libversion_number,15,520,1890289790.0,0.0,1.0,1596019.0,520.0,6272706.0,0.0,1.0,999999999999,999999999999,999999999999
94,sqlite3_fileio_init,358,1608,1891893569.0,0.0,1.0,4553657.0,1608.0,6317636.0,0.0,1.0,999999999999,999999999999,999999999999
98,fsdirRegister,119,944,1896460806.0,0.0,1.0,2429519.0,944.0,6568976.0,0.0,1.0,999999999999,999999999999,999999999999
104,sqlite3_completion_init,118,952,1898896345.0,0.0,1.0,2563429.0,952.0,6612306.0,0.0,1.0,999999999999,999999999999,999999999999
103,sqlite3CompletionVtabInit,129,960,1901461324.0,0.0,1.0,2504919.0,960.0,6613406.0,0.0,1.0,999999999999,999999999999,999999999999
473,beginTimer,80,928,1903993633.0,0.0,7.0,2364149.0,928.0,7793586.0,0.0,7.0,999999999999,999999999999,999999999999
189,shell_exec,3936,4936,1906359892.0,0.0,7.0,31118625.0,4936.0,7795186.0,0.0,7.0,999999999999,999999999999,999999999999
603,sqlite3_prepare_v2,170,1016,1937481217.0,0.0,11.0,3002679.0,1016.0,7801846.0,0.0,8.0,999999999999,999999999999,999999999999
616,sqlite3LockAndPrepare,719,1632,1940485936.0,0.0,11.0,8667775.0,1632.0,7803486.0,0.0,8.0,999999999999,999999999999,999999999999
627,sqlite3SafetyCheckOk,290,1040,1949154951.0,0.0,15.0,3684269.0,1040.0,7805586.0,0.0,9.0,999999999999,999999999999,999999999999
485,sqlite3BtreeEnterAll,261,664,1952841020.0,0.0,13.0,4298308.0,664.0,7808606.0,0.0,10.0,999999999999,999999999999,999999999999
897,sqlite3Prepare,2882,3376,1957141658.0,0.0,16.0,23849608.0,3376.0,7812446.0,0.0,13.0,999999999999,999999999999,999999999999
1615,sqlite3BtreeSchemaLocked,132,1008,1980995526.0,0.0,16.0,2561419.0,1008.0,7821366.0,0.0,13.0,999999999999,999999999999,999999999999
1246,querySharedCacheTableLock,676,768,1983560965.0,0.0,27.0,6068507.0,768.0,7823186.0,0.0,24.0,999999999999,999999999999,999999999999
905,sqlite3RunParser,2748,3944,1989631712.0,0.0,19.0,20704540.0,3944.0,7828766.0,0.0,13.0,999999999999,999999999999,999999999999
908,sqlite3ParserInit,225,664,2010338282.0,0.0,19.0,2960789.0,664.0,7833546.0,0.0,13.0,999999999999,999999999999,999999999999
904,sqlite3GetToken,9763,4920,2013300811.0,0.0,864.0,55825683.0,4920.0,7836235.0,0.0,669.0,999999999999,999999999999,999999999999
907,keywordCode,1136,1104,2069129925.0,0.0,293.0,11182604.0,1104.0,7850535.0,0.0,233.0,999999999999,999999999999,999999999999
912,sqlite3Parser,916,1840,2080315719.0,0.0,570.0,9360416.0,1840.0,7862845.0,0.0,426.0,999999999999,999999999999,999999999999
1660,yy_find_shift_action,850,808,2089678484.0,0.0,1512.0,7420457.0,808.0,7865835.0,0.0,1182.0,999999999999,999999999999,999999999999
1664,yy_shift,455,1184,2097101731.0,0.0,567.0,4938478.0,1184.0,7872665.0,0.0,426.0,999999999999,999999999999,999999999999
1663,yy_reduce,47469,42664,2102043179.0,0.0,942.0,334950740.0,42664.0,7912555.0,50000000.0,756.0,999999999999,999999999999,999999999999
1676,disableLookaside,139,584,2436996889.0,0.0,8.0,2690129.0,584.0,8027725.0,0.0,8.0,999999999999,999999999999,999999999999
1768,yy_find_reduce_action,214,592,2439689058.0,0.0,942.0,2661629.0,592.0,8033915.0,0.0,756.0,999999999999,999999999999,999999999999
1675,sqlite3StartTable,3728,4504,2442360127.0,0.0,8.0,25907337.0,4504.0,8415175.0,0.0,8.0,999999999999,999999999999,999999999999
1779,sqlite3TwoPartName,506,1240,2468269064.0,0.0,6.0,5265778.0,1240.0,8420665.0,0.0,6.0,999999999999,999999999999,999999999999
1710,sqlite3NameFromToken,221,1064,2473536202.0,0.0,42.0,3409338.0,1064.0,8424535.0,0.0,30.0,999999999999,999999999999,999999999999
1616,sqlite3DbStrNDup,326,1128,2476946720.0,0.0,117.0,4018288.0,1128.0,8426445.0,0.0,69.0,999999999999,999999999999,999999999999
1803,sqlite3Dequote,715,728,2480975108.0,0.0,127.0,5541278.0,728.0,8453685.0,0.0,70.0,999999999999,999999999999,999999999999
1780,sqlite3CheckObjectName,763,1752,2486517926.0,0.0,8.0,7952146.0,1752.0,8458415.0,0.0,8.0,999999999999,999999999999,999999999999
1252,sqlite3WritableSchema,98,560,2494472272.0,0.0,11.0,2043959.0,560.0,8460285.0,0.0,8.0,999999999999,999999999999,999999999999
2002,sqlite3ReadOnlyShadowTables,311,632,2496519961.0,0.0,3.0,3286949.0,632.0,8468355.0,0.0,3.0,999999999999,999999999999,999999999999
1785,sqlite3ShadowTableName,420,1208,2499808090.0,0.0,11.0,4630677.0,1208.0,8471345.0,0.0,8.0,999999999999,999999999999,999999999999
2912,strrchr,25,912,2504440377.0,0.0,11.0,1997799.0,912.0,8473055.0,0.0,8.0,999999999999,999999999999,999999999999
2911,__memrchr,48,560,2506441096.0,0.0,11.0,2803849.0,560.0,8475315.0,0.0,8.0,999999999999,999999999999,999999999999
1778,sqlite3AuthCheck,551,1344,2509246665.0,0.0,52.0,5683497.0,1344.0,8480675.0,0.0,34.0,999999999999,999999999999,999999999999
868,sqlite3ReadSchema,386,1064,2514932062.0,0.0,22.0,4049708.0,1064.0,8486085.0,0.0,16.0,999999999999,999999999999,999999999999
999,sqlite3Init,696,1416,2518984970.0,0.0,13.0,8117387.0,1416.0,8488855.0,0.0,10.0,999999999999,999999999999,999999999999
1003,sqlite3InitOne,3656,4040,2527104967.0,0.0,2.0,27319146.0,4040.0,8492165.0,0.0,2.0,999999999999,999999999999,999999999999
1413,sqlite3InitCallback,2627,2432,2554426183.0,0.0,5.0,16168753.0,2432.0,8498175.0,0.0,5.0,999999999999,999999999999,999999999999
1499,sqlite3GetUInt32,513,728,2570597726.0,0.0,5.0,5654417.0,728.0,8505795.0,0.0,5.0,999999999999,999999999999,999999999999
620,sqlite3DbStrDup,311,1144,2576274823.0,0.0,37.0,4028688.0,1144.0,9030315.0,0.0,22.0,999999999999,999999999999,999999999999
572,sqlite3_stricmp,278,968,2580321311.0,0.0,37.0,3338698.0,968.0,9065185.0,0.0,22.0,999999999999,999999999999,999999999999
869,sqlite3FindTable,2007,2472,2583663869.0,0.0,24.0,16157603.0,2472.0,9097765.0,0.0,18.0,999999999999,999999999999,999999999999
1500,sqlite3FindIndex,517,1280,2599825892.0,0.0,8.0,6872387.0,1280.0,9121335.0,0.0,5.0,999999999999,999999999999,999999999999
1620,sqlite3DbIsNamed,252,1096,2606699869.0,0.0,16.0,3817087.0,1096.0,9124615.0,0.0,10.0,999999999999,999999999999,999999999999
1678,sqlite3AddColumn,3567,3280,2610531967.0,0.0,30.0,26284058.0,3280.0,9408345.0,0.0,30.0,999999999999,999999999999,999999999999
1802,sqlite3DequoteToken,430,664,2636818044.0,0.0,60.0,4892548.0,664.0,9414065.0,0.0,40.0,999999999999,999999999999,999999999999
1804,sqlite3StrIHash,319,640,2641719021.0,0.0,99.0,3955879.0,640.0,9457575.0,0.0,47.0,999999999999,999999999999,999999999999
555,sqlite3DbRealloc,553,1096,2645677210.0,0.0,90.0,4727198.0,1096.0,9464105.0,0.0,51.0,999999999999,999999999999,999999999999
1050,dbReallocFinish,422,1432,2650419198.0,0.0,36.0,5135147.0,1432.0,9870985.0,0.0,20.0,999999999999,999999999999,999999999999
1052,isLookaside,162,584,2655556415.0,0.0,36.0,2585549.0,584.0,9872954.0,0.0,20.0,999999999999,999999999999,999999999999
527,sqlite3Realloc,1065,1816,2658143434.0,0.0,34.0,8643386.0,1816.0,9875274.0,0.0,22.0,999999999999,999999999999,999999999999
517,sqlite3StatusValue,85,552,2666791320.0,0.0,34.0,2048010.0,552.0,9883645.0,0.0,22.0,999999999999,999999999999,999999999999
529,sqlite3MallocAlarm,138,888,2668841929.0,0.0,34.0,2581238.0,888.0,9885865.0,0.0,22.0,999999999999,999999999999,999999999999
2684,sqlite3MemRealloc,329,1200,2671425118.0,0.0,34.0,4099639.0,1200.0,9887705.0,0.0,22.0,999999999999,999999999999,999999999999
1677,sqlite3EndTable,7278,7240,2675553146.0,0.0,8.0,53968774.0,7240.0,11400264.0,0.0,8.0,999999999999,999999999999,999999999999
859,sqlite3SchemaToIndex,259,624,2729530690.0,0.0,38.0,3992758.0,624.0,11435224.0,0.0,20.0,999999999999,999999999999,999999999999
1790,estimateTableWidth,428,1112,2733526198.0,0.0,8.0,5967658.0,1112.0,11439684.0,0.0,5.0,999999999999,999999999999,999999999999
1024,sqlite3LogEst,685,744,2739496155.0,0.0,30.0,5860817.0,744.0,11445034.0,0.0,21.0,999999999999,999999999999,999999999999
1671,sqlite3FinishCoding,2803,3512,2745370962.0,0.0,19.0,22330889.0,3512.0,11568904.0,0.0,13.0,999999999999,999999999999,999999999999
913,sqlite3ParserFinalize,398,1088,2767705451.0,0.0,19.0,5240008.0,1088.0,11583834.0,0.0,13.0,999999999999,999999999999,999999999999
1619,sqlite3ErrorClear,172,928,2772949619.0,0.0,16.0,2934819.0,928.0,11594674.0,0.0,13.0,999999999999,999999999999,999999999999
654,sqlite3ParseObjectReset,683,1512,2775886638.0,0.0,16.0,7863636.0,1512.0,11597334.0,0.0,13.0,999999999999,999999999999,999999999999
612,sqlite3_finalize,400,1400,2783753414.0,0.0,12.0,5337448.0,1400.0,11603884.0,0.0,12.0,999999999999,999999999999,999999999999
655,sqlite3BtreeTxnState,127,552,2789093482.0,0.0,18.0,2399409.0,552.0,11609004.0,0.0,18.0,999999999999,999999999999,999999999999
659,sqlite3BtreeBeginTrans,475,1240,2791494061.0,0.0,15.0,5469776.0,1240.0,11611114.0,0.0,12.0,999999999999,999999999999,999999999999
680,btreeBeginTrans,3189,2984,2796964838.0,0.0,11.0,23383869.0,2984.0,11613134.0,0.0,11.0,999999999999,999999999999,999999999999
1247,lockBtree,2541,2928,2820352257.0,0.0,11.0,18616471.0,2928.0,11624954.0,0.0,11.0,999999999999,999999999999,999999999999
1251,sqlite3PagerSharedLock,1873,2768,2838971238.0,0.0,11.0,15251212.0,2768.0,11628464.0,0.0,11.0,999999999999,999999999999,999999999999
1189,pager_wait_on_lock,250,1136,2854224550.0,0.0,20.0,4580558.0,1136.0,11631694.0,0.0,14.0,999999999999,999999999999,999999999999
1190,pagerLockDb,451,1112,2858807168.0,0.0,29.0,4798228.0,1112.0,11633424.0,0.0,20.0,999999999999,999999999999,999999999999
1191,sqlite3OsLock,119,952,2863606586.0,0.0,20.0,2685979.0,952.0,11636094.0,0.0,14.0,999999999999,999999999999,999999999999
1099,dotlockLock,573,1344,2866294805.0,0.0,20.0,5781627.0,1344.0,11637564.0,0.0,14.0,999999999999,999999999999,999999999999
2808,mkdir,161,1016,2872079872.0,0.0,8.0,2997898.0,1016.0,11640344.0,0.0,8.0,999999999999,999999999999,999999999999
2786,__wasilibc_nocwd_mkdirat_nomode,37,864,2875085730.0,0.0,8.0,2277879.0,864.0,11662484.0,0.0,8.0,999999999999,999999999999,999999999999
2772,__wasi_path_create_directory,26,928,2877365369.0,0.0,8.0,2208219.0,928.0,11663294.0,0.0,8.0,999999999999,999999999999,999999999999
1254,hasHotJournal,1093,2136,2879663068.0,0.0,8.0,10273346.0,2136.0,11734024.0,0.0,8.0,999999999999,999999999999,999999999999
1212,sqlite3OsAccess,144,984,2889938514.0,0.0,8.0,2861638.0,984.0,11737734.0,0.0,8.0,999999999999,999999999999,999999999999
589,unixAccess,428,1136,2892803392.0,0.0,8.0,4647398.0,1136.0,11739504.0,0.0,8.0,999999999999,999999999999,999999999999
2803,stat,165,1040,2897453940.0,0.0,14.0,3064828.0,1040.0,11741794.0,0.0,11.0,999999999999,999999999999,999999999999
1255,pagerPagecount,450,1128,2900544058.0,0.0,8.0,4856128.0,1128.0,11775524.0,0.0,8.0,999999999999,999999999999,999999999999
705,sqlite3OsFileSize,118,952,2905402016.0,0.0,8.0,2626379.0,952.0,11777754.0,0.0,8.0,999999999999,999999999999,999999999999
1071,unixFileSize,323,1128,2908031425.0,0.0,8.0,4179878.0,1128.0,11779294.0,0.0,8.0,999999999999,999999999999,999999999999
718,btreeGetPage,250,1152,2912225173.0,0.0,68.0,3997958.0,1152.0,11792044.0,0.0,63.0,999999999999,999999999999,999999999999
609,sqlite3PagerGet,144,984,2916224851.0,0.0,2854.0,2808259.0,984.0,11793774.0,10000000.0,5544.0,999999999999,999999999999,999999999999
1179,getPageNormal,1590,2344,2919035420.0,0.0,2851.0,12664513.0,2344.0,11795554.0,10000000.0,5541.0,999999999999,999999999999,999999999999
1194,sqlite3PcacheFetch,197,1016,2931701953.0,0.0,2851.0,3194209.0,1016.0,11798754.0,0.0,5541.0,999999999999,999999999999,999999999999
2697,pcache1Fetch,111,936,2934898592.0,0.0,2851.0,2536349.0,936.0,11800784.0,10000000.0,5541.0,999999999999,999999999999,999999999999
2698,pcache1FetchNoMutex,536,1128,2937436961.0,0.0,2851.0,6097837.0,1128.0,11801734.0,0.0,5541.0,999999999999,999999999999,999999999999
2707,pcache1FetchStage2,1509,2096,2943536528.0,0.0,58.0,12145684.0,2096.0,11804964.0,0.0,106.0,999999999999,999999999999,999999999999
2709,pcache1AllocPage,582,1424,2955683822.0,0.0,58.0,6519427.0,1424.0,11809204.0,0.0,106.0,999999999999,999999999999,999999999999
2710,pcache1InitBulk,965,1504,2962204819.0,0.0,4.0,9132246.0,1504.0,11811394.0,0.0,4.0,999999999999,999999999999,999999999999
1196,sqlite3PcacheFetchFinish,288,1024,2971381175.0,0.0,2909.0,3774108.0,1024.0,11892734.0,30000000.0,5647.0,999999999999,999999999999,999999999999
1201,pcacheFetchFinishWithInit,389,1120,2975157163.0,0.0,58.0,4187058.0,1120.0,11894784.0,0.0,106.0,999999999999,999999999999,999999999999
1256,btreePageFromDbPage,324,1168,2979347921.0,0.0,65.0,4373728.0,1168.0,11922444.0,0.0,114.0,999999999999,999999999999,999999999999
685,sqlite3PagerGetExtra,49,544,2983723858.0,0.0,2845.0,1937899.0,544.0,11923844.0,30000000.0,5592.0,999999999999,999999999999,999999999999
610,sqlite3PagerGetData,48,544,2985664558.0,0.0,58.0,1925349.0,544.0,11925324.0,0.0,106.0,999999999999,999999999999,999999999999
681,sqlite3Get4byte,193,584,2987592327.0,0.0,2870.0,2587819.0,584.0,3176908.0,10000000.0,5562.0,999999999999,999999999999,999999999999
671,sqlite3PagerPagecount,68,560,2990181126.0,0.0,11.0,2074279.0,560.0,11929614.0,0.0,11.0,999999999999,999999999999,999999999999
1377,sqlite3BtreeGetMeta,300,1160,2992257865.0,0.0,8.0,4185708.0,1160.0,11952414.0,0.0,5.0,999999999999,999999999999,999999999999
1295,sqlite3AbsInt32,197,576,2996446903.0,0.0,1.0,2632739.0,576.0,11993064.0,0.0,1.0,999999999999,999999999999,999999999999
663,sqlite3BtreeLastPage,86,904,2999084282.0,0.0,4.0,2314929.0,904.0,12007904.0,0.0,1.0,999999999999,999999999999,999999999999
684,btreePagecount,48,544,3001400881.0,0.0,2855.0,1907729.0,544.0,12008904.0,0.0,5536.0,999999999999,999999999999,999999999999
860,sqlite3MPrintf,125,968,3003310180.0,0.0,17.0,2614628.0,968.0,12010933.0,0.0,8.0,999999999999,999999999999,999999999999
648,sqlite3VMPrintf,314,1200,3005926448.0,0.0,20.0,4202138.0,1200.0,12011973.0,0.0,8.0,999999999999,999999999999,999999999999
607,sqlite3_exec,2628,3432,3010143846.0,0.0,4.0,24049539.0,3432.0,12124333.0,0.0,1.0,999999999999,999999999999,999999999999
1703,sqlite3Expr,163,1048,3034208694.0,0.0,25.0,3139398.0,1048.0,12410923.0,0.0,7.0,999999999999,999999999999,999999999999
1723,sqlite3ExprAlloc,1042,1608,3037351053.0,0.0,44.0,9124426.0,1608.0,12413983.0,0.0,26.0,999999999999,999999999999,999999999999
1704,sqlite3ExprSetErrorOffset,146,568,3046482619.0,0.0,24.0,2691029.0,568.0,12438713.0,0.0,6.0,999999999999,999999999999,999999999999
1700,sqlite3ExprListAppend,447,1096,3049175058.0,0.0,97.0,4650908.0,1096.0,12441163.0,0.0,55.0,999999999999,999999999999,999999999999
1910,sqlite3ExprListAppendNew,332,1136,3053828056.0,0.0,45.0,4180418.0,1136.0,12443443.0,0.0,30.0,999999999999,999999999999,999999999999
1696,sqlite3SrcListAppendFromTerm,1498,1784,3058020943.0,0.0,11.0,10836475.0,1784.0,12871903.0,0.0,8.0,999999999999,999999999999,999999999999
1708,sqlite3SrcListAppend,1003,1688,3068858948.0,0.0,17.0,8552576.0,1688.0,12876273.0,0.0,11.0,999999999999,999999999999,999999999999
1705,sqlite3SrcListShiftJoinType,853,776,3077422164.0,0.0,9.0,7815287.0,776.0,12997943.0,0.0,6.0,999999999999,999999999999,999999999999
1681,tokenExpr,809,1560,3085243571.0,0.0,70.0,7716056.0,1560.0,13264983.0,0.0,40.0,999999999999,999999999999,999999999999
1712,sqlite3ExprListSetSortOrder,419,664,3092968847.0,0.0,5.0,4167148.0,664.0,13448843.0,0.0,2.0,999999999999,999999999999,999999999999
1697,sqlite3SelectNew,1029,1888,3097139085.0,0.0,13.0,9423665.0,1888.0,13588393.0,0.0,10.0,999999999999,999999999999,999999999999
1695,parserDoubleLinkSelect,748,1368,3106568940.0,0.0,10.0,7473656.0,1368.0,13655913.0,0.0,7.0,999999999999,999999999999,999999999999
1693,sqlite3Select,26465,24136,3114045067.0,0.0,14.0,205676772.0,24136.0,13702603.0,10000000.0,11.0,999999999999,999999999999,999999999999
1769,sqlite3GetVdbe,277,984,3319725279.0,0.0,35.0,4087907.0,984.0,13743603.0,0.0,23.0,999999999999,999999999999,999999999999
861,sqlite3VdbeCreate,510,1288,3323817556.0,0.0,11.0,5250717.0,1288.0,13746003.0,0.0,8.0,999999999999,999999999999,999999999999
874,sqlite3VdbeAddOp2,133,960,3329080674.0,0.0,88.0,2580329.0,960.0,13765173.0,0.0,67.0,999999999999,999999999999,999999999999
1631,sqlite3VdbeAddOp3,468,1272,3331663343.0,0.0,374.0,5310278.0,1272.0,13766453.0,0.0,248.0,999999999999,999999999999,999999999999
1632,growOp3,204,1120,3336975401.0,0.0,13.0,3698578.0,1120.0,13769243.0,0.0,10.0,999999999999,999999999999,999999999999
876,growOpArray,583,1304,3340675979.0,0.0,13.0,5903837.0,1304.0,13770733.0,0.0,10.0,999999999999,999999999999,999999999999
542,sqlite3DbMallocSize,384,1032,3346586096.0,0.0,12123.0,3975608.0,1032.0,13790763.0,10000000.0,12064.0,999999999999,999999999999,999999999999
1840,sqlite3SelectPrep,319,1184,3350566034.0,0.0,14.0,4218378.0,1184.0,13803503.0,0.0,11.0,999999999999,999999999999,999999999999
2150,sqlite3SelectExpand,297,1144,3354786202.0,0.0,8.0,3859968.0,1144.0,13805883.0,0.0,5.0,999999999999,999999999999,999999999999
2086,sqlite3WalkSelect,543,1376,3358647300.0,0.0,34.0,6858787.0,1376.0,13808443.0,0.0,25.0,999999999999,999999999999,999999999999
2160,selectExpander,12126,8896,3365507437.0,0.0,16.0,88777548.0,8896.0,13811123.0,0.0,13.0,999999999999,999999999999,999999999999
1761,sqlite3WithPush,379,1096,3454289395.0,0.0,12.0,4718777.0,1096.0,13848443.0,0.0,9.0,999999999999,999999999999,999999999999
2163,sqlite3SrcListAssignCursors,452,1160,3459011522.0,0.0,12.0,5641718.0,1160.0,13850933.0,0.0,9.0,999999999999,999999999999,999999999999
2165,resolveFromTermToCte,4333,3672,3464654960.0,0.0,9.0,29738866.0,3672.0,13855863.0,0.0,6.0,999999999999,999999999999,999999999999
1819,sqlite3LocateTableItem,311,1160,3494396275.0,0.0,13.0,4421109.0,1160.0,13862313.0,0.0,7.0,999999999999,999999999999,999999999999
858,sqlite3LocateTable,1121,1840,3498820724.0,0.0,13.0,10067835.0,1840.0,13864863.0,0.0,7.0,999999999999,999999999999,999999999999
2166,cannotBeFunction,219,984,3508896429.0,0.0,9.0,3261618.0,984.0,13892713.0,0.0,6.0,999999999999,999999999999,999999999999
2168,sqlite3ProcessJoin,3947,4400,3512160047.0,0.0,12.0,31385855.0,4400.0,13896913.0,0.0,9.0,999999999999,999999999999,999999999999
1911,sqlite3ExprListAppendGrow,483,1248,3543569232.0,0.0,10.0,5211248.0,1248.0,14141273.0,0.0,4.0,999999999999,999999999999,999999999999
885,sqlite3ExprListDelete,136,896,3548792110.0,0.0,137.0,2646458.0,896.0,14189443.0,0.0,101.0,999999999999,999999999999,999999999999
914,exprListDeleteNN,338,1200,3551441699.0,0.0,50.0,4649827.0,1200.0,14190793.0,0.0,35.0,999999999999,999999999999,999999999999
499,sqlite3ExprDelete,136,896,3556093576.0,0.0,217.0,2666579.0,896.0,14192373.0,0.0,133.0,999999999999,999999999999,999999999999
1539,sqlite3ExprDeleteNN,689,1480,3558763535.0,0.0,167.0,8384376.0,1480.0,14193913.0,0.0,107.0,999999999999,999999999999,999999999999
503,sqlite3DbNNFreeNN,466,1072,3567150881.0,0.0,648.0,4501258.0,1072.0,14199283.0,0.0,395.0,999999999999,999999999999,999999999999
2088,sqlite3WalkSelectExpr,759,1568,3571658649.0,0.0,24.0,7148727.0,1568.0,14220492.0,0.0,18.0,999999999999,999999999999,999999999999
2085,sqlite3WalkExprList,335,1112,3578809075.0,0.0,84.0,4960158.0,1112.0,14222463.0,0.0,66.0,999999999999,999999999999,999999999999
2082,sqlite3WalkExpr,161,920,3583770873.0,0.0,244.0,2850219.0,920.0,14224963.0,0.0,172.0,999999999999,999999999999,999999999999
2084,sqlite3WalkExprNN,693,1448,3586622112.0,0.0,365.0,8140966.0,1448.0,14226572.0,0.0,227.0,999999999999,999999999999,999999999999
2158,sqlite3ExprWalkNoop,46,544,3594764858.0,0.0,239.0,1969669.0,544.0,14228652.0,0.0,161.0,999999999999,999999999999,999999999999
2089,sqlite3WalkSelectFrom,524,1216,3596738097.0,0.0,24.0,6492937.0,1216.0,14258792.0,0.0,18.0,999999999999,999999999999,999999999999
2091,sqlite3SelectPopWith,294,1032,3603232894.0,0.0,12.0,3758158.0,1032.0,14263283.0,0.0,9.0,999999999999,999999999999,999999999999
2131,sqlite3ResolveSelectNames,176,968,3606992922.0,0.0,10.0,2927119.0,968.0,14266812.0,0.0,7.0,999999999999,999999999999,999999999999
2125,resolveSelectStep,4682,3984,3609921731.0,0.0,10.0,39022651.0,3984.0,14270072.0,0.0,7.0,999999999999,999999999999,999999999999
1919,sqlite3ResolveExprNames,709,1384,3648946532.0,0.0,47.0,6855797.0,1384.0,14278443.0,0.0,20.0,999999999999,999999999999,999999999999
1955,sqlite3ResolveExprListNames,966,1536,3655804549.0,0.0,12.0,9694845.0,1536.0,14284652.0,0.0,9.0,999999999999,999999999999,999999999999
1809,sqlite3ExprCheckHeight,216,1008,3665500744.0,0.0,113.0,3325178.0,1008.0,14289512.0,0.0,56.0,999999999999,999999999999,999999999999
2124,resolveExprStep,10140,10816,3668827852.0,0.0,133.0,66538809.0,10816.0,14293412.0,0.0,70.0,999999999999,999999999999,999999999999
2127,lookupName,13252,9864,3735369511.0,0.0,52.0,99062283.0,9864.0,14308843.0,0.0,25.0,999999999999,999999999999,999999999999
2141,sqlite3ExprColUsed,480,696,3834440444.0,0.0,41.0,4638608.0,696.0,14366723.0,0.0,20.0,999999999999,999999999999,999999999999
2132,resolveOrderGroupBy,1201,2128,3839088631.0,0.0,6.0,12713625.0,2128.0,14553223.0,0.0,3.0,999999999999,999999999999,999999999999
2028,sqlite3ExprSkipCollateAndLikely,334,616,3851803666.0,0.0,137.0,4234247.0,616.0,14556672.0,0.0,83.0,999999999999,999999999999,999999999999
2152,resolveAsName,459,1176,3856040283.0,0.0,5.0,6340347.0,1176.0,14560352.0,0.0,2.0,999999999999,999999999999,999999999999
2153,sqlite3ExprIsInteger,439,1192,3862384090.0,0.0,9.0,5092968.0,1192.0,14581782.0,0.0,3.0,999999999999,999999999999,999999999999
1000,sqlite3IsRowid,224,1104,3867481838.0,0.0,7.0,3701108.0,1104.0,14642272.0,0.0,1.0,999999999999,999999999999,999999999999
2057,sqlite3ExprCompare,4011,2736,3871187206.0,0.0,119.0,21770390.0,2736.0,14657622.0,0.0,71.0,999999999999,999999999999,999999999999
1858,sqlite3ExprListCompare,827,1264,3892960326.0,0.0,24.0,7883446.0,1264.0,14680292.0,0.0,9.0,999999999999,999999999999,999999999999
2156,sqlite3ResolveOrderGroupBy,878,1464,3900847252.0,0.0,6.0,8701296.0,1464.0,14761582.0,0.0,3.0,999999999999,999999999999,999999999999
2151,sqlite3SelectAddTypeInfo,159,944,3909551968.0,0.0,8.0,2722529.0,944.0,14772072.0,0.0,5.0,999999999999,999999999999,999999999999
2161,sqlite3SelectWalkNoop,46,544,3912275996.0,0.0,12.0,1921919.0,544.0,14774842.0,0.0,9.0,999999999999,999999999999,999999999999
2162,selectAddSubqueryTypeInfo,505,1248,3914201875.0,0.0,12.0,6495278.0,1248.0,14804472.0,0.0,9.0,999999999999,999999999999,999999999999
1842,sqlite3GenerateColumnNames,2019,2216,3920699203.0,0.0,5.0,16257502.0,2216.0,14809822.0,0.0,2.0,999999999999,999999999999,999999999999
1968,sqlite3VdbeSetNumCols,495,1304,3936958235.0,0.0,5.0,5395848.0,1304.0,14815532.0,0.0,2.0,999999999999,999999999999,999999999999
883,initMemArray,246,664,3942365012.0,0.0,27.0,3919688.0,664.0,14835192.0,0.0,18.0,999999999999,999999999999,999999999999
1969,sqlite3VdbeSetColName,367,1104,3946287630.0,0.0,46.0,4344829.0,1104.0,14843932.0,0.0,16.0,999999999999,999999999999,999999999999
760,sqlite3VdbeMemSetStr,2222,2256,3950634378.0,0.0,49.0,16209962.0,2256.0,14847002.0,0.0,16.0,999999999999,999999999999,999999999999
773,sqlite3VdbeMemClearAndResize,259,1000,3966847820.0,0.0,4748.0,3649459.0,1000.0,14856592.0,10000000.0,7381.0,999999999999,999999999999,999999999999
738,sqlite3VdbeMemGrow,1170,1840,3970498579.0,0.0,12094.0,10025055.0,1840.0,14858682.0,20000000.0,12049.0,999999999999,999999999999,999999999999
2193,generateColumnTypes,376,1256,3980539484.0,0.0,5.0,5628667.0,1256.0,15014212.0,0.0,2.0,999999999999,999999999999,999999999999
2178,columnTypeImpl,1434,1752,3986170141.0,0.0,25.0,12725704.0,1752.0,15017042.0,0.0,10.0,999999999999,999999999999,999999999999
1001,sqlite3ColumnType,339,1000,3998899195.0,0.0,21.0,3986038.0,1000.0,15024682.0,0.0,6.0,999999999999,999999999999,999999999999
1843,sqlite3WindowRewrite,4503,4888,4002900333.0,0.0,14.0,30841146.0,4888.0,15209402.0,0.0,11.0,999999999999,999999999999,999999999999
1850,countOfViewOptimization,2497,2384,4033744149.0,0.0,12.0,17448541.0,2384.0,15221092.0,0.0,9.0,999999999999,999999999999,999999999999
1859,sqlite3KeyInfoFromExprList,570,1400,4051194820.0,0.0,7.0,7038317.0,1400.0,15229752.0,0.0,4.0,999999999999,999999999999,999999999999
2030,sqlite3KeyInfoAlloc,519,1280,4058235287.0,0.0,7.0,5587688.0,1280.0,15231732.0,0.0,4.0,999999999999,999999999999,999999999999
2222,sqlite3ExprNNCollSeq,181,968,4063833695.0,0.0,7.0,3192918.0,968.0,15253622.0,0.0,4.0,999999999999,999999999999,999999999999
1651,sqlite3ExprCollSeq,1798,2400,4067029153.0,0.0,34.0,14414213.0,2400.0,15255112.0,0.0,22.0,999999999999,999999999999,999999999999
1653,sqlite3CheckCollSeq,353,1048,4081446176.0,0.0,34.0,4044998.0,1048.0,15261612.0,0.0,22.0,999999999999,999999999999,999999999999
1773,sqlite3VdbeAddOp4,213,1144,4085493824.0,0.0,53.0,3587138.0,1144.0,15267822.0,0.0,20.0,999999999999,999999999999,999999999999
866,sqlite3VdbeChangeP4,738,1216,4089084072.0,0.0,73.0,6201506.0,1216.0,15272192.0,0.0,31.0,999999999999,999999999999,999999999999
1860,sqlite3VdbeMakeLabel,67,552,4095288559.0,0.0,74.0,2020889.0,552.0,15280072.0,0.0,50.0,999999999999,999999999999,999999999999
1862,sqlite3VdbeChangeOpcode,114,960,4097311078.0,0.0,5.0,2618799.0,960.0,15282772.0,0.0,2.0,999999999999,999999999999,999999999999
1999,sqlite3VdbeGetOp,190,608,4099931177.0,0.0,126.0,2916459.0,608.0,15284462.0,0.0,117.0,999999999999,999999999999,999999999999
1864,sqlite3WhereBegin,12155,9888,4102848836.0,0.0,15.0,90602817.0,9888.0,15289272.0,0.0,9.0,999999999999,999999999999,999999999999
2223,whereLoopInit,119,592,4193466823.0,0.0,33.0,2395719.0,592.0,15322452.0,0.0,21.0,999999999999,999999999999,999999999999
2224,sqlite3WhereClauseInit,183,640,4195865062.0,0.0,15.0,2603038.0,640.0,15324172.0,0.0,9.0,999999999999,999999999999,999999999999
2225,sqlite3WhereSplit,397,1248,4198469190.0,0.0,25.0,4677038.0,1248.0,15326012.0,0.0,13.0,999999999999,999999999999,999999999999
2226,createMask,122,568,4203148128.0,0.0,14.0,2225119.0,568.0,15330202.0,0.0,8.0,999999999999,999999999999,999999999999
2227,sqlite3WhereTabFuncArgs,1320,1992,4205374507.0,0.0,14.0,13361284.0,1992.0,15332122.0,0.0,8.0,999999999999,999999999999,999999999999
2228,sqlite3WhereExprAnalyze,207,1032,4218737451.0,0.0,15.0,3907028.0,1032.0,15335792.0,0.0,9.0,999999999999,999999999999,999999999999
2232,whereShortCut,2769,2304,4222645839.0,0.0,11.0,19531160.0,2304.0,15340322.0,0.0,5.0,999999999999,999999999999,999999999999
2292,whereScanInit,1032,1520,4242179030.0,0.0,33.0,8972155.0,1520.0,15347182.0,0.0,18.0,999999999999,999999999999,999999999999
2293,whereScanNext,3270,2528,4251153035.0,0.0,38.0,25507088.0,2528.0,15350802.0,0.0,23.0,999999999999,999999999999,999999999999
2233,whereLoopAddAll,1669,2352,4276663643.0,0.0,12.0,15950362.0,2352.0,15361142.0,0.0,9.0,999999999999,999999999999,999999999999
2294,sqlite3WhereGetMask,364,680,4292615506.0,0.0,43.0,5162797.0,680.0,15365362.0,0.0,25.0,999999999999,999999999999,999999999999
2296,whereLoopAddBtree,7002,5280,4297780193.0,0.0,11.0,49558406.0,5280.0,15369312.0,10000000.0,8.0,999999999999,999999999999,999999999999
2350,estLog,237,912,4347343140.0,0.0,21.0,3147169.0,912.0,15381842.0,0.0,15.0,999999999999,999999999999,999999999999
2353,indexMightHelpWithOrderBy,1463,1632,4350495148.0,0.0,11.0,12238334.0,1632.0,15392712.0,0.0,8.0,999999999999,999999999999,999999999999
2354,whereLoopOutputAdjust,2336,1832,4362736292.0,0.0,13.0,16999442.0,1832.0,15401942.0,0.0,10.0,999999999999,999999999999,999999999999
2351,whereLoopInsert,1476,1984,4379737324.0,0.0,19.0,11838404.0,1984.0,15407782.0,0.0,13.0,999999999999,999999999999,999999999999
2365,whereLoopAdjustCost,1264,1368,4391577278.0,0.0,19.0,8780306.0,1368.0,15410962.0,0.0,13.0,999999999999,999999999999,999999999999
2366,whereLoopFindLesser,1358,992,4400359554.0,0.0,19.0,9253836.0,992.0,15414592.0,0.0,13.0,999999999999,999999999999,999999999999
2367,whereLoopXfer,820,1472,4409624500.0,0.0,18.0,7211236.0,1472.0,15436102.0,0.0,12.0,999999999999,999999999999,999999999999
2359,whereLoopClearUnion,459,1192,4416837386.0,0.0,48.0,4893778.0,1192.0,15437842.0,0.0,33.0,999999999999,999999999999,999999999999
2356,whereLoopAddBtreeIndex,10711,6472,4421734154.0,0.0,11.0,67664827.0,6472.0,15446892.0,0.0,8.0,999999999999,999999999999,999999999999
2298,whereLoopClear,274,1104,4489406741.0,0.0,30.0,3914328.0,1104.0,15496472.0,0.0,21.0,999999999999,999999999999,999999999999
2234,wherePathSolver,10018,5672,4493324339.0,0.0,17.0,68697237.0,5672.0,15501282.0,0.0,11.0,999999999999,999999999999,999999999999
2211,sqlite3LogEstAdd,901,696,4562033917.0,0.0,129.0,5482277.0,696.0,15536252.0,0.0,114.0,999999999999,999999999999,999999999999
2299,wherePathSatisfiesOrderBy,9718,5576,4567519724.0,0.0,11.0,73681665.0,5576.0,15561712.0,0.0,5.0,999999999999,999999999999,999999999999
2289,sqlite3WhereFindTerm,575,1280,4641205229.0,0.0,11.0,6789637.0,1280.0,15586142.0,0.0,5.0,999999999999,999999999999,999999999999
2235,whereInterstageHeuristic,582,832,4648008846.0,0.0,5.0,6731657.0,832.0,15629042.0,0.0,2.0,999999999999,999999999999,999999999999
1986,sqlite3OpenTable,545,1440,4654755743.0,0.0,13.0,6098807.0,1440.0,15733492.0,0.0,7.0,999999999999,999999999999,999999999999
1899,sqlite3TableLock,273,1152,4660856920.0,0.0,19.0,4201068.0,1152.0,15736572.0,0.0,7.0,999999999999,999999999999,999999999999
877,sqlite3BtreeSharable,61,544,4665060448.0,0.0,36.0,1920859.0,544.0,15738442.0,0.0,18.0,999999999999,999999999999,999999999999
862,sqlite3VdbeAddOp4Int,488,1312,4666984207.0,0.0,30.0,5620698.0,1312.0,15740762.0,0.0,18.0,999999999999,999999999999,999999999999
879,vdbeChangeP4Full,434,1248,4672607555.0,0.0,41.0,5309257.0,1248.0,15750422.0,0.0,17.0,999999999999,999999999999,999999999999
863,sqlite3VdbeChangeP5,163,584,4677918342.0,0.0,61.0,2797028.0,584.0,15756862.0,0.0,37.0,999999999999,999999999999,999999999999
1781,sqlite3CodeVerifySchema,176,920,4680717240.0,0.0,10.0,2854089.0,920.0,15759782.0,0.0,7.0,999999999999,999999999999,999999999999
2102,sqlite3CodeVerifySchemaAtToplevel,250,944,4683573969.0,0.0,19.0,3361118.0,944.0,15761592.0,0.0,10.0,999999999999,999999999999,999999999999
1793,sqlite3VdbeCurrentAddr,49,544,4686936927.0,0.0,73.0,1935550.0,544.0,15765692.0,0.0,49.0,999999999999,999999999999,999999999999
2244,sqlite3WhereExplainOneScan,2475,2632,4688873707.0,0.0,14.0,16729442.0,2632.0,15770732.0,0.0,8.0,999999999999,999999999999,999999999999
2245,sqlite3WhereCodeOneLoopStart,30791,25592,4705608449.0,0.0,14.0,248679562.0,25592.0,15776712.0,0.0,8.0,999999999999,999999999999,999999999999
1865,sqlite3WhereOutputRowCount,66,544,4954298490.0,0.0,22.0,2264419.0,544.0,15854032.0,0.0,16.0,999999999999,999999999999,999999999999
1867,sqlite3WhereIsOrdered,158,552,4956565869.0,0.0,5.0,2316999.0,552.0,15857802.0,0.0,2.0,999999999999,999999999999,999999999999
1868,sqlite3WhereOrderByLimitOptLabel,309,640,4958884858.0,0.0,4.0,3564469.0,640.0,15859962.0,0.0,1.0,999999999999,999999999999,999999999999
1869,sqlite3VdbeChangeToNoop,351,1072,4962450647.0,0.0,7.0,4052567.0,1072.0,15863312.0,0.0,1.0,999999999999,999999999999,999999999999
878,freeP4,581,1688,4966504804.0,0.0,59.0,4664998.0,1688.0,15865962.0,0.0,29.0,999999999999,999999999999,999999999999
1307,sqlite3KeyInfoUnref,188,912,4971173952.0,0.0,8.0,2914629.0,912.0,15868492.0,0.0,5.0,999999999999,999999999999,999999999999
1873,sqlite3WhereContinueLabel,48,544,4974098861.0,0.0,11.0,1800319.0,544.0,15880412.0,0.0,8.0,999999999999,999999999999,999999999999
1874,sqlite3WhereBreakLabel,49,544,4975900500.0,0.0,11.0,1800809.0,544.0,15881852.0,0.0,8.0,999999999999,999999999999,999999999999
1872,selectInnerLoop,7166,7384,4977702469.0,0.0,14.0,51138036.0,7384.0,15883032.0,0.0,11.0,999999999999,999999999999,999999999999
2257,codeOffset,165,936,5028842915.0,0.0,15.0,2960888.0,936.0,15892062.0,0.0,12.0,999999999999,999999999999,999999999999
2258,innerLoopLoadRow,156,952,5031806243.0,0.0,12.0,2722649.0,952.0,15899172.0,0.0,9.0,999999999999,999999999999,999999999999
1885,sqlite3ExprCodeExprList,1576,2016,5034530732.0,0.0,20.0,14377303.0,2016.0,15900902.0,0.0,17.0,999999999999,999999999999,999999999999
1958,sqlite3ExprCodeTarget,15921,19104,5048909755.0,0.0,112.0,117728014.0,19104.0,15906812.0,0.0,67.0,999999999999,999999999999,999999999999
2035,sqlite3ExprCodeGetColumn,461,1208,5166642379.0,0.0,43.0,5278688.0,1208.0,15926252.0,0.0,22.0,999999999999,999999999999,999999999999
1924,sqlite3ExprCodeGetColumnOfTable,1070,1896,5171924077.0,0.0,43.0,9469895.0,1896.0,15928322.0,0.0,22.0,999999999999,999999999999,999999999999
1942,sqlite3TableColumnToStorage,581,744,5181396342.0,0.0,48.0,6456027.0,744.0,15933172.0,0.0,27.0,999999999999,999999999999,999999999999
1993,sqlite3ColumnDefault,597,1488,5187856189.0,0.0,41.0,5962457.0,1488.0,15939522.0,0.0,20.0,999999999999,999999999999,999999999999
1875,sqlite3WhereEnd,7780,7664,5193827336.0,0.0,15.0,62444670.0,7664.0,16048062.0,0.0,9.0,999999999999,999999999999,999999999999
1871,sqlite3VdbeResolveLabel,284,992,5256276326.0,0.0,74.0,3703828.0,992.0,16058842.0,0.0,50.0,999999999999,999999999999,999999999999
2071,resizeResolveLabel,486,1232,5259983664.0,0.0,12.0,5493458.0,1232.0,16061352.0,0.0,6.0,999999999999,999999999999,999999999999
1347,sqlite3DbReallocOrFree,197,1056,5265480452.0,0.0,16.0,3313668.0,1056.0,16064082.0,0.0,7.0,999999999999,999999999999,999999999999
2246,whereInfoFree,385,1288,5268812990.0,0.0,15.0,5750508.0,1288.0,16101062.0,0.0,9.0,999999999999,999999999999,999999999999
2320,sqlite3WhereClauseClear,550,1192,5274565728.0,0.0,15.0,6375667.0,1192.0,16102392.0,0.0,9.0,999999999999,999999999999,999999999999
2321,whereLoopDelete,115,992,5280943255.0,0.0,18.0,2589658.0,992.0,16105692.0,0.0,12.0,999999999999,999999999999,999999999999
1848,sqlite3VdbeExplainPop,92,928,5283543063.0,0.0,14.0,2302279.0,928.0,16126952.0,0.0,11.0,999999999999,999999999999,999999999999
2214,sqlite3VdbeExplainParent,176,976,5285846762.0,0.0,14.0,3213179.0,976.0,16128212.0,0.0,11.0,999999999999,999999999999,999999999999
1538,sqlite3SelectDelete,142,904,5289062681.0,0.0,13.0,2748878.0,904.0,16131112.0,0.0,10.0,999999999999,999999999999,999999999999
1540,clearSelect,671,1776,5291813149.0,0.0,13.0,8725377.0,1776.0,16132672.0,0.0,10.0,999999999999,999999999999,999999999999
1543,sqlite3SrcListDelete,1037,1712,5300548675.0,0.0,23.0,10769885.0,1712.0,16223712.0,0.0,17.0,999999999999,999999999999,999999999999
491,sqlite3DeleteTable,262,952,5311323690.0,0.0,28.0,3527288.0,952.0,16240612.0,0.0,19.0,999999999999,999999999999,999999999999
1770,sqlite3VdbeAddOp0,104,928,5314863688.0,0.0,14.0,2505899.0,928.0,16363412.0,0.0,8.0,999999999999,999999999999,999999999999
1772,sqlite3VdbeJumpHere,107,912,5317372037.0,0.0,23.0,2462769.0,912.0,16366962.0,0.0,17.0,999999999999,999999999999,999999999999
2027,sqlite3VdbeChangeP2,114,960,5319836376.0,0.0,24.0,2606119.0,960.0,16368502.0,0.0,18.0,999999999999,999999999999,999999999999
865,sqlite3VdbeUsesBtree,276,1040,5322445545.0,0.0,20.0,3844048.0,1040.0,16372382.0,0.0,11.0,999999999999,999999999999,999999999999
1777,sqlite3VdbeGoto,109,928,5326293373.0,0.0,19.0,2514539.0,928.0,16383032.0,0.0,16.0,999999999999,999999999999,999999999999
867,sqlite3VdbeMakeReady,2567,2880,5328809812.0,0.0,11.0,16884192.0,2880.0,16386542.0,0.0,8.0,999999999999,999999999999,999999999999
881,resolveP2Values,1028,1880,5345696024.0,0.0,11.0,8975176.0,1880.0,16392462.0,0.0,8.0,999999999999,999999999999,999999999999
882,allocSpace,342,648,5354679570.0,0.0,68.0,3650578.0,648.0,16412182.0,0.0,44.0,999999999999,999999999999,999999999999
626,sqlite3VdbeRewind,205,672,5358334728.0,0.0,11.0,2791419.0,672.0,16428482.0,0.0,8.0,999999999999,999999999999,999999999999
604,sqlite3_step,751,1848,5361136277.0,0.0,19.0,8991245.0,1848.0,16459222.0,0.0,16.0,999999999999,999999999999,999999999999
617,vdbeSafetyNotNull,182,984,5370129282.0,0.0,19.0,3114439.0,984.0,16461062.0,0.0,16.0,999999999999,999999999999,999999999999
638,vdbeSafety,176,944,5373245091.0,0.0,26.0,2947098.0,944.0,16462331.0,0.0,23.0,999999999999,999999999999,999999999999
618,sqlite3Step,2011,2184,5376193399.0,0.0,19.0,14963043.0,2184.0,16465402.0,0.0,16.0,999999999999,999999999999,999999999999
798,sqlite3VdbeExec,103835,80248,5391158382.0,0.0,19.0,1342759171.0,80248.0,16473022.0,0.0,16.0,999999999999,999999999999,999999999999
1379,allocateCursor,1292,1824,6733925363.0,0.0,25.0,12231094.0,1824.0,16598591.0,0.0,16.0,999999999999,999999999999,999999999999
1460,sqlite3BtreeCursorSize,13,520,6746160467.0,0.0,19.0,1528769.0,520.0,16602862.0,0.0,10.0,999999999999,999999999999,999999999999
1461,sqlite3BtreeCursorZero,95,568,6747704256.0,0.0,19.0,1988289.0,568.0,16629691.0,0.0,10.0,999999999999,999999999999,999999999999
1380,sqlite3BtreeCursor,289,1056,6749694505.0,0.0,19.0,3642228.0,1056.0,16632742.0,0.0,10.0,999999999999,999999999999,999999999999
1463,btreeCursor,857,1496,6753338053.0,0.0,19.0,8905916.0,1496.0,16635142.0,0.0,10.0,999999999999,999999999999,999999999999
1381,sqlite3BtreeCursorHintFlags,61,552,6762246489.0,0.0,16.0,1943169.0,552.0,16642691.0,0.0,7.0,999999999999,999999999999,999999999999
810,sqlite3BtreeFirst,234,1056,6764192378.0,0.0,10007.0,3446968.0,1056.0,16648631.0,10000000.0,10004.0,999999999999,999999999999,999999999999
1456,moveToRoot,1683,1968,6767642056.0,0.0,47413.0,12427435.0,1968.0,16650211.0,370000000.0,55394.0,999999999999,999999999999,999999999999
731,sqlite3VdbeHalt,4031,3400,6780073561.0,0.0,11.0,24269058.0,3400.0,27944777.0,0.0,8.0,999999999999,999999999999,999999999999
1311,closeAllCursors,552,1352,6804344689.0,0.0,11.0,6657047.0,1352.0,27950186.0,0.0,8.0,999999999999,999999999999,999999999999
1318,closeCursorsInFrame,328,1096,6811004376.0,0.0,11.0,4876827.0,1096.0,27952397.0,0.0,8.0,999999999999,999999999999,999999999999
1328,sqlite3VdbeFreeCursorNN,372,1080,6815882983.0,0.0,25.0,4313728.0,1080.0,27955566.0,0.0,16.0,999999999999,999999999999,999999999999
1331,sqlite3BtreeCloseCursor,637,1392,6820197941.0,0.0,19.0,6693427.0,1392.0,27958606.0,0.0,10.0,999999999999,999999999999,999999999999
1283,btreeReleaseAllCursorPages,344,1120,6826894688.0,0.0,24.0,4893468.0,1120.0,27962426.0,0.0,15.0,999999999999,999999999999,999999999999
1249,unlockBtreeIfUnused,196,928,6831790066.0,0.0,32.0,2956609.0,928.0,27971826.0,0.0,23.0,999999999999,999999999999,999999999999
1304,releaseMemArray,597,1280,6834751715.0,0.0,27.0,6773466.0,1280.0,27978097.0,0.0,18.0,999999999999,999999999999,999999999999
1312,sqlite3VdbeEnter,447,1160,6841534321.0,0.0,11.0,5739127.0,1160.0,28029076.0,0.0,8.0,999999999999,999999999999,999999999999
1313,sqlite3VdbeCheckFk,417,1144,6847274728.0,0.0,19.0,4413648.0,1144.0,28032246.0,0.0,16.0,999999999999,999999999999,999999999999
1314,vdbeCommit,4736,5120,6851689926.0,0.0,8.0,36808753.0,5120.0,28039496.0,0.0,8.0,999999999999,999999999999,999999999999
1322,sqlite3VtabSync,495,1376,6888501249.0,0.0,8.0,6827936.0,1376.0,28044406.0,0.0,8.0,999999999999,999999999999,999999999999
1040,sqlite3BtreeGetFilename,99,912,6895334235.0,0.0,8.0,2318889.0,912.0,28052376.0,0.0,8.0,999999999999,999999999999,999999999999
1041,sqlite3PagerFilename,206,1008,6897656134.0,0.0,8.0,3478659.0,1008.0,28053996.0,0.0,8.0,999999999999,999999999999,999999999999
1137,sqlite3IsMemdb,75,544,6901136593.0,0.0,8.0,1871179.0,544.0,28055766.0,0.0,8.0,999999999999,999999999999,999999999999
679,sqlite3BtreeCommitPhaseOne,479,1312,6903013662.0,0.0,9.0,5223128.0,1312.0,28064656.0,0.0,9.0,999999999999,999999999999,999999999999
678,sqlite3BtreeCommitPhaseTwo,389,1264,6908239209.0,0.0,9.0,4931988.0,1264.0,28069296.0,0.0,9.0,999999999999,999999999999,999999999999
711,btreeEndTransaction,456,1176,6913174307.0,0.0,13.0,4578668.0,1176.0,28072116.0,10000000.0,13.0,999999999999,999999999999,999999999999
1272,clearAllSharedCacheTableLocks,587,1168,6917755375.0,0.0,11.0,5944357.0,1168.0,28075286.0,0.0,11.0,999999999999,999999999999,999999999999
720,releasePageOne,82,888,6923703722.0,0.0,11.0,2170429.0,888.0,28081596.0,0.0,11.0,999999999999,999999999999,999999999999
1257,sqlite3PagerUnrefPageOne,110,992,6925875951.0,0.0,11.0,2465489.0,992.0,28082716.0,0.0,11.0,999999999999,999999999999,999999999999
1118,sqlite3PcacheRelease,275,960,6928343890.0,0.0,2851.0,3368608.0,960.0,27968517.0,20000000.0,5541.0,999999999999,999999999999,999999999999
1120,pcacheUnpin,204,944,6931714158.0,0.0,2776.0,2943559.0,944.0,28085216.0,0.0,5477.0,999999999999,999999999999,999999999999
2699,pcache1Unpin,388,1072,6934660157.0,0.0,2776.0,4159118.0,1072.0,28087476.0,10000000.0,5477.0,999999999999,999999999999,999999999999
1200,pagerUnlockIfUnused,142,984,6938822105.0,0.0,11.0,2775179.0,984.0,28091346.0,0.0,11.0,999999999999,999999999999,999999999999
1161,pagerUnlockAndRollback,703,1424,6941601264.0,0.0,15.0,5762017.0,1424.0,28093906.0,0.0,15.0,999999999999,999999999999,999999999999
1202,pager_end_transaction,2032,2496,6947365191.0,0.0,20.0,14745943.0,2496.0,28097836.0,0.0,17.0,999999999999,999999999999,999999999999
1158,pager_unlock,876,1600,6962112884.0,0.0,15.0,7857796.0,1600.0,28101936.0,0.0,15.0,999999999999,999999999999,999999999999
1030,sqlite3BitvecDestroy,292,1120,6969973760.0,0.0,36.0,4429908.0,1120.0,28104116.0,0.0,30.0,999999999999,999999999999,999999999999
1204,releaseAllSavepoints,407,1304,6974406368.0,0.0,27.0,6012627.0,1304.0,28106766.0,0.0,24.0,999999999999,999999999999,999999999999
1144,sqlite3OsClose,169,936,6980421555.0,0.0,47.0,2824909.0,936.0,28109786.0,0.0,41.0,999999999999,999999999999,999999999999
1210,pagerUnlockDb,354,1072,6983253794.0,0.0,21.0,4121938.0,1072.0,28118266.0,0.0,18.0,999999999999,999999999999,999999999999
1217,sqlite3OsUnlock,118,952,6987376942.0,0.0,15.0,2499779.0,952.0,28120076.0,0.0,12.0,999999999999,999999999999,999999999999
1098,dotlockUnlock,521,1184,6989878441.0,0.0,16.0,5039337.0,1184.0,28121886.0,0.0,13.0,999999999999,999999999999,999999999999
2807,rmdir,161,1016,6994921378.0,0.0,8.0,2868079.0,1016.0,28125126.0,0.0,8.0,999999999999,999999999999,999999999999
2793,__wasilibc_nocwd___wasilibc_rmdirat,36,864,6997797767.0,0.0,8.0,2102319.0,864.0,28148176.0,0.0,8.0,999999999999,999999999999,999999999999
2777,__wasi_path_remove_directory,26,928,6999901756.0,0.0,8.0,2109299.0,928.0,28149126.0,0.0,8.0,999999999999,999999999999,999999999999
1323,sqlite3VtabCommit,88,904,7002109845.0,0.0,8.0,2157508.0,904.0,28216936.0,0.0,8.0,999999999999,999999999999,999999999999
1339,callFinaliser,559,1400,7004269743.0,0.0,10.0,6898927.0,1400.0,28218006.0,0.0,10.0,999999999999,999999999999,999999999999
1004,sqlite3CommitInternalChanges,65,544,7011172080.0,0.0,21.0,1892470.0,544.0,28223596.0,0.0,18.0,999999999999,999999999999,999999999999
799,doWalCallbacks,53,552,7013069499.0,0.0,11.0,1817410.0,552.0,28235296.0,0.0,8.0,999999999999,999999999999,999999999999
634,sqlite3VdbeFinalize,184,1032,7014891209.0,0.0,4.0,3086078.0,1032.0,28240446.0,0.0,1.0,999999999999,999999999999,999999999999
625,sqlite3VdbeReset,523,1256,7017979707.0,0.0,11.0,5218628.0,1256.0,28242336.0,0.0,8.0,999999999999,999999999999,999999999999
492,sqlite3VdbeDelete,304,1096,7023201105.0,0.0,11.0,3869288.0,1096.0,28247616.0,0.0,8.0,999999999999,999999999999,999999999999
502,sqlite3VdbeClearObject,784,1784,7027073883.0,0.0,11.0,8334926.0,1784.0,28249066.0,0.0,8.0,999999999999,999999999999,999999999999
1305,vdbeFreeOpArray,410,1128,7035421239.0,0.0,11.0,5114748.0,1128.0,28337086.0,0.0,8.0,999999999999,999999999999,999999999999
1414,sqlite3AnalysisLoad,1057,1792,7040545066.0,0.0,1.0,10563976.0,1792.0,28388526.0,0.0,1.0,999999999999,999999999999,999999999999
1497,sqlite3BtreeCommit,158,1072,7051116652.0,0.0,1.0,3226438.0,1072.0,28433626.0,0.0,1.0,999999999999,999999999999,999999999999
1783,sqlite3BeginWriteOperation,290,1032,7054413570.0,0.0,9.0,3530738.0,1032.0,46541787.0,0.0,3.0,999999999999,999999999999,999999999999
1771,sqlite3VdbeAddOp1,118,944,7057948338.0,0.0,37.0,2490409.0,944.0,45318148.0,0.0,31.0,999999999999,999999999999,999999999999
1784,sqlite3OpenSchemaTable,238,1152,7060443467.0,0.0,3.0,3559018.0,1152.0,,,,999999999999,999999999999,999999999999
1684,sqlite3AddPrimaryKey,1948,2536,7064021655.0,0.0,6.0,16720263.0,2536.0,18166841.0,0.0,6.0,999999999999,999999999999,999999999999
1812,makeColumnPartOfPrimaryKey,190,936,7080743798.0,0.0,6.0,3038048.0,936.0,18172281.0,0.0,3.0,999999999999,999999999999,999999999999
1815,sqlite3HasExplicitNulls,545,1104,7083784786.0,0.0,6.0,6293467.0,1104.0,18177721.0,0.0,3.0,999999999999,999999999999,999999999999
1683,sqlite3AddNotNull,611,768,7090101023.0,0.0,14.0,6097977.0,768.0,18801681.0,0.0,14.0,999999999999,999999999999,999999999999
1799,sqlite3NestedParse,683,1544,7096216870.0,0.0,3.0,6357737.0,1544.0,,,,999999999999,999999999999,999999999999
547,enlargeAndAppend,261,1096,7102579537.0,0.0,11.0,3568618.0,1096.0,,,,999999999999,999999999999,999999999999
541,sqlite3StrAccumEnlarge,1355,1744,7106150755.0,0.0,11.0,9873655.0,1744.0,,,,999999999999,999999999999,999999999999
535,printfTempBuf,483,1160,7116033940.0,0.0,3.0,4603058.0,1160.0,,,,999999999999,999999999999,999999999999
1810,sqlite3DequoteExpr,202,936,7120664198.0,0.0,28.0,2870009.0,936.0,44561898.0,0.0,10.0,999999999999,999999999999,999999999999
1701,sqlite3ExprListSetName,420,1256,7123541807.0,0.0,23.0,4867908.0,1256.0,21625869.0,0.0,8.0,999999999999,999999999999,999999999999
1680,sqlite3PExpr,511,1408,7128426805.0,0.0,47.0,5628657.0,1408.0,53871454.0,0.0,29.0,999999999999,999999999999,999999999999
1726,sqlite3ExprAttachSubtrees,586,1240,7134059522.0,0.0,47.0,5519047.0,1240.0,53877894.0,0.0,29.0,999999999999,999999999999,999999999999
852,sqlite3GetInt32,2182,1536,7139580909.0,0.0,23.0,13766354.0,1536.0,52850474.0,0.0,17.0,999999999999,999999999999,999999999999
1706,sqlite3SrcListIndexedBy,474,1064,7153377583.0,0.0,3.0,4575928.0,1064.0,,,,999999999999,999999999999,999999999999
1715,sqlite3ExprListCheckLength,241,968,7157955090.0,0.0,3.0,3276488.0,968.0,,,,999999999999,999999999999,999999999999
1717,sqlite3Update,21493,19176,7161233209.0,0.0,3.0,170122499.0,19176.0,,,,999999999999,999999999999,999999999999
1816,sqlite3SrcListLookup,474,1224,7331359858.0,0.0,6.0,5541648.0,1224.0,46478057.0,0.0,3.0,999999999999,999999999999,999999999999
1913,sqlite3TriggersExist,355,1200,7336916005.0,0.0,6.0,4829058.0,1200.0,46521527.0,0.0,3.0,999999999999,999999999999,999999999999
2394,tempTriggersExist,207,608,7341748463.0,0.0,6.0,2908809.0,608.0,46523747.0,0.0,3.0,999999999999,999999999999,999999999999
1829,sqlite3ViewGetColumnNames,255,976,7344660582.0,0.0,6.0,3248788.0,976.0,46527997.0,0.0,3.0,999999999999,999999999999,999999999999
1915,sqlite3IsReadOnly,451,1176,7347911070.0,0.0,6.0,4886938.0,1176.0,46531287.0,0.0,3.0,999999999999,999999999999,999999999999
2398,tabIsReadOnly,407,1112,7352799368.0,0.0,6.0,4539078.0,1112.0,46533047.0,0.0,3.0,999999999999,999999999999,999999999999
1914,sqlite3FkRequired,966,1696,7357360735.0,0.0,3.0,10092156.0,1696.0,,,,999999999999,999999999999,999999999999
1950,sqlite3ExprVectorSize,339,648,7367457321.0,0.0,49.0,3550388.0,648.0,58853311.0,0.0,19.0,999999999999,999999999999,999999999999
2285,whereClauseInsert,1083,1760,7371023639.0,0.0,16.0,9705035.0,1760.0,59720501.0,0.0,7.0,999999999999,999999999999,999999999999
2286,exprAnalyze,11789,10736,7380732164.0,0.0,14.0,79557173.0,10736.0,59734071.0,0.0,5.0,999999999999,999999999999,999999999999
2322,sqlite3WhereExprUsage,165,920,7460294477.0,0.0,28.0,2943128.0,920.0,59748341.0,0.0,10.0,999999999999,999999999999,999999999999
2324,sqlite3WhereExprUsageNN,309,1000,7463241185.0,0.0,28.0,3922728.0,1000.0,59749901.0,0.0,10.0,999999999999,999999999999,999999999999
2335,sqlite3WhereExprUsageFull,1047,1616,7467166233.0,0.0,3.0,8678106.0,1616.0,,,,999999999999,999999999999,999999999999
2325,allowedOp,275,568,7475846439.0,0.0,14.0,2881189.0,568.0,59760201.0,0.0,5.0,999999999999,999999999999,999999999999
1813,sqlite3ExprSkipCollate,194,576,7478730358.0,0.0,22.0,3545268.0,576.0,59763101.0,0.0,10.0,999999999999,999999999999,999999999999
2326,exprMightBeIndexed,769,1264,7482278046.0,0.0,22.0,8090886.0,1264.0,59768061.0,0.0,10.0,999999999999,999999999999,999999999999
2327,operatorMask,276,640,7490370702.0,0.0,13.0,3188719.0,640.0,59772021.0,0.0,7.0,999999999999,999999999999,999999999999
2334,isAuxiliaryVtabOperator,2528,2040,7493562571.0,0.0,14.0,15739502.0,2040.0,59783591.0,0.0,5.0,999999999999,999999999999,999999999999
2308,codeEqualityTerm,4613,4192,7509317653.0,0.0,5.0,35052433.0,4192.0,3709033862.0,0.0,2.0,999999999999,999999999999,999999999999
2310,disableTerm,620,824,7544374826.0,0.0,5.0,6924237.0,824.0,3709066132.0,0.0,2.0,999999999999,999999999999,999999999999
1887,sqlite3ReleaseTempReg,207,584,7551301533.0,0.0,65.0,2934319.0,584.0,59588321.0,0.0,50.0,999999999999,999999999999,999999999999
1921,sqlite3WhereOkOnePass,111,576,7554241252.0,0.0,3.0,2258488.0,576.0,,,,999999999999,999999999999,999999999999
1923,sqlite3WhereUsesDeferredSeek,72,544,7556501910.0,0.0,3.0,2024869.0,544.0,,,,999999999999,999999999999,999999999999
1926,sqlite3OpenTableAndIndices,1465,2096,7558551619.0,0.0,6.0,14280794.0,2096.0,46603827.0,0.0,3.0,999999999999,999999999999,999999999999
1941,sqlite3TriggerColmask,765,1488,7572837463.0,0.0,3.0,8614626.0,1488.0,,,,999999999999,999999999999,999999999999
1776,sqlite3ExprCode,474,1232,7581454499.0,0.0,42.0,5352137.0,1232.0,61850840.0,0.0,21.0,999999999999,999999999999,999999999999
1987,sqlite3VdbeLoadString,128,960,7586810626.0,0.0,28.0,2667769.0,960.0,45293918.0,0.0,10.0,999999999999,999999999999,999999999999
1945,sqlite3GenerateConstraintChecks,17496,16056,7589499325.0,0.0,6.0,138868194.0,16056.0,46653277.0,0.0,3.0,999999999999,999999999999,999999999999
2429,indexIteratorFirst,178,624,7728372239.0,0.0,6.0,3269518.0,624.0,46754067.0,0.0,3.0,999999999999,999999999999,999999999999
1797,sqlite3TableAffinity,737,1648,7731648137.0,0.0,6.0,7278677.0,1648.0,46760907.0,0.0,3.0,999999999999,999999999999,999999999999
2121,sqlite3TableAffinityStr,692,1224,7738929824.0,0.0,4.0,7552206.0,1224.0,46763607.0,0.0,3.0,999999999999,999999999999,999999999999
1947,sqlite3GenerateRowIndexDelete,891,1696,7746502010.0,0.0,3.0,10410805.0,1696.0,,,,999999999999,999999999999,999999999999
1948,sqlite3CompleteInsertion,1648,2144,7756915265.0,0.0,6.0,15251223.0,2144.0,46802187.0,0.0,3.0,999999999999,999999999999,999999999999
1932,sqlite3AuthContextPop,139,576,7772171638.0,0.0,3.0,2434679.0,576.0,,,,999999999999,999999999999,999999999999
1665,yy_accept,75,552,7774634277.0,0.0,3.0,1945219.0,552.0,,,,999999999999,999999999999,999999999999
1800,sqlite3ChangeCookie,213,984,7776587166.0,0.0,3.0,2980838.0,984.0,,,,999999999999,999999999999,999999999999
1801,sqlite3VdbeAddParseSchemaOp,322,1272,7779580384.0,0.0,3.0,5249378.0,1272.0,,,,999999999999,999999999999,999999999999
1792,sqlite3MayAbort,149,568,7784833842.0,0.0,10.0,2356569.0,568.0,46678207.0,0.0,7.0,999999999999,999999999999,999999999999
501,deleteTable,707,1648,7787208701.0,0.0,10.0,7797116.0,1648.0,61635620.0,0.0,7.0,999999999999,999999999999,999999999999
1646,sqlite3FkDelete,661,1464,7795008697.0,0.0,10.0,7573256.0,1464.0,61638440.0,0.0,7.0,999999999999,999999999999,999999999999
1648,sqlite3DeleteColumnNames,531,1336,7802584133.0,0.0,10.0,6703457.0,1336.0,61641720.0,0.0,7.0,999999999999,999999999999,999999999999
1617,sqlite3VdbeSetSql,280,1048,7809296160.0,0.0,7.0,3853699.0,1048.0,33002883.0,0.0,7.0,999999999999,999999999999,999999999999
800,sqlite3_sql,129,568,7813160109.0,0.0,7.0,2441158.0,568.0,33036423.0,0.0,7.0,999999999999,999999999999,999999999999
846,sqlite3_stmt_isexplain,151,568,7815605448.0,0.0,14.0,2509368.0,568.0,33042443.0,0.0,14.0,999999999999,999999999999,999999999999
273,bind_prepared_stmt,978,2160,7818116746.0,0.0,7.0,10389845.0,2160.0,33047414.0,0.0,7.0,999999999999,999999999999,999999999999
838,sqlite3_bind_parameter_count,147,560,7828508771.0,0.0,7.0,2507989.0,560.0,33049863.0,0.0,7.0,999999999999,999999999999,999999999999
270,exec_prepared_stmt,2296,2376,7831018100.0,0.0,7.0,16183242.0,2376.0,33052534.0,0.0,7.0,999999999999,999999999999,999999999999
2705,pcache1PinPage,169,632,7847340782.0,0.0,2776.0,2722529.0,632.0,33338053.0,0.0,5477.0,999999999999,999999999999,999999999999
1124,sqlite3TempInMemory,91,552,7850069260.0,0.0,14.0,2089619.0,552.0,47298337.0,0.0,11.0,999999999999,999999999999,999999999999
1248,sqlite3PagerBegin,465,1272,7852161280.0,0.0,9.0,5464607.0,1272.0,47299757.0,0.0,6.0,999999999999,999999999999,999999999999
2805,utimes,245,1152,7857629217.0,0.0,12.0,4048768.0,1152.0,47305797.0,0.0,6.0,999999999999,999999999999,999999999999
2791,__wasilibc_nocwd_utimensat,505,1712,7861683355.0,0.0,12.0,8637296.0,1712.0,47325577.0,0.0,6.0,999999999999,999999999999,999999999999
2774,__wasi_path_filestat_set_times,34,976,7870322911.0,0.0,12.0,2484599.0,976.0,47326927.0,0.0,6.0,999999999999,999999999999,999999999999
688,newDatabase,807,1600,7872855160.0,0.0,9.0,7430816.0,1600.0,47353837.0,0.0,6.0,999999999999,999999999999,999999999999
672,sqlite3PagerWrite,427,1160,7880288556.0,0.0,32192.0,4963918.0,1160.0,47656647.0,130000000.0,32162.0,999999999999,999999999999,999999999999
694,pager_write,790,1456,7885254694.0,0.0,66.0,7047357.0,1456.0,47659697.0,0.0,60.0,999999999999,999999999999,999999999999
1261,pager_open_journal,1017,1784,7892304581.0,0.0,9.0,9089695.0,1784.0,47662827.0,0.0,6.0,999999999999,999999999999,999999999999
1025,sqlite3BitvecCreate,161,960,7901397826.0,0.0,6.0,3012069.0,960.0,47665927.0,0.0,3.0,999999999999,999999999999,999999999999
1267,jrnlBufferSize,39,536,7904423665.0,0.0,6.0,1859339.0,536.0,47689507.0,0.0,3.0,999999999999,999999999999,999999999999
1268,databaseIsUnmoved,365,1064,7906284914.0,0.0,6.0,4240428.0,1064.0,47690817.0,0.0,3.0,999999999999,999999999999,999999999999
1265,sqlite3JournalOpen,541,1224,7910526512.0,0.0,6.0,5635197.0,1224.0,47702877.0,0.0,3.0,999999999999,999999999999,999999999999
1091,getFileMode,293,1144,7916169460.0,0.0,6.0,4063478.0,1144.0,47732867.0,0.0,3.0,999999999999,999999999999,999999999999
1184,writeJournalHdr,1408,2080,7920321178.0,0.0,6.0,13008573.0,2080.0,47847007.0,0.0,3.0,999999999999,999999999999,999999999999
1183,journalHdrOffset,235,616,7933332641.0,0.0,12.0,3051799.0,616.0,47851057.0,0.0,6.0,999999999999,999999999999,999999999999
570,sqlite3OsRandomness,303,1144,7936390520.0,0.0,1.0,4173058.0,1144.0,47866537.0,0.0,1.0,999999999999,999999999999,999999999999
592,unixRandomness,514,1408,7940566588.0,0.0,1.0,5715117.0,1408.0,47868597.0,0.0,1.0,999999999999,999999999999,999999999999
2745,time,93,976,7946316385.0,0.0,1.0,2800979.0,976.0,47898797.0,0.0,1.0,999999999999,999999999999,999999999999
571,chacha_block,4736,1648,7949121634.0,0.0,1.0,30381875.0,1648.0,47904517.0,0.0,1.0,999999999999,999999999999,999999999999
686,sqlite3Put4byte,156,600,7979508159.0,0.0,247.0,2641029.0,600.0,48028167.0,0.0,200.0,999999999999,999999999999,999999999999
674,sqlite3OsWrite,155,992,7982153298.0,0.0,98.0,2932138.0,992.0,48035367.0,0.0,86.0,999999999999,999999999999,999999999999
1066,unixWrite,578,1336,7985087716.0,0.0,98.0,6655077.0,1336.0,48037407.0,0.0,86.0,999999999999,999999999999,999999999999
1067,seekAndWrite,158,976,7991745423.0,0.0,98.0,2873499.0,976.0,48039737.0,0.0,86.0,999999999999,999999999999,999999999999
1089,seekAndWriteFd,571,1424,7994620642.0,0.0,98.0,6763967.0,1424.0,48041237.0,0.0,86.0,999999999999,999999999999,999999999999
2750,write,113,984,8001393739.0,0.0,98.0,3082879.0,984.0,48047667.0,0.0,86.0,999999999999,999999999999,999999999999
1230,sqlite3PcacheMakeDirty,275,952,8004544167.0,0.0,66.0,3416238.0,952.0,48082127.0,0.0,60.0,999999999999,999999999999,999999999999
1121,pcacheManageDirtyList,934,872,8007963595.0,0.0,250.0,6862167.0,872.0,48084947.0,0.0,235.0,999999999999,999999999999,999999999999
1231,sqlite3BitvecTestNotNull,815,824,8014828682.0,0.0,62.0,7929427.0,824.0,48091407.0,0.0,56.0,999999999999,999999999999,999999999999
1253,zeroPage,983,1536,8022761369.0,0.0,63.0,8624025.0,1536.0,62938349.0,0.0,57.0,999999999999,999999999999,999999999999
1233,decodeFlags,1226,1552,8031387674.0,0.0,65.0,8413616.0,1552.0,16677382.0,0.0,111.0,999999999999,999999999999,999999999999
682,sqlite3PagerOpenSavepoint,211,968,8039805400.0,0.0,9.0,3381839.0,968.0,47362157.0,0.0,6.0,999999999999,999999999999,999999999999
1356,out2Prerelease,238,1000,8043193929.0,10000000.0,46102.0,3608038.0,1000.0,33383483.0,170000000.0,54049.0,999999999999,999999999999,999999999999
1364,sqlite3VdbeBooleanValue,303,992,8046805187.0,0.0,2669.0,3792229.0,992.0,6176995196.0,0.0,5332.0,999999999999,999999999999,999999999999
667,sqlite3BtreeUpdateMeta,325,1216,8050599505.0,0.0,5.0,4634008.0,1216.0,,,,999999999999,999999999999,999999999999
1383,sqlite3BtreeCreateTable,140,1056,8055238833.0,0.0,4.0,2886169.0,1056.0,3711219621.0,0.0,1.0,999999999999,999999999999,999999999999
1466,btreeCreateTable,2057,3056,8058127792.0,0.0,4.0,16981132.0,3056.0,3711221831.0,0.0,1.0,999999999999,999999999999,999999999999
1279,allocateBtreePage,6533,6184,8075111384.0,0.0,54.0,46742177.0,6184.0,109951177.0,0.0,49.0,999999999999,999999999999,999999999999
1294,btreeGetUnusedPage,354,1240,8121859931.0,0.0,54.0,4675098.0,1240.0,110050947.0,0.0,49.0,999999999999,999999999999,999999999999
2708,pcache1UnderMemoryPressure,215,968,8126545319.0,0.0,106.0,3153849.0,968.0,63354129.0,0.0,149.0,999999999999,999999999999,999999999999
1491,sqlite3HeapNearlyFull,57,536,8129701978.0,0.0,106.0,1761649.0,536.0,63355449.0,0.0,149.0,999999999999,999999999999,999999999999
1197,addToSavepointBitvecs,338,1176,8131469437.0,0.0,62.0,5588917.0,1176.0,48175607.0,0.0,57.0,999999999999,999999999999,999999999999
1148,sqlite3PagerPageRefcount,88,896,8137066344.0,0.0,102.0,2241769.0,896.0,109804377.0,0.0,97.0,999999999999,999999999999,999999999999
1232,sqlite3PcachePageRefcount,51,544,8139310463.0,0.0,102.0,1944249.0,544.0,109806517.0,0.0,97.0,999999999999,999999999999,999999999999
1280,releasePage,120,880,8141259032.0,0.0,209.0,2541219.0,880.0,110116207.0,0.0,199.0,999999999999,999999999999,999999999999
611,sqlite3PagerUnref,120,880,8143803471.0,0.0,10.0,2578529.0,880.0,48813806.0,0.0,4.0,999999999999,999999999999,999999999999
637,sqlite3PagerUnrefNotNull,141,912,8146385839.0,0.0,2840.0,2796358.0,912.0,27966577.0,0.0,5530.0,999999999999,999999999999,999999999999
1547,allocateTempSpace,325,1112,8149193188.0,0.0,4.0,4184138.0,1112.0,47399677.0,0.0,4.0,999999999999,999999999999,999999999999
1387,sqlite3BtreeLast,249,976,8153394167.0,0.0,20008.0,3524399.0,976.0,47470567.0,20000000.0,20005.0,999999999999,999999999999,999999999999
1467,btreeLast,342,1112,8156920305.0,0.0,10057.0,4165528.0,1112.0,47472797.0,10000000.0,10051.0,999999999999,999999999999,999999999999
1472,getAndInitPage,520,1536,8161087643.0,0.0,2780.0,6232356.0,1536.0,16655682.0,20000000.0,5478.0,999999999999,999999999999,999999999999
734,sqlite3VdbeMemRelease,144,904,8167326629.0,0.0,8.0,2887209.0,904.0,6176621316.0,0.0,5.0,999999999999,999999999999,999999999999
1397,sqlite3BtreeInsert,5857,4544,8170216468.0,0.0,22011.0,36321203.0,4544.0,47608647.0,160000000.0,22005.0,999999999999,999999999999,999999999999
1389,sqlite3BtreeTableMoveto,2904,2432,8206541051.0,0.0,25343.0,20818100.0,2432.0,47619037.0,140000000.0,30669.0,999999999999,999999999999,999999999999
1479,fillInCell,3155,3176,8227363371.0,0.0,22011.0,24154208.0,3176.0,47636697.0,110000000.0,22005.0,999999999999,999999999999,999999999999
1373,sqlite3PutVarint,392,1008,8251520360.0,0.0,20016.0,3957389.0,1008.0,47641867.0,60000000.0,20005.0,999999999999,999999999999,999999999999
1482,insertCellFast,3093,2752,8255484008.0,0.0,22011.0,21268619.0,2752.0,47652017.0,50000000.0,22005.0,999999999999,999999999999,999999999999
2899,memmove,1217,2192,8276757467.0,0.0,22061.0,23357209.0,2192.0,48189497.0,170000000.0,22053.0,999999999999,999999999999,999999999999
1386,sqlite3VdbeFreeCursor,136,896,8300119296.0,0.0,6.0,2715649.0,896.0,,,,999999999999,999999999999,999999999999
1285,releasePageNotNull,81,888,8302840445.0,0.0,2830.0,2310959.0,888.0,27965406.0,0.0,5526.0,999999999999,999999999999,999999999999
769,sqlite3VdbeMemSetNull,146,904,8305161064.0,0.0,34.0,2786089.0,904.0,3706325094.0,0.0,31.0,999999999999,999999999999,999999999999
1243,sqlite3GetVarint,3210,1288,8307963713.0,0.0,32975.0,14639503.0,1288.0,3711741671.0,430000000.0,72955.0,999999999999,999999999999,999999999999
1402,sqlite3VdbeCursorRestore,141,1008,8322608076.0,0.0,5335.0,3172708.0,1008.0,3711948911.0,10000000.0,10664.0,999999999999,999999999999,999999999999
1366,sqlite3BtreeCursorHasMoved,91,544,8325782444.0,0.0,49368.0,2087269.0,544.0,16700271.0,120000000.0,78684.0,999999999999,999999999999,999999999999
1286,sqlite3BtreeIntegerKey,95,920,8327871893.0,0.0,15339.0,2350839.0,920.0,47541097.0,0.0,20669.0,999999999999,999999999999,999999999999
1288,getCellInfo,214,936,8330224372.0,0.0,38685.0,3167848.0,936.0,16703682.0,70000000.0,57344.0,999999999999,999999999999,999999999999
1289,btreeParseCell,306,1024,8333394050.0,0.0,33349.0,3579259.0,1024.0,16706311.0,40000000.0,46675.0,999999999999,999999999999,999999999999
1236,btreeParseCellPtr,2548,1656,8336975159.0,0.0,43348.0,14528453.0,1656.0,16709002.0,380000000.0,56671.0,999999999999,999999999999,999999999999
1357,sqlite3VdbeMemShallowCopy,399,1040,8351511282.0,0.0,60023.0,4185778.0,1040.0,47461817.0,110000000.0,60020.0,999999999999,999999999999,999999999999
755,sqlite3VdbeMemMakeWriteable,424,1104,8355699920.0,0.0,40018.0,4775908.0,1104.0,63133399.0,290000000.0,40015.0,999999999999,999999999999,999999999999
1360,applyAffinity,670,1120,8360480438.0,0.0,40025.0,5558917.0,1120.0,47560297.0,110000000.0,40010.0,999999999999,999999999999,999999999999
1372,sqlite3VarintLen,150,600,8366041675.0,0.0,15359.0,3074359.0,600.0,47573507.0,190000000.0,20679.0,999999999999,999999999999,999999999999
1481,dropCell,1188,1672,8369128284.0,0.0,10003.0,9716825.0,1672.0,63176949.0,30000000.0,10000.0,999999999999,999999999999,999999999999
1560,freeSpace,4242,2408,8378847669.0,10000000.0,10003.0,24804268.0,2408.0,63181169.0,160000000.0,10000.0,999999999999,999999999999,999999999999
1378,sqlite3FkClearTriggerCache,473,1312,8403660817.0,0.0,3.0,6617207.0,1312.0,,,,999999999999,999999999999,999999999999
1730,sqlite3ExprAnd,537,1256,8410328164.0,0.0,5.0,5228967.0,1256.0,3705033334.0,0.0,2.0,999999999999,999999999999,999999999999
1053,lookasideMallocSize,147,584,8415592622.0,0.0,7.0,2514008.0,584.0,823966897.0,0.0,4.0,999999999999,999999999999,999999999999
1849,propagateConstants,693,1584,8418145340.0,0.0,4.0,8115816.0,1584.0,3706349084.0,0.0,1.0,999999999999,999999999999,999999999999
2215,findConstInWhere,685,1472,8426264186.0,0.0,14.0,6723117.0,1472.0,3706352954.0,0.0,5.0,999999999999,999999999999,999999999999
1733,sqlite3ExprIsConstant,101,920,8432990873.0,0.0,13.0,2433619.0,920.0,44933568.0,0.0,10.0,999999999999,999999999999,999999999999
1964,exprIsConst,187,1000,8435427302.0,0.0,58.0,2949559.0,1000.0,44935228.0,0.0,43.0,999999999999,999999999999,999999999999
2080,exprNodeIsConstant,1313,1376,8438379240.0,0.0,63.0,9033707.0,1376.0,44939678.0,0.0,48.0,999999999999,999999999999,999999999999
2277,constInsert,1019,1576,8447416527.0,0.0,4.0,9699894.0,1576.0,3706406353.0,0.0,1.0,999999999999,999999999999,999999999999
2058,sqlite3ExprAffinity,998,2736,8457119201.0,0.0,51.0,8894546.0,2736.0,44958838.0,0.0,27.0,999999999999,999999999999,999999999999
917,sqlite3ExprCompareCollSeq,227,1008,8466016387.0,0.0,6.0,3531119.0,1008.0,3706416113.0,0.0,3.0,999999999999,999999999999,999999999999
918,sqlite3BinaryCompareCollSeq,379,1168,8469550496.0,0.0,21.0,4750278.0,1168.0,60167550.0,0.0,12.0,999999999999,999999999999,999999999999
1002,sqlite3ColumnColl,386,632,8474304464.0,0.0,19.0,4600978.0,632.0,60174690.0,0.0,10.0,999999999999,999999999999,999999999999
2218,sqlite3IsBinary,143,568,8478910572.0,0.0,6.0,2470328.0,568.0,3706435853.0,0.0,3.0,999999999999,999999999999,999999999999
2032,sqlite3TableColumnAffinity,254,624,8481383400.0,0.0,25.0,3352228.0,624.0,60191770.0,0.0,13.0,999999999999,999999999999,999999999999
2216,propagateConstantExprRewrite,607,1320,8484743168.0,0.0,32.0,5987878.0,1320.0,3706458104.0,0.0,11.0,999999999999,999999999999,999999999999
2278,propagateConstantExprRewriteOne,1151,1520,8490732886.0,0.0,32.0,10384256.0,1520.0,3706459964.0,0.0,11.0,999999999999,999999999999,999999999999
2304,termCanDriveIndex,606,1288,8501149591.0,0.0,17.0,6404876.0,1288.0,3707342653.0,0.0,11.0,999999999999,999999999999,999999999999
2345,sqlite3IndexAffinityOk,372,1024,8507556647.0,0.0,6.0,3958728.0,1024.0,3707552033.0,0.0,3.0,999999999999,999999999999,999999999999
2346,comparisonAffinity,388,1152,8511517156.0,0.0,6.0,4854748.0,1152.0,3707553743.0,0.0,3.0,999999999999,999999999999,999999999999
2079,sqlite3CompareAffinity,551,1048,8516374723.0,0.0,17.0,4676278.0,1048.0,60187710.0,0.0,8.0,999999999999,999999999999,999999999999
2111,sqlite3ProgressCheck,496,1184,8521061741.0,0.0,9.0,5108088.0,1184.0,59845211.0,0.0,3.0,999999999999,999999999999,999999999999
1895,sqlite3ExprIfFalse,2579,3856,8526193559.0,0.0,12.0,20182280.0,3856.0,60049310.0,0.0,6.0,999999999999,999999999999,999999999999
2039,sqlite3ExprIsVector,109,904,8546378859.0,0.0,11.0,2324609.0,904.0,60054321.0,0.0,5.0,999999999999,999999999999,999999999999
2041,sqlite3ExprCodeTemp,520,1456,8548706298.0,0.0,47.0,5833617.0,1456.0,60058650.0,0.0,35.0,999999999999,999999999999,999999999999
2043,sqlite3ExprIsConstantNotJoin,101,920,8554541325.0,0.0,45.0,2444808.0,920.0,60062790.0,0.0,33.0,999999999999,999999999999,999999999999
1886,sqlite3GetTempReg,207,600,8556989884.0,0.0,37.0,3130998.0,600.0,59575421.0,0.0,31.0,999999999999,999999999999,999999999999
2044,sqlite3ExprCodeRunJustOnce,1367,2040,8560127192.0,0.0,23.0,13274684.0,2040.0,60138381.0,0.0,17.0,999999999999,999999999999,999999999999
1807,sqlite3ExprDup,183,952,8573403906.0,0.0,59.0,3003229.0,952.0,58296761.0,0.0,53.0,999999999999,999999999999,999999999999
2072,exprDup,2769,2968,8576409085.0,0.0,45.0,19281890.0,2968.0,58298291.0,0.0,39.0,999999999999,999999999999,999999999999
2113,dupedExprStructSize,278,624,8595698216.0,0.0,45.0,3331028.0,624.0,58306571.0,0.0,39.0,999999999999,999999999999,999999999999
2114,exprStructSize,152,608,8599032134.0,0.0,45.0,2718449.0,608.0,58310781.0,0.0,39.0,999999999999,999999999999,999999999999
2042,codeCompare,474,1480,8601756103.0,0.0,11.0,6226077.0,1480.0,60165121.0,0.0,5.0,999999999999,999999999999,999999999999
2064,binaryCompareP5,208,1056,8607989850.0,0.0,11.0,3231589.0,1056.0,60182770.0,0.0,5.0,999999999999,999999999999,999999999999
1474,moveToLeftmost,487,1208,8611307278.0,0.0,10042.0,5615456.0,1208.0,16690782.0,110000000.0,10078.0,999999999999,999999999999,999999999999
812,sqlite3BtreePayloadSize,91,920,8616927535.0,0.0,23342.0,2369599.0,920.0,16702151.0,10000000.0,36671.0,999999999999,999999999999,999999999999
1368,sqlite3BtreePayloadFetch,94,912,8619301734.0,0.0,23338.0,2395419.0,912.0,16717502.0,10000000.0,36667.0,999999999999,999999999999,999999999999
1449,fetchPayload,344,640,8621699553.0,0.0,23338.0,3553789.0,640.0,16718991.0,130000000.0,36667.0,999999999999,999999999999,999999999999
1369,sqlite3VdbeOneByteSerialTypeLen,77,544,8625255771.0,0.0,63364.0,2079530.0,544.0,16725951.0,380000000.0,116683.0,999999999999,999999999999,999999999999
1363,sqlite3MemCompare,1471,1488,8627341831.0,0.0,10675.0,10499775.0,1488.0,3711583621.0,40000000.0,21332.0,999999999999,999999999999,999999999999
1446,vdbeCompareMemString,879,1824,8637843546.0,0.0,8009.0,8552165.0,1824.0,3711589311.0,20000000.0,16000.0,999999999999,999999999999,999999999999
981,binCollFunc,267,1040,8646397471.0,0.0,8009.0,3879239.0,1040.0,3711592581.0,0.0,16000.0,999999999999,999999999999,999999999999
815,sqlite3VdbeSerialGet,1427,1888,8650288160.0,10000000.0,46012.0,8775456.0,1888.0,16840261.0,530000000.0,62008.0,999999999999,999999999999,999999999999
814,sqlite3GetVarint32,630,1160,8659066866.0,0.0,3.0,5474527.0,1160.0,16849981.0,0.0,3.0,999999999999,999999999999,999999999999
884,sqlite3VdbeSerialTypeLen,166,568,8664542783.0,0.0,8.0,2679178.0,568.0,16854051.0,0.0,8.0,999999999999,999999999999,999999999999
629,sqlite3_column_count,151,576,8667228151.0,0.0,4.0,2648899.0,576.0,16893491.0,0.0,2.0,999999999999,999999999999,999999999999
630,sqlite3_column_name,103,920,8669880120.0,0.0,18.0,2468639.0,920.0,16913971.0,0.0,8.0,999999999999,999999999999,999999999999
826,columnName,1206,1408,8672350269.0,0.0,18.0,8864716.0,1408.0,16915061.0,0.0,8.0,999999999999,999999999999,999999999999
553,sqlite3_value_text,97,904,8681217185.0,0.0,48.0,2244979.0,904.0,16920181.0,0.0,38.0,999999999999,999999999999,999999999999
739,sqlite3ValueText,416,1008,8683465184.0,0.0,48.0,4413058.0,1008.0,16921641.0,0.0,38.0,999999999999,999999999999,999999999999
631,sqlite3_column_text,134,1056,8687883292.0,0.0,30.0,2838679.0,1056.0,16952091.0,0.0,30.0,999999999999,999999999999,999999999999
622,columnMem,423,1120,8690723951.0,0.0,45.0,4651007.0,1120.0,16953221.0,0.0,45.0,999999999999,999999999999,999999999999
623,columnMallocFailure,173,960,8695377798.0,0.0,45.0,2981138.0,960.0,16958811.0,0.0,45.0,999999999999,999999999999,999999999999
750,valueToText,752,1360,8698362916.0,0.0,13.0,7061487.0,1360.0,16980041.0,0.0,13.0,999999999999,999999999999,999999999999
1349,sqlite3VdbeMemStringify,414,1232,8705427163.0,0.0,2013.0,4922648.0,1232.0,16983501.0,0.0,2013.0,999999999999,999999999999,999999999999
1350,vdbeMemRenderNum,422,1224,8710356231.0,0.0,2013.0,4803488.0,1224.0,17008421.0,0.0,2013.0,999999999999,999999999999,999999999999
1351,sqlite3Int64ToText,618,1208,8715161429.0,0.0,2008.0,6532796.0,1208.0,17010641.0,20000000.0,2008.0,999999999999,999999999999,999999999999
763,sqlite3VdbeChangeEncoding,297,1008,8721697665.0,0.0,2023.0,3843929.0,1008.0,17018961.0,20000000.0,2026.0,999999999999,999999999999,999999999999
809,sqlite3BtreeNext,491,1120,8725624104.0,0.0,8044.0,5062887.0,1120.0,19294690.0,120000000.0,16079.0,999999999999,999999999999,999999999999
1473,btreeNext,1462,1776,8730689411.0,0.0,43.0,11296675.0,1776.0,27931237.0,0.0,79.0,999999999999,999999999999,999999999999
1315,sqlite3VdbeCloseStatement,173,976,8742001606.0,0.0,3.0,3300578.0,976.0,,,,999999999999,999999999999,999999999999
486,sqlite3BtreePager,56,544,8745318654.0,0.0,6.0,2002939.0,544.0,33387313.0,0.0,6.0,999999999999,999999999999,999999999999
661,sqlite3PagerGetJournalMode,61,544,8747324203.0,0.0,6.0,1960999.0,544.0,33388583.0,0.0,6.0,999999999999,999999999999,999999999999
662,sqlite3PagerIsMemdb,139,568,8749287392.0,0.0,6.0,2465159.0,568.0,48641456.0,0.0,3.0,999999999999,999999999999,999999999999
1182,sqlite3PagerExclusiveLock,134,952,8751754591.0,0.0,12.0,2879179.0,952.0,48643366.0,0.0,6.0,999999999999,999999999999,999999999999
673,sqlite3PagerCommitPhaseOne,883,1888,8754698940.0,0.0,6.0,8887156.0,1888.0,48703626.0,0.0,3.0,999999999999,999999999999,999999999999
696,pagerFlushOnCommit,285,1000,8763588766.0,0.0,18.0,3734848.0,1000.0,48707636.0,0.0,12.0,999999999999,999999999999,999999999999
698,pager_incr_changecounter,345,1248,8767326314.0,0.0,6.0,4596197.0,1248.0,48710136.0,0.0,3.0,999999999999,999999999999,999999999999
1187,pager_write_changecounter,292,1160,8771929631.0,0.0,12.0,3860409.0,1160.0,48807056.0,0.0,6.0,999999999999,999999999999,999999999999
699,writeSuperJournal,1643,2008,8775795160.0,0.0,6.0,11955044.0,2008.0,48817816.0,0.0,3.0,999999999999,999999999999,999999999999
700,syncJournal,1728,2168,8787752244.0,0.0,6.0,12407664.0,2168.0,48822066.0,0.0,3.0,999999999999,999999999999,999999999999
708,sqlite3OsSync,155,960,8800196158.0,0.0,18.0,2957199.0,960.0,48851846.0,0.0,9.0,999999999999,999999999999,999999999999
1070,unixSync,573,1496,8803154997.0,0.0,18.0,6435667.0,1496.0,48853126.0,0.0,9.0,999999999999,999999999999,999999999999
587,full_fsync,107,944,8809593724.0,0.0,24.0,2545089.0,944.0,48855806.0,0.0,12.0,999999999999,999999999999,999999999999
2746,fsync,43,880,8812141513.0,0.0,24.0,2371448.0,880.0,48857166.0,0.0,12.0,999999999999,999999999999,999999999999
2770,__wasi_fd_sync,16,824,8814515452.0,0.0,24.0,1897280.0,824.0,48857676.0,0.0,12.0,999999999999,999999999999,999999999999
1088,openDirectory,797,1368,8816798111.0,0.0,6.0,8086226.0,1368.0,49755656.0,0.0,3.0,999999999999,999999999999,999999999999
588,robust_close,232,1088,8824939287.0,0.0,13.0,3737377.0,1088.0,49872756.0,0.0,7.0,999999999999,999999999999,999999999999
2754,close,40,936,8828678234.0,0.0,13.0,2416719.0,936.0,2022979.0,0.0,8.0,999999999999,999999999999,999999999999
2760,__wasi_fd_close,16,824,8831097333.0,0.0,13.0,1899270.0,824.0,2023809.0,0.0,8.0,999999999999,999999999999,999999999999
1185,sqlite3PcacheClearSyncFlags,198,608,8833254122.0,0.0,6.0,3562339.0,608.0,50043876.0,0.0,3.0,999999999999,999999999999,999999999999
701,sqlite3PcacheDirtyList,206,968,8836820051.0,0.0,6.0,3939448.0,968.0,50047716.0,0.0,3.0,999999999999,999999999999,999999999999
1269,pcacheSortDirtyList,1146,1504,8840763049.0,0.0,6.0,9491045.0,1504.0,50050156.0,0.0,3.0,999999999999,999999999999,999999999999
1270,pcacheMergeDirtyList,395,696,8850257544.0,0.0,56.0,4486118.0,696.0,50056906.0,0.0,53.0,999999999999,999999999999,999999999999
702,pager_write_pagelist,1377,1856,8854746322.0,0.0,6.0,11989885.0,1856.0,50079276.0,0.0,3.0,999999999999,999999999999,999999999999
1078,fcntlSizeHint,882,1376,8866740617.0,0.0,5.0,8360096.0,1376.0,815197521.0,0.0,2.0,999999999999,999999999999,999999999999
1188,sqlite3BackupUpdate,152,920,8875156053.0,0.0,62.0,2896788.0,920.0,50113726.0,0.0,56.0,999999999999,999999999999,999999999999
703,sqlite3PcacheCleanAll,139,992,8878085741.0,0.0,12.0,3468378.0,992.0,50133076.0,0.0,6.0,999999999999,999999999999,999999999999
1176,sqlite3PcacheMakeClean,254,1016,8881556289.0,0.0,66.0,3338439.0,1016.0,50134616.0,0.0,60.0,999999999999,999999999999,999999999999
676,sqlite3PagerSync,339,1120,8884899688.0,0.0,6.0,4225758.0,1120.0,50148906.0,0.0,3.0,999999999999,999999999999,999999999999
707,sqlite3OsFileControl,217,992,8889128076.0,0.0,17.0,3488028.0,992.0,47693327.0,0.0,9.0,999999999999,999999999999,999999999999
709,sqlite3PagerCommitPhaseTwo,437,1144,8892938194.0,0.0,6.0,4715988.0,1144.0,50286436.0,0.0,3.0,999999999999,999999999999,999999999999
1205,sqlite3JournalIsInMemory,83,544,8897659842.0,0.0,12.0,2088049.0,544.0,50297066.0,0.0,9.0,999999999999,999999999999,999999999999
1093,nolockClose,78,896,8899751411.0,0.0,6.0,2234159.0,896.0,50301446.0,0.0,3.0,999999999999,999999999999,999999999999
1061,closeUnixFile,344,1120,8901988150.0,0.0,7.0,4131288.0,1120.0,50302626.0,0.0,4.0,999999999999,999999999999,999999999999
1207,sqlite3OsDelete,201,976,8906134697.0,0.0,6.0,3285649.0,976.0,50312566.0,0.0,3.0,999999999999,999999999999,999999999999
586,unixDelete,544,1456,8909422576.0,0.0,6.0,6187947.0,1456.0,50314516.0,0.0,3.0,999999999999,999999999999,999999999999
2806,unlink,161,1016,8915613333.0,0.0,6.0,3007789.0,1016.0,50315926.0,0.0,3.0,999999999999,999999999999,999999999999
2792,__wasilibc_nocwd___wasilibc_unlinkat,36,864,8918630372.0,0.0,6.0,2259209.0,864.0,50337186.0,0.0,3.0,999999999999,999999999999,999999999999
2779,__wasi_path_unlink_file,26,928,8920891881.0,0.0,6.0,2227779.0,928.0,50337816.0,0.0,3.0,999999999999,999999999999,999999999999
2702,pcache1Truncate,192,968,8923198300.0,0.0,16.0,3142688.0,968.0,50395396.0,0.0,13.0,999999999999,999999999999,999999999999
1160,pager_error,245,1000,8926347539.0,0.0,6.0,3496558.0,1000.0,50408266.0,0.0,3.0,999999999999,999999999999,999999999999
710,btreeClearHasContent,100,928,8929847066.0,0.0,9.0,2408819.0,928.0,50411716.0,0.0,6.0,999999999999,999999999999,999999999999
271,explain_data_delete,140,968,8932325915.0,0.0,7.0,2655209.0,968.0,33543163.0,0.0,7.0,999999999999,999999999999,999999999999
267,eqp_render,551,1344,8934984634.0,0.0,7.0,5443747.0,1344.0,33545793.0,0.0,7.0,999999999999,999999999999,999999999999
639,sqlite3LeaveMutexAndCloseZombie,1974,2864,8940442391.0,0.0,8.0,17994212.0,2864.0,33590963.0,0.0,8.0,999999999999,999999999999,999999999999
474,endTimer,357,1448,8958441333.0,0.0,7.0,3907998.0,1448.0,33599173.0,0.0,7.0,999999999999,999999999999,999999999999
475,doAutoDetectRestore,1546,2720,8962352021.0,0.0,7.0,12680644.0,2720.0,33602903.0,0.0,7.0,999999999999,999999999999,999999999999
200,clearTempFile,265,1048,8975039115.0,0.0,8.0,3445538.0,1048.0,33614903.0,0.0,8.0,999999999999,999999999999,999999999999
1737,parserAddExprIdListTerm,341,1312,8978584414.0,0.0,6.0,4857368.0,1312.0,21603379.0,0.0,6.0,999999999999,999999999999,999999999999
1687,sqlite3CreateForeignKey,3999,3704,8983453781.0,0.0,4.0,29389576.0,3704.0,21799779.0,0.0,4.0,999999999999,999999999999,999999999999
2736,dispose_chunk,1638,2120,9012879197.0,0.0,7.0,22112039.0,2120.0,22303929.0,0.0,2.0,999999999999,999999999999,999999999999
1611,removeElementGivenHash,577,1176,9035143786.0,0.0,4.0,5595807.0,1176.0,7026575142.0,0.0,2.0,999999999999,999999999999,999999999999
726,sqlite3HashClear,275,1136,9040744483.0,0.0,15.0,4253979.0,1136.0,58610021.0,0.0,14.0,999999999999,999999999999,999999999999
1459,fkTriggerDelete,280,1280,9045003222.0,0.0,10.0,4135439.0,1280.0,7026587392.0,0.0,4.0,999999999999,999999999999,999999999999
1262,pagerAddPageToRollbackJournal,759,1672,9049392609.0,0.0,8.0,7367496.0,1672.0,48096217.0,0.0,8.0,999999999999,999999999999,999999999999
1228,pager_cksum,250,672,9056762676.0,0.0,8.0,5240988.0,672.0,48098417.0,0.0,8.0,999999999999,999999999999,999999999999
1264,write32bits,161,1048,9062005854.0,0.0,16.0,2920699.0,1048.0,48109457.0,0.0,16.0,999999999999,999999999999,999999999999
1026,sqlite3BitvecSet,2202,1984,9064976662.0,0.0,8.0,16144203.0,1984.0,48169187.0,0.0,8.0,999999999999,999999999999,999999999999
1555,moveToRightmost,422,1232,9081152635.0,0.0,53.0,5534627.0,1232.0,47535957.0,0.0,51.0,999999999999,999999999999,999999999999
1721,sqlite3IdListAppend,785,1464,9088874401.0,0.0,7.0,6995186.0,1464.0,44343168.0,0.0,7.0,999999999999,999999999999,999999999999
1699,sqlite3MultiValues,2044,2952,9095883847.0,0.0,4.0,17325952.0,2952.0,44927158.0,0.0,4.0,999999999999,999999999999,999999999999
1907,exprListIsConstant,306,1096,9113212229.0,0.0,5.0,4796637.0,1096.0,44931158.0,0.0,5.0,999999999999,999999999999,999999999999
1908,exprListIsNoAffinity,375,1168,9118014187.0,0.0,1.0,5351967.0,1168.0,44947768.0,0.0,1.0,999999999999,999999999999,999999999999
1795,sqlite3SelectDestInit,161,648,9123379574.0,0.0,7.0,2731299.0,648.0,45030578.0,0.0,7.0,999999999999,999999999999,999999999999
1698,sqlite3MultiValuesEnd,287,1096,9126159603.0,0.0,1.0,3927348.0,1096.0,46313037.0,0.0,1.0,999999999999,999999999999,999999999999
1796,sqlite3VdbeEndCoroutine,149,976,9130088571.0,0.0,5.0,2740949.0,976.0,46315508.0,0.0,5.0,999999999999,999999999999,999999999999
1719,sqlite3Insert,17231,15480,9132834250.0,0.0,3.0,130733538.0,15480.0,46462327.0,0.0,3.0,999999999999,999999999999,999999999999
1917,sqlite3VdbeCountChanges,67,544,9263592198.0,0.0,3.0,2224709.0,544.0,46539647.0,0.0,3.0,999999999999,999999999999,999999999999
1953,autoIncBegin,1262,1576,9265822807.0,0.0,3.0,10212774.0,1576.0,46547687.0,0.0,3.0,999999999999,999999999999,999999999999
1855,sqlite3VdbeExplain,417,1256,9276039001.0,0.0,12.0,4825138.0,1256.0,46567147.0,0.0,12.0,999999999999,999999999999,999999999999
1954,readsTable,888,1528,9280866209.0,0.0,3.0,9185476.0,1528.0,46570757.0,0.0,3.0,999999999999,999999999999,999999999999
1959,autoIncStep,166,936,9290066445.0,0.0,3.0,2893479.0,936.0,46649007.0,0.0,3.0,999999999999,999999999999,999999999999
1938,sqlite3VdbeAppendP4,300,1024,9292974114.0,0.0,14.0,3656578.0,1024.0,46745807.0,0.0,14.0,999999999999,999999999999,999999999999
1930,sqlite3AutoincrementEnd,127,896,9296649872.0,0.0,3.0,2529088.0,896.0,46824017.0,0.0,3.0,999999999999,999999999999,999999999999
1649,sqlite3UpsertDelete,136,896,9299184930.0,0.0,3.0,2606079.0,896.0,46839267.0,0.0,3.0,999999999999,999999999999,999999999999
500,sqlite3IdListDelete,304,1120,9301799429.0,0.0,3.0,4822368.0,1120.0,46886727.0,0.0,3.0,999999999999,999999999999,999999999999
1316,sqlite3VdbeSetChanges,106,576,9307681576.0,0.0,3.0,2153729.0,576.0,50507866.0,0.0,3.0,999999999999,999999999999,999999999999
1702,sqlite3ExprListSetSpan,370,1072,9309893885.0,0.0,13.0,4284199.0,1072.0,53008494.0,0.0,13.0,999999999999,999999999999,999999999999
1806,sqlite3DbSpanDup,373,1040,9314180254.0,0.0,11.0,5311237.0,1040.0,53011505.0,0.0,11.0,999999999999,999999999999,999999999999
1762,sqlite3CteNew,383,1360,9319517281.0,0.0,2.0,4889878.0,1360.0,55171113.0,0.0,2.0,999999999999,999999999999,999999999999
1763,sqlite3WithAdd,989,1664,9324412509.0,0.0,2.0,9990125.0,1664.0,55236243.0,0.0,2.0,999999999999,999999999999,999999999999
1694,attachWithToSelect,209,1016,9334432364.0,0.0,2.0,3497348.0,1016.0,57942511.0,0.0,2.0,999999999999,999999999999,999999999999
2171,searchWith,472,1208,9337956962.0,0.0,2.0,6810047.0,1208.0,58240541.0,0.0,2.0,999999999999,999999999999,999999999999
1839,sqlite3ParserAddCleanup,381,1344,9344772839.0,0.0,4.0,5118408.0,1344.0,58263781.0,0.0,4.0,999999999999,999999999999,999999999999
1835,sqlite3SelectDup,1339,2544,9349897537.0,0.0,4.0,13894183.0,2544.0,58281461.0,0.0,4.0,999999999999,999999999999,999999999999
1836,sqlite3ExprListDup,1290,1904,9363794210.0,0.0,20.0,11505894.0,1904.0,58287701.0,0.0,20.0,999999999999,999999999999,999999999999
2004,sqlite3SrcListDup,1858,2424,9375312014.0,0.0,4.0,16226812.0,2424.0,58358281.0,0.0,4.0,999999999999,999999999999,999999999999
2103,sqlite3WithDup,874,1504,9391549597.0,0.0,4.0,8336206.0,1504.0,58432131.0,0.0,4.0,999999999999,999999999999,999999999999
2104,sqlite3WindowListDup,326,1120,9399888793.0,0.0,4.0,4751288.0,1120.0,58434981.0,0.0,4.0,999999999999,999999999999,999999999999
2092,findRightmost,120,560,9404656171.0,0.0,4.0,2705119.0,560.0,58540321.0,0.0,4.0,999999999999,999999999999,999999999999
2119,sqlite3ColumnsFromExprList,3611,3448,9407363189.0,0.0,2.0,27574167.0,3448.0,58545831.0,0.0,2.0,999999999999,999999999999,999999999999
1811,sqlite3IsTrueOrFalse,185,1056,9434944885.0,0.0,2.0,3497238.0,1056.0,58563011.0,0.0,2.0,999999999999,999999999999,999999999999
2133,resolveCompoundOrderBy,2890,2896,9438482004.0,0.0,2.0,23916289.0,2896.0,58932141.0,0.0,2.0,999999999999,999999999999,999999999999
2120,sqlite3SubqueryColumnTypes,3684,3224,9462415223.0,0.0,2.0,26978557.0,3224.0,59228861.0,0.0,2.0,999999999999,999999999999,999999999999
2177,sqlite3ExprDataType,980,3640,9489398200.0,0.0,2.0,11584544.0,3640.0,59241401.0,0.0,2.0,999999999999,999999999999,999999999999
1846,flattenSubquery,9196,6424,9500990994.0,0.0,2.0,66549928.0,6424.0,59283671.0,0.0,2.0,999999999999,999999999999,999999999999
1851,sqlite3SelectExprHeight,112,936,9567546982.0,0.0,4.0,2483259.0,936.0,59306031.0,0.0,4.0,999999999999,999999999999,999999999999
2217,heightOfSelect,338,1336,9570034101.0,0.0,4.0,5101928.0,1336.0,59307141.0,0.0,4.0,999999999999,999999999999,999999999999
2279,heightOfExpr,175,568,9575140299.0,0.0,31.0,2574119.0,568.0,59309501.0,0.0,31.0,999999999999,999999999999,999999999999
2280,heightOfExprList,275,1048,9577717098.0,0.0,15.0,4471708.0,1048.0,59313211.0,0.0,15.0,999999999999,999999999999,999999999999
1852,pushDownWhereTerms,2393,2872,9582191366.0,0.0,2.0,21715169.0,2872.0,59324151.0,0.0,2.0,999999999999,999999999999,999999999999
1853,disableUnusedSubqueryResultColumns,1877,1248,9603908505.0,0.0,2.0,14338933.0,1248.0,59328481.0,0.0,2.0,999999999999,999999999999,999999999999
1854,fromClauseTermCanBeCoroutine,1067,1384,9618249869.0,0.0,2.0,9841285.0,1384.0,59332801.0,0.0,2.0,999999999999,999999999999,999999999999
1857,isSelfJoinView,794,1360,9628093404.0,0.0,2.0,8678506.0,1360.0,59337481.0,0.0,2.0,999999999999,999999999999,999999999999
1847,multiSelect,7100,8304,9636782970.0,0.0,2.0,52266945.0,8304.0,59380451.0,0.0,2.0,999999999999,999999999999,999999999999
2208,hasAnchor,224,584,9689054905.0,0.0,2.0,3673298.0,584.0,59390461.0,0.0,2.0,999999999999,999999999999,999999999999
2209,generateWithRecursiveQuery,2949,4360,9692731023.0,0.0,2.0,25064718.0,4360.0,59394001.0,0.0,2.0,999999999999,999999999999,999999999999
1861,computeLimitRegisters,1015,2048,9717799881.0,0.0,2.0,9422445.0,2048.0,59400731.0,0.0,2.0,999999999999,999999999999,999999999999
2036,codeInteger,832,1592,9727253266.0,0.0,14.0,7771727.0,1592.0,59564721.0,0.0,14.0,999999999999,999999999999,999999999999
1884,sqlite3GetTempRange,396,1040,9735028613.0,0.0,7.0,4228148.0,1040.0,59573841.0,0.0,7.0,999999999999,999999999999,999999999999
1888,sqlite3ReleaseTempRange,242,960,9739261731.0,0.0,7.0,3267079.0,960.0,59590861.0,0.0,7.0,999999999999,999999999999,999999999999
1856,sqlite3ClearTempRegCache,69,560,9742599839.0,0.0,2.0,2033939.0,560.0,60403490.0,0.0,2.0,999999999999,999999999999,999999999999
2262,translateColumnToCopy,706,1376,9744662969.0,0.0,2.0,7294326.0,1376.0,61115200.0,0.0,2.0,999999999999,999999999999,999999999999
1544,sqlite3WithDelete,292,1112,9752002925.0,0.0,2.0,4986007.0,1112.0,61699220.0,0.0,2.0,999999999999,999999999999,999999999999
1546,cteClear,160,1088,9756991422.0,0.0,2.0,3055169.0,1088.0,61701700.0,0.0,2.0,999999999999,999999999999,999999999999
1385,sqlite3BtreeFakeValidCursor,17,520,9760250871.0,0.0,4.0,1586599.0,520.0,62558059.0,0.0,4.0,999999999999,999999999999,999999999999
813,sqlite3VdbeMemFromBtreeZeroOffset,295,1184,9761922830.0,0.0,10000.0,4168758.0,1184.0,63127179.0,20000000.0,10000.0,999999999999,999999999999,999999999999
756,vdbeMemAddTerminator,359,1088,9766096238.0,0.0,10005.0,4187718.0,1088.0,63136349.0,10000000.0,10005.0,999999999999,999999999999,999999999999
1399,sqlite3BtreeDelete,5061,4232,9770288266.0,0.0,10000.0,35204173.0,4232.0,63155899.0,60000000.0,10000.0,999999999999,999999999999,999999999999
1483,balance,1992,2408,9805499839.0,0.0,10048.0,15664753.0,2408.0,63197619.0,70000000.0,10048.0,999999999999,999999999999,999999999999
1424,sqlite3AddInt64,465,656,9821175692.0,0.0,29998.0,3841578.0,656.0,63251419.0,200000000.0,29998.0,999999999999,999999999999,999999999999
1563,anotherValidCursor,344,1032,9825771580.0,0.0,2.0,4647457.0,1032.0,,,,999999999999,999999999999,999999999999
1564,balance_deeper,875,1824,9830420767.0,0.0,2.0,8422556.0,1824.0,,,,999999999999,999999999999,999999999999
1568,copyNodeContent,814,1552,9838904793.0,0.0,2.0,7746467.0,1552.0,,,,999999999999,999999999999,999999999999
1149,btreeInitPage,896,1464,9846654030.0,0.0,2.0,8191656.0,1464.0,16674462.0,0.0,54.0,999999999999,999999999999,999999999999
1478,btreeComputeFreeSpace,1762,1680,9854849636.0,0.0,2.0,12580744.0,1680.0,47627337.0,0.0,5.0,999999999999,999999999999,999999999999
1565,balance_quick,1979,2368,9867438320.0,0.0,48.0,16088432.0,2368.0,109947187.0,0.0,48.0,999999999999,999999999999,999999999999
1235,cellSizePtrTableLeaf,1514,968,9883546882.0,0.0,48.0,10435395.0,968.0,110119487.0,0.0,48.0,999999999999,999999999999,999999999999
1569,rebuildPage,2658,2368,9893987067.0,0.0,48.0,19840870.0,2368.0,110136817.0,0.0,48.0,999999999999,999999999999,999999999999
1567,sqlite3PagerTempSpace,50,544,9913830337.0,0.0,48.0,1869410.0,544.0,110141577.0,0.0,48.0,999999999999,999999999999,999999999999
1485,insertCell,3376,2960,9915703907.0,0.0,48.0,23265439.0,2960.0,110160727.0,0.0,48.0,999999999999,999999999999,999999999999
1458,moveToChild,833,1480,9939016525.0,0.0,2753.0,7843616.0,1480.0,63402529.0,10000000.0,5459.0,999999999999,999999999999,999999999999
724,sqlite3BtreeClose,645,1584,9951601830.0,0.0,4.0,6597336.0,1584.0,813755012.0,0.0,4.0,999999999999,999999999999,999999999999
714,sqlite3BtreeRollback,564,1656,9958203096.0,0.0,5.0,6962347.0,1656.0,813758702.0,0.0,5.0,999999999999,999999999999,999999999999
715,saveAllCursors,513,1096,9965168413.0,0.0,10.0,6123357.0,1096.0,813762642.0,0.0,10.0,999999999999,999999999999,999999999999
717,sqlite3PagerRollback,679,1296,9971293550.0,0.0,3.0,6051288.0,1296.0,813767972.0,0.0,3.0,999999999999,999999999999,999999999999
1208,sqlite3PcacheClearWritable,198,608,9977352728.0,0.0,6.0,3534558.0,608.0,813788892.0,0.0,6.0,999999999999,999999999999,999999999999
1178,getPageError,88,592,9980894126.0,0.0,3.0,2334689.0,592.0,813807232.0,0.0,3.0,999999999999,999999999999,999999999999
1133,sqlite3PagerClose,449,1592,9983240715.0,0.0,4.0,5653687.0,1592.0,813851242.0,0.0,4.0,999999999999,999999999999,999999999999
1157,pagerFreeMapHdrs,182,1024,9988896872.0,0.0,4.0,3819818.0,1024.0,813854612.0,0.0,4.0,999999999999,999999999999,999999999999
2703,pcache1TruncateUnsafe,724,1336,9992723610.0,0.0,4.0,8233046.0,1336.0,813874762.0,0.0,4.0,999999999999,999999999999,999999999999
2706,pcache1FreePage,266,1000,10000959596.0,0.0,58.0,3500149.0,1000.0,813881422.0,0.0,106.0,999999999999,999999999999,999999999999
1162,sqlite3PcacheClose,99,904,10004474275.0,0.0,4.0,2413949.0,904.0,813939232.0,0.0,4.0,999999999999,999999999999,999999999999
2693,pcache1Destroy,356,1272,10006889654.0,0.0,4.0,4823818.0,1272.0,813940292.0,0.0,4.0,999999999999,999999999999,999999999999
1013,freeTempSpace,184,952,10011720842.0,0.0,4.0,2968418.0,952.0,813977502.0,0.0,4.0,999999999999,999999999999,999999999999
1736,sqlite3ExprSetHeightAndFlags,141,1032,10016097489.0,0.0,3.0,3130218.0,1032.0,823976086.0,0.0,3.0,999999999999,999999999999,999999999999
1965,exprSetHeight,567,1216,10019230337.0,0.0,3.0,5503558.0,1216.0,823978017.0,0.0,3.0,999999999999,999999999999,999999999999
2433,sqlite3ExprListFlags,241,640,10024738975.0,0.0,3.0,4482758.0,640.0,823992977.0,0.0,3.0,999999999999,999999999999,999999999999
2053,exprCodeVector,573,1392,10029374373.0,0.0,1.0,7199437.0,1392.0,828182915.0,0.0,1.0,999999999999,999999999999,999999999999
2054,exprToRegister,243,1008,10036587410.0,0.0,1.0,3445257.0,1008.0,828331005.0,0.0,1.0,999999999999,999999999999,999999999999
2055,setDoNotMergeFlagOnCopy,169,984,10040060077.0,0.0,1.0,2926989.0,984.0,828744115.0,0.0,1.0,999999999999,999999999999,999999999999
2060,sqlite3VdbeGetLastOp,106,912,10042988806.0,0.0,4.0,2399699.0,912.0,828745164.0,0.0,4.0,999999999999,999999999999,999999999999
1727,sqlite3ExprFunction,677,1472,10065665385.0,0.0,2.0,7169637.0,1472.0,3699742856.0,0.0,2.0,999999999999,999999999999,999999999999
1912,sqlite3SrcListEnlarge,1487,1712,10072862522.0,0.0,2.0,12219974.0,1712.0,3702251435.0,0.0,2.0,999999999999,999999999999,999999999999
2175,sqlite3SetJoinExpr,544,1280,10085127086.0,0.0,16.0,7118746.0,1280.0,3705015844.0,0.0,16.0,999999999999,999999999999,999999999999
2130,sqlite3ReferencesSrcList,751,1472,10092269282.0,0.0,2.0,6971727.0,1472.0,3705409604.0,0.0,2.0,999999999999,999999999999,999999999999
2143,exprRefToSrcList,906,864,10099243789.0,0.0,2.0,8012337.0,864.0,3705416144.0,0.0,2.0,999999999999,999999999999,999999999999
2139,resolveAlias,1611,1928,10107276896.0,0.0,1.0,10812694.0,1928.0,3705938154.0,0.0,1.0,999999999999,999999999999,999999999999
2146,incrAggFunctionDepth,247,960,10118099100.0,0.0,1.0,3191919.0,960.0,3705996884.0,0.0,1.0,999999999999,999999999999,999999999999
1963,sqlite3ExprDeferredDelete,135,928,10121293629.0,0.0,1.0,2517998.0,928.0,3706003294.0,0.0,1.0,999999999999,999999999999,999999999999
1877,sqlite3ExprAnalyzeAggList,289,1096,10123860768.0,0.0,4.0,4531338.0,1096.0,3706606244.0,0.0,4.0,999999999999,999999999999,999999999999
1879,sqlite3ExprAnalyzeAggregates,181,1168,10128394566.0,0.0,6.0,2870078.0,1168.0,3706609244.0,0.0,6.0,999999999999,999999999999,999999999999
2265,analyzeAggregate,3790,3776,10131266814.0,0.0,6.0,29274526.0,3776.0,3706613513.0,0.0,6.0,999999999999,999999999999,999999999999
2390,findOrCreateAggInfoColumn,1720,1664,10160545590.0,0.0,3.0,13833503.0,1664.0,3706621044.0,0.0,3.0,999999999999,999999999999,999999999999
2392,addAggInfoColumn,166,1016,10174382703.0,0.0,3.0,2803879.0,1016.0,3706624804.0,0.0,3.0,999999999999,999999999999,999999999999
2393,sqlite3ArrayAllocate,626,1264,10177188002.0,0.0,5.0,5905447.0,1264.0,3706626644.0,0.0,5.0,999999999999,999999999999,999999999999
2391,addAggInfoFunc,166,1016,10183104039.0,0.0,2.0,2869769.0,1016.0,3706654044.0,0.0,2.0,999999999999,999999999999,999999999999
1881,analyzeAggFuncArgs,479,1320,10185992198.0,0.0,1.0,6665327.0,1320.0,3706814213.0,0.0,1.0,999999999999,999999999999,999999999999
2328,markTermAsChild,230,680,10192686585.0,0.0,2.0,3237439.0,680.0,3707065273.0,0.0,2.0,999999999999,999999999999,999999999999
2329,termIsEquivalence,727,1392,10195926414.0,0.0,2.0,6703116.0,1392.0,3707068883.0,0.0,2.0,999999999999,999999999999,999999999999
2330,exprCommute,597,1192,10202637850.0,0.0,2.0,10398585.0,1192.0,3707095583.0,0.0,2.0,999999999999,999999999999,999999999999
2343,whereRightSubexprIsColumn,266,968,10213084165.0,0.0,10.0,3649009.0,968.0,3707430773.0,0.0,10.0,999999999999,999999999999,999999999999
2300,whereSortingCost,951,1360,10216761734.0,0.0,1.0,7773235.0,1360.0,3708350243.0,0.0,1.0,999999999999,999999999999,999999999999
2238,whereCheckIfBloomFilterIsUseful,761,904,10224544679.0,0.0,1.0,7656207.0,904.0,3708666432.0,0.0,1.0,999999999999,999999999999,999999999999
1883,assignAggregateRegisters,142,600,10232241226.0,0.0,1.0,2541459.0,600.0,3709198982.0,0.0,1.0,999999999999,999999999999,999999999999
1866,sqlite3WhereIsDistinct,61,544,10234785155.0,0.0,1.0,1974349.0,544.0,3709200892.0,0.0,1.0,999999999999,999999999999,999999999999
1891,sqlite3KeyInfoRef,119,552,10236782844.0,0.0,1.0,2431579.0,552.0,3709468432.0,0.0,1.0,999999999999,999999999999,999999999999
1892,sqlite3ExprCodeMove,138,952,10239217763.0,0.0,1.0,2754188.0,952.0,3709480152.0,0.0,1.0,999999999999,999999999999,999999999999
1893,updateAccumulator,4313,4864,10241975981.0,0.0,1.0,37398182.0,4864.0,3709495852.0,0.0,1.0,999999999999,999999999999,999999999999
2259,codeDistinct,1100,2320,10279382194.0,0.0,1.0,11565125.0,2320.0,3709529962.0,0.0,1.0,999999999999,999999999999,999999999999
1927,sqlite3VdbeJumpHereOrPopInst,210,928,10290960068.0,0.0,1.0,2946719.0,928.0,3709614532.0,0.0,1.0,999999999999,999999999999,999999999999
1894,finalizeAggFunctions,1917,2928,10293915687.0,0.0,1.0,17901071.0,2928.0,3709644692.0,0.0,1.0,999999999999,999999999999,999999999999
2260,pushOntoSorter,3049,4168,10311825808.0,0.0,1.0,24271898.0,4168.0,3709733982.0,0.0,1.0,999999999999,999999999999,999999999999
2389,makeSorterRecord,348,1232,10336113026.0,0.0,1.0,4687448.0,1232.0,3709766552.0,0.0,1.0,999999999999,999999999999,999999999999
1896,resetAccumulator,1712,2272,10340805294.0,0.0,1.0,14159233.0,2272.0,3709781542.0,0.0,1.0,999999999999,999999999999,999999999999
1904,generateSortTail,4212,5656,10354994287.0,0.0,1.0,35512013.0,5656.0,3709877722.0,0.0,1.0,999999999999,999999999999,999999999999
1876,agginfoFree,167,1104,10390556590.0,0.0,1.0,3111428.0,1104.0,3710298882.0,0.0,1.0,999999999999,999999999999,999999999999
2096,sqlite3ExprDeleteGeneric,136,896,10393673419.0,0.0,1.0,2615229.0,896.0,3710308432.0,0.0,1.0,999999999999,999999999999,999999999999
1384,sqlite3VdbeSorterInit,1887,2080,10396453558.0,0.0,2.0,13866243.0,2080.0,3710707392.0,0.0,2.0,999999999999,999999999999,999999999999
602,sqlite3BtreeGetPageSize,56,552,10410326231.0,0.0,2.0,1948659.0,552.0,3710719892.0,0.0,2.0,999999999999,999999999999,999999999999
1361,sqlite3VdbeMemRealify,165,960,10412393580.0,0.0,2666.0,2709479.0,960.0,3712016701.0,10000000.0,5332.0,999999999999,999999999999,999999999999
744,sqlite3VdbeRealValue,321,992,10415106109.0,0.0,5332.0,3774848.0,992.0,3712017991.0,70000000.0,10664.0,999999999999,999999999999,999999999999
1405,sqlite3VdbeSorterWrite,3090,2248,10418885337.0,0.0,2671.0,20186790.0,2248.0,3712053281.0,20000000.0,5337.0,999999999999,999999999999,999999999999
1457,moveToParent,317,1024,10439337007.0,0.0,39.0,3767138.0,1024.0,3740555588.0,0.0,77.0,999999999999,999999999999,999999999999
1403,sqlite3VdbeSorterRewind,417,1232,10451557392.0,0.0,2.0,4865118.0,1232.0,5847092904.0,0.0,2.0,999999999999,999999999999,999999999999
1487,vdbeSorterSort,1377,1728,10456424719.0,0.0,2.0,11455204.0,1728.0,5847096334.0,0.0,2.0,999999999999,999999999999,999999999999
1577,vdbeSortAllocUnpacked,319,1072,10467882904.0,0.0,2.0,4081198.0,1072.0,5847099054.0,0.0,2.0,999999999999,999999999999,999999999999
1395,sqlite3VdbeAllocUnpackedRecord,368,1056,10471966742.0,0.0,2.0,4085788.0,1056.0,5847101614.0,0.0,2.0,999999999999,999999999999,999999999999
1578,vdbeSorterGetCompare,222,584,10476060000.0,0.0,2.0,2704819.0,584.0,5847137434.0,0.0,2.0,999999999999,999999999999,999999999999
1579,vdbeSorterMerge,596,1312,10478767449.0,0.0,2669.0,6509867.0,1312.0,5847145904.0,10000000.0,5335.0,999999999999,999999999999,999999999999
1583,vdbeSorterCompareInt,1555,1680,10485278926.0,0.0,26244.0,13250283.0,1680.0,5847148864.0,320000000.0,57292.0,999999999999,999999999999,999999999999
1401,sqlite3VdbeSorterRowkey,325,1216,10499354109.0,0.0,2671.0,4653978.0,1216.0,6176559167.0,0.0,5337.0,999999999999,999999999999,999999999999
1486,vdbeSorterRowkey,312,688,10504010227.0,0.0,2671.0,3775718.0,688.0,6176562616.0,10000000.0,5337.0,999999999999,999999999999,999999999999
843,sqlite3VdbeMemMove,293,1056,10507796345.0,0.0,5.0,3388069.0,1056.0,6176618267.0,0.0,5.0,999999999999,999999999999,999999999999
1382,sqlite3BtreeClearTable,359,1272,10511191153.0,0.0,5.0,4662348.0,1272.0,6176659747.0,0.0,5.0,999999999999,999999999999,999999999999
1277,saveCursorsOnList,509,1128,10515858341.0,0.0,5.0,5457877.0,1128.0,6176668547.0,0.0,5.0,999999999999,999999999999,999999999999
1465,clearDatabasePage,1819,2640,10521320698.0,0.0,5.0,16967203.0,2640.0,6176677856.0,0.0,5.0,999999999999,999999999999,999999999999
1391,sqlite3BtreeIndexMoveto,4833,4064,10538310531.0,0.0,2666.0,35572012.0,4064.0,6176772026.0,20000000.0,5332.0,999999999999,999999999999,999999999999
1468,sqlite3VdbeFindCompare,660,816,10573885323.0,0.0,2666.0,5555398.0,816.0,6176777746.0,0.0,5332.0,999999999999,999999999999,999999999999
1407,sqlite3VdbeMemInit,107,608,10579465851.0,0.0,2.0,2309569.0,608.0,6176899706.0,0.0,2.0,999999999999,999999999999,999999999999
2502,countStep,259,1064,10581778550.0,0.0,2000.0,3696988.0,1064.0,6176906366.0,0.0,2000.0,999999999999,999999999999,999999999999
816,sqlite3_aggregate_context,196,984,10585479058.0,0.0,4676.0,3304068.0,984.0,6176908576.0,0.0,7342.0,999999999999,999999999999,999999999999
817,createAggContext,350,1176,10588786407.0,0.0,10.0,4283897.0,1176.0,6176910536.0,0.0,10.0,999999999999,999999999999,999999999999
752,sqlite3_value_type,95,552,10593074334.0,0.0,4681.0,2153479.0,552.0,6176925596.0,10000000.0,7347.0,999999999999,999999999999,999999999999
1451,serialGet,744,744,10595233603.0,0.0,2676.0,5278058.0,744.0,6176941536.0,110000000.0,5342.0,999999999999,999999999999,999999999999
2493,sumStep,824,1848,10600516061.0,0.0,2666.0,7990146.0,1848.0,6176960056.0,0.0,5332.0,999999999999,999999999999,999999999999
853,sqlite3_value_numeric_type,197,1072,10608511477.0,0.0,2666.0,3388298.0,1072.0,6176975456.0,0.0,5332.0,999999999999,999999999999,999999999999
2494,kahanBabuskaNeumaierInit,318,656,10611902855.0,0.0,5.0,3358839.0,656.0,6176980006.0,0.0,5.0,999999999999,999999999999,999999999999
551,sqlite3_value_double,83,896,10615264404.0,0.0,2666.0,2254069.0,896.0,6176984326.0,0.0,5332.0,999999999999,999999999999,999999999999
2495,kahanBabuskaNeumaierStep,307,872,10617522462.0,0.0,2666.0,3273299.0,872.0,6176988206.0,0.0,5332.0,999999999999,999999999999,999999999999
1404,sqlite3VdbeSorterNext,479,1240,10620803291.0,0.0,2671.0,5270717.0,1240.0,6177021876.0,40000000.0,5337.0,999999999999,999999999999,999999999999
1556,vdbeRecordCompareInt,2142,2160,10626083648.0,0.0,16573.0,12849985.0,2160.0,6177091246.0,180000000.0,37227.0,999999999999,999999999999,999999999999
1469,cursorOnLastPage,366,664,10638951592.0,0.0,2656.0,5075947.0,664.0,6177247276.0,0.0,5322.0,999999999999,999999999999,999999999999
1470,indexCellCompare,727,1200,10644029150.0,0.0,664.0,6292147.0,1200.0,6177251066.0,0.0,671.0,999999999999,999999999999,999999999999
1346,sqlite3VdbeMemFinalize,626,1320,10651008186.0,0.0,10.0,6040288.0,1320.0,6343080547.0,0.0,10.0,999999999999,999999999999,999999999999
2503,countFinalize,191,1000,10657051304.0,0.0,5.0,3205048.0,1000.0,6343085387.0,0.0,5.0,999999999999,999999999999,999999999999
778,sqlite3_result_int64,101,896,10660258562.0,0.0,5.0,2387289.0,896.0,6343089017.0,0.0,5.0,999999999999,999999999999,999999999999
776,sqlite3VdbeMemSetInt64,186,936,10662648711.0,0.0,5.0,3137239.0,936.0,6343091147.0,0.0,5.0,999999999999,999999999999,999999999999
2497,sumFinalize,535,1200,10665790880.0,0.0,5.0,5133067.0,1200.0,6343105987.0,0.0,5.0,999999999999,999999999999,999999999999
2498,sqlite3IsOverflow,133,584,10670926517.0,0.0,5.0,2331089.0,584.0,6343110217.0,0.0,5.0,999999999999,999999999999,999999999999
767,sqlite3_result_double,102,904,10673258846.0,0.0,5.0,2426749.0,904.0,6343112267.0,0.0,5.0,999999999999,999999999999,999999999999
768,sqlite3VdbeMemSetDouble,153,1040,10675687305.0,0.0,5.0,3157138.0,1040.0,6343113647.0,0.0,5.0,999999999999,999999999999,999999999999
770,sqlite3IsNaN,216,600,10678846053.0,0.0,5.0,2718629.0,600.0,6343116297.0,0.0,5.0,999999999999,999999999999,999999999999
1282,saveCursorPosition,366,1096,10681582442.0,0.0,4.0,4419148.0,1096.0,6343259337.0,0.0,4.0,999999999999,999999999999,999999999999
1284,saveCursorKey,560,1392,10686004550.0,0.0,4.0,5712307.0,1392.0,6343262557.0,0.0,4.0,999999999999,999999999999,999999999999
1238,btreeParseCellPtrIndex,840,1240,10691722207.0,0.0,1604.0,8353206.0,1240.0,6343272217.0,10000000.0,1604.0,999999999999,999999999999,999999999999
1287,sqlite3BtreePayload,133,960,10700085263.0,0.0,4.0,2692809.0,960.0,6343305497.0,0.0,4.0,999999999999,999999999999,999999999999
886,accessPayload,3676,3808,10702780152.0,0.0,4.0,29139926.0,3808.0,6343307757.0,0.0,4.0,999999999999,999999999999,999999999999
1290,copyPayload,254,1120,10731923908.0,0.0,4.0,4049288.0,1120.0,6343317387.0,0.0,4.0,999999999999,999999999999,999999999999
1303,sqlite3BtreeClearCursor,118,936,10736016056.0,0.0,4.0,2384219.0,936.0,6345099016.0,0.0,4.0,999999999999,999999999999,999999999999
1585,vdbeSorterCompare,248,1184,10741189614.0,0.0,6.0,4212248.0,1184.0,7022172394.0,0.0,6.0,999999999999,999999999999,999999999999
1396,sqlite3VdbeRecordUnpack,1150,1792,10745404332.0,0.0,5.0,11755474.0,1792.0,7022174984.0,0.0,5.0,999999999999,999999999999,999999999999
1471,sqlite3VdbeRecordCompare,117,944,10757164346.0,0.0,6.0,2534339.0,944.0,7022192604.0,0.0,6.0,999999999999,999999999999,999999999999
1408,sqlite3VdbeRecordCompareWithSkip,5548,4328,10759700735.0,0.0,6.0,38443842.0,4328.0,7022194114.0,0.0,6.0,999999999999,999999999999,999999999999
1492,serialGet7,674,744,10798148187.0,0.0,6.0,4999817.0,744.0,7022205784.0,0.0,6.0,999999999999,999999999999,999999999999
632,sqlite3_column_type,134,1056,10803184254.0,0.0,15.0,2748819.0,1056.0,7022488933.0,0.0,15.0,999999999999,999999999999,999999999999
546,sqlite3_str_appendf,107,920,10805946783.0,0.0,5.0,2385728.0,920.0,7022575613.0,0.0,5.0,999999999999,999999999999,999999999999
537,sqlite3FpDecode,6263,6480,10808337141.0,0.0,5.0,39469592.0,6480.0,7022620764.0,0.0,5.0,999999999999,999999999999,999999999999
2923,__getf2,218,704,10847810443.0,0.0,5.0,4118728.0,704.0,7022633464.0,0.0,5.0,999999999999,999999999999,999999999999
2928,__multf3,1474,2808,10851932561.0,0.0,10.0,22348869.0,2808.0,7022640804.0,0.0,10.0,999999999999,999999999999,999999999999
2925,__fixunstfdi,135,1008,10874283970.0,0.0,5.0,3264399.0,1008.0,7022656984.0,0.0,5.0,999999999999,999999999999,999999999999
433,shell_callback,20663,17320,10877560949.0,0.0,5.0,131309497.0,17320.0,7022722023.0,0.0,5.0,999999999999,999999999999,999999999999
230,oPutsUtf8,314,1368,11008877046.0,0.0,30.0,4185048.0,1368.0,7022744383.0,10000000.0,30.0,999999999999,999999999999,999999999999
2870,__stdout_write,61,1008,11013076094.0,0.0,1.0,2938218.0,1008.0,7022810793.0,0.0,1.0,999999999999,999999999999,999999999999
1330,sqlite3VdbeSorterClose,221,1128,11016115402.0,0.0,2.0,3428879.0,1128.0,7024497213.0,0.0,2.0,999999999999,999999999999,999999999999
1332,sqlite3VdbeSorterReset,535,1480,11019546711.0,0.0,2.0,7047266.0,1480.0,7024499083.0,0.0,2.0,999999999999,999999999999,999999999999
1333,vdbeMergeEngineFree,263,1056,11026595467.0,0.0,2.0,4481167.0,1056.0,7024500453.0,0.0,2.0,999999999999,999999999999,999999999999
1334,vdbeSortSubtaskCleanup,303,1184,11031078736.0,0.0,2.0,4068418.0,1184.0,7024504173.0,0.0,2.0,999999999999,999999999999,999999999999
1335,vdbeSorterRecordFree,190,1032,11035154484.0,0.0,2.0,3798568.0,1032.0,7024518063.0,0.0,2.0,999999999999,999999999999,999999999999
1308,freeEphemeralFunction,124,912,11039108692.0,0.0,4.0,2672239.0,912.0,7025157862.0,0.0,4.0,999999999999,999999999999,999999999999
1306,freeP4FuncCtx,122,1000,11041783640.0,0.0,2.0,2580839.0,1000.0,7025169002.0,0.0,2.0,999999999999,999999999999,999999999999
198,set_table_name,1060,1520,11044395599.0,0.0,1.0,8792446.0,1520.0,7025293812.0,0.0,1.0,999999999999,999999999999,999999999999
168,close_db,156,1088,11053191585.0,0.0,1.0,3134228.0,1088.0,7025298672.0,0.0,1.0,999999999999,999999999999,999999999999
951,sqlite3_close,85,904,11056327624.0,0.0,1.0,2217390.0,904.0,7025299842.0,0.0,1.0,999999999999,999999999999,999999999999
952,sqlite3Close,670,1704,11058548743.0,0.0,1.0,8427196.0,1704.0,7025301292.0,0.0,1.0,999999999999,999999999999,999999999999
953,disconnectAllVtab,681,1424,11066977779.0,0.0,1.0,8500015.0,1424.0,7025306742.0,0.0,1.0,999999999999,999999999999,999999999999
690,sqlite3VtabUnlockList,240,1056,11075483454.0,0.0,2.0,3923038.0,1056.0,7025321972.0,0.0,2.0,999999999999,999999999999,999999999999
954,sqlite3VtabRollback,88,904,11079409042.0,0.0,2.0,2291129.0,904.0,7025325212.0,0.0,2.0,999999999999,999999999999,999999999999
721,connectionIsBusy,377,1176,11081702751.0,0.0,2.0,5669988.0,1176.0,7025328242.0,0.0,2.0,999999999999,999999999999,999999999999
2439,sqlite3BtreeIsInBackup,79,552,11087376129.0,0.0,2.0,2114359.0,552.0,7025331412.0,0.0,2.0,999999999999,999999999999,999999999999
722,sqlite3RollbackAll,878,1744,11089495318.0,0.0,1.0,9702615.0,1744.0,7025341702.0,0.0,1.0,999999999999,999999999999,999999999999
723,sqlite3CloseSavepoints,249,1088,11099207193.0,0.0,1.0,4418878.0,1088.0,7025369842.0,0.0,1.0,999999999999,999999999999,999999999999
1097,dotlockClose,137,1048,11103663651.0,0.0,1.0,2854279.0,1048.0,7026463442.0,0.0,1.0,999999999999,999999999999,999999999999
689,sqlite3SchemaClear,859,1664,11106552480.0,0.0,2.0,8117207.0,1664.0,7026534962.0,0.0,2.0,999999999999,999999999999,999999999999
691,sqlite3CollapseDatabaseArray,884,1432,11114707006.0,0.0,1.0,8385575.0,1432.0,7027034462.0,0.0,1.0,999999999999,999999999999,999999999999
727,sqlite3VtabEponymousTableClear,209,984,11123112672.0,0.0,5.0,3290659.0,984.0,7027416751.0,0.0,5.0,999999999999,999999999999,999999999999
728,sqlite3VtabModuleUnref,235,1056,11126405010.0,0.0,5.0,3753388.0,1056.0,7027418781.0,0.0,5.0,999999999999,999999999999,999999999999
729,sqlite3ValueFree,155,992,11130167778.0,0.0,1.0,2931999.0,992.0,7027496631.0,0.0,1.0,999999999999,999999999999,999999999999
199,output_reset,439,1360,11133107367.0,0.0,1.0,4916958.0,1360.0,7027532131.0,0.0,1.0,999999999999,999999999999,999999999999
245,output_file_close,227,896,11138028495.0,0.0,1.0,2952978.0,896.0,7027533991.0,0.0,1.0,999999999999,999999999999,999999999999
283,setOutputStream,85,904,11140985093.0,0.0,1.0,2271719.0,904.0,7027537831.0,0.0,1.0,999999999999,999999999999,999999999999
459,designateEmitStream,446,1136,11143258822.0,0.0,1.0,4512608.0,1136.0,7027539801.0,0.0,1.0,999999999999,999999999999,999999999999
424,isKnownWritable,274,616,11147773340.0,0.0,1.0,3693018.0,616.0,7027542261.0,0.0,1.0,999999999999,999999999999,999999999999
2831,__wasm_call_dtors,15,864,11151471688.0,0.0,1.0,1884659.0,864.0,7027551741.0,0.0,1.0,999999999999,999999999999,999999999999
2828,__funcs_on_exit,183,1040,11153358527.0,0.0,1.0,4251018.0,1040.0,7027552441.0,0.0,1.0,999999999999,999999999999,999999999999
2830,call,12,824,11157610505.0,0.0,2.0,1896309.0,824.0,7027554301.0,0.0,2.0,999999999999,999999999999,999999999999
175,sayAbnormalExit,47,848,11159508594.0,0.0,1.0,2135149.0,848.0,7027555051.0,0.0,1.0,999999999999,999999999999,999999999999
174,consoleRestore,4,512,11161645943.0,0.0,1.0,1463260.0,512.0,7027557051.0,0.0,1.0,999999999999,999999999999,999999999999
2839,__stdio_exit,389,1712,11163111243.0,0.0,1.0,8371966.0,1712.0,7027558061.0,0.0,1.0,999999999999,999999999999,999999999999
2863,__ofl_lock,9,520,11171485939.0,10000000.0,1.0,1616439.0,520.0,1995389.0,10000000.0,3.0,999999999999,999999999999,999999999999
1198,readDbPage,551,1192,,,,,,11902794.0,0.0,54.0,999999999999,999999999999,999999999999
1426,sqlite3PagerOkToChangeJournalMode,258,592,,,,,,33390573.0,0.0,3.0,999999999999,999999999999,999999999999
1427,sqlite3PagerSetJournalMode,1172,1720,,,,,,33394203.0,0.0,3.0,999999999999,999999999999,999999999999
1428,sqlite3JournalModename,150,568,,,,,,33398673.0,0.0,3.0,999999999999,999999999999,999999999999
1782,sqlite3ForceNotReadOnly,232,1120,,,,,,31414984.0,0.0,3.0,999999999999,999999999999,999999999999
2836,dummy,4,512,,,,,,2030529.0,0.0,1.0,999999999999,999999999999,999999999999
2837,fclose,153,1288,,,,,,2016629.0,0.0,1.0,999999999999,999999999999,999999999999
2846,__stdio_seek,18,840,,,,,,2017879.0,0.0,1.0,999999999999,999999999999,999999999999
2849,readv,115,984,,,,,,2001339.0,0.0,1.0,999999999999,999999999999,999999999999
2851,__stdio_close,15,840,,,,,,2022669.0,0.0,1.0,999999999999,999999999999,999999999999
2852,__fdopen,390,1712,,,,,,1984639.0,0.0,1.0,999999999999,999999999999,999999999999
2856,fread,198,1288,,,,,,1997819.0,0.0,1.0,999999999999,999999999999,999999999999
2864,__ofl_unlock,3,512,,,,,,1995989.0,0.0,2.0,999999999999,999999999999,999999999999
2865,__ofl_add,53,944,,,,,,1994879.0,0.0,1.0,999999999999,999999999999,999999999999
