id,name,size.bytecode,size.static,start.jit,exec.jit,freq.jit,compilation.jit,size.dynamic.jit,start.interp,exec.interp,freq.interp,exec.spec,compilation.spec,size.dynamic.spec
28,_start,83,992,64386.0,0.0,0.0,4462984.0,992.0,58560.0,0.0,0.0,999999999999,999999999999,999999999999
27,__wasm_call_ctors,5,808,4528351.0,0.0,1.0,1798123.0,808.0,62850.0,0.0,1.0,999999999999,999999999999,999999999999
39,init,20,840,6327048.0,0.0,1.0,1976623.0,840.0,63250.0,0.0,1.0,999999999999,999999999999,999999999999
2759,__wasi_clock_time_get,20,824,8304275.0,0.0,2.0,1946297.0,824.0,64500.0,0.0,2.0,999999999999,999999999999,999999999999
2752,__main_void,214,1400,10256389.0,0.0,1.0,4945771.0,1400.0,70270.0,0.0,1.0,999999999999,999999999999,999999999999
2756,__wasi_args_sizes_get,18,824,15202913.0,0.0,1.0,1913401.0,824.0,71220.0,0.0,1.0,999999999999,999999999999,999999999999
2729,malloc,12,808,17119671.0,0.0,389.0,1783683.0,808.0,75230.0,0.0,1221.0,999999999999,999999999999,999999999999
2730,dlmalloc,5377,8240,18904031.0,0.0,410.0,80278542.0,8240.0,75660.0,10000000.0,1243.0,999999999999,999999999999,999999999999
2734,calloc,109,984,99191041.0,0.0,2.0,3602951.0,984.0,94690.0,0.0,2.0,999999999999,999999999999,999999999999
2900,memset,393,1200,102795279.0,0.0,1604.0,9204452.0,1200.0,98370.0,330000000.0,16884.0,999999999999,999999999999,999999999999
2755,__wasi_args_get,18,816,112000784.0,0.0,1.0,1786423.0,816.0,100500.0,0.0,1.0,999999999999,999999999999,999999999999
172,main,15217,17584,113789151.0,0.0,1.0,113910158.0,17584.0,102000.0,0.0,1.0,999999999999,999999999999,999999999999
2868,setvbuf,125,648,227704273.0,0.0,1.0,3664180.0,648.0,118080.0,0.0,1.0,999999999999,999999999999,999999999999
173,consoleClassifySetup,620,1304,231369630.0,0.0,1.0,6415508.0,1304.0,119320.0,0.0,1.0,999999999999,999999999999,999999999999
201,streamOfConsole,162,1024,237785988.0,0.0,3.0,2768480.0,1024.0,122900.0,0.0,3.0,999999999999,999999999999,999999999999
2844,fileno,35,552,240555119.0,0.0,3.0,1961320.0,552.0,124440.0,0.0,3.0,999999999999,999999999999,999999999999
2798,__isatty,104,968,242517410.0,0.0,4.0,2985814.0,968.0,125290.0,0.0,4.0,999999999999,999999999999,999999999999
2761,__wasi_fd_fdstat_get,18,824,245504204.0,0.0,15.0,1778496.0,824.0,126000.0,0.0,11.0,999999999999,999999999999,999999999999
2838,fflush,362,1648,247288237.0,0.0,27.0,8159858.0,1648.0,131850.0,0.0,28.0,999999999999,999999999999,999999999999
202,consoleRenewSetup,5,512,255453076.0,0.0,1.0,1353433.0,512.0,143600.0,0.0,1.0,999999999999,999999999999,999999999999
2829,atexit,162,984,256807450.0,0.0,2.0,3232664.0,984.0,145380.0,0.0,2.0,999999999999,999999999999,999999999999
2825,getenv,154,1120,260041050.0,0.0,5.0,4754511.0,1120.0,147040.0,0.0,5.0,999999999999,999999999999,999999999999
2823,__wasilibc_ensure_environ,27,824,264796505.0,0.0,5.0,1920480.0,824.0,147600.0,0.0,5.0,999999999999,999999999999,999999999999
2824,__wasilibc_initialize_environ,194,1360,266717792.0,0.0,1.0,4459991.0,1360.0,148110.0,0.0,1.0,999999999999,999999999999,999999999999
2758,__wasi_environ_sizes_get,18,824,271178560.0,0.0,1.0,1795210.0,824.0,148770.0,0.0,1.0,999999999999,999999999999,999999999999
2902,__strchrnul,358,1144,272975720.0,0.0,7.0,7152795.0,1144.0,150120.0,0.0,9.0,999999999999,999999999999,999999999999
34,signal,105,576,280129985.0,0.0,1.0,2493404.0,576.0,154160.0,0.0,1.0,999999999999,999999999999,999999999999
1048,sqlite3_sourceid,16,520,282624276.0,0.0,1.0,1602643.0,520.0,155650.0,0.0,1.0,999999999999,999999999999,999999999999
177,cli_strncmp,231,976,284227977.0,0.0,1.0,3348917.0,976.0,156640.0,0.0,1.0,999999999999,999999999999,999999999999
2909,strncmp,136,632,287577637.0,0.0,1.0,4465531.0,632.0,159160.0,0.0,1.0,999999999999,999999999999,999999999999
178,main_init,496,1696,292044448.0,0.0,1.0,4771254.0,1696.0,173830.0,0.0,1.0,999999999999,999999999999,999999999999
935,sqlite3_config,3089,3328,296817433.0,0.0,8.0,15207833.0,3328.0,177200.0,0.0,8.0,999999999999,999999999999,999999999999
179,verify_uninitialized,98,968,312026450.0,0.0,3.0,2585394.0,968.0,185320.0,0.0,3.0,999999999999,999999999999,999999999999
566,sqlite3_snprintf,290,1136,314614044.0,0.0,7.0,4019027.0,1136.0,197080.0,0.0,5.0,999999999999,999999999999,999999999999
562,sqlite3StrAccumInit,199,680,318633985.0,0.0,24.0,3155707.0,680.0,199280.0,0.0,14.0,999999999999,999999999999,999999999999
532,sqlite3_str_vappendf,24753,15472,321790719.0,0.0,26.0,195454981.0,15472.0,202180.0,0.0,16.0,999999999999,999999999999,999999999999
533,sqlite3_str_append,314,1024,517248087.0,0.0,103.0,4357618.0,1024.0,246490.0,0.0,45.0,999999999999,999999999999,999999999999
2898,memcpy,1008,1888,521607605.0,0.0,4845.0,15190400.0,1888.0,250040.0,370000000.0,71261.0,999999999999,999999999999,999999999999
505,sqlite3_initialize,962,1616,536802688.0,0.0,24.0,7511315.0,1616.0,297170.0,0.0,22.0,999999999999,999999999999,999999999999
506,sqlite3MallocInit,453,1072,544315120.0,0.0,1.0,4075264.0,1072.0,299820.0,0.0,1.0,999999999999,999999999999,999999999999
928,sqlite3MemSetDefault,82,880,548391255.0,0.0,1.0,2075667.0,880.0,301290.0,0.0,1.0,999999999999,999999999999,999999999999
2687,sqlite3MemInit,38,536,550468428.0,0.0,1.0,1726626.0,536.0,307840.0,0.0,1.0,999999999999,999999999999,999999999999
507,sqlite3RegisterBuiltinFunctions,53,984,552196569.0,0.0,1.0,2067141.0,984.0,311730.0,0.0,1.0,999999999999,999999999999,999999999999
929,sqlite3AlterFunctions,28,832,554264510.0,0.0,1.0,1759530.0,832.0,312450.0,0.0,1.0,999999999999,999999999999,999999999999
933,sqlite3InsertBuiltinFuncs,665,1424,556024780.0,0.0,5.0,7642988.0,1424.0,313180.0,0.0,5.0,999999999999,999999999999,999999999999
538,sqlite3Strlen30,169,936,563668559.0,0.0,324.0,2888234.0,936.0,315690.0,0.0,288.0,999999999999,999999999999,999999999999
2908,strlen,206,656,566557679.0,0.0,869.0,5034787.0,656.0,317450.0,0.0,737.0,999999999999,999999999999,999999999999
970,sqlite3FunctionSearch,264,1064,571593750.0,0.0,179.0,4509061.0,1064.0,321280.0,0.0,179.0,999999999999,999999999999,999999999999
573,sqlite3StrICmp,361,672,576105078.0,0.0,957.0,4466424.0,672.0,338960.0,0.0,910.0,999999999999,999999999999,999999999999
930,sqlite3WindowFunctions,28,832,580573533.0,0.0,1.0,1901424.0,832.0,353080.0,0.0,1.0,999999999999,999999999999,999999999999
931,sqlite3RegisterDateTimeFunctions,28,832,582478830.0,0.0,1.0,1889196.0,832.0,439550.0,0.0,1.0,999999999999,999999999999,999999999999
932,sqlite3RegisterJsonFunctions,29,832,584371730.0,0.0,1.0,1876967.0,832.0,502880.0,0.0,1.0,999999999999,999999999999,999999999999
508,sqlite3PcacheInitialize,111,936,586269278.0,0.0,1.0,2672330.0,936.0,1607240.0,0.0,1.0,999999999999,999999999999,999999999999
934,sqlite3PCacheSetDefault,83,880,588942481.0,0.0,1.0,2202864.0,880.0,1608540.0,0.0,1.0,999999999999,999999999999,999999999999
2689,pcache1Init,340,984,591146752.0,0.0,1.0,3229311.0,984.0,1614720.0,0.0,1.0,999999999999,999999999999,999999999999
509,sqlite3OsInit,174,1024,594377563.0,0.0,1.0,3185397.0,1024.0,1617640.0,0.0,1.0,999999999999,999999999999,999999999999
520,sqlite3_malloc,204,1000,597563913.0,0.0,1.0,3358737.0,1000.0,1618530.0,0.0,1.0,999999999999,999999999999,999999999999
512,hasHighPrecisionDouble,488,1720,600923904.0,0.0,8.0,4623551.0,1720.0,1623500.0,0.0,8.0,999999999999,999999999999,999999999999
2924,__extenddftf2,269,1128,605548456.0,0.0,16.0,4898484.0,1128.0,1626500.0,0.0,16.0,999999999999,999999999999,999999999999
2921,__addtf3,1437,3104,610448410.0,0.0,8.0,21512335.0,3104.0,1630560.0,0.0,8.0,999999999999,999999999999,999999999999
2930,__ashlti3,84,592,631962058.0,0.0,8.0,2973861.0,592.0,1633660.0,0.0,8.0,999999999999,999999999999,999999999999
2933,__lshrti3,85,592,634936929.0,0.0,8.0,2806100.0,592.0,1634510.0,0.0,8.0,999999999999,999999999999,999999999999
2931,__fe_getround,5,520,637743996.0,0.0,8.0,1593843.0,520.0,1637360.0,0.0,8.0,999999999999,999999999999,999999999999
2922,__letf2,226,712,639338740.0,0.0,8.0,4139867.0,712.0,1639110.0,0.0,8.0,999999999999,999999999999,999999999999
521,sqlite3Malloc,306,1032,643479821.0,0.0,384.0,3783121.0,1032.0,1642550.0,0.0,1215.0,999999999999,999999999999,999999999999
522,mallocWithAlarm,747,1608,647265066.0,0.0,384.0,6605658.0,1608.0,1645350.0,0.0,1215.0,999999999999,999999999999,999999999999
2686,sqlite3MemRoundup,63,544,653871894.0,0.0,406.0,1991370.0,544.0,1647280.0,10000000.0,1237.0,999999999999,999999999999,999999999999
528,sqlite3StatusHighwater,204,576,655864324.0,0.0,419.0,2703690.0,576.0,1648530.0,10000000.0,1698.0,999999999999,999999999999,999999999999
2682,sqlite3MemMalloc,250,1056,658569092.0,0.0,384.0,3522270.0,1056.0,1651490.0,0.0,1215.0,999999999999,999999999999,999999999999
496,sqlite3MallocSize,97,920,662093489.0,0.0,848.0,2404960.0,920.0,1656410.0,0.0,3406.0,999999999999,999999999999,999999999999
2685,sqlite3MemSize,96,552,664499470.0,0.0,870.0,2084200.0,552.0,1657630.0,0.0,3429.0,999999999999,999999999999,999999999999
530,sqlite3StatusUp,317,592,666584731.0,0.0,803.0,2961660.0,592.0,1659010.0,0.0,2913.0,999999999999,999999999999,999999999999
524,sqlite3_free,249,1128,669548231.0,0.0,554.0,3677224.0,1128.0,1665330.0,20000000.0,15081.0,999999999999,999999999999,999999999999
525,sqlite3StatusDown,101,560,673226589.0,0.0,782.0,2214007.0,560.0,1668430.0,0.0,2892.0,999999999999,999999999999,999999999999
2683,sqlite3MemFree,114,896,675441663.0,0.0,384.0,2365527.0,896.0,1670380.0,0.0,1215.0,999999999999,999999999999,999999999999
2732,free,12,808,677808526.0,0.0,394.0,1798270.0,808.0,1671110.0,0.0,1227.0,999999999999,999999999999,999999999999
2733,dlfree,1713,2216,679607843.0,0.0,410.0,23785409.0,2216.0,1671440.0,20000000.0,1244.0,999999999999,999999999999,999999999999
575,sqlite3_os_init,305,1136,703395593.0,0.0,1.0,4161457.0,1136.0,1673650.0,0.0,1.0,999999999999,999999999999,999999999999
2903,strcmp,105,600,707558487.0,0.0,16.0,3576071.0,600.0,1676030.0,0.0,12.0,999999999999,999999999999,999999999999
513,sqlite3_vfs_register,339,1152,711136301.0,0.0,6.0,4440337.0,1152.0,1678230.0,0.0,6.0,999999999999,999999999999,999999999999
514,vfsUnlink,479,608,715580219.0,0.0,6.0,4228351.0,608.0,1694850.0,0.0,6.0,999999999999,999999999999,999999999999
576,unixTempFileInit,73,936,719812980.0,0.0,1.0,2100793.0,936.0,1752270.0,0.0,1.0,999999999999,999999999999,999999999999
510,sqlite3MemdbInit,296,1048,721916901.0,0.0,1.0,3720810.0,1048.0,1759900.0,0.0,1.0,999999999999,999999999999,999999999999
504,sqlite3_vfs_find,322,1112,725638598.0,0.0,4.0,5087271.0,1112.0,1761210.0,0.0,4.0,999999999999,999999999999,999999999999
511,sqlite3PCacheBufferSetup,570,784,730729576.0,0.0,1.0,5599271.0,784.0,1800570.0,0.0,1.0,999999999999,999999999999,999999999999
105,sqlite3_appendvfs_init,337,1128,736331798.0,0.0,1.0,4275384.0,1128.0,1814700.0,0.0,1.0,999999999999,999999999999,999999999999
2801,access,165,1040,740609222.0,0.0,1.0,3090307.0,1040.0,1826990.0,0.0,1.0,999999999999,999999999999,999999999999
2796,__wasilibc_find_relpath_alloc,513,1928,743700890.0,0.0,54.0,8538225.0,1928.0,1827920.0,0.0,42.0,999999999999,999999999999,999999999999
2816,__wasilibc_find_abspath,343,1408,752240158.0,0.0,54.0,9145745.0,1408.0,1829400.0,0.0,42.0,999999999999,999999999999,999999999999
2813,__wasilibc_populate_preopens,226,1296,761386917.0,0.0,63.0,5309735.0,1296.0,1830190.0,0.0,48.0,999999999999,999999999999,999999999999
2765,__wasi_fd_prestat_get,18,824,766697842.0,0.0,3.0,1906150.0,824.0,1831200.0,0.0,3.0,999999999999,999999999999,999999999999
2766,__wasi_fd_prestat_dir_name,20,824,768609022.0,0.0,2.0,1900400.0,824.0,1835190.0,0.0,2.0,999999999999,999999999999,999999999999
2814,internal_register_preopened_fd_unlocked,280,1320,770511459.0,0.0,2.0,5848398.0,1320.0,1836250.0,0.0,2.0,999999999999,999999999999,999999999999
2907,strdup,48,960,776362994.0,0.0,2.0,2558744.0,960.0,1844550.0,0.0,2.0,999999999999,999999999999,999999999999
2897,memcmp,75,584,778927081.0,0.0,84.0,3506447.0,584.0,1866530.0,0.0,72.0,999999999999,999999999999,999999999999
2735,realloc,1140,2192,782435383.0,0.0,30.0,17955571.0,2192.0,1880150.0,0.0,30.0,999999999999,999999999999,999999999999
2905,strcpy,17,840,800393200.0,0.0,54.0,1923406.0,840.0,1882980.0,0.0,42.0,999999999999,999999999999,999999999999
2904,__stpcpy,374,776,802317797.0,0.0,54.0,6597432.0,776.0,1883340.0,0.0,42.0,999999999999,999999999999,999999999999
2789,__wasilibc_nocwd_faccessat,220,1160,808916749.0,0.0,1.0,4886684.0,1160.0,1885930.0,0.0,1.0,999999999999,999999999999,999999999999
2773,__wasi_path_filestat_get,30,952,813804667.0,0.0,19.0,2367390.0,952.0,1886900.0,0.0,17.0,999999999999,999999999999,999999999999
185,process_sqliterc,838,1848,816208654.0,0.0,1.0,8131449.0,1848.0,7412711.0,0.0,1.0,999999999999,999999999999,999999999999
216,find_xdg_config,389,1240,824341809.0,0.0,1.0,4335574.0,1240.0,7415631.0,0.0,1.0,999999999999,999999999999,999999999999
194,find_home_dir,582,1224,828680604.0,0.0,2.0,5007677.0,1224.0,7423021.0,0.0,2.0,999999999999,999999999999,999999999999
190,ePutsUtf8,314,1368,833690208.0,0.0,1.0,3972704.0,1368.0,7429751.0,0.0,1.0,999999999999,999999999999,999999999999
170,getEmitStreamInfo,730,1416,837664062.0,0.0,81.0,6810338.0,1416.0,7431591.0,0.0,81.0,999999999999,999999999999,999999999999
423,isValidStreamInfo,97,552,844475367.0,0.0,162.0,2160757.0,552.0,7434521.0,0.0,162.0,999999999999,999999999999,999999999999
2855,fputs,38,944,846637628.0,0.0,81.0,2305747.0,944.0,7439991.0,0.0,81.0,999999999999,999999999999,999999999999
2862,fwrite,289,1368,848945199.0,0.0,81.0,7810332.0,1368.0,7444081.0,0.0,81.0,999999999999,999999999999,999999999999
2860,__towrite,94,624,856756407.0,0.0,2.0,3041251.0,624.0,7445021.0,0.0,2.0,999999999999,999999999999,999999999999
2848,__stdio_write,316,1368,859798624.0,0.0,3.0,7222402.0,1368.0,7446471.0,0.0,3.0,999999999999,999999999999,999999999999
2847,writev,115,984,867022057.0,0.0,3.0,3065230.0,984.0,7447481.0,0.0,3.0,999999999999,999999999999,999999999999
2771,__wasi_fd_write,22,824,870088434.0,0.0,34.0,1921404.0,824.0,7448411.0,0.0,27.0,999999999999,999999999999,999999999999
196,process_input,4214,4312,872031004.0,0.0,1.0,28634710.0,4312.0,7465581.0,0.0,1.0,999999999999,999999999999,999999999999
275,setLexemeOpen,219,624,900667778.0,0.0,6.0,3191574.0,624.0,7471581.0,0.0,6.0,999999999999,999999999999,999999999999
276,trackParenLevel,125,592,903861332.0,0.0,6.0,2477714.0,592.0,7474041.0,0.0,6.0,999999999999,999999999999,999999999999
277,one_input_line,501,1352,906341176.0,0.0,25.0,5940798.0,1352.0,7477881.0,0.0,25.0,999999999999,999999999999,999999999999
471,local_getline,966,1472,912283121.0,0.0,25.0,9329392.0,1472.0,7479771.0,0.0,25.0,999999999999,999999999999,999999999999
180,shell_check_oom,111,880,921615620.0,0.0,3.0,2560367.0,880.0,7485821.0,0.0,3.0,999999999999,999999999999,999999999999
426,fGetsUtf8,178,952,924177227.0,0.0,25.0,3072857.0,952.0,7487341.0,0.0,25.0,999999999999,999999999999,999999999999
2843,fgets,303,1384,927251424.0,0.0,25.0,8201422.0,1384.0,7489151.0,0.0,25.0,999999999999,999999999999,999999999999
2841,__uflow,85,1032,935454520.0,0.0,2.0,3316821.0,1032.0,7489931.0,0.0,2.0,999999999999,999999999999,999999999999
2840,__toread,134,1056,938772284.0,0.0,2.0,4014067.0,1056.0,1970280.0,0.0,3.0,999999999999,999999999999,999999999999
2850,__stdio_read,253,1232,942787515.0,0.0,2.0,5201205.0,1232.0,1972100.0,0.0,3.0,999999999999,999999999999,999999999999
2749,read,113,984,947989746.0,0.0,12.0,3105874.0,984.0,3131640.0,0.0,13.0,999999999999,999999999999,999999999999
2767,__wasi_fd_read,22,824,951097464.0,0.0,12.0,1922904.0,824.0,1973800.0,0.0,14.0,999999999999,999999999999,999999999999
2896,memchr,371,800,953042268.0,0.0,25.0,7982138.0,800.0,1914870.0,0.0,26.0,999999999999,999999999999,999999999999
278,line_is_command_terminator,534,1248,961027709.0,0.0,24.0,5984154.0,1248.0,7538511.0,0.0,24.0,999999999999,999999999999,999999999999
217,__isspace,143,552,967013041.0,0.0,782.0,2391457.0,552.0,7540261.0,0.0,782.0,999999999999,999999999999,999999999999
2822,tolower,20,528,969405868.0,0.0,25.0,1911697.0,528.0,7543011.0,0.0,25.0,999999999999,999999999999,999999999999
280,quickscan,2565,4360,971320052.0,0.0,24.0,20425205.0,4360.0,7545521.0,0.0,24.0,999999999999,999999999999,999999999999
925,sqlite3_complete,3248,4488,991752511.0,0.0,5.0,21604975.0,4488.0,7664691.0,10000000.0,5.0,999999999999,999999999999,999999999999
574,sqlite3_strnicmp,736,760,1013359982.0,0.0,54.0,7098954.0,760.0,7673231.0,0.0,46.0,999999999999,999999999999,999999999999
191,echo_group_input,134,920,1020462147.0,0.0,6.0,2841111.0,920.0,7743011.0,0.0,6.0,999999999999,999999999999,999999999999
281,runOneSqlLine,1279,2448,1023304832.0,0.0,5.0,11758529.0,2448.0,7744731.0,0.0,5.0,999999999999,999999999999,999999999999
184,open_db,4033,5408,1035065051.0,0.0,5.0,24376046.0,5408.0,1905660.0,0.0,6.0,999999999999,999999999999,999999999999
167,deduceDatabaseType,1043,2072,1059445904.0,0.0,1.0,8991119.0,2072.0,1912060.0,0.0,1.0,999999999999,999999999999,999999999999
2853,fopen,102,1112,1068438756.0,0.0,1.0,3355350.0,1112.0,1914250.0,0.0,1.0,999999999999,999999999999,999999999999
2845,__fmodeflags,102,1032,1071796547.0,0.0,1.0,2990383.0,1032.0,1916130.0,0.0,1.0,999999999999,999999999999,999999999999
2901,strchr,31,864,1074788070.0,0.0,2.0,2090547.0,864.0,1916790.0,0.0,4.0,999999999999,999999999999,999999999999
2800,__wasilibc_open_nomode,163,1032,1076881045.0,0.0,1.0,3061824.0,1032.0,1920600.0,0.0,1.0,999999999999,999999999999,999999999999
2783,__wasilibc_nocwd_openat_nomode,282,1240,1079947742.0,0.0,11.0,5235434.0,1240.0,1939340.0,10000000.0,7.0,999999999999,999999999999,999999999999
2775,__wasi_path_open,38,992,1085189707.0,0.0,11.0,2573344.0,992.0,1943290.0,0.0,7.0,999999999999,999999999999,999999999999
992,sqlite3_open_v2,127,952,1087788781.0,0.0,1.0,2682060.0,952.0,2006750.0,0.0,1.0,999999999999,999999999999,999999999999
979,openDatabase,3876,4672,1090472065.0,0.0,1.0,28539963.0,4672.0,2008410.0,0.0,1.0,999999999999,999999999999,999999999999
643,sqlite3MallocZero,182,1008,1119015038.0,0.0,40.0,3129754.0,1008.0,2016960.0,0.0,39.0,999999999999,999999999999,999999999999
980,sqlite3HashInit,105,584,1122154519.0,0.0,18.0,2106757.0,584.0,2036760.0,0.0,18.0,999999999999,999999999999,999999999999
982,createCollation,1392,1960,1124262830.0,0.0,7.0,11898849.0,1960.0,2039210.0,0.0,7.0,999999999999,999999999999,999999999999
995,sqlite3FindCollSeq,309,1040,1136162786.0,0.0,41.0,4069864.0,1040.0,2043920.0,0.0,36.0,999999999999,999999999999,999999999999
1609,findCollSeqEntry,681,1664,1140233860.0,0.0,17.0,7192598.0,1664.0,2046020.0,0.0,18.0,999999999999,999999999999,999999999999
870,sqlite3HashFind,108,952,1147427509.0,0.0,127.0,2559877.0,952.0,2048240.0,0.0,122.0,999999999999,999999999999,999999999999
1610,findElementWithHash,532,1368,1149988493.0,0.0,182.0,7208345.0,1368.0,2049620.0,0.0,177.0,999999999999,999999999999,999999999999
820,sqlite3DbMallocZero,198,1032,1157201204.0,0.0,76.0,3372147.0,1032.0,2063340.0,0.0,74.0,999999999999,999999999999,999999999999
550,sqlite3DbMallocRaw,204,992,1160574648.0,0.0,1175.0,3306454.0,992.0,2064900.0,0.0,15519.0,999999999999,999999999999,999999999999
873,sqlite3DbMallocRawNN,1019,1232,1163882613.0,0.0,1644.0,7398485.0,1232.0,2067120.0,30000000.0,15410.0,999999999999,999999999999,999999999999
1051,dbMallocRawFinish,164,1008,1171282198.0,0.0,247.0,3141137.0,1008.0,2071170.0,0.0,187.0,999999999999,999999999999,999999999999
971,sqlite3HashInsert,936,1608,1174429789.0,0.0,55.0,8590505.0,1608.0,2092460.0,0.0,55.0,999999999999,999999999999,999999999999
1614,insertElement,598,816,1183023604.0,0.0,59.0,5442041.0,816.0,2112090.0,0.0,59.0,999999999999,999999999999,999999999999
628,sqlite3Error,202,960,1188467455.0,0.0,12.0,3270367.0,960.0,2119170.0,0.0,10.0,999999999999,999999999999,999999999999
985,sqlite3ParseUri,6770,4616,1191749883.0,0.0,1.0,44248154.0,4616.0,2293210.0,0.0,1.0,999999999999,999999999999,999999999999
523,sqlite3_malloc64,129,992,1236001877.0,0.0,4.0,3020837.0,992.0,2320680.0,0.0,4.0,999999999999,999999999999,999999999999
986,sqlite3BtreeOpen,5773,4912,1239029415.0,0.0,7.0,41891990.0,4912.0,2342620.0,0.0,7.0,999999999999,999999999999,999999999999
1127,sqlite3PagerOpen,5024,5008,1280931205.0,0.0,7.0,35998075.0,5008.0,2382800.0,0.0,7.0,999999999999,999999999999,999999999999
1138,sqlite3PcacheSize,12,520,1316931257.0,0.0,7.0,1577947.0,520.0,2388980.0,0.0,7.0,999999999999,999999999999,999999999999
1139,sqlite3JournalSize,124,552,1318510541.0,0.0,7.0,2147723.0,552.0,2389970.0,0.0,7.0,999999999999,999999999999,999999999999
1125,sqlite3OsFullPathname,162,1000,1320663355.0,0.0,1.0,2883234.0,1000.0,2406470.0,0.0,1.0,999999999999,999999999999,999999999999
590,unixFullPathname,608,1520,1323547852.0,0.0,1.0,6464338.0,1520.0,2408410.0,0.0,1.0,999999999999,999999999999,999999999999
591,appendAllPathElements,506,1104,1330014250.0,0.0,1.0,5781321.0,1104.0,2411340.0,0.0,1.0,999999999999,999999999999,999999999999
1101,appendOnePathElement,1789,2064,1335799545.0,0.0,8.0,11858746.0,2064.0,2421980.0,0.0,8.0,999999999999,999999999999,999999999999
2804,lstat,165,1040,1347661251.0,0.0,8.0,3133637.0,1040.0,2429970.0,0.0,8.0,999999999999,999999999999,999999999999
2790,__wasilibc_nocwd_fstatat,425,1488,1350802062.0,0.0,18.0,7056772.0,1488.0,2445060.0,0.0,16.0,999999999999,999999999999,999999999999
498,sqlite3DbFree,136,896,1357917357.0,0.0,416.0,2739544.0,896.0,2734440.0,0.0,7937.0,999999999999,999999999999,999999999999
556,sqlite3DbFreeNN,511,1072,1360658571.0,0.0,1075.0,4645067.0,1072.0,2735940.0,20000000.0,15452.0,999999999999,999999999999,999999999999
1140,sqlite3OsOpen,188,1024,1365307692.0,0.0,5.0,3201937.0,1024.0,2747430.0,0.0,3.0,999999999999,999999999999,999999999999
577,unixOpen,3419,3616,1368510870.0,0.0,5.0,25668423.0,3616.0,2748760.0,0.0,3.0,999999999999,999999999999,999999999999
569,sqlite3_randomness,1079,1824,1394181136.0,0.0,5.0,9474992.0,1824.0,2754330.0,0.0,3.0,999999999999,999999999999,999999999999
578,findReusableFd,850,1312,1403658875.0,0.0,1.0,7887019.0,1312.0,2760160.0,0.0,1.0,999999999999,999999999999,999999999999
1058,unixEnterMutex,5,512,1411547267.0,0.0,1.0,1455433.0,512.0,2762200.0,0.0,1.0,999999999999,999999999999,999999999999
1062,unixLeaveMutex,5,512,1413004558.0,0.0,1.0,1445767.0,512.0,2763340.0,0.0,1.0,999999999999,999999999999,999999999999
580,findCreateFileMode,868,1520,1414456225.0,0.0,5.0,8501735.0,1520.0,2783100.0,0.0,3.0,999999999999,999999999999,999999999999
581,robust_open,1077,1936,1422959200.0,0.0,10.0,10286076.0,1936.0,2787000.0,0.0,6.0,999999999999,999999999999,999999999999
1087,posixOpen,118,944,1433246693.0,0.0,10.0,2634954.0,944.0,2789770.0,0.0,6.0,999999999999,999999999999,999999999999
2799,open,163,1032,1435883963.0,0.0,10.0,3069567.0,1032.0,2791220.0,0.0,6.0,999999999999,999999999999,999999999999
2740,fcntl,276,1504,1439037417.0,0.0,18.0,4612064.0,1504.0,2827800.0,0.0,10.0,999999999999,999999999999,999999999999
585,fillInUnixFile,1118,2128,1443651935.0,0.0,5.0,10830303.0,2128.0,2835520.0,0.0,3.0,999999999999,999999999999,999999999999
1034,sqlite3_uri_boolean,272,1056,1454484158.0,0.0,7.0,3592487.0,1056.0,2838470.0,0.0,5.0,999999999999,999999999999,999999999999
1032,sqlite3_uri_parameter,238,1032,1458077935.0,0.0,7.0,3605301.0,1032.0,2840030.0,0.0,5.0,999999999999,999999999999,999999999999
1103,dotlockIoFinderImpl,50,544,1461685319.0,0.0,1.0,1985633.0,544.0,2846720.0,0.0,1.0,999999999999,999999999999,999999999999
1065,storeLastErrno,61,552,1463680010.0,0.0,11.0,2036380.0,552.0,2955320.0,0.0,5.0,999999999999,999999999999,999999999999
1056,verifyDbFile,541,1304,1465717404.0,0.0,5.0,5615988.0,1304.0,2957000.0,0.0,3.0,999999999999,999999999999,999999999999
2741,fstat,416,1456,1471334889.0,0.0,7.0,6926818.0,1456.0,2959270.0,0.0,7.0,999999999999,999999999999,999999999999
2763,__wasi_fd_filestat_get,18,824,1478263187.0,0.0,7.0,1946247.0,824.0,2960000.0,0.0,7.0,999999999999,999999999999,999999999999
1080,fileHasMoved,279,1040,1480222414.0,0.0,4.0,3698881.0,1040.0,2966880.0,0.0,3.0,999999999999,999999999999,999999999999
1141,sqlite3OsDeviceCharacteristics,185,952,1483923665.0,0.0,18.0,3179903.0,952.0,2972200.0,0.0,14.0,999999999999,999999999999,999999999999
1083,unixDeviceCharacteristics,104,936,1487104786.0,0.0,18.0,2461877.0,936.0,2973630.0,0.0,14.0,999999999999,999999999999,999999999999
1082,setDeviceCharacteristics,151,584,1489567883.0,0.0,18.0,2910954.0,584.0,2974850.0,0.0,14.0,999999999999,999999999999,999999999999
1142,setSectorSize,201,1040,1492480200.0,0.0,8.0,3698014.0,1040.0,2977330.0,0.0,8.0,999999999999,999999999999,999999999999
1031,databaseName,329,600,1496180384.0,0.0,3.0,3908671.0,600.0,2984080.0,0.0,3.0,999999999999,999999999999,999999999999
1033,uriParameter,436,1248,1500090275.0,0.0,2.0,6003731.0,1248.0,2987080.0,0.0,2.0,999999999999,999999999999,999999999999
1014,sqlite3PagerSetPagesize,1157,1936,1506097770.0,0.0,14.0,10413686.0,1936.0,3005650.0,0.0,14.0,999999999999,999999999999,999999999999
1153,sqlite3PcacheRefCount,50,544,1516512760.0,0.0,26.0,1941126.0,544.0,3008840.0,0.0,26.0,999999999999,999999999999,999999999999
1154,sqlite3PageMalloc,79,896,1518455170.0,0.0,14.0,2254487.0,896.0,3012020.0,0.0,459.0,999999999999,999999999999,999999999999
1244,pcache1Alloc,580,1392,1520710654.0,0.0,14.0,5404155.0,1392.0,3012950.0,10000000.0,462.0,999999999999,999999999999,999999999999
1155,pager_reset,137,1008,1526123332.0,0.0,14.0,2773713.0,1008.0,3036230.0,0.0,14.0,999999999999,999999999999,999999999999
697,sqlite3BackupRestart,136,576,1528898803.0,0.0,14.0,3103961.0,576.0,3037560.0,0.0,14.0,999999999999,999999999999,999999999999
1227,sqlite3PcacheClear,81,888,1532004327.0,0.0,14.0,2260420.0,888.0,3039390.0,0.0,14.0,999999999999,999999999999,999999999999
1209,sqlite3PcacheTruncate,584,1448,1534265797.0,0.0,30.0,7434092.0,1448.0,3040960.0,0.0,28.0,999999999999,999999999999,999999999999
1156,sqlite3PcacheSetPageSize,453,1320,1541701246.0,0.0,14.0,5428854.0,1320.0,3043860.0,0.0,14.0,999999999999,999999999999,999999999999
1145,sqlite3PageFree,75,880,1547131490.0,0.0,21.0,2231390.0,880.0,3045830.0,0.0,466.0,999999999999,999999999999,999999999999
1177,pcache1Free,482,1216,1549364198.0,0.0,21.0,4438188.0,1216.0,3047050.0,0.0,469.0,999999999999,999999999999,999999999999
1150,pagerFixMaplimit,33,536,1553803852.0,0.0,21.0,1847177.0,536.0,3051930.0,0.0,21.0,999999999999,999999999999,999999999999
1143,sqlite3PcacheOpen,410,1200,1555652156.0,0.0,7.0,4788884.0,1200.0,3054450.0,0.0,7.0,999999999999,999999999999,999999999999
2691,pcache1Create,808,1552,1560442410.0,0.0,7.0,8033549.0,1552.0,3058520.0,0.0,7.0,999999999999,999999999999,999999999999
2692,pcache1ResizeHash,724,1464,1568482926.0,0.0,7.0,9195549.0,1464.0,3075990.0,0.0,7.0,999999999999,999999999999,999999999999
1181,numberOfCachePages,308,624,1577683038.0,0.0,15.0,3475497.0,624.0,3093540.0,0.0,15.0,999999999999,999999999999,999999999999
2694,pcache1Cachesize,488,1152,1581159999.0,0.0,15.0,5197718.0,1152.0,3096070.0,0.0,15.0,999999999999,999999999999,999999999999
2695,pcache1EnforceMaxPage,407,1272,1586359000.0,0.0,22.0,5684094.0,1272.0,3098560.0,0.0,22.0,999999999999,999999999999,999999999999
1146,sqlite3PagerSetFlags,1009,840,1592044645.0,0.0,7.0,6829201.0,840.0,3103990.0,0.0,7.0,999999999999,999999999999,999999999999
1147,setGetterMethod,105,560,1598876969.0,0.0,19.0,2311627.0,560.0,3114980.0,0.0,19.0,999999999999,999999999999,999999999999
1128,sqlite3PagerSetMmapLimit,108,904,1601190217.0,0.0,7.0,2425647.0,904.0,3117110.0,0.0,7.0,999999999999,999999999999,999999999999
1129,sqlite3PagerReadFileheader,299,1144,1603617264.0,0.0,7.0,4080348.0,1144.0,3118730.0,0.0,7.0,999999999999,999999999999,999999999999
1151,sqlite3OsRead,155,992,1607699526.0,0.0,10.0,2942221.0,992.0,3121500.0,0.0,11.0,999999999999,999999999999,999999999999
1063,unixRead,455,1272,1610643143.0,0.0,10.0,5162287.0,1272.0,3122990.0,0.0,11.0,999999999999,999999999999,999999999999
1064,seekAndRead,849,1672,1615807017.0,0.0,10.0,9014792.0,1672.0,3124780.0,0.0,11.0,999999999999,999999999999,999999999999
2748,__lseek,101,976,1624823693.0,0.0,41.0,3001880.0,976.0,1989780.0,0.0,36.0,999999999999,999999999999,999999999999
2769,__wasi_fd_seek,22,824,1627827944.0,0.0,41.0,1916330.0,824.0,1990620.0,0.0,36.0,999999999999,999999999999,999999999999
1131,sqlite3PagerSetBusyHandler,180,984,1629778960.0,0.0,7.0,2996354.0,984.0,3141550.0,0.0,7.0,999999999999,999999999999,999999999999
1136,sqlite3OsFileControlHint,183,952,1632776534.0,0.0,10.0,3151724.0,952.0,3143180.0,0.0,10.0,999999999999,999999999999,999999999999
1077,unixFileControl,841,2904,1635929512.0,0.0,15.0,7564958.0,2904.0,3145360.0,0.0,10.0,999999999999,999999999999,999999999999
1132,sqlite3PagerIsreadonly,61,544,1643496347.0,0.0,7.0,1987413.0,544.0,3149720.0,0.0,7.0,999999999999,999999999999,999999999999
1134,sqlite3BtreeSchema,260,1120,1645486568.0,0.0,8.0,4088694.0,1120.0,3164760.0,0.0,8.0,999999999999,999999999999,999999999999
657,sqlite3BtreeEnter,68,552,1649576809.0,0.0,127.0,2078604.0,552.0,3166460.0,10000000.0,6965.0,999999999999,999999999999,999999999999
1135,sqlite3BtreeSetCacheSize,140,1032,1651657216.0,0.0,8.0,2861347.0,1032.0,3169220.0,0.0,8.0,999999999999,999999999999,999999999999
1163,sqlite3PagerSetCachesize,99,912,1654520584.0,0.0,8.0,2441377.0,912.0,3171070.0,0.0,8.0,999999999999,999999999999,999999999999
1245,sqlite3PcacheSetCachesize,147,1032,1656962961.0,0.0,8.0,2965837.0,1032.0,3172180.0,0.0,8.0,999999999999,999999999999,999999999999
670,sqlite3PagerFile,48,544,1659931585.0,0.0,7.0,1971023.0,544.0,3180680.0,0.0,7.0,999999999999,999999999999,999999999999
987,sqlite3SchemaGet,450,1304,1661905382.0,0.0,2.0,5086531.0,1304.0,3187210.0,0.0,2.0,999999999999,999999999999,999999999999
988,sqlite3SetTextEncoding,177,1040,1667001123.0,0.0,1.0,3049380.0,1040.0,3211020.0,0.0,2.0,999999999999,999999999999,999999999999
889,sqlite3ExpirePreparedStatements,202,616,1670054177.0,0.0,3.0,3868191.0,616.0,3227580.0,0.0,4.0,999999999999,999999999999,999999999999
989,sqlite3RegisterPerConnectionBuiltinFunctions,161,1000,1673928055.0,0.0,1.0,3053440.0,1000.0,3250490.0,0.0,1.0,999999999999,999999999999,999999999999
967,sqlite3_overload_function,406,1480,1676982779.0,0.0,1.0,4860534.0,1480.0,3251520.0,0.0,1.0,999999999999,999999999999,999999999999
966,sqlite3FindFunction,1824,2304,1681844530.0,0.0,75.0,15462660.0,2304.0,3253760.0,0.0,75.0,999999999999,999999999999,999999999999
564,sqlite3_mprintf,155,1032,1697312707.0,0.0,1.0,3236997.0,1032.0,3274560.0,0.0,1.0,999999999999,999999999999,999999999999
563,sqlite3_vmprintf,260,1176,1700552395.0,0.0,1.0,3879334.0,1176.0,3277500.0,0.0,1.0,999999999999,999999999999,999999999999
558,sqlite3StrAccumFinish,310,1000,1704435962.0,0.0,17.0,3916601.0,1000.0,3327250.0,0.0,9.0,999999999999,999999999999,999999999999
559,strAccumFinishRealloc,347,1144,1708354313.0,0.0,11.0,4176474.0,1144.0,3329530.0,0.0,7.0,999999999999,999999999999,999999999999
964,sqlite3_create_function_v2,215,1104,1712536198.0,0.0,1.0,3713723.0,1104.0,3349060.0,0.0,1.0,999999999999,999999999999,999999999999
962,createFunctionApi,633,1840,1716251422.0,0.0,36.0,8570569.0,1840.0,3351000.0,0.0,36.0,999999999999,999999999999,999999999999
963,sqlite3CreateFunc,2419,2736,1724825991.0,0.0,36.0,17333807.0,2736.0,3366140.0,0.0,36.0,999999999999,999999999999,999999999999
725,functionDestroy,249,1064,1742171429.0,0.0,72.0,3736980.0,1064.0,3442000.0,0.0,72.0,999999999999,999999999999,999999999999
621,sqlite3ApiExit,173,960,1745910506.0,0.0,157.0,3163181.0,960.0,3447230.0,0.0,151.0,999999999999,999999999999,999999999999
975,sqlite3_errcode,297,1056,1749075633.0,0.0,4.0,4012034.0,1056.0,3450760.0,0.0,4.0,999999999999,999999999999,999999999999
895,sqlite3SafetyCheckSickOrOk,301,968,1753088798.0,0.0,5.0,3408538.0,968.0,3452590.0,0.0,5.0,999999999999,999999999999,999999999999
2712,sqlite3TestExtInit,77,896,1756499499.0,0.0,1.0,2259760.0,896.0,3457610.0,0.0,1.0,999999999999,999999999999,999999999999
695,sqlite3FaultSim,177,936,1758761562.0,0.0,18.0,3001507.0,936.0,3458440.0,0.0,40.0,999999999999,999999999999,999999999999
2713,sqlite3JsonTableFunctions,341,1064,1761764566.0,0.0,1.0,4670921.0,1064.0,3461250.0,0.0,1.0,999999999999,999999999999,999999999999
900,sqlite3_create_module,133,960,1766436568.0,0.0,5.0,2705887.0,960.0,3463240.0,0.0,5.0,999999999999,999999999999,999999999999
901,createModule,275,1224,1769143732.0,0.0,5.0,4475197.0,1224.0,3464650.0,0.0,5.0,999999999999,999999999999,999999999999
902,sqlite3VtabCreateModule,787,1776,1773622199.0,0.0,5.0,8106161.0,1776.0,3466240.0,0.0,5.0,999999999999,999999999999,999999999999
990,sqlite3AutoLoadExtensions,496,1440,1781741121.0,0.0,1.0,6824384.0,1440.0,3547860.0,0.0,1.0,999999999999,999999999999,999999999999
944,setupLookaside,2370,2392,1788567983.0,0.0,1.0,18474981.0,2392.0,3553120.0,0.0,1.0,999999999999,999999999999,999999999999
484,sqlite3LookasideUsed,356,1272,1807045037.0,0.0,1.0,4645581.0,1272.0,3557170.0,0.0,1.0,999999999999,999999999999,999999999999
494,countLookasideSlots,148,576,1811692392.0,0.0,4.0,3219657.0,576.0,3558730.0,0.0,4.0,999999999999,999999999999,999999999999
945,sqlite3BeginBenignMalloc,83,832,1814914126.0,0.0,21.0,2256274.0,832.0,3566320.0,0.0,61.0,999999999999,999999999999,999999999999
2817,sbrk,79,888,1817175407.0,0.0,7.0,2926514.0,888.0,3574890.0,0.0,11.0,999999999999,999999999999,999999999999
946,sqlite3EndBenignMalloc,83,832,1820110291.0,0.0,21.0,2253510.0,832.0,3588710.0,0.0,61.0,999999999999,999999999999,999999999999
973,sqlite3_wal_autocheckpoint,46,544,1822383021.0,0.0,1.0,1971937.0,544.0,3669120.0,0.0,1.0,999999999999,999999999999,999999999999
991,sqlite3_free_filename,159,976,1824356902.0,0.0,1.0,2979273.0,976.0,3674510.0,0.0,1.0,999999999999,999999999999,999999999999
943,sqlite3_db_config,1175,1960,1827341942.0,0.0,8.0,11377489.0,1960.0,3688990.0,0.0,9.0,999999999999,999999999999,999999999999
44,sqlite3_shathree_init,410,1712,1838722382.0,0.0,1.0,4714438.0,1712.0,3724810.0,0.0,1.0,999999999999,999999999999,999999999999
961,sqlite3_create_function,201,1088,1843438773.0,0.0,34.0,3534550.0,1088.0,3726560.0,0.0,34.0,999999999999,999999999999,999999999999
969,matchQuality,636,704,1846988334.0,0.0,16.0,5180408.0,704.0,3827230.0,0.0,16.0,999999999999,999999999999,999999999999
51,sqlite3_uint_init,125,1144,1852181452.0,0.0,1.0,2613504.0,1144.0,4043130.0,0.0,1.0,999999999999,999999999999,999999999999
993,sqlite3_create_collation,149,984,1854796386.0,0.0,2.0,2879361.0,984.0,4044420.0,0.0,2.0,999999999999,999999999999,999999999999
994,sqlite3_create_collation_v2,218,1128,1857677447.0,0.0,2.0,3487627.0,1128.0,4045920.0,0.0,2.0,999999999999,999999999999,999999999999
53,sqlite3_decimal_init,667,1664,1861174367.0,0.0,1.0,6965405.0,1664.0,4105770.0,0.0,1.0,999999999999,999999999999,999999999999
1612,rehash,706,1696,1868161146.0,0.0,1.0,8399688.0,1696.0,5043311.0,0.0,1.0,999999999999,999999999999,999999999999
1613,strHash,209,632,1876566614.0,0.0,84.0,3809074.0,632.0,5061691.0,0.0,84.0,999999999999,999999999999,999999999999
965,sqlite3_create_window_function,229,1144,1880379542.0,0.0,1.0,3908464.0,1144.0,5140011.0,0.0,1.0,999999999999,999999999999,999999999999
75,sqlite3_base64_init,138,1160,1884302237.0,0.0,1.0,2714637.0,1160.0,5298951.0,0.0,1.0,999999999999,999999999999,999999999999
79,sqlite3_base85_init,138,1160,1887025141.0,0.0,1.0,2689867.0,1160.0,5374671.0,0.0,1.0,999999999999,999999999999,999999999999
89,sqlite3_regexp_init,253,1320,1889722835.0,0.0,1.0,3750520.0,1320.0,5447031.0,0.0,1.0,999999999999,999999999999,999999999999
83,sqlite3_ieee_init,454,1144,1893484572.0,0.0,1.0,5144665.0,1144.0,5607221.0,0.0,1.0,999999999999,999999999999,999999999999
88,sqlite3_series_init,303,1168,1898649324.0,0.0,1.0,4095004.0,1168.0,6249501.0,0.0,1.0,999999999999,999999999999,999999999999
927,sqlite3_libversion_number,15,520,1902745751.0,0.0,1.0,1624187.0,520.0,6251021.0,0.0,1.0,999999999999,999999999999,999999999999
94,sqlite3_fileio_init,358,1608,1904378212.0,0.0,1.0,4642537.0,1608.0,6295371.0,0.0,1.0,999999999999,999999999999,999999999999
98,fsdirRegister,119,944,1909034502.0,0.0,1.0,2457361.0,944.0,6547061.0,0.0,1.0,999999999999,999999999999,999999999999
104,sqlite3_completion_init,118,952,1911497997.0,0.0,1.0,2593040.0,952.0,6590201.0,0.0,1.0,999999999999,999999999999,999999999999
103,sqlite3CompletionVtabInit,129,960,1914092227.0,0.0,1.0,2554420.0,960.0,6591341.0,0.0,1.0,999999999999,999999999999,999999999999
473,beginTimer,80,928,1916671914.0,0.0,5.0,2366284.0,928.0,7764451.0,0.0,5.0,999999999999,999999999999,999999999999
189,shell_exec,3936,4936,1919040379.0,0.0,5.0,31266097.0,4936.0,7765821.0,0.0,5.0,999999999999,999999999999,999999999999
603,sqlite3_prepare_v2,170,1016,1950308976.0,0.0,8.0,2955437.0,1016.0,7772281.0,0.0,6.0,999999999999,999999999999,999999999999
616,sqlite3LockAndPrepare,719,1632,1953266447.0,0.0,8.0,8654532.0,1632.0,7774101.0,0.0,6.0,999999999999,999999999999,999999999999
627,sqlite3SafetyCheckOk,290,1040,1961922099.0,0.0,11.0,3693957.0,1040.0,7776581.0,0.0,7.0,999999999999,999999999999,999999999999
485,sqlite3BtreeEnterAll,261,664,1965618510.0,0.0,10.0,4395887.0,664.0,7779931.0,0.0,8.0,999999999999,999999999999,999999999999
897,sqlite3Prepare,2882,3376,1970017274.0,0.0,12.0,23970042.0,3376.0,7783501.0,0.0,10.0,999999999999,999999999999,999999999999
1615,sqlite3BtreeSchemaLocked,132,1008,1993991347.0,0.0,12.0,2628507.0,1008.0,7792141.0,0.0,10.0,999999999999,999999999999,999999999999
1246,querySharedCacheTableLock,676,768,1996623625.0,0.0,24.0,6081564.0,768.0,7794121.0,0.0,22.0,999999999999,999999999999,999999999999
905,sqlite3RunParser,2748,3944,2002707449.0,0.0,14.0,20892992.0,3944.0,7800081.0,0.0,10.0,999999999999,999999999999,999999999999
908,sqlite3ParserInit,225,664,2023602698.0,0.0,14.0,2978774.0,664.0,7805161.0,0.0,10.0,999999999999,999999999999,999999999999
904,sqlite3GetToken,9763,4920,2026583185.0,0.0,609.0,55992947.0,4920.0,7808021.0,0.0,479.0,999999999999,999999999999,999999999999
907,keywordCode,1136,1104,2082579529.0,0.0,204.0,11382752.0,1104.0,7823131.0,0.0,164.0,999999999999,999999999999,999999999999
912,sqlite3Parser,916,1840,2093965475.0,0.0,405.0,9465815.0,1840.0,7835801.0,0.0,309.0,999999999999,999999999999,999999999999
1660,yy_find_shift_action,850,808,2103433431.0,0.0,1135.0,7497879.0,808.0,7838881.0,0.0,915.0,999999999999,999999999999,999999999999
1664,yy_shift,455,1184,2110933846.0,0.0,403.0,5038971.0,1184.0,7845721.0,0.0,309.0,999999999999,999999999999,999999999999
1663,yy_reduce,47469,42664,2115975857.0,0.0,730.0,339726126.0,42664.0,7886051.0,20000000.0,606.0,999999999999,999999999999,999999999999
1676,disableLookaside,139,584,2455705394.0,0.0,6.0,2684010.0,584.0,8000761.0,0.0,6.0,999999999999,999999999999,999999999999
1768,yy_find_reduce_action,214,592,2458391521.0,0.0,730.0,2636807.0,592.0,8006211.0,10000000.0,606.0,999999999999,999999999999,999999999999
1675,sqlite3StartTable,3728,4504,2461038649.0,0.0,6.0,25979526.0,4504.0,8387241.0,0.0,6.0,999999999999,999999999999,999999999999
1779,sqlite3TwoPartName,506,1240,2487020075.0,0.0,4.0,5272791.0,1240.0,8392561.0,0.0,4.0,999999999999,999999999999,999999999999
1710,sqlite3NameFromToken,221,1064,2492294589.0,0.0,35.0,3429111.0,1064.0,8396361.0,0.0,27.0,999999999999,999999999999,999999999999
1616,sqlite3DbStrNDup,326,1128,2495724757.0,0.0,87.0,4052670.0,1128.0,8398171.0,0.0,55.0,999999999999,999999999999,999999999999
1803,sqlite3Dequote,715,728,2499787771.0,0.0,81.0,5606321.0,728.0,8426321.0,0.0,47.0,999999999999,999999999999,999999999999
1780,sqlite3CheckObjectName,763,1752,2505395726.0,0.0,6.0,8048788.0,1752.0,8431431.0,0.0,6.0,999999999999,999999999999,999999999999
1252,sqlite3WritableSchema,98,560,2513446741.0,0.0,8.0,2070604.0,560.0,8433251.0,0.0,6.0,999999999999,999999999999,999999999999
2002,sqlite3ReadOnlyShadowTables,311,632,2515520672.0,0.0,2.0,3330667.0,632.0,8442421.0,0.0,2.0,999999999999,999999999999,999999999999
1785,sqlite3ShadowTableName,420,1208,2518852656.0,0.0,8.0,4648870.0,1208.0,8445871.0,0.0,6.0,999999999999,999999999999,999999999999
2912,strrchr,25,912,2523502857.0,0.0,8.0,2000950.0,912.0,8447331.0,0.0,6.0,999999999999,999999999999,999999999999
2911,__memrchr,48,560,2525506294.0,0.0,8.0,2814457.0,560.0,8449271.0,0.0,6.0,999999999999,999999999999,999999999999
1778,sqlite3AuthCheck,551,1344,2528322482.0,0.0,45.0,5698451.0,1344.0,8454291.0,0.0,33.0,999999999999,999999999999,999999999999
868,sqlite3ReadSchema,386,1064,2534022880.0,0.0,15.0,4024517.0,1064.0,8459851.0,0.0,11.0,999999999999,999999999999,999999999999
999,sqlite3Init,696,1416,2538050601.0,0.0,8.0,8083152.0,1416.0,8462441.0,0.0,6.0,999999999999,999999999999,999999999999
1003,sqlite3InitOne,3656,4040,2546136243.0,0.0,2.0,27356056.0,4040.0,8465651.0,0.0,2.0,999999999999,999999999999,999999999999
1413,sqlite3InitCallback,2627,2432,2573494529.0,0.0,4.0,16263860.0,2432.0,8471531.0,0.0,4.0,999999999999,999999999999,999999999999
1499,sqlite3GetUInt32,513,728,2589760897.0,0.0,4.0,5734731.0,728.0,8478901.0,0.0,4.0,999999999999,999999999999,999999999999
620,sqlite3DbStrDup,311,1144,2595512468.0,0.0,54.0,4057234.0,1144.0,9008721.0,0.0,44.0,999999999999,999999999999,999999999999
572,sqlite3_stricmp,278,968,2599583393.0,0.0,28.0,3359601.0,968.0,9043571.0,0.0,18.0,999999999999,999999999999,999999999999
869,sqlite3FindTable,2007,2472,2602946844.0,0.0,18.0,16158746.0,2472.0,9077611.0,0.0,14.0,999999999999,999999999999,999999999999
1500,sqlite3FindIndex,517,1280,2619110180.0,0.0,6.0,6793625.0,1280.0,9101521.0,0.0,4.0,999999999999,999999999999,999999999999
1620,sqlite3DbIsNamed,252,1096,2625905582.0,0.0,12.0,3698128.0,1096.0,9104791.0,0.0,8.0,999999999999,999999999999,999999999999
1678,sqlite3AddColumn,3567,3280,2629618100.0,0.0,18.0,26207830.0,3280.0,9385541.0,0.0,18.0,999999999999,999999999999,999999999999
1802,sqlite3DequoteToken,430,664,2655827543.0,0.0,36.0,4823107.0,664.0,9391791.0,0.0,28.0,999999999999,999999999999,999999999999
1804,sqlite3StrIHash,319,640,2660659844.0,0.0,80.0,3880194.0,640.0,9448381.0,0.0,48.0,999999999999,999999999999,999999999999
555,sqlite3DbRealloc,553,1096,2664541778.0,0.0,60.0,4681874.0,1096.0,9455081.0,0.0,38.0,999999999999,999999999999,999999999999
1050,dbReallocFinish,422,1432,2669238503.0,0.0,28.0,5138374.0,1432.0,9871741.0,0.0,20.0,999999999999,999999999999,999999999999
1052,isLookaside,162,584,2674378940.0,0.0,28.0,2544927.0,584.0,9873511.0,0.0,20.0,999999999999,999999999999,999999999999
527,sqlite3Realloc,1065,1816,2676925608.0,0.0,22.0,8621662.0,1816.0,9875801.0,0.0,22.0,999999999999,999999999999,999999999999
517,sqlite3StatusValue,85,552,2685551007.0,0.0,21.0,2017417.0,552.0,9884061.0,0.0,21.0,999999999999,999999999999,999999999999
529,sqlite3MallocAlarm,138,888,2687570451.0,0.0,21.0,2522870.0,888.0,9886251.0,0.0,21.0,999999999999,999999999999,999999999999
2684,sqlite3MemRealloc,329,1200,2690094982.0,0.0,21.0,4010410.0,1200.0,9888281.0,0.0,21.0,999999999999,999999999999,999999999999
1677,sqlite3EndTable,7278,7240,2694134349.0,0.0,6.0,53710640.0,7240.0,11393621.0,0.0,6.0,999999999999,999999999999,999999999999
859,sqlite3SchemaToIndex,259,624,2747853549.0,0.0,31.0,4018714.0,624.0,11429271.0,0.0,19.0,999999999999,999999999999,999999999999
1790,estimateTableWidth,428,1112,2751875063.0,0.0,6.0,5946894.0,1112.0,11433431.0,0.0,4.0,999999999999,999999999999,999999999999
1024,sqlite3LogEst,685,744,2757824001.0,0.0,29.0,5845514.0,744.0,11438591.0,0.0,23.0,999999999999,999999999999,999999999999
1671,sqlite3FinishCoding,2803,3512,2763682719.0,0.0,14.0,22293915.0,3512.0,11559881.0,0.0,10.0,999999999999,999999999999,999999999999
913,sqlite3ParserFinalize,398,1088,2785980751.0,0.0,14.0,5133591.0,1088.0,11575191.0,0.0,10.0,999999999999,999999999999,999999999999
1619,sqlite3ErrorClear,172,928,2791118303.0,0.0,12.0,2868267.0,928.0,11586431.0,0.0,10.0,999999999999,999999999999,999999999999
654,sqlite3ParseObjectReset,683,1512,2793988704.0,0.0,12.0,7753311.0,1512.0,11589111.0,0.0,10.0,999999999999,999999999999,999999999999
612,sqlite3_finalize,400,1400,2801744489.0,0.0,9.0,5266748.0,1400.0,11596061.0,0.0,9.0,999999999999,999999999999,999999999999
655,sqlite3BtreeTxnState,127,552,2807013807.0,0.0,14.0,2298647.0,552.0,11601081.0,0.0,14.0,999999999999,999999999999,999999999999
659,sqlite3BtreeBeginTrans,475,1240,2809313850.0,0.0,15.0,5420401.0,1240.0,11603481.0,0.0,13.0,999999999999,999999999999,999999999999
680,btreeBeginTrans,3189,2984,2814735598.0,0.0,12.0,23552099.0,2984.0,11605821.0,0.0,12.0,999999999999,999999999999,999999999999
1247,lockBtree,2541,2928,2838290877.0,0.0,12.0,18807365.0,2928.0,11617451.0,0.0,12.0,999999999999,999999999999,999999999999
1251,sqlite3PagerSharedLock,1873,2768,2857100445.0,0.0,12.0,15299323.0,2768.0,11620811.0,0.0,12.0,999999999999,999999999999,999999999999
1189,pager_wait_on_lock,250,1136,2872401959.0,0.0,14.0,4529297.0,1136.0,11624241.0,0.0,10.0,999999999999,999999999999,999999999999
1190,pagerLockDb,451,1112,2876932844.0,0.0,24.0,4813858.0,1112.0,11625651.0,0.0,18.0,999999999999,999999999999,999999999999
1191,sqlite3OsLock,119,952,2881748208.0,0.0,14.0,2633370.0,952.0,11628211.0,0.0,10.0,999999999999,999999999999,999999999999
1099,dotlockLock,573,1344,2884383776.0,0.0,14.0,5788618.0,1344.0,11629671.0,0.0,10.0,999999999999,999999999999,999999999999
2808,mkdir,161,1016,2890175374.0,0.0,6.0,3005987.0,1016.0,11632541.0,0.0,6.0,999999999999,999999999999,999999999999
2786,__wasilibc_nocwd_mkdirat_nomode,37,864,2893188898.0,0.0,6.0,2255533.0,864.0,11654771.0,0.0,6.0,999999999999,999999999999,999999999999
2772,__wasi_path_create_directory,26,928,2895446138.0,0.0,6.0,2227877.0,928.0,11655551.0,0.0,6.0,999999999999,999999999999,999999999999
1254,hasHotJournal,1093,2136,2897761052.0,0.0,6.0,10279432.0,2136.0,11725531.0,0.0,6.0,999999999999,999999999999,999999999999
1212,sqlite3OsAccess,144,984,2908042198.0,0.0,6.0,2878997.0,984.0,11729041.0,0.0,6.0,999999999999,999999999999,999999999999
589,unixAccess,428,1136,2910924299.0,0.0,6.0,4655420.0,1136.0,11730871.0,0.0,6.0,999999999999,999999999999,999999999999
2803,stat,165,1040,2915582499.0,0.0,10.0,3111944.0,1040.0,11733031.0,0.0,8.0,999999999999,999999999999,999999999999
1255,pagerPagecount,450,1128,2918717527.0,0.0,6.0,4891405.0,1128.0,11765691.0,0.0,6.0,999999999999,999999999999,999999999999
705,sqlite3OsFileSize,118,952,2923610762.0,0.0,6.0,2650487.0,952.0,11767641.0,0.0,6.0,999999999999,999999999999,999999999999
1071,unixFileSize,323,1128,2926263999.0,0.0,6.0,4201710.0,1128.0,11769141.0,0.0,6.0,999999999999,999999999999,999999999999
718,btreeGetPage,250,1152,2930477913.0,0.0,22.0,4016141.0,1152.0,11781691.0,0.0,74.0,999999999999,999999999999,999999999999
609,sqlite3PagerGet,144,984,2934495725.0,0.0,43.0,2840367.0,984.0,11783451.0,20000000.0,17657.0,999999999999,999999999999,999999999999
1179,getPageNormal,1590,2344,2937338155.0,0.0,37.0,12709163.0,2344.0,11785031.0,50000000.0,17651.0,999999999999,999999999999,999999999999
1194,sqlite3PcacheFetch,197,1016,2950049195.0,0.0,37.0,3178241.0,1016.0,11788401.0,20000000.0,17651.0,999999999999,999999999999,999999999999
2697,pcache1Fetch,111,936,2953229996.0,0.0,37.0,2550841.0,936.0,11790391.0,0.0,17735.0,999999999999,999999999999,999999999999
2698,pcache1FetchNoMutex,536,1128,2955782707.0,0.0,37.0,6100578.0,1128.0,11791731.0,20000000.0,17735.0,999999999999,999999999999,999999999999
2707,pcache1FetchStage2,1509,2096,2961884941.0,0.0,11.0,12144040.0,2096.0,11794721.0,0.0,50.0,999999999999,999999999999,999999999999
2709,pcache1AllocPage,582,1424,2974030587.0,0.0,11.0,6585505.0,1424.0,11799491.0,0.0,50.0,999999999999,999999999999,999999999999
2710,pcache1InitBulk,965,1504,2980617903.0,0.0,7.0,9164772.0,1504.0,11801681.0,0.0,7.0,999999999999,999999999999,999999999999
1196,sqlite3PcacheFetchFinish,288,1024,2989826265.0,0.0,48.0,3804984.0,1024.0,11883351.0,60000000.0,17701.0,999999999999,999999999999,999999999999
1201,pcacheFetchFinishWithInit,389,1120,2993633469.0,0.0,11.0,4178354.0,1120.0,11885451.0,0.0,50.0,999999999999,999999999999,999999999999
1256,btreePageFromDbPage,324,1168,2997815427.0,0.0,16.0,4418091.0,1168.0,11913981.0,0.0,71.0,999999999999,999999999999,999999999999
685,sqlite3PagerGetExtra,49,544,3002235778.0,0.0,33.0,1941610.0,544.0,11915641.0,70000000.0,17652.0,999999999999,999999999999,999999999999
610,sqlite3PagerGetData,48,544,3004180188.0,0.0,11.0,1933973.0,544.0,11917532.0,0.0,50.0,999999999999,999999999999,999999999999
681,sqlite3Get4byte,193,584,3006116235.0,0.0,57.0,2623970.0,584.0,3153430.0,50000000.0,17709.0,999999999999,999999999999,999999999999
671,sqlite3PagerPagecount,68,560,3008741249.0,0.0,12.0,2081387.0,560.0,11921832.0,0.0,12.0,999999999999,999999999999,999999999999
1377,sqlite3BtreeGetMeta,300,1160,3010825083.0,0.0,7.0,4235221.0,1160.0,11945861.0,0.0,5.0,999999999999,999999999999,999999999999
1295,sqlite3AbsInt32,197,576,3015063204.0,0.0,1.0,2678861.0,576.0,11994872.0,0.0,1.0,999999999999,999999999999,999999999999
663,sqlite3BtreeLastPage,86,904,3017747308.0,0.0,3.0,2337474.0,904.0,12008812.0,0.0,1.0,999999999999,999999999999,999999999999
684,btreePagecount,48,544,3020086435.0,0.0,36.0,1932094.0,544.0,12009912.0,40000000.0,17644.0,999999999999,999999999999,999999999999
860,sqlite3MPrintf,125,968,3022020463.0,0.0,10.0,2636797.0,968.0,12011832.0,0.0,4.0,999999999999,999999999999,999999999999
648,sqlite3VMPrintf,314,1200,3024658794.0,0.0,12.0,4226234.0,1200.0,12013032.0,0.0,4.0,999999999999,999999999999,999999999999
607,sqlite3_exec,2628,3432,3028899618.0,0.0,3.0,24012779.0,3432.0,12123521.0,0.0,1.0,999999999999,999999999999,999999999999
1703,sqlite3Expr,163,1048,3052928707.0,0.0,18.0,3094971.0,1048.0,12409881.0,0.0,6.0,999999999999,999999999999,999999999999
1723,sqlite3ExprAlloc,1042,1608,3056026011.0,0.0,36.0,9137152.0,1608.0,12413372.0,0.0,24.0,999999999999,999999999999,999999999999
1704,sqlite3ExprSetErrorOffset,146,568,3065170036.0,0.0,18.0,2685177.0,568.0,12437661.0,0.0,6.0,999999999999,999999999999,999999999999
1700,sqlite3ExprListAppend,447,1096,3067856614.0,0.0,68.0,4672575.0,1096.0,12439541.0,0.0,40.0,999999999999,999999999999,999999999999
1910,sqlite3ExprListAppendNew,332,1136,3072530712.0,0.0,32.0,4209794.0,1136.0,12442061.0,0.0,22.0,999999999999,999999999999,999999999999
1696,sqlite3SrcListAppendFromTerm,1498,1784,3076753049.0,0.0,12.0,10859656.0,1784.0,12871912.0,0.0,10.0,999999999999,999999999999,999999999999
1708,sqlite3SrcListAppend,1003,1688,3087614129.0,0.0,16.0,8643095.0,1688.0,12876072.0,0.0,12.0,999999999999,999999999999,999999999999
1705,sqlite3SrcListShiftJoinType,853,776,3096268061.0,0.0,10.0,7900538.0,776.0,12996041.0,0.0,8.0,999999999999,999999999999,999999999999
1681,tokenExpr,809,1560,3104175933.0,0.0,55.0,7749061.0,1560.0,13262162.0,0.0,35.0,999999999999,999999999999,999999999999
1712,sqlite3ExprListSetSortOrder,419,664,3111933554.0,0.0,5.0,4185721.0,664.0,13439452.0,0.0,3.0,999999999999,999999999999,999999999999
1697,sqlite3SelectNew,1029,1888,3116122339.0,0.0,13.0,9468372.0,1888.0,13578372.0,0.0,11.0,999999999999,999999999999,999999999999
1695,parserDoubleLinkSelect,748,1368,3125597275.0,0.0,9.0,7444595.0,1368.0,13647332.0,0.0,7.0,999999999999,999999999999,999999999999
1693,sqlite3Select,26465,24136,3133044113.0,0.0,17.0,206211467.0,24136.0,13694082.0,0.0,15.0,999999999999,999999999999,999999999999
1769,sqlite3GetVdbe,277,984,3339259274.0,0.0,33.0,4112667.0,984.0,13736592.0,0.0,25.0,999999999999,999999999999,999999999999
861,sqlite3VdbeCreate,510,1288,3343375755.0,0.0,8.0,5254304.0,1288.0,13738912.0,0.0,6.0,999999999999,999999999999,999999999999
874,sqlite3VdbeAddOp2,133,960,3348642823.0,0.0,92.0,2599850.0,960.0,13758242.0,0.0,78.0,999999999999,999999999999,999999999999
1631,sqlite3VdbeAddOp3,468,1272,3351244797.0,0.0,333.0,5337924.0,1272.0,13759622.0,0.0,249.0,999999999999,999999999999,999999999999
1632,growOp3,204,1120,3356584632.0,0.0,11.0,3697744.0,1120.0,13762012.0,0.0,9.0,999999999999,999999999999,999999999999
876,growOpArray,583,1304,3360283859.0,0.0,11.0,5926214.0,1304.0,13763452.0,0.0,9.0,999999999999,999999999999,999999999999
542,sqlite3DbMallocSize,384,1032,3366216527.0,0.0,749.0,3967577.0,1032.0,13788982.0,40000000.0,7570.0,999999999999,999999999999,999999999999
1840,sqlite3SelectPrep,319,1184,3370188438.0,0.0,17.0,4188928.0,1184.0,13802182.0,0.0,15.0,999999999999,999999999999,999999999999
2150,sqlite3SelectExpand,297,1144,3374379299.0,0.0,6.0,3845687.0,1144.0,13804752.0,0.0,4.0,999999999999,999999999999,999999999999
2086,sqlite3WalkSelect,543,1376,3378226277.0,0.0,38.0,6791438.0,1376.0,13807182.0,0.0,32.0,999999999999,999999999999,999999999999
2160,selectExpander,12126,8896,3385019175.0,0.0,23.0,88976285.0,8896.0,13809892.0,0.0,21.0,999999999999,999999999999,999999999999
1761,sqlite3WithPush,379,1096,3473999471.0,0.0,15.0,4657350.0,1096.0,13849192.0,0.0,13.0,999999999999,999999999999,999999999999
2163,sqlite3SrcListAssignCursors,452,1160,3478660021.0,0.0,15.0,5593641.0,1160.0,13851992.0,0.0,13.0,999999999999,999999999999,999999999999
2165,resolveFromTermToCte,4333,3672,3484255890.0,0.0,9.0,29730503.0,3672.0,13857132.0,0.0,7.0,999999999999,999999999999,999999999999
1819,sqlite3LocateTableItem,311,1160,3513988717.0,0.0,9.0,4485954.0,1160.0,13863182.0,0.0,5.0,999999999999,999999999999,999999999999
858,sqlite3LocateTable,1121,1840,3518477928.0,0.0,9.0,10083592.0,1840.0,13866002.0,0.0,5.0,999999999999,999999999999,999999999999
2166,cannotBeFunction,219,984,3528568751.0,0.0,9.0,3257614.0,984.0,13894592.0,0.0,7.0,999999999999,999999999999,999999999999
2168,sqlite3ProcessJoin,3947,4400,3531828045.0,0.0,15.0,31379740.0,4400.0,13898382.0,0.0,13.0,999999999999,999999999999,999999999999
1911,sqlite3ExprListAppendGrow,483,1248,3563231829.0,0.0,6.0,5186358.0,1248.0,14142582.0,0.0,2.0,999999999999,999999999999,999999999999
885,sqlite3ExprListDelete,136,896,3568429780.0,0.0,126.0,2634653.0,896.0,14191502.0,0.0,102.0,999999999999,999999999999,999999999999
914,exprListDeleteNN,338,1200,3571067507.0,0.0,41.0,4680994.0,1200.0,14192902.0,0.0,31.0,999999999999,999999999999,999999999999
499,sqlite3ExprDelete,136,896,3575750195.0,0.0,201.0,2686730.0,896.0,14194722.0,0.0,145.0,999999999999,999999999999,999999999999
1539,sqlite3ExprDeleteNN,689,1480,3578439633.0,0.0,156.0,8420988.0,1480.0,14196342.0,0.0,116.0,999999999999,999999999999,999999999999
503,sqlite3DbNNFreeNN,466,1072,3586863778.0,0.0,585.0,4530107.0,1072.0,14201722.0,0.0,418.0,999999999999,999999999999,999999999999
2088,sqlite3WalkSelectExpr,759,1568,3591400416.0,0.0,30.0,7223005.0,1568.0,14221922.0,0.0,26.0,999999999999,999999999999,999999999999
2085,sqlite3WalkExprList,335,1112,3598624854.0,0.0,95.0,5016254.0,1112.0,14223912.0,0.0,83.0,999999999999,999999999999,999999999999
2082,sqlite3WalkExpr,161,920,3603642419.0,0.0,221.0,2873554.0,920.0,14225922.0,0.0,173.0,999999999999,999999999999,999999999999
2084,sqlite3WalkExprNN,693,1448,3606517093.0,0.0,306.0,8165971.0,1448.0,14227462.0,0.0,214.0,999999999999,999999999999,999999999999
2158,sqlite3ExprWalkNoop,46,544,3614684311.0,0.0,217.0,1962307.0,544.0,14229432.0,0.0,165.0,999999999999,999999999999,999999999999
2089,sqlite3WalkSelectFrom,524,1216,3616650255.0,0.0,30.0,6506692.0,1216.0,14259462.0,0.0,26.0,999999999999,999999999999,999999999999
2091,sqlite3SelectPopWith,294,1032,3623158697.0,0.0,15.0,3747494.0,1032.0,14264112.0,0.0,13.0,999999999999,999999999999,999999999999
2131,sqlite3ResolveSelectNames,176,968,3626908221.0,0.0,10.0,2924264.0,968.0,14267822.0,0.0,8.0,999999999999,999999999999,999999999999
2125,resolveSelectStep,4682,3984,3629834039.0,0.0,10.0,38974849.0,3984.0,14271542.0,0.0,8.0,999999999999,999999999999,999999999999
1919,sqlite3ResolveExprNames,709,1384,3668810841.0,0.0,47.0,6915692.0,1384.0,14279512.0,0.0,29.0,999999999999,999999999999,999999999999
1955,sqlite3ResolveExprListNames,966,1536,3675728657.0,0.0,15.0,9772499.0,1536.0,14285402.0,0.0,13.0,999999999999,999999999999,999999999999
1809,sqlite3ExprCheckHeight,216,1008,3685502512.0,0.0,98.0,3382151.0,1008.0,14289852.0,0.0,60.0,999999999999,999999999999,999999999999
2124,resolveExprStep,10140,10816,3688886937.0,0.0,112.0,66754312.0,10816.0,14293622.0,0.0,70.0,999999999999,999999999999,999999999999
2127,lookupName,13252,9864,3755644389.0,0.0,47.0,99510258.0,9864.0,14309522.0,0.0,29.0,999999999999,999999999999,999999999999
2141,sqlite3ExprColUsed,480,696,3855163607.0,0.0,41.0,4764508.0,696.0,14368992.0,0.0,27.0,999999999999,999999999999,999999999999
2132,resolveOrderGroupBy,1201,2128,3859937512.0,0.0,5.0,12845732.0,2128.0,14554862.0,0.0,3.0,999999999999,999999999999,999999999999
2028,sqlite3ExprSkipCollateAndLikely,334,616,3872784895.0,0.0,112.0,4208607.0,616.0,14558132.0,0.0,76.0,999999999999,999999999999,999999999999
2152,resolveAsName,459,1176,3876995969.0,0.0,5.0,6332865.0,1176.0,14562172.0,0.0,3.0,999999999999,999999999999,999999999999
2153,sqlite3ExprIsInteger,439,1192,3883332194.0,0.0,7.0,5067977.0,1192.0,14583152.0,0.0,3.0,999999999999,999999999999,999999999999
1000,sqlite3IsRowid,224,1104,3888405029.0,0.0,5.0,3697264.0,1104.0,14644852.0,0.0,1.0,999999999999,999999999999,999999999999
2057,sqlite3ExprCompare,4011,2736,3892106973.0,0.0,81.0,21975765.0,2736.0,14660702.0,0.0,49.0,999999999999,999999999999,999999999999
1858,sqlite3ExprListCompare,827,1264,3914084849.0,0.0,19.0,7931385.0,1264.0,14682892.0,0.0,9.0,999999999999,999999999999,999999999999
2156,sqlite3ResolveOrderGroupBy,878,1464,3922020523.0,0.0,5.0,8770129.0,1464.0,14763992.0,0.0,3.0,999999999999,999999999999,999999999999
2151,sqlite3SelectAddTypeInfo,159,944,3930793466.0,0.0,6.0,2746137.0,944.0,14774102.0,0.0,4.0,999999999999,999999999999,999999999999
2161,sqlite3SelectWalkNoop,46,544,3933541206.0,0.0,15.0,1954220.0,544.0,14776822.0,0.0,13.0,999999999999,999999999999,999999999999
2162,selectAddSubqueryTypeInfo,505,1248,3935499384.0,0.0,15.0,6525331.0,1248.0,14806712.0,0.0,13.0,999999999999,999999999999,999999999999
1842,sqlite3GenerateColumnNames,2019,2216,3942026659.0,0.0,4.0,16360427.0,2216.0,14812192.0,0.0,2.0,999999999999,999999999999,999999999999
1968,sqlite3VdbeSetNumCols,495,1304,3958389216.0,0.0,4.0,5379817.0,1304.0,14817892.0,0.0,2.0,999999999999,999999999999,999999999999
883,initMemArray,246,664,3963780314.0,0.0,20.0,3897164.0,664.0,14838322.0,0.0,14.0,999999999999,999999999999,999999999999
1969,sqlite3VdbeSetColName,367,1104,3967680495.0,0.0,34.0,4325561.0,1104.0,14847182.0,0.0,14.0,999999999999,999999999999,999999999999
760,sqlite3VdbeMemSetStr,2222,2256,3972008039.0,0.0,36.0,16264521.0,2256.0,14851342.0,0.0,14.0,999999999999,999999999999,999999999999
773,sqlite3VdbeMemClearAndResize,259,1000,3988276253.0,0.0,325.0,3643913.0,1000.0,14860542.0,10000000.0,7161.0,999999999999,999999999999,999999999999
738,sqlite3VdbeMemGrow,1170,1840,3991921827.0,0.0,723.0,10041963.0,1840.0,14862522.0,10000000.0,7552.0,999999999999,999999999999,999999999999
2193,generateColumnTypes,376,1256,4001980120.0,0.0,4.0,5668868.0,1256.0,15018832.0,0.0,2.0,999999999999,999999999999,999999999999
2178,columnTypeImpl,1434,1752,4007650878.0,0.0,22.0,12818549.0,1752.0,15021762.0,0.0,12.0,999999999999,999999999999,999999999999
1001,sqlite3ColumnType,339,1000,4020472078.0,0.0,16.0,4027030.0,1000.0,15029362.0,0.0,6.0,999999999999,999999999999,999999999999
1843,sqlite3WindowRewrite,4503,4888,4024515132.0,3333333.0,17.0,30822385.0,4888.0,15256672.0,0.0,15.0,999999999999,999999999999,999999999999
1850,countOfViewOptimization,2497,2384,4055340697.0,0.0,13.0,17392300.0,2384.0,15267772.0,0.0,11.0,999999999999,999999999999,999999999999
1859,sqlite3KeyInfoFromExprList,570,1400,4072735427.0,0.0,5.0,7045328.0,1400.0,15276622.0,0.0,3.0,999999999999,999999999999,999999999999
2030,sqlite3KeyInfoAlloc,519,1280,4079782899.0,0.0,7.0,5614291.0,1280.0,15278952.0,0.0,5.0,999999999999,999999999999,999999999999
2222,sqlite3ExprNNCollSeq,181,968,4085407740.0,0.0,8.0,3193164.0,968.0,15301152.0,0.0,6.0,999999999999,999999999999,999999999999
1651,sqlite3ExprCollSeq,1798,2400,4088603441.0,0.0,37.0,14518810.0,2400.0,15302972.0,0.0,29.0,999999999999,999999999999,999999999999
1653,sqlite3CheckCollSeq,353,1048,4103124545.0,0.0,37.0,4111224.0,1048.0,15308882.0,0.0,29.0,999999999999,999999999999,999999999999
1773,sqlite3VdbeAddOp4,213,1144,4107238403.0,0.0,35.0,3608697.0,1144.0,15314542.0,0.0,13.0,999999999999,999999999999,999999999999
866,sqlite3VdbeChangeP4,738,1216,4110850133.0,0.0,47.0,6277708.0,1216.0,15319222.0,0.0,19.0,999999999999,999999999999,999999999999
1860,sqlite3VdbeMakeLabel,67,552,4117130818.0,0.0,71.0,2019867.0,552.0,15327292.0,0.0,55.0,999999999999,999999999999,999999999999
1862,sqlite3VdbeChangeOpcode,114,960,4119152402.0,0.0,4.0,2617847.0,960.0,15330012.0,0.0,2.0,999999999999,999999999999,999999999999
1999,sqlite3VdbeGetOp,190,608,4121771689.0,0.0,116.0,2917867.0,608.0,15331822.0,0.0,110.0,999999999999,999999999999,999999999999
1864,sqlite3WhereBegin,12155,9888,4124691050.0,0.0,15.0,91056592.0,9888.0,15337212.0,0.0,11.0,999999999999,999999999999,999999999999
2223,whereLoopInit,119,592,4215763029.0,0.0,32.0,2432157.0,592.0,15370502.0,0.0,24.0,999999999999,999999999999,999999999999
2224,sqlite3WhereClauseInit,183,640,4218197976.0,0.0,15.0,2590887.0,640.0,15372212.0,0.0,11.0,999999999999,999999999999,999999999999
2225,sqlite3WhereSplit,397,1248,4220790187.0,0.0,21.0,4661547.0,1248.0,15374292.0,0.0,13.0,999999999999,999999999999,999999999999
2226,createMask,122,568,4225453825.0,0.0,14.0,2225671.0,568.0,15378482.0,0.0,10.0,999999999999,999999999999,999999999999
2227,sqlite3WhereTabFuncArgs,1320,1992,4227680878.0,0.0,14.0,13335306.0,1992.0,15380272.0,0.0,10.0,999999999999,999999999999,999999999999
2228,sqlite3WhereExprAnalyze,207,1032,4241017982.0,0.0,15.0,3899807.0,1032.0,15383682.0,0.0,11.0,999999999999,999999999999,999999999999
2232,whereShortCut,2769,2304,4244919583.0,0.0,10.0,19634672.0,2304.0,15388072.0,0.0,6.0,999999999999,999999999999,999999999999
2292,whereScanInit,1032,1520,4264556418.0,0.0,32.0,9090701.0,1520.0,15394782.0,0.0,22.0,999999999999,999999999999,999999999999
2293,whereScanNext,3270,2528,4273648556.0,0.0,37.0,25732683.0,2528.0,15398702.0,0.0,27.0,999999999999,999999999999,999999999999
2233,whereLoopAddAll,1669,2352,4299384126.0,0.0,13.0,15918280.0,2352.0,15409782.0,0.0,11.0,999999999999,999999999999,999999999999
2294,sqlite3WhereGetMask,364,680,4315304057.0,0.0,44.0,5190331.0,680.0,15414122.0,0.0,32.0,999999999999,999999999999,999999999999
2296,whereLoopAddBtree,7002,5280,4320496215.0,0.0,12.0,49980845.0,5280.0,15417842.0,0.0,10.0,999999999999,999999999999,999999999999
2350,estLog,237,912,4370481421.0,0.0,22.0,3182047.0,912.0,15431242.0,0.0,18.0,999999999999,999999999999,999999999999
2353,indexMightHelpWithOrderBy,1463,1632,4373668172.0,0.0,12.0,12215532.0,1632.0,15442032.0,0.0,10.0,999999999999,999999999999,999999999999
2354,whereLoopOutputAdjust,2336,1832,4385886767.0,0.0,13.0,17075531.0,1832.0,15451252.0,0.0,11.0,999999999999,999999999999,999999999999
2351,whereLoopInsert,1476,1984,4402964392.0,0.0,17.0,11864719.0,1984.0,15457312.0,0.0,13.0,999999999999,999999999999,999999999999
2365,whereLoopAdjustCost,1264,1368,4414830858.0,0.0,17.0,8832655.0,1368.0,15460352.0,0.0,13.0,999999999999,999999999999,999999999999
2366,whereLoopFindLesser,1358,992,4423665210.0,0.0,17.0,9346372.0,992.0,15464012.0,0.0,13.0,999999999999,999999999999,999999999999
2367,whereLoopXfer,820,1472,4433023449.0,0.0,17.0,7315815.0,1472.0,15486272.0,0.0,13.0,999999999999,999999999999,999999999999
2359,whereLoopClearUnion,459,1192,4440340721.0,0.0,47.0,4881955.0,1192.0,15488002.0,0.0,37.0,999999999999,999999999999,999999999999
2356,whereLoopAddBtreeIndex,10711,6472,4445225636.0,0.0,12.0,68106326.0,6472.0,15496312.0,0.0,10.0,999999999999,999999999999,999999999999
2298,whereLoopClear,274,1104,4513339682.0,0.0,30.0,3967594.0,1104.0,15544902.0,0.0,24.0,999999999999,999999999999,999999999999
2234,wherePathSolver,10018,5672,4517310153.0,0.0,17.0,68991936.0,5672.0,15549382.0,0.0,13.0,999999999999,999999999999,999999999999
2211,sqlite3LogEstAdd,901,696,4586314710.0,0.0,68.0,5562515.0,696.0,15583912.0,0.0,58.0,999999999999,999999999999,999999999999
2299,wherePathSatisfiesOrderBy,9718,5576,4591880938.0,0.0,10.0,73991767.0,5576.0,15608522.0,0.0,6.0,999999999999,999999999999,999999999999
2289,sqlite3WhereFindTerm,575,1280,4665877389.0,0.0,10.0,6785842.0,1280.0,15633242.0,0.0,6.0,999999999999,999999999999,999999999999
2235,whereInterstageHeuristic,582,832,4672675981.0,0.0,4.0,6760712.0,832.0,15675902.0,0.0,2.0,999999999999,999999999999,999999999999
1986,sqlite3OpenTable,545,1440,4679452523.0,0.0,9.0,6181064.0,1440.0,15779552.0,0.0,5.0,999999999999,999999999999,999999999999
1899,sqlite3TableLock,273,1152,4685636011.0,0.0,13.0,4161437.0,1152.0,15782662.0,0.0,5.0,999999999999,999999999999,999999999999
877,sqlite3BtreeSharable,61,544,4689799769.0,0.0,25.0,1962080.0,544.0,15785012.0,0.0,13.0,999999999999,999999999999,999999999999
862,sqlite3VdbeAddOp4Int,488,1312,4691765073.0,0.0,28.0,5738578.0,1312.0,15787372.0,0.0,20.0,999999999999,999999999999,999999999999
879,vdbeChangeP4Full,434,1248,4697506171.0,0.0,22.0,5372467.0,1248.0,15796712.0,0.0,6.0,999999999999,999999999999,999999999999
863,sqlite3VdbeChangeP5,163,584,4702880382.0,0.0,51.0,2812257.0,584.0,15803482.0,0.0,35.0,999999999999,999999999999,999999999999
1781,sqlite3CodeVerifySchema,176,920,4705694796.0,0.0,7.0,2833604.0,920.0,15806322.0,0.0,5.0,999999999999,999999999999,999999999999
2102,sqlite3CodeVerifySchemaAtToplevel,250,944,4708530753.0,0.0,13.0,3362733.0,944.0,15808362.0,0.0,7.0,999999999999,999999999999,999999999999
1793,sqlite3VdbeCurrentAddr,49,544,4711895561.0,0.0,75.0,1952224.0,544.0,15812602.0,0.0,59.0,999999999999,999999999999,999999999999
2244,sqlite3WhereExplainOneScan,2475,2632,4713849351.0,0.0,14.0,16811897.0,2632.0,15817002.0,0.0,10.0,999999999999,999999999999,999999999999
2245,sqlite3WhereCodeOneLoopStart,30791,25592,4730666939.0,0.0,14.0,250136631.0,25592.0,15823112.0,0.0,10.0,999999999999,999999999999,999999999999
1865,sqlite3WhereOutputRowCount,66,544,4980813894.0,0.0,24.0,2281867.0,544.0,15901502.0,0.0,20.0,999999999999,999999999999,999999999999
1867,sqlite3WhereIsOrdered,158,552,4983098894.0,0.0,4.0,2317780.0,552.0,15904502.0,0.0,2.0,999999999999,999999999999,999999999999
1868,sqlite3WhereOrderByLimitOptLabel,309,640,4985418295.0,0.0,3.0,3556644.0,640.0,15906432.0,0.0,1.0,999999999999,999999999999,999999999999
1869,sqlite3VdbeChangeToNoop,351,1072,4988976312.0,0.0,5.0,4049127.0,1072.0,15910132.0,0.0,1.0,999999999999,999999999999,999999999999
878,freeP4,581,1688,4993027056.0,0.0,37.0,4658791.0,1688.0,15912542.0,0.0,17.0,999999999999,999999999999,999999999999
1307,sqlite3KeyInfoUnref,188,912,4997689834.0,0.0,8.0,2903507.0,912.0,15914912.0,0.0,6.0,999999999999,999999999999,999999999999
1873,sqlite3WhereContinueLabel,48,544,5000604508.0,0.0,12.0,1804407.0,544.0,15926702.0,0.0,10.0,999999999999,999999999999,999999999999
1874,sqlite3WhereBreakLabel,49,544,5002410459.0,0.0,12.0,1809920.0,544.0,15927982.0,0.0,10.0,999999999999,999999999999,999999999999
1872,selectInnerLoop,7166,7384,5004221812.0,0.0,16.0,51507729.0,7384.0,15929042.0,0.0,14.0,999999999999,999999999999,999999999999
2257,codeOffset,165,936,5055732085.0,0.0,18.0,2973327.0,936.0,15937722.0,0.0,16.0,999999999999,999999999999,999999999999
2258,innerLoopLoadRow,156,952,5058707532.0,0.0,13.0,2685770.0,952.0,15944992.0,0.0,11.0,999999999999,999999999999,999999999999
1885,sqlite3ExprCodeExprList,1576,2016,5061395053.0,0.0,16.0,14355014.0,2016.0,15946742.0,0.0,14.0,999999999999,999999999999,999999999999
1958,sqlite3ExprCodeTarget,15921,19104,5075752114.0,0.0,81.0,117786779.0,19104.0,15952712.0,0.0,51.0,999999999999,999999999999,999999999999
2035,sqlite3ExprCodeGetColumn,461,1208,5193543226.0,0.0,37.0,5353531.0,1208.0,15971192.0,0.0,23.0,999999999999,999999999999,999999999999
1924,sqlite3ExprCodeGetColumnOfTable,1070,1896,5198899660.0,0.0,43.0,9503782.0,1896.0,15973502.0,0.0,29.0,999999999999,999999999999,999999999999
1942,sqlite3TableColumnToStorage,581,744,5208406612.0,0.0,43.0,6505661.0,744.0,15978852.0,0.0,29.0,999999999999,999999999999,999999999999
1993,sqlite3ColumnDefault,597,1488,5214916014.0,0.0,40.0,5969205.0,1488.0,15985102.0,0.0,26.0,999999999999,999999999999,999999999999
1875,sqlite3WhereEnd,7780,7664,5220893266.0,0.0,15.0,62633785.0,7664.0,16093292.0,0.0,11.0,999999999999,999999999999,999999999999
1871,sqlite3VdbeResolveLabel,284,992,5283531214.0,0.0,71.0,3804620.0,992.0,16103912.0,0.0,55.0,999999999999,999999999999,999999999999
2071,resizeResolveLabel,486,1232,5287338602.0,0.0,10.0,5558742.0,1232.0,16106302.0,0.0,6.0,999999999999,999999999999,999999999999
1347,sqlite3DbReallocOrFree,197,1056,5292900460.0,0.0,13.0,3321054.0,1056.0,16108842.0,0.0,7.0,999999999999,999999999999,999999999999
2246,whereInfoFree,385,1288,5296240161.0,0.0,15.0,5793321.0,1288.0,16145702.0,0.0,11.0,999999999999,999999999999,999999999999
2320,sqlite3WhereClauseClear,550,1192,5302035642.0,0.0,15.0,6383761.0,1192.0,16146932.0,0.0,11.0,999999999999,999999999999,999999999999
2321,whereLoopDelete,115,992,5308421564.0,0.0,17.0,2561970.0,992.0,16150212.0,0.0,13.0,999999999999,999999999999,999999999999
1848,sqlite3VdbeExplainPop,92,928,5310993548.0,0.0,18.0,2277424.0,928.0,16171372.0,0.0,16.0,999999999999,999999999999,999999999999
2214,sqlite3VdbeExplainParent,176,976,5313272905.0,0.0,18.0,3165057.0,976.0,16172632.0,0.0,16.0,999999999999,999999999999,999999999999
1538,sqlite3SelectDelete,142,904,5316440822.0,0.0,13.0,2754464.0,904.0,16175192.0,0.0,11.0,999999999999,999999999999,999999999999
1540,clearSelect,671,1776,5319197253.0,0.0,13.0,8702405.0,1776.0,16176762.0,0.0,11.0,999999999999,999999999999,999999999999
1543,sqlite3SrcListDelete,1037,1712,5327909862.0,0.0,25.0,10764049.0,1712.0,16268462.0,0.0,21.0,999999999999,999999999999,999999999999
491,sqlite3DeleteTable,262,952,5338679048.0,0.0,27.0,3559387.0,952.0,16286082.0,0.0,21.0,999999999999,999999999999,999999999999
1770,sqlite3VdbeAddOp0,104,928,5342251236.0,0.0,15.0,2496231.0,928.0,16411492.0,0.0,11.0,999999999999,999999999999,999999999999
1772,sqlite3VdbeJumpHere,107,912,5344750319.0,0.0,24.0,2481473.0,912.0,16414992.0,0.0,20.0,999999999999,999999999999,999999999999
2027,sqlite3VdbeChangeP2,114,960,5347233556.0,0.0,26.0,2644857.0,960.0,16416452.0,0.0,22.0,999999999999,999999999999,999999999999
865,sqlite3VdbeUsesBtree,276,1040,5349882367.0,0.0,14.0,3847144.0,1040.0,16420432.0,0.0,8.0,999999999999,999999999999,999999999999
1777,sqlite3VdbeGoto,109,928,5353733122.0,0.0,15.0,2499757.0,928.0,16430692.0,0.0,13.0,999999999999,999999999999,999999999999
867,sqlite3VdbeMakeReady,2567,2880,5356235116.0,0.0,8.0,17020470.0,2880.0,16434872.0,0.0,6.0,999999999999,999999999999,999999999999
881,resolveP2Values,1028,1880,5373257220.0,0.0,8.0,9031279.0,1880.0,16440602.0,0.0,6.0,999999999999,999999999999,999999999999
882,allocSpace,342,648,5382296959.0,0.0,44.0,3664491.0,648.0,16464472.0,0.0,28.0,999999999999,999999999999,999999999999
626,sqlite3VdbeRewind,205,672,5385965713.0,0.0,8.0,2804517.0,672.0,16481742.0,0.0,6.0,999999999999,999999999999,999999999999
604,sqlite3_step,751,1848,5388779907.0,0.0,30.0,8980642.0,1848.0,16512942.0,0.0,28.0,999999999999,999999999999,999999999999
617,vdbeSafetyNotNull,182,984,5397762449.0,0.0,30.0,3121627.0,984.0,16515192.0,0.0,28.0,999999999999,999999999999,999999999999
638,vdbeSafety,176,944,5400885543.0,0.0,35.0,2953181.0,944.0,16516612.0,0.0,33.0,999999999999,999999999999,999999999999
618,sqlite3Step,2011,2184,5403840427.0,0.0,30.0,14889343.0,2184.0,16519622.0,0.0,28.0,999999999999,999999999999,999999999999
798,sqlite3VdbeExec,103835,80248,5418731961.0,0.0,30.0,1349439408.0,80248.0,16526812.0,0.0,28.0,999999999999,999999999999,999999999999
1379,allocateCursor,1292,1824,6768178972.0,0.0,45.0,11627639.0,1824.0,16651172.0,10000000.0,6897.0,999999999999,999999999999,999999999999
1460,sqlite3BtreeCursorSize,13,520,6779810868.0,0.0,38.0,1512217.0,520.0,16654952.0,0.0,6890.0,999999999999,999999999999,999999999999
1461,sqlite3BtreeCursorZero,95,568,6781337505.0,0.0,38.0,1964097.0,568.0,16681452.0,20000000.0,6890.0,999999999999,999999999999,999999999999
1380,sqlite3BtreeCursor,289,1056,6783303632.0,0.0,38.0,3660427.0,1056.0,16684352.0,10000000.0,6890.0,999999999999,999999999999,999999999999
1463,btreeCursor,857,1496,6786965153.0,0.0,38.0,8939945.0,1496.0,16686442.0,20000000.0,6890.0,999999999999,999999999999,999999999999
1381,sqlite3BtreeCursorHintFlags,61,552,6795907902.0,0.0,31.0,1963017.0,552.0,16693472.0,10000000.0,6883.0,999999999999,999999999999,999999999999
810,sqlite3BtreeFirst,234,1056,6797873449.0,0.0,431.0,3466303.0,1056.0,16698542.0,10000000.0,7287.0,999999999999,999999999999,999999999999
1456,moveToRoot,1683,1968,6801342497.0,0.0,1785.0,12544789.0,1968.0,16700092.0,50000000.0,26090.0,999999999999,999999999999,999999999999
731,sqlite3VdbeHalt,4031,3400,6813890953.0,0.0,8.0,24299452.0,3400.0,21572443.0,0.0,6.0,999999999999,999999999999,999999999999
1311,closeAllCursors,552,1352,6838193416.0,0.0,8.0,6594521.0,1352.0,21577813.0,0.0,6.0,999999999999,999999999999,999999999999
1318,closeCursorsInFrame,328,1096,6844790188.0,0.0,8.0,4910421.0,1096.0,21580053.0,0.0,6.0,999999999999,999999999999,999999999999
1328,sqlite3VdbeFreeCursorNN,372,1080,6849702219.0,0.0,45.0,4322014.0,1080.0,21582983.0,0.0,6897.0,999999999999,999999999999,999999999999
1331,sqlite3BtreeCloseCursor,637,1392,6854025640.0,0.0,38.0,6751564.0,1392.0,21585893.0,0.0,6890.0,999999999999,999999999999,999999999999
1283,btreeReleaseAllCursorPages,344,1120,6860780628.0,0.0,38.0,4916768.0,1120.0,21589733.0,10000000.0,6890.0,999999999999,999999999999,999999999999
1249,unlockBtreeIfUnused,196,928,6865699086.0,0.0,52.0,2986348.0,928.0,21599293.0,10000000.0,6904.0,999999999999,999999999999,999999999999
1304,releaseMemArray,597,1280,6868690180.0,0.0,20.0,6846098.0,1280.0,21605673.0,0.0,14.0,999999999999,999999999999,999999999999
1312,sqlite3VdbeEnter,447,1160,6875545165.0,0.0,8.0,5812648.0,1160.0,21658183.0,0.0,6.0,999999999999,999999999999,999999999999
1313,sqlite3VdbeCheckFk,417,1144,6881359233.0,0.0,14.0,4448384.0,1144.0,21661713.0,0.0,12.0,999999999999,999999999999,999999999999
1314,vdbeCommit,4736,5120,6885809318.0,0.0,6.0,36885725.0,5120.0,21669343.0,0.0,6.0,999999999999,999999999999,999999999999
1322,sqlite3VtabSync,495,1376,6922697700.0,0.0,6.0,6831608.0,1376.0,21674113.0,0.0,6.0,999999999999,999999999999,999999999999
1040,sqlite3BtreeGetFilename,99,912,6929534695.0,0.0,6.0,2318590.0,912.0,21682243.0,0.0,6.0,999999999999,999999999999,999999999999
1041,sqlite3PagerFilename,206,1008,6931856199.0,0.0,6.0,3484997.0,1008.0,21683733.0,0.0,6.0,999999999999,999999999999,999999999999
1137,sqlite3IsMemdb,75,544,6935343286.0,0.0,6.0,1872154.0,544.0,21685353.0,0.0,6.0,999999999999,999999999999,999999999999
679,sqlite3BtreeCommitPhaseOne,479,1312,6937221583.0,0.0,7.0,5230651.0,1312.0,21693873.0,0.0,7.0,999999999999,999999999999,999999999999
678,sqlite3BtreeCommitPhaseTwo,389,1264,6942454911.0,0.0,7.0,4946281.0,1264.0,21698183.0,0.0,7.0,999999999999,999999999999,999999999999
711,btreeEndTransaction,456,1176,6947403796.0,0.0,14.0,4628547.0,1176.0,21701113.0,0.0,14.0,999999999999,999999999999,999999999999
1272,clearAllSharedCacheTableLocks,587,1168,6952034424.0,0.0,12.0,5949174.0,1168.0,21704183.0,0.0,12.0,999999999999,999999999999,999999999999
720,releasePageOne,82,888,6957987482.0,0.0,12.0,2201104.0,888.0,21710173.0,0.0,12.0,999999999999,999999999999,999999999999
1257,sqlite3PagerUnrefPageOne,110,992,6960190419.0,0.0,12.0,2483173.0,992.0,21711293.0,0.0,12.0,999999999999,999999999999,999999999999
1118,sqlite3PcacheRelease,275,960,6962675706.0,0.0,37.0,3409574.0,960.0,21595843.0,20000000.0,17667.0,999999999999,999999999999,999999999999
1120,pcacheUnpin,204,944,6966086997.0,0.0,20.0,2989647.0,944.0,21713633.0,0.0,61.0,999999999999,999999999999,999999999999
2699,pcache1Unpin,388,1072,6969078994.0,0.0,20.0,4190261.0,1072.0,21716013.0,0.0,61.0,999999999999,999999999999,999999999999
1200,pagerUnlockIfUnused,142,984,6973272482.0,0.0,12.0,2787537.0,984.0,21719653.0,0.0,12.0,999999999999,999999999999,999999999999
1161,pagerUnlockAndRollback,703,1424,6976064116.0,0.0,19.0,5806281.0,1424.0,21721613.0,0.0,19.0,999999999999,999999999999,999999999999
1202,pager_end_transaction,2032,2496,6981872007.0,0.0,22.0,14860787.0,2496.0,21725103.0,0.0,20.0,999999999999,999999999999,999999999999
1158,pager_unlock,876,1600,6996734721.0,0.0,19.0,7848498.0,1600.0,21729343.0,0.0,19.0,999999999999,999999999999,999999999999
1030,sqlite3BitvecDestroy,292,1120,7004586220.0,0.0,45.0,4415287.0,1120.0,21731523.0,0.0,41.0,999999999999,999999999999,999999999999
1204,releaseAllSavepoints,407,1304,7009004378.0,0.0,35.0,5989541.0,1304.0,21733903.0,0.0,33.0,999999999999,999999999999,999999999999
1144,sqlite3OsClose,169,936,7014996669.0,0.0,54.0,2824684.0,936.0,21736873.0,0.0,50.0,999999999999,999999999999,999999999999
1210,pagerUnlockDb,354,1072,7017829167.0,0.0,23.0,4145887.0,1072.0,21745533.0,0.0,21.0,999999999999,999999999999,999999999999
1217,sqlite3OsUnlock,118,952,7021976374.0,0.0,11.0,2522234.0,952.0,21747433.0,0.0,9.0,999999999999,999999999999,999999999999
1098,dotlockUnlock,521,1184,7024500238.0,0.0,12.0,5073028.0,1184.0,21748883.0,0.0,10.0,999999999999,999999999999,999999999999
2807,rmdir,161,1016,7029577649.0,0.0,6.0,2882647.0,1016.0,21752353.0,0.0,6.0,999999999999,999999999999,999999999999
2793,__wasilibc_nocwd___wasilibc_rmdirat,36,864,7032469437.0,0.0,6.0,2126857.0,864.0,21782103.0,0.0,6.0,999999999999,999999999999,999999999999
2777,__wasi_path_remove_directory,26,928,7034597831.0,0.0,6.0,2102277.0,928.0,21783123.0,0.0,6.0,999999999999,999999999999,999999999999
1323,sqlite3VtabCommit,88,904,7036793091.0,0.0,6.0,2158820.0,904.0,21844823.0,0.0,6.0,999999999999,999999999999,999999999999
1339,callFinaliser,559,1400,7038954071.0,0.0,8.0,6961908.0,1400.0,21846093.0,0.0,8.0,999999999999,999999999999,999999999999
1004,sqlite3CommitInternalChanges,65,544,7045919603.0,0.0,14.0,1892787.0,544.0,21852063.0,0.0,12.0,999999999999,999999999999,999999999999
799,doWalCallbacks,53,552,7047817894.0,0.0,8.0,1823127.0,552.0,21863273.0,0.0,6.0,999999999999,999999999999,999999999999
634,sqlite3VdbeFinalize,184,1032,7049645848.0,0.0,3.0,3132761.0,1032.0,21868763.0,0.0,1.0,999999999999,999999999999,999999999999
625,sqlite3VdbeReset,523,1256,7052780678.0,0.0,8.0,5244131.0,1256.0,21870403.0,0.0,6.0,999999999999,999999999999,999999999999
492,sqlite3VdbeDelete,304,1096,7058027623.0,0.0,8.0,3904747.0,1096.0,21875383.0,0.0,6.0,999999999999,999999999999,999999999999
502,sqlite3VdbeClearObject,784,1784,7061935654.0,0.0,8.0,8391022.0,1784.0,21876873.0,0.0,6.0,999999999999,999999999999,999999999999
1305,vdbeFreeOpArray,410,1128,7070339216.0,0.0,8.0,5144488.0,1128.0,21963643.0,0.0,6.0,999999999999,999999999999,999999999999
1414,sqlite3AnalysisLoad,1057,1792,7075493324.0,0.0,1.0,10605192.0,1792.0,22014293.0,0.0,1.0,999999999999,999999999999,999999999999
1497,sqlite3BtreeCommit,158,1072,7086106363.0,0.0,1.0,3190950.0,1072.0,22055293.0,0.0,1.0,999999999999,999999999999,999999999999
1783,sqlite3BeginWriteOperation,290,1032,7089371924.0,0.0,6.0,3560497.0,1032.0,35649795.0,0.0,2.0,999999999999,999999999999,999999999999
1771,sqlite3VdbeAddOp1,118,944,7092936661.0,0.0,29.0,2473937.0,944.0,36919076.0,0.0,25.0,999999999999,999999999999,999999999999
1784,sqlite3OpenSchemaTable,238,1152,7095418032.0,0.0,2.0,3549554.0,1152.0,,,,999999999999,999999999999,999999999999
1684,sqlite3AddPrimaryKey,1948,2536,7098986206.0,0.0,2.0,16810120.0,2536.0,18192062.0,0.0,2.0,999999999999,999999999999,999999999999
1812,makeColumnPartOfPrimaryKey,190,936,7115798630.0,0.0,2.0,3056541.0,936.0,18197392.0,0.0,1.0,999999999999,999999999999,999999999999
1815,sqlite3HasExplicitNulls,545,1104,7118857701.0,0.0,2.0,6391405.0,1104.0,18202762.0,0.0,1.0,999999999999,999999999999,999999999999
1683,sqlite3AddNotNull,611,768,7125273080.0,0.0,6.0,6190314.0,768.0,18822502.0,0.0,6.0,999999999999,999999999999,999999999999
1799,sqlite3NestedParse,683,1544,7131482007.0,0.0,2.0,6414188.0,1544.0,,,,999999999999,999999999999,999999999999
547,enlargeAndAppend,261,1096,7137901559.0,0.0,6.0,3630961.0,1096.0,,,,999999999999,999999999999,999999999999
541,sqlite3StrAccumEnlarge,1355,1744,7141535074.0,0.0,6.0,9991465.0,1744.0,,,,999999999999,999999999999,999999999999
1810,sqlite3DequoteExpr,202,936,7151558009.0,0.0,13.0,2902537.0,936.0,34445435.0,0.0,1.0,999999999999,999999999999,999999999999
1701,sqlite3ExprListSetName,420,1256,7154467617.0,0.0,15.0,4887294.0,1256.0,31394765.0,0.0,5.0,999999999999,999999999999,999999999999
1680,sqlite3PExpr,511,1408,7159371924.0,0.0,40.0,5599715.0,1408.0,32820145.0,0.0,28.0,999999999999,999999999999,999999999999
1726,sqlite3ExprAttachSubtrees,586,1240,7164976186.0,0.0,40.0,5530501.0,1240.0,32826795.0,0.0,28.0,999999999999,999999999999,999999999999
852,sqlite3GetInt32,2182,1536,7170509987.0,0.0,21.0,13793813.0,1536.0,31824995.0,0.0,17.0,999999999999,999999999999,999999999999
1706,sqlite3SrcListIndexedBy,474,1064,7184332834.0,0.0,2.0,4619667.0,1064.0,,,,999999999999,999999999999,999999999999
1715,sqlite3ExprListCheckLength,241,968,7188954561.0,0.0,2.0,3329181.0,968.0,,,,999999999999,999999999999,999999999999
1717,sqlite3Update,21493,19176,7192285233.0,0.0,2.0,170341268.0,19176.0,,,,999999999999,999999999999,999999999999
1816,sqlite3SrcListLookup,474,1224,7362630438.0,0.0,4.0,5505424.0,1224.0,35564915.0,0.0,2.0,999999999999,999999999999,999999999999
1913,sqlite3TriggersExist,355,1200,7368151233.0,0.0,4.0,4848070.0,1200.0,35605645.0,0.0,2.0,999999999999,999999999999,999999999999
2394,tempTriggersExist,207,608,7373002553.0,0.0,4.0,2920181.0,608.0,35608035.0,0.0,2.0,999999999999,999999999999,999999999999
1829,sqlite3ViewGetColumnNames,255,976,7375925617.0,0.0,4.0,3293501.0,976.0,35613185.0,0.0,2.0,999999999999,999999999999,999999999999
1915,sqlite3IsReadOnly,451,1176,7379220568.0,0.0,4.0,4930388.0,1176.0,35616505.0,0.0,2.0,999999999999,999999999999,999999999999
2398,tabIsReadOnly,407,1112,7384152600.0,0.0,4.0,4569897.0,1112.0,35618135.0,0.0,2.0,999999999999,999999999999,999999999999
1914,sqlite3FkRequired,966,1696,7388743550.0,0.0,2.0,10190049.0,1696.0,,,,999999999999,999999999999,999999999999
1950,sqlite3ExprVectorSize,339,648,7398937923.0,0.0,41.0,3544434.0,648.0,36319556.0,0.0,21.0,999999999999,999999999999,999999999999
2285,whereClauseInsert,1083,1760,7402499157.0,0.0,14.0,9739055.0,1760.0,37010105.0,0.0,8.0,999999999999,999999999999,999999999999
2286,exprAnalyze,11789,10736,7412242310.0,0.0,12.0,79839363.0,10736.0,37022625.0,0.0,6.0,999999999999,999999999999,999999999999
2322,sqlite3WhereExprUsage,165,920,7492086456.0,0.0,26.0,3024124.0,920.0,37033836.0,0.0,14.0,999999999999,999999999999,999999999999
2324,sqlite3WhereExprUsageNN,309,1000,7495113897.0,0.0,30.0,3865521.0,1000.0,37035196.0,0.0,18.0,999999999999,999999999999,999999999999
2335,sqlite3WhereExprUsageFull,1047,1616,7498982178.0,0.0,4.0,8593452.0,1616.0,119445427.0,0.0,2.0,999999999999,999999999999,999999999999
2325,allowedOp,275,568,7507578003.0,0.0,12.0,2777850.0,568.0,37045305.0,0.0,6.0,999999999999,999999999999,999999999999
1813,sqlite3ExprSkipCollate,194,576,7510358200.0,0.0,20.0,3440930.0,576.0,37048145.0,0.0,12.0,999999999999,999999999999,999999999999
2326,exprMightBeIndexed,769,1264,7513801535.0,0.0,20.0,8080138.0,1264.0,37052676.0,0.0,12.0,999999999999,999999999999,999999999999
2327,operatorMask,276,640,7521884023.0,0.0,11.0,3139054.0,640.0,37057016.0,0.0,7.0,999999999999,999999999999,999999999999
2334,isAuxiliaryVtabOperator,2528,2040,7525026304.0,0.0,12.0,15730470.0,2040.0,37069336.0,0.0,6.0,999999999999,999999999999,999999999999
2308,codeEqualityTerm,4613,4192,7540771621.0,0.0,4.0,35529175.0,4192.0,226670912.0,0.0,2.0,999999999999,999999999999,999999999999
2310,disableTerm,620,824,7576304757.0,0.0,4.0,6884338.0,824.0,226704162.0,0.0,2.0,999999999999,999999999999,999999999999
1887,sqlite3ReleaseTempReg,207,584,7583191712.0,0.0,56.0,2877117.0,584.0,36877536.0,0.0,46.0,999999999999,999999999999,999999999999
1921,sqlite3WhereOkOnePass,111,576,7586075105.0,0.0,2.0,2163284.0,576.0,,,,999999999999,999999999999,999999999999
1923,sqlite3WhereUsesDeferredSeek,72,544,7588240713.0,0.0,2.0,1962897.0,544.0,,,,999999999999,999999999999,999999999999
1926,sqlite3OpenTableAndIndices,1465,2096,7590227380.0,0.0,4.0,14233323.0,2096.0,38126536.0,0.0,2.0,999999999999,999999999999,999999999999
1941,sqlite3TriggerColmask,765,1488,7604465834.0,0.0,2.0,8637412.0,1488.0,,,,999999999999,999999999999,999999999999
1776,sqlite3ExprCode,474,1232,7613105676.0,0.0,27.0,5357328.0,1232.0,38617576.0,0.0,13.0,999999999999,999999999999,999999999999
1987,sqlite3VdbeLoadString,128,960,7618466076.0,0.0,13.0,2656944.0,960.0,38672966.0,0.0,1.0,999999999999,999999999999,999999999999
1945,sqlite3GenerateConstraintChecks,17496,16056,7621144134.0,0.0,4.0,138729104.0,16056.0,38173526.0,0.0,2.0,999999999999,999999999999,999999999999
2429,indexIteratorFirst,178,624,7759877888.0,0.0,4.0,3278341.0,624.0,38279586.0,0.0,2.0,999999999999,999999999999,999999999999
1797,sqlite3TableAffinity,737,1648,7763162838.0,0.0,4.0,7238481.0,1648.0,38285716.0,0.0,2.0,999999999999,999999999999,999999999999
2121,sqlite3TableAffinityStr,692,1224,7770404387.0,0.0,3.0,7565082.0,1224.0,38288116.0,0.0,2.0,999999999999,999999999999,999999999999
1947,sqlite3GenerateRowIndexDelete,891,1696,7777990836.0,0.0,2.0,10448479.0,1696.0,,,,999999999999,999999999999,999999999999
1948,sqlite3CompleteInsertion,1648,2144,7788441922.0,0.0,4.0,15354380.0,2144.0,38324836.0,0.0,2.0,999999999999,999999999999,999999999999
1932,sqlite3AuthContextPop,139,576,7803801036.0,0.0,2.0,2463260.0,576.0,,,,999999999999,999999999999,999999999999
1665,yy_accept,75,552,7806292176.0,0.0,2.0,1937347.0,552.0,,,,999999999999,999999999999,999999999999
1800,sqlite3ChangeCookie,213,984,7808237320.0,0.0,2.0,3009104.0,984.0,,,,999999999999,999999999999,999999999999
1801,sqlite3VdbeAddParseSchemaOp,322,1272,7811258667.0,0.0,2.0,5300977.0,1272.0,,,,999999999999,999999999999,999999999999
1792,sqlite3MayAbort,149,568,7816563642.0,0.0,5.0,2378554.0,568.0,38198166.0,0.0,3.0,999999999999,999999999999,999999999999
501,deleteTable,707,1648,7818960579.0,0.0,10.0,7895631.0,1648.0,38410786.0,0.0,8.0,999999999999,999999999999,999999999999
1646,sqlite3FkDelete,661,1464,7826859111.0,0.0,10.0,7480372.0,1464.0,38413836.0,0.0,8.0,999999999999,999999999999,999999999999
1648,sqlite3DeleteColumnNames,531,1336,7834341747.0,0.0,10.0,6612841.0,1336.0,38416806.0,0.0,8.0,999999999999,999999999999,999999999999
1617,sqlite3VdbeSetSql,280,1048,7840964871.0,0.0,5.0,3796637.0,1048.0,26583044.0,0.0,5.0,999999999999,999999999999,999999999999
800,sqlite3_sql,129,568,7844771545.0,0.0,5.0,2409697.0,568.0,26612574.0,0.0,5.0,999999999999,999999999999,999999999999
846,sqlite3_stmt_isexplain,151,568,7847185163.0,0.0,10.0,2460884.0,568.0,26618664.0,0.0,10.0,999999999999,999999999999,999999999999
273,bind_prepared_stmt,978,2160,7849648040.0,0.0,5.0,10374102.0,2160.0,26623464.0,0.0,5.0,999999999999,999999999999,999999999999
838,sqlite3_bind_parameter_count,147,560,7860024463.0,0.0,5.0,2485934.0,560.0,26626134.0,0.0,5.0,999999999999,999999999999,999999999999
270,exec_prepared_stmt,2296,2376,7862512240.0,0.0,5.0,16200564.0,2376.0,26628824.0,0.0,5.0,999999999999,999999999999,999999999999
2705,pcache1PinPage,169,632,7878850484.0,0.0,20.0,2696301.0,632.0,26901644.0,0.0,61.0,999999999999,999999999999,999999999999
1124,sqlite3TempInMemory,91,552,7881552651.0,0.0,18.0,2063800.0,552.0,39109816.0,0.0,16.0,999999999999,999999999999,999999999999
1248,sqlite3PagerBegin,465,1272,7883619208.0,0.0,10.0,5525021.0,1272.0,39111516.0,0.0,8.0,999999999999,999999999999,999999999999
2805,utimes,245,1152,7889147773.0,0.0,8.0,4036174.0,1152.0,39117376.0,0.0,4.0,999999999999,999999999999,999999999999
2791,__wasilibc_nocwd_utimensat,505,1712,7893189674.0,0.0,8.0,8629755.0,1712.0,39139616.0,0.0,4.0,999999999999,999999999999,999999999999
2774,__wasi_path_filestat_set_times,34,976,7901821573.0,0.0,8.0,2465324.0,976.0,39140996.0,0.0,4.0,999999999999,999999999999,999999999999
688,newDatabase,807,1600,7904328970.0,0.0,10.0,7453854.0,1600.0,39193596.0,0.0,8.0,999999999999,999999999999,999999999999
672,sqlite3PagerWrite,427,1160,7911785458.0,0.0,1772.0,4976138.0,1160.0,39659386.0,50000000.0,24889.0,999999999999,999999999999,999999999999
694,pager_write,790,1456,7916763786.0,0.0,16.0,7070715.0,1456.0,39662366.0,0.0,51.0,999999999999,999999999999,999999999999
1261,pager_open_journal,1017,1784,7923836965.0,0.0,10.0,9096495.0,1784.0,39665456.0,0.0,8.0,999999999999,999999999999,999999999999
1025,sqlite3BitvecCreate,161,960,7932937317.0,0.0,4.0,3009177.0,960.0,40217796.0,0.0,3.0,999999999999,999999999999,999999999999
1267,jrnlBufferSize,39,536,7935959928.0,0.0,4.0,1878447.0,536.0,40236196.0,0.0,2.0,999999999999,999999999999,999999999999
1268,databaseIsUnmoved,365,1064,7937840132.0,0.0,4.0,4253567.0,1064.0,40237266.0,0.0,2.0,999999999999,999999999999,999999999999
1265,sqlite3JournalOpen,541,1224,7942094926.0,0.0,4.0,5696851.0,1224.0,40248496.0,0.0,2.0,999999999999,999999999999,999999999999
1091,getFileMode,293,1144,7947799624.0,0.0,4.0,4110320.0,1144.0,40278416.0,0.0,2.0,999999999999,999999999999,999999999999
1184,writeJournalHdr,1408,2080,7951998158.0,0.0,4.0,13129450.0,2080.0,40395616.0,0.0,2.0,999999999999,999999999999,999999999999
1183,journalHdrOffset,235,616,7965129992.0,0.0,8.0,3115660.0,616.0,40399666.0,0.0,4.0,999999999999,999999999999,999999999999
570,sqlite3OsRandomness,303,1144,7968251239.0,0.0,1.0,4224614.0,1144.0,40416016.0,0.0,1.0,999999999999,999999999999,999999999999
592,unixRandomness,514,1408,7972478577.0,0.0,1.0,5778094.0,1408.0,40417926.0,0.0,1.0,999999999999,999999999999,999999999999
2745,time,93,976,7978288275.0,0.0,1.0,2822937.0,976.0,40447076.0,0.0,1.0,999999999999,999999999999,999999999999
571,chacha_block,4736,1648,7981116012.0,0.0,1.0,30157577.0,1648.0,40453156.0,0.0,1.0,999999999999,999999999999,999999999999
686,sqlite3Put4byte,156,600,8011278010.0,0.0,76.0,2602677.0,600.0,39692756.0,10000000.0,1473.0,999999999999,999999999999,999999999999
674,sqlite3OsWrite,155,992,8013884967.0,0.0,31.0,2917547.0,992.0,40584236.0,0.0,24.0,999999999999,999999999999,999999999999
1066,unixWrite,578,1336,8016805008.0,0.0,31.0,6708534.0,1336.0,40586086.0,0.0,24.0,999999999999,999999999999,999999999999
1067,seekAndWrite,158,976,8023516089.0,0.0,31.0,2878327.0,976.0,40588436.0,0.0,24.0,999999999999,999999999999,999999999999
1089,seekAndWriteFd,571,1424,8026396260.0,0.0,31.0,6802971.0,1424.0,40590016.0,0.0,24.0,999999999999,999999999999,999999999999
2750,write,113,984,8033209375.0,0.0,31.0,3115537.0,984.0,40596476.0,0.0,24.0,999999999999,999999999999,999999999999
1230,sqlite3PcacheMakeDirty,275,952,8036385399.0,0.0,16.0,3458151.0,952.0,39669916.0,0.0,51.0,999999999999,999999999999,999999999999
1121,pcacheManageDirtyList,934,872,8039846797.0,0.0,46.0,6882392.0,872.0,39672606.0,190000000.0,17288.0,999999999999,999999999999,999999999999
1231,sqlite3BitvecTestNotNull,815,824,8046732232.0,0.0,8.0,8023242.0,824.0,40638136.0,0.0,8.0,999999999999,999999999999,999999999999
1253,zeroPage,983,1536,8054759294.0,0.0,11.0,8666298.0,1536.0,39682566.0,0.0,51.0,999999999999,999999999999,999999999999
1233,decodeFlags,1226,1552,8063427776.0,0.0,11.0,8470678.0,1552.0,16725932.0,0.0,60.0,999999999999,999999999999,999999999999
682,sqlite3PagerOpenSavepoint,211,968,8071902958.0,0.0,10.0,3376060.0,968.0,39201966.0,0.0,8.0,999999999999,999999999999,999999999999
1356,out2Prerelease,238,1000,8075285655.0,0.0,2062.0,3636674.0,1000.0,26938014.0,220000000.0,29900.0,999999999999,999999999999,999999999999
1364,sqlite3VdbeBooleanValue,303,992,8078925269.0,0.0,23.0,3777497.0,992.0,6793130493.0,20000000.0,6879.0,999999999999,999999999999,999999999999
667,sqlite3BtreeUpdateMeta,325,1216,8082704790.0,0.0,4.0,4629358.0,1216.0,,,,999999999999,999999999999,999999999999
1383,sqlite3BtreeCreateTable,140,1056,8087339092.0,0.0,4.0,2903027.0,1056.0,231712303.0,0.0,2.0,999999999999,999999999999,999999999999
1466,btreeCreateTable,2057,3056,8090245066.0,0.0,4.0,16984714.0,3056.0,231714252.0,0.0,2.0,999999999999,999999999999,999999999999
1279,allocateBtreePage,6533,6184,8107232340.0,0.0,4.0,46991254.0,6184.0,64182449.0,0.0,45.0,999999999999,999999999999,999999999999
1294,btreeGetUnusedPage,354,1240,8154230201.0,0.0,4.0,4678434.0,1240.0,64301199.0,0.0,45.0,999999999999,999999999999,999999999999
2708,pcache1UnderMemoryPressure,215,968,8158919259.0,0.0,5.0,3163661.0,968.0,64317789.0,0.0,44.0,999999999999,999999999999,999999999999
1491,sqlite3HeapNearlyFull,57,536,8162085686.0,0.0,5.0,1780027.0,536.0,64319449.0,0.0,44.0,999999999999,999999999999,999999999999
1197,addToSavepointBitvecs,338,1176,8163871700.0,0.0,9.0,5650638.0,1176.0,40719636.0,0.0,45.0,999999999999,999999999999,999999999999
1148,sqlite3PagerPageRefcount,88,896,8169529782.0,0.0,4.0,2252913.0,896.0,64344749.0,0.0,1780.0,999999999999,999999999999,999999999999
1232,sqlite3PcachePageRefcount,51,544,8171785159.0,0.0,4.0,1925907.0,544.0,64345879.0,10000000.0,1780.0,999999999999,999999999999,999999999999
1280,releasePage,120,880,8173715656.0,0.0,8.0,2550967.0,880.0,64360319.0,0.0,3202.0,999999999999,999999999999,999999999999
611,sqlite3PagerUnref,120,880,8176270047.0,0.0,8.0,2549594.0,880.0,104086485.0,0.0,4.0,999999999999,999999999999,999999999999
637,sqlite3PagerUnrefNotNull,141,912,8178823324.0,0.0,25.0,2769480.0,912.0,21593953.0,0.0,17655.0,999999999999,999999999999,999999999999
1547,allocateTempSpace,325,1112,8181603542.0,0.0,7.0,4128044.0,1112.0,39253216.0,0.0,7.0,999999999999,999999999999,999999999999
1387,sqlite3BtreeLast,249,976,8185749696.0,0.0,1063.0,3512717.0,976.0,39768466.0,30000000.0,7919.0,999999999999,999999999999,999999999999
1467,btreeLast,342,1112,8189264046.0,0.0,427.0,4170781.0,1112.0,39770426.0,10000000.0,3273.0,999999999999,999999999999,999999999999
1472,getAndInitPage,520,1536,8193436571.0,0.0,17.0,6245671.0,1536.0,16705592.0,30000000.0,17581.0,999999999999,999999999999,999999999999
734,sqlite3VdbeMemRelease,144,904,8199690393.0,0.0,45.0,2914550.0,904.0,231831292.0,10000000.0,6901.0,999999999999,999999999999,999999999999
1397,sqlite3BtreeInsert,5857,4544,8202607850.0,0.0,1326.0,36680549.0,4544.0,39802236.0,100000000.0,15278.0,999999999999,999999999999,999999999999
1389,sqlite3BtreeTableMoveto,2904,2432,8239291126.0,0.0,1065.0,20868668.0,2432.0,39812126.0,50000000.0,7919.0,999999999999,999999999999,999999999999
1479,fillInCell,3155,3176,8260163454.0,0.0,1326.0,24158912.0,3176.0,39823946.0,40000000.0,15278.0,999999999999,999999999999,999999999999
1373,sqlite3PutVarint,392,1008,8284325280.0,0.0,1067.0,3956417.0,1008.0,39829996.0,30000000.0,8226.0,999999999999,999999999999,999999999999
1482,insertCellFast,3093,2752,8288287751.0,0.0,1326.0,21445194.0,2752.0,39839926.0,30000000.0,15278.0,999999999999,999999999999,999999999999
2899,memmove,1217,2192,8309738422.0,0.0,1342.0,23548159.0,2192.0,39854276.0,240000000.0,58691.0,999999999999,999999999999,999999999999
1386,sqlite3VdbeFreeCursor,136,896,8333291442.0,0.0,4.0,2719374.0,896.0,,,,999999999999,999999999999,999999999999
1285,releasePageNotNull,81,888,8336016496.0,0.0,17.0,2300873.0,888.0,21592743.0,0.0,17651.0,999999999999,999999999999,999999999999
769,sqlite3VdbeMemSetNull,146,904,8338327080.0,0.0,45.0,2791990.0,904.0,224568611.0,0.0,43.0,999999999999,999999999999,999999999999
1243,sqlite3GetVarint,3210,1288,8341135487.0,0.0,3.0,14718986.0,1288.0,,,,999999999999,999999999999,999999999999
1402,sqlite3VdbeCursorRestore,141,1008,8355859407.0,0.0,442.0,3143747.0,1008.0,233233123.0,0.0,880.0,999999999999,999999999999,999999999999
1366,sqlite3BtreeCursorHasMoved,91,544,8359004815.0,0.0,2638.0,2094311.0,544.0,16747532.0,100000000.0,61181.0,999999999999,999999999999,999999999999
1286,sqlite3BtreeIntegerKey,95,920,8361101215.0,0.0,1095.0,2364717.0,920.0,40123716.0,10000000.0,8396.0,999999999999,999999999999,999999999999
1288,getCellInfo,214,936,8363467349.0,0.0,2297.0,3183210.0,936.0,16751092.0,20000000.0,46893.0,999999999999,999999999999,999999999999
1289,btreeParseCell,306,1024,8366652103.0,0.0,1996.0,3571344.0,1024.0,16753392.0,40000000.0,32636.0,999999999999,999999999999,999999999999
1236,btreeParseCellPtr,2548,1656,8370224774.0,0.0,2342.0,14661450.0,1656.0,16755932.0,140000000.0,23663.0,999999999999,999999999999,999999999999
1357,sqlite3VdbeMemShallowCopy,399,1040,8384893474.0,0.0,484.0,4238274.0,1040.0,40000836.0,20000000.0,14198.0,999999999999,999999999999,999999999999
755,sqlite3VdbeMemMakeWriteable,424,1104,8389134952.0,0.0,705.0,4869554.0,1104.0,39899056.0,50000000.0,21277.0,999999999999,999999999999,999999999999
1360,applyAffinity,670,1120,8394009843.0,0.0,907.0,5610164.0,1120.0,40140786.0,10000000.0,3663.0,999999999999,999999999999,999999999999
1372,sqlite3VarintLen,150,600,8399622525.0,0.0,291.0,3110960.0,600.0,40152726.0,100000000.0,46584.0,999999999999,999999999999,999999999999
1481,dropCell,1188,1672,8402745732.0,0.0,423.0,9783352.0,1672.0,39942426.0,30000000.0,8137.0,999999999999,999999999999,999999999999
1560,freeSpace,4242,2408,8412531611.0,0.0,423.0,25011383.0,2408.0,39946826.0,140000000.0,9599.0,999999999999,999999999999,999999999999
1378,sqlite3FkClearTriggerCache,473,1312,8437552538.0,0.0,2.0,6656841.0,1312.0,,,,999999999999,999999999999,999999999999
1730,sqlite3ExprAnd,537,1256,8444260453.0,0.0,4.0,5280347.0,1256.0,222942681.0,0.0,2.0,999999999999,999999999999,999999999999
1053,lookasideMallocSize,147,584,8449575344.0,0.0,6.0,2568017.0,584.0,121280867.0,0.0,4.0,999999999999,999999999999,999999999999
1849,propagateConstants,693,1584,8452182605.0,0.0,3.0,8180511.0,1584.0,225055211.0,0.0,1.0,999999999999,999999999999,999999999999
2215,findConstInWhere,685,1472,8460365560.0,0.0,9.0,6784235.0,1472.0,225058362.0,0.0,3.0,999999999999,999999999999,999999999999
1733,sqlite3ExprIsConstant,101,920,8467152811.0,0.0,4.0,2468894.0,920.0,225063931.0,0.0,2.0,999999999999,999999999999,999999999999
1964,exprIsConst,187,1000,8469623689.0,0.0,40.0,2992133.0,1000.0,37338806.0,0.0,30.0,999999999999,999999999999,999999999999
2080,exprNodeIsConstant,1313,1376,8472618286.0,0.0,52.0,9134382.0,1376.0,37342896.0,0.0,42.0,999999999999,999999999999,999999999999
2277,constInsert,1019,1576,8481756812.0,0.0,2.0,9760259.0,1576.0,,,,999999999999,999999999999,999999999999
2058,sqlite3ExprAffinity,998,2736,8491519231.0,0.0,54.0,8987075.0,2736.0,36536456.0,0.0,38.0,999999999999,999999999999,999999999999
917,sqlite3ExprCompareCollSeq,227,1008,8500509753.0,0.0,8.0,3545551.0,1008.0,225270682.0,0.0,6.0,999999999999,999999999999,999999999999
918,sqlite3BinaryCompareCollSeq,379,1168,8504057887.0,0.0,20.0,4750011.0,1168.0,37433206.0,0.0,14.0,999999999999,999999999999,999999999999
1002,sqlite3ColumnColl,386,632,8508811482.0,0.0,24.0,4586698.0,632.0,37440426.0,0.0,18.0,999999999999,999999999999,999999999999
2218,sqlite3IsBinary,143,568,8513402993.0,0.0,4.0,2456153.0,568.0,225287532.0,0.0,2.0,999999999999,999999999999,999999999999
2032,sqlite3TableColumnAffinity,254,624,8515862283.0,0.0,32.0,3328274.0,624.0,37457236.0,0.0,24.0,999999999999,999999999999,999999999999
2216,propagateConstantExprRewrite,607,1320,8519197538.0,0.0,14.0,5995874.0,1320.0,,,,999999999999,999999999999,999999999999
2278,propagateConstantExprRewriteOne,1151,1520,8525195152.0,0.0,14.0,10412139.0,1520.0,,,,999999999999,999999999999,999999999999
2304,termCanDriveIndex,606,1288,8535640934.0,0.0,19.0,6458681.0,1288.0,119518197.0,0.0,15.0,999999999999,999999999999,999999999999
2345,sqlite3IndexAffinityOk,372,1024,8542102083.0,0.0,8.0,4002711.0,1024.0,225408952.0,0.0,6.0,999999999999,999999999999,999999999999
2346,comparisonAffinity,388,1152,8546106621.0,0.0,8.0,4872764.0,1152.0,225410542.0,0.0,6.0,999999999999,999999999999,999999999999
2079,sqlite3CompareAffinity,551,1048,8550981549.0,0.0,18.0,4737250.0,1048.0,37453296.0,0.0,12.0,999999999999,999999999999,999999999999
2111,sqlite3ProgressCheck,496,1184,8555728099.0,0.0,8.0,5173328.0,1184.0,37127026.0,0.0,4.0,999999999999,999999999999,999999999999
1895,sqlite3ExprIfFalse,2579,3856,8560925514.0,0.0,9.0,20338711.0,3856.0,37324306.0,0.0,5.0,999999999999,999999999999,999999999999
2039,sqlite3ExprIsVector,109,904,8581266813.0,0.0,8.0,2343990.0,904.0,37329426.0,0.0,4.0,999999999999,999999999999,999999999999
2041,sqlite3ExprCodeTemp,520,1456,8583613443.0,0.0,36.0,5864988.0,1456.0,37333416.0,0.0,28.0,999999999999,999999999999,999999999999
2043,sqlite3ExprIsConstantNotJoin,101,920,8589480385.0,0.0,36.0,2428310.0,920.0,37337526.0,0.0,28.0,999999999999,999999999999,999999999999
1886,sqlite3GetTempReg,207,600,8591911688.0,0.0,37.0,3158560.0,600.0,36865105.0,0.0,33.0,999999999999,999999999999,999999999999
2044,sqlite3ExprCodeRunJustOnce,1367,2040,8595076856.0,0.0,18.0,13296513.0,2040.0,37404776.0,0.0,14.0,999999999999,999999999999,999999999999
1807,sqlite3ExprDup,183,952,8608375646.0,0.0,92.0,2969487.0,952.0,35788415.0,0.0,88.0,999999999999,999999999999,999999999999
2072,exprDup,2769,2968,8611347543.0,0.0,66.0,19434021.0,2968.0,35790075.0,0.0,62.0,999999999999,999999999999,999999999999
2113,dupedExprStructSize,278,624,8630788201.0,0.0,66.0,3364641.0,624.0,35799125.0,0.0,62.0,999999999999,999999999999,999999999999
2114,exprStructSize,152,608,8634157019.0,0.0,66.0,2782384.0,608.0,35802705.0,0.0,62.0,999999999999,999999999999,999999999999
2042,codeCompare,474,1480,8636945460.0,0.0,8.0,6244117.0,1480.0,37430816.0,0.0,4.0,999999999999,999999999999,999999999999
2064,binaryCompareP5,208,1056,8643196951.0,0.0,8.0,3266117.0,1056.0,37447666.0,0.0,4.0,999999999999,999999999999,999999999999
1474,moveToLeftmost,487,1208,8646549125.0,0.0,427.0,5665341.0,1208.0,16737832.0,10000000.0,7306.0,999999999999,999999999999,999999999999
812,sqlite3BtreePayloadSize,91,920,8652219366.0,0.0,1202.0,2365604.0,920.0,16749742.0,10000000.0,38497.0,999999999999,999999999999,999999999999
1368,sqlite3BtreePayloadFetch,94,912,8654590510.0,0.0,1202.0,2417287.0,912.0,16764322.0,20000000.0,38497.0,999999999999,999999999999,999999999999
1449,fetchPayload,344,640,8657010351.0,0.0,1202.0,3577880.0,640.0,16765622.0,100000000.0,38497.0,999999999999,999999999999,999999999999
1369,sqlite3VdbeOneByteSerialTypeLen,77,544,8660590418.0,0.0,1558.0,2074104.0,544.0,16772662.0,290000000.0,63757.0,999999999999,999999999999,999999999999
1363,sqlite3MemCompare,1471,1488,8662670812.0,0.0,27.0,10445219.0,1488.0,6793004593.0,40000000.0,13738.0,999999999999,999999999999,999999999999
1446,vdbeCompareMemString,879,1824,8673118015.0,0.0,15.0,8517002.0,1824.0,7286260577.0,0.0,10.0,999999999999,999999999999,999999999999
981,binCollFunc,267,1040,8681637421.0,0.0,15.0,3912327.0,1040.0,7286264577.0,0.0,10.0,999999999999,999999999999,999999999999
815,sqlite3VdbeSerialGet,1427,1888,8685559578.0,0.0,3387.0,8699725.0,1888.0,16880462.0,430000000.0,89649.0,999999999999,999999999999,999999999999
814,sqlite3GetVarint32,630,1160,8694262671.0,0.0,2.0,5488194.0,1160.0,16890502.0,0.0,2.0,999999999999,999999999999,999999999999
884,sqlite3VdbeSerialTypeLen,166,568,8699752931.0,0.0,857.0,2697484.0,568.0,16894332.0,160000000.0,87401.0,999999999999,999999999999,999999999999
629,sqlite3_column_count,151,576,8702457215.0,0.0,3.0,2658944.0,576.0,16932522.0,0.0,2.0,999999999999,999999999999,999999999999
630,sqlite3_column_name,103,920,8705118993.0,0.0,12.0,2480264.0,920.0,16953172.0,0.0,7.0,999999999999,999999999999,999999999999
826,columnName,1206,1408,8707600787.0,0.0,12.0,8853772.0,1408.0,16954362.0,0.0,7.0,999999999999,999999999999,999999999999
553,sqlite3_value_text,97,904,8716457349.0,0.0,62.0,2281327.0,904.0,16959882.0,0.0,57.0,999999999999,999999999999,999999999999
739,sqlite3ValueText,416,1008,8718741693.0,0.0,62.0,4435814.0,1008.0,16961232.0,0.0,57.0,999999999999,999999999999,999999999999
631,sqlite3_column_text,134,1056,8723182487.0,0.0,50.0,2876467.0,1056.0,16991552.0,0.0,50.0,999999999999,999999999999,999999999999
622,columnMem,423,1120,8726060932.0,0.0,90.0,4705601.0,1120.0,16992592.0,0.0,90.0,999999999999,999999999999,999999999999
623,columnMallocFailure,173,960,8730769076.0,0.0,90.0,3053294.0,960.0,16998082.0,0.0,90.0,999999999999,999999999999,999999999999
750,valueToText,752,1360,8733826520.0,0.0,22.0,7068675.0,1360.0,17019242.0,0.0,22.0,999999999999,999999999999,999999999999
1349,sqlite3VdbeMemStringify,414,1232,8740897595.0,0.0,222.0,4952967.0,1232.0,17022692.0,0.0,222.0,999999999999,999999999999,999999999999
1350,vdbeMemRenderNum,422,1224,8745857199.0,0.0,222.0,4828498.0,1224.0,17046962.0,0.0,222.0,999999999999,999999999999,999999999999
1351,sqlite3Int64ToText,618,1208,8750687177.0,0.0,222.0,6540418.0,1208.0,17049282.0,0.0,222.0,999999999999,999999999999,999999999999
763,sqlite3VdbeChangeEncoding,297,1008,8757231179.0,0.0,262.0,3808011.0,1008.0,17056962.0,0.0,264.0,999999999999,999999999999,999999999999
809,sqlite3BtreeNext,491,1120,8761122243.0,0.0,899.0,5033384.0,1120.0,19314472.0,130000000.0,16409.0,999999999999,999999999999,999999999999
1473,btreeNext,1462,1776,8766157201.0,0.0,7.0,11269946.0,1776.0,21559243.0,0.0,31.0,999999999999,999999999999,999999999999
1315,sqlite3VdbeCloseStatement,173,976,8777443007.0,0.0,2.0,3273837.0,976.0,,,,999999999999,999999999999,999999999999
486,sqlite3BtreePager,56,544,8780732771.0,0.0,4.0,1952017.0,544.0,26941734.0,0.0,4.0,999999999999,999999999999,999999999999
661,sqlite3PagerGetJournalMode,61,544,8782687222.0,0.0,4.0,1983747.0,544.0,26942954.0,0.0,4.0,999999999999,999999999999,999999999999
662,sqlite3PagerIsMemdb,139,568,8784673349.0,0.0,4.0,2509537.0,568.0,103952554.0,0.0,2.0,999999999999,999999999999,999999999999
1182,sqlite3PagerExclusiveLock,134,952,8787185366.0,0.0,8.0,2936124.0,952.0,103954534.0,0.0,4.0,999999999999,999999999999,999999999999
673,sqlite3PagerCommitPhaseOne,883,1888,8790186537.0,0.0,4.0,8998069.0,1888.0,104052905.0,0.0,2.0,999999999999,999999999999,999999999999
696,pagerFlushOnCommit,285,1000,8799187069.0,0.0,20.0,3755004.0,1000.0,103667925.0,0.0,16.0,999999999999,999999999999,999999999999
698,pager_incr_changecounter,345,1248,8802944650.0,0.0,4.0,4665934.0,1248.0,104059734.0,0.0,2.0,999999999999,999999999999,999999999999
1187,pager_write_changecounter,292,1160,8807617695.0,0.0,8.0,3886667.0,1160.0,104078414.0,0.0,4.0,999999999999,999999999999,999999999999
699,writeSuperJournal,1643,2008,8811510409.0,0.0,4.0,12082512.0,2008.0,104090654.0,0.0,2.0,999999999999,999999999999,999999999999
700,syncJournal,1728,2168,8823595415.0,0.0,4.0,12564700.0,2168.0,104094194.0,0.0,2.0,999999999999,999999999999,999999999999
708,sqlite3OsSync,155,960,8836194312.0,0.0,12.0,2975914.0,960.0,104138145.0,0.0,6.0,999999999999,999999999999,999999999999
1070,unixSync,573,1496,8839171993.0,0.0,12.0,6397165.0,1496.0,104139705.0,0.0,6.0,999999999999,999999999999,999999999999
587,full_fsync,107,944,8845572971.0,0.0,16.0,2555517.0,944.0,104142514.0,0.0,8.0,999999999999,999999999999,999999999999
2746,fsync,43,880,8848131324.0,0.0,16.0,2372997.0,880.0,104143834.0,0.0,8.0,999999999999,999999999999,999999999999
2770,__wasi_fd_sync,16,824,8850506695.0,0.0,16.0,1894684.0,824.0,104144954.0,0.0,8.0,999999999999,999999999999,999999999999
1088,openDirectory,797,1368,8852992469.0,0.0,4.0,8076478.0,1368.0,104852695.0,0.0,2.0,999999999999,999999999999,999999999999
588,robust_close,232,1088,8861121348.0,0.0,9.0,3725401.0,1088.0,104976845.0,0.0,5.0,999999999999,999999999999,999999999999
2754,close,40,936,8864848419.0,0.0,9.0,2460370.0,936.0,1993800.0,0.0,6.0,999999999999,999999999999,999999999999
2760,__wasi_fd_close,16,824,8867311180.0,0.0,9.0,1918390.0,824.0,1994670.0,0.0,6.0,999999999999,999999999999,999999999999
1185,sqlite3PcacheClearSyncFlags,198,608,8869501496.0,0.0,4.0,3555414.0,608.0,105132445.0,0.0,2.0,999999999999,999999999999,999999999999
701,sqlite3PcacheDirtyList,206,968,8873060497.0,0.0,4.0,3930454.0,968.0,105136745.0,0.0,2.0,999999999999,999999999999,999999999999
1269,pcacheSortDirtyList,1146,1504,8876994622.0,0.0,4.0,9567829.0,1504.0,105139695.0,0.0,2.0,999999999999,999999999999,999999999999
1270,pcacheMergeDirtyList,395,696,8886565807.0,0.0,4.0,4556011.0,696.0,105146325.0,0.0,6.0,999999999999,999999999999,999999999999
702,pager_write_pagelist,1377,1856,8891123945.0,0.0,4.0,12104626.0,1856.0,105178425.0,0.0,2.0,999999999999,999999999999,999999999999
1078,fcntlSizeHint,882,1376,8903232055.0,0.0,2.0,8454565.0,1376.0,105187375.0,0.0,2.0,999999999999,999999999999,999999999999
1188,sqlite3BackupUpdate,152,920,8911739750.0,0.0,8.0,2904644.0,920.0,105220475.0,0.0,8.0,999999999999,999999999999,999999999999
703,sqlite3PcacheCleanAll,139,992,8914674494.0,0.0,8.0,3520615.0,992.0,105285685.0,0.0,4.0,999999999999,999999999999,999999999999
1176,sqlite3PcacheMakeClean,254,1016,8918197949.0,0.0,16.0,3360480.0,1016.0,103739265.0,0.0,51.0,999999999999,999999999999,999999999999
676,sqlite3PagerSync,339,1120,8921564593.0,0.0,4.0,4243731.0,1120.0,105313105.0,0.0,2.0,999999999999,999999999999,999999999999
707,sqlite3OsFileControl,217,992,8925810897.0,0.0,11.0,3494630.0,992.0,40239406.0,0.0,6.0,999999999999,999999999999,999999999999
709,sqlite3PagerCommitPhaseTwo,437,1144,8929587578.0,0.0,4.0,4688131.0,1144.0,105467575.0,0.0,2.0,999999999999,999999999999,999999999999
1205,sqlite3JournalIsInMemory,83,544,8934281239.0,0.0,16.0,2070991.0,544.0,103660905.0,0.0,14.0,999999999999,999999999999,999999999999
1093,nolockClose,78,896,8936355496.0,0.0,4.0,2265577.0,896.0,105481065.0,0.0,2.0,999999999999,999999999999,999999999999
1061,closeUnixFile,344,1120,8938623703.0,0.0,5.0,4138957.0,1120.0,105482245.0,0.0,3.0,999999999999,999999999999,999999999999
1207,sqlite3OsDelete,201,976,8942778201.0,0.0,4.0,3260720.0,976.0,105492315.0,0.0,2.0,999999999999,999999999999,999999999999
586,unixDelete,544,1456,8946041108.0,0.0,4.0,6218041.0,1456.0,105494225.0,0.0,2.0,999999999999,999999999999,999999999999
2806,unlink,161,1016,8952262033.0,0.0,4.0,3033541.0,1016.0,105496225.0,0.0,2.0,999999999999,999999999999,999999999999
2792,__wasilibc_nocwd___wasilibc_unlinkat,36,864,8955304491.0,0.0,4.0,2269340.0,864.0,105517375.0,0.0,2.0,999999999999,999999999999,999999999999
2779,__wasi_path_unlink_file,26,928,8957576015.0,0.0,4.0,2246650.0,928.0,105518255.0,0.0,2.0,999999999999,999999999999,999999999999
2702,pcache1Truncate,192,968,8959907092.0,0.0,23.0,3148440.0,968.0,103677465.0,0.0,21.0,999999999999,999999999999,999999999999
1160,pager_error,245,1000,8963062430.0,0.0,4.0,3527000.0,1000.0,105588665.0,0.0,2.0,999999999999,999999999999,999999999999
710,btreeClearHasContent,100,928,8966592100.0,0.0,10.0,2422217.0,928.0,103690934.0,0.0,8.0,999999999999,999999999999,999999999999
271,explain_data_delete,140,968,8969086775.0,0.0,5.0,2689981.0,968.0,27097054.0,0.0,5.0,999999999999,999999999999,999999999999
267,eqp_render,551,1344,8971779652.0,0.0,5.0,5474724.0,1344.0,27099574.0,0.0,5.0,999999999999,999999999999,999999999999
639,sqlite3LeaveMutexAndCloseZombie,1974,2864,8977269593.0,0.0,6.0,18150007.0,2864.0,27143234.0,0.0,6.0,999999999999,999999999999,999999999999
474,endTimer,357,1448,8995424010.0,0.0,5.0,4064777.0,1448.0,27151444.0,0.0,5.0,999999999999,999999999999,999999999999
475,doAutoDetectRestore,1546,2720,8999491325.0,0.0,5.0,12641126.0,2720.0,27154694.0,0.0,5.0,999999999999,999999999999,999999999999
200,clearTempFile,265,1048,9012138258.0,0.0,6.0,3473307.0,1048.0,27166764.0,0.0,6.0,999999999999,999999999999,999999999999
1262,pagerAddPageToRollbackJournal,759,1672,9016033666.0,0.0,5.0,7432478.0,1672.0,40642546.0,0.0,4.0,999999999999,999999999999,999999999999
1228,pager_cksum,250,672,9023468824.0,0.0,5.0,5257758.0,672.0,40644466.0,0.0,4.0,999999999999,999999999999,999999999999
1264,write32bits,161,1048,9028729212.0,0.0,10.0,2954670.0,1048.0,40655536.0,0.0,8.0,999999999999,999999999999,999999999999
1026,sqlite3BitvecSet,2202,1984,9031739676.0,0.0,5.0,16255533.0,1984.0,40713406.0,0.0,15.0,999999999999,999999999999,999999999999
1555,moveToRightmost,422,1232,9048026900.0,0.0,17.0,5572054.0,1232.0,40119256.0,0.0,2870.0,999999999999,999999999999,999999999999
1721,sqlite3IdListAppend,785,1464,9054720652.0,0.0,3.0,7075839.0,1464.0,30902935.0,0.0,3.0,999999999999,999999999999,999999999999
1737,parserAddExprIdListTerm,341,1312,9061807264.0,0.0,4.0,4910957.0,1312.0,31384805.0,0.0,4.0,999999999999,999999999999,999999999999
1702,sqlite3ExprListSetSpan,370,1072,9066730358.0,0.0,15.0,4393264.0,1072.0,31982545.0,0.0,15.0,999999999999,999999999999,999999999999
1806,sqlite3DbSpanDup,373,1040,9071125869.0,0.0,14.0,5491901.0,1040.0,31985235.0,0.0,14.0,999999999999,999999999999,999999999999
1762,sqlite3CteNew,383,1360,9076640827.0,0.0,3.0,5043907.0,1360.0,34133725.0,0.0,3.0,999999999999,999999999999,999999999999
1763,sqlite3WithAdd,989,1664,9081689885.0,0.0,3.0,10319502.0,1664.0,34197245.0,0.0,3.0,999999999999,999999999999,999999999999
1694,attachWithToSelect,209,1016,9092028121.0,0.0,3.0,3458694.0,1016.0,35455655.0,0.0,3.0,999999999999,999999999999,999999999999
1719,sqlite3Insert,17231,15480,9095490109.0,0.0,2.0,131227878.0,15480.0,35549405.0,0.0,2.0,999999999999,999999999999,999999999999
1917,sqlite3VdbeCountChanges,67,544,9226750850.0,0.0,2.0,2212827.0,544.0,35648095.0,0.0,2.0,999999999999,999999999999,999999999999
1953,autoIncBegin,1262,1576,9228969665.0,0.0,2.0,10285225.0,1576.0,35655955.0,0.0,2.0,999999999999,999999999999,999999999999
1795,sqlite3SelectDestInit,161,648,9239259210.0,0.0,8.0,2648657.0,648.0,35677715.0,0.0,8.0,999999999999,999999999999,999999999999
2171,searchWith,472,1208,9241919108.0,0.0,6.0,6685985.0,1208.0,35734615.0,0.0,6.0,999999999999,999999999999,999999999999
1839,sqlite3ParserAddCleanup,381,1344,9248612576.0,0.0,6.0,5041988.0,1344.0,35756895.0,0.0,6.0,999999999999,999999999999,999999999999
1835,sqlite3SelectDup,1339,2544,9253662294.0,0.0,9.0,13794573.0,2544.0,35773955.0,0.0,9.0,999999999999,999999999999,999999999999
1836,sqlite3ExprListDup,1290,1904,9267459181.0,0.0,41.0,11504089.0,1904.0,35779995.0,0.0,41.0,999999999999,999999999999,999999999999
2004,sqlite3SrcListDup,1858,2424,9278974973.0,0.0,8.0,16207651.0,2424.0,35849665.0,0.0,8.0,999999999999,999999999999,999999999999
2103,sqlite3WithDup,874,1504,9295193491.0,0.0,8.0,8279282.0,1504.0,35922105.0,0.0,8.0,999999999999,999999999999,999999999999
2104,sqlite3WindowListDup,326,1120,9303476273.0,0.0,8.0,4631137.0,1120.0,35925175.0,0.0,8.0,999999999999,999999999999,999999999999
2092,findRightmost,120,560,9308123517.0,0.0,7.0,2581170.0,560.0,36038136.0,0.0,7.0,999999999999,999999999999,999999999999
2119,sqlite3ColumnsFromExprList,3611,3448,9310706471.0,0.0,4.0,27548376.0,3448.0,36044205.0,0.0,4.0,999999999999,999999999999,999999999999
1811,sqlite3IsTrueOrFalse,185,1056,9338263588.0,0.0,5.0,3422077.0,1056.0,36059505.0,0.0,5.0,999999999999,999999999999,999999999999
726,sqlite3HashClear,275,1136,9341705465.0,0.0,15.0,4379698.0,1136.0,36103356.0,0.0,15.0,999999999999,999999999999,999999999999
2133,resolveCompoundOrderBy,2890,2896,9346109096.0,0.0,5.0,23955446.0,2896.0,36398465.0,0.0,5.0,999999999999,999999999999,999999999999
2120,sqlite3SubqueryColumnTypes,3684,3224,9370078486.0,0.0,4.0,27014167.0,3224.0,36529545.0,0.0,4.0,999999999999,999999999999,999999999999
2177,sqlite3ExprDataType,980,3640,9397097836.0,0.0,5.0,11574852.0,3640.0,36544416.0,0.0,5.0,999999999999,999999999999,999999999999
1846,flattenSubquery,9196,6424,9408681182.0,0.0,4.0,66062475.0,6424.0,36584505.0,0.0,4.0,999999999999,999999999999,999999999999
1851,sqlite3SelectExprHeight,112,936,9474749428.0,0.0,8.0,2504354.0,936.0,36606525.0,0.0,8.0,999999999999,999999999999,999999999999
2217,heightOfSelect,338,1336,9477257789.0,0.0,8.0,5132188.0,1336.0,36607545.0,0.0,8.0,999999999999,999999999999,999999999999
2279,heightOfExpr,175,568,9482393613.0,0.0,45.0,2581344.0,568.0,36609996.0,0.0,45.0,999999999999,999999999999,999999999999
2280,heightOfExprList,275,1048,9484977921.0,0.0,25.0,4449221.0,1048.0,36613276.0,0.0,25.0,999999999999,999999999999,999999999999
1852,pushDownWhereTerms,2393,2872,9489429732.0,0.0,2.0,21814602.0,2872.0,36621665.0,0.0,2.0,999999999999,999999999999,999999999999
1853,disableUnusedSubqueryResultColumns,1877,1248,9511246504.0,0.0,4.0,14507340.0,1248.0,36625865.0,0.0,4.0,999999999999,999999999999,999999999999
1854,fromClauseTermCanBeCoroutine,1067,1384,9525756070.0,0.0,4.0,9934312.0,1384.0,36630276.0,0.0,4.0,999999999999,999999999999,999999999999
1857,isSelfJoinView,794,1360,9535692613.0,0.0,3.0,8727168.0,1360.0,36635116.0,0.0,3.0,999999999999,999999999999,999999999999
1855,sqlite3VdbeExplain,417,1256,9544425125.0,0.0,17.0,5005708.0,1256.0,36644756.0,0.0,17.0,999999999999,999999999999,999999999999
1847,multiSelect,7100,8304,9549437200.0,0.0,4.0,52279589.0,8304.0,36678305.0,0.0,4.0,999999999999,999999999999,999999999999
2208,hasAnchor,224,584,9601721916.0,0.0,3.0,3714024.0,584.0,36687636.0,0.0,3.0,999999999999,999999999999,999999999999
2209,generateWithRecursiveQuery,2949,4360,9605439017.0,0.0,3.0,25382996.0,4360.0,36691316.0,0.0,3.0,999999999999,999999999999,999999999999
1861,computeLimitRegisters,1015,2048,9630825792.0,0.0,3.0,9506745.0,2048.0,36698225.0,0.0,3.0,999999999999,999999999999,999999999999
2036,codeInteger,832,1592,9640365445.0,0.0,13.0,7799082.0,1592.0,36854565.0,0.0,13.0,999999999999,999999999999,999999999999
1884,sqlite3GetTempRange,396,1040,9648168234.0,0.0,11.0,4252601.0,1040.0,36863236.0,0.0,11.0,999999999999,999999999999,999999999999
1888,sqlite3ReleaseTempRange,242,960,9652426322.0,0.0,11.0,3385117.0,960.0,36879945.0,0.0,11.0,999999999999,999999999999,999999999999
1796,sqlite3VdbeEndCoroutine,149,976,9655878859.0,0.0,4.0,2750797.0,976.0,37659166.0,0.0,4.0,999999999999,999999999999,999999999999
1856,sqlite3ClearTempRegCache,69,560,9658634023.0,0.0,3.0,2051670.0,560.0,37666396.0,0.0,3.0,999999999999,999999999999,999999999999
2262,translateColumnToCopy,706,1376,9660709494.0,0.0,2.0,7338068.0,1376.0,38037046.0,0.0,2.0,999999999999,999999999999,999999999999
1954,readsTable,888,1528,9668056109.0,0.0,2.0,9423692.0,1528.0,38070806.0,0.0,2.0,999999999999,999999999999,999999999999
1959,autoIncStep,166,936,9677489451.0,0.0,2.0,3022584.0,936.0,38169756.0,0.0,2.0,999999999999,999999999999,999999999999
1938,sqlite3VdbeAppendP4,300,1024,9680522655.0,0.0,9.0,3819807.0,1024.0,38271126.0,0.0,9.0,999999999999,999999999999,999999999999
1930,sqlite3AutoincrementEnd,127,896,9684359759.0,0.0,2.0,2635677.0,896.0,38346236.0,0.0,2.0,999999999999,999999999999,999999999999
1649,sqlite3UpsertDelete,136,896,9687000730.0,0.0,2.0,2719207.0,896.0,38360306.0,0.0,2.0,999999999999,999999999999,999999999999
1544,sqlite3WithDelete,292,1112,9689731544.0,0.0,3.0,4942761.0,1112.0,38472546.0,0.0,3.0,999999999999,999999999999,999999999999
1546,cteClear,160,1088,9694676689.0,0.0,3.0,3083434.0,1088.0,38474996.0,0.0,3.0,999999999999,999999999999,999999999999
500,sqlite3IdListDelete,304,1120,9697768403.0,0.0,2.0,4964234.0,1120.0,38543026.0,0.0,2.0,999999999999,999999999999,999999999999
1385,sqlite3BtreeFakeValidCursor,17,520,9702932927.0,0.0,5.0,1629284.0,520.0,39318416.0,0.0,5.0,999999999999,999999999999,999999999999
813,sqlite3VdbeMemFromBtreeZeroOffset,295,1184,9704649121.0,0.0,498.0,4175964.0,1184.0,39893086.0,10000000.0,23838.0,999999999999,999999999999,999999999999
756,vdbeMemAddTerminator,359,1088,9708829952.0,0.0,441.0,4212757.0,1088.0,39902416.0,0.0,7299.0,999999999999,999999999999,999999999999
1399,sqlite3BtreeDelete,5061,4232,9713047203.0,0.0,421.0,35598545.0,4232.0,39922456.0,60000000.0,7279.0,999999999999,999999999999,999999999999
1483,balance,1992,2408,9748652705.0,0.0,421.0,15705710.0,2408.0,39963716.0,10000000.0,1070.0,999999999999,999999999999,999999999999
1424,sqlite3AddInt64,465,656,9764555672.0,0.0,698.0,3839631.0,656.0,40771616.0,100000000.0,7556.0,999999999999,999999999999,999999999999
724,sqlite3BtreeClose,645,1584,9768886620.0,0.0,7.0,6590178.0,1584.0,103637805.0,0.0,7.0,999999999999,999999999999,999999999999
714,sqlite3BtreeRollback,564,1656,9775480588.0,0.0,8.0,7000765.0,1656.0,103641394.0,0.0,8.0,999999999999,999999999999,999999999999
715,saveAllCursors,513,1096,9782484211.0,0.0,8.0,6133291.0,1096.0,103644914.0,0.0,8.0,999999999999,999999999999,999999999999
717,sqlite3PagerRollback,679,1296,9788619368.0,0.0,6.0,6043308.0,1296.0,103650234.0,0.0,6.0,999999999999,999999999999,999999999999
1208,sqlite3PcacheClearWritable,198,608,9794669100.0,0.0,12.0,3531867.0,608.0,103670885.0,0.0,12.0,999999999999,999999999999,999999999999
1178,getPageError,88,592,9798207927.0,0.0,6.0,2352030.0,592.0,103688085.0,0.0,6.0,999999999999,999999999999,999999999999
1133,sqlite3PagerClose,449,1592,9800570448.0,0.0,7.0,5597875.0,1592.0,103728825.0,0.0,7.0,999999999999,999999999999,999999999999
1157,pagerFreeMapHdrs,182,1024,9806171433.0,0.0,7.0,3815844.0,1024.0,103731785.0,0.0,7.0,999999999999,999999999999,999999999999
2703,pcache1TruncateUnsafe,724,1336,9809994110.0,0.0,7.0,8150842.0,1336.0,103751785.0,0.0,9.0,999999999999,999999999999,999999999999
2706,pcache1FreePage,266,1000,9818148109.0,0.0,11.0,3510714.0,1000.0,103759425.0,0.0,50.0,999999999999,999999999999,999999999999
1162,sqlite3PcacheClose,99,904,9821673326.0,0.0,7.0,2429063.0,904.0,103814625.0,0.0,7.0,999999999999,999999999999,999999999999
2693,pcache1Destroy,356,1272,9824104070.0,0.0,7.0,4814227.0,1272.0,103815634.0,0.0,7.0,999999999999,999999999999,999999999999
1013,freeTempSpace,184,952,9828925955.0,0.0,7.0,2982437.0,952.0,103853225.0,0.0,7.0,999999999999,999999999999,999999999999
1316,sqlite3VdbeSetChanges,106,576,9832690355.0,0.0,2.0,2269540.0,576.0,105694745.0,0.0,2.0,999999999999,999999999999,999999999999
875,addOp4IntSlow,290,1120,9835277139.0,0.0,1.0,4408617.0,1120.0,121251237.0,0.0,1.0,999999999999,999999999999,999999999999
1912,sqlite3SrcListEnlarge,1487,1712,9841225734.0,0.0,2.0,12328049.0,1712.0,216397810.0,0.0,2.0,999999999999,999999999999,999999999999
1727,sqlite3ExprFunction,677,1472,9853580934.0,0.0,1.0,6784888.0,1472.0,218562661.0,0.0,1.0,999999999999,999999999999,999999999999
1736,sqlite3ExprSetHeightAndFlags,141,1032,9860369789.0,0.0,1.0,3107137.0,1032.0,218576531.0,0.0,1.0,999999999999,999999999999,999999999999
1965,exprSetHeight,567,1216,9863478536.0,0.0,1.0,5448208.0,1216.0,218578501.0,0.0,1.0,999999999999,999999999999,999999999999
2433,sqlite3ExprListFlags,241,640,9868930497.0,0.0,1.0,4527374.0,640.0,218588961.0,0.0,1.0,999999999999,999999999999,999999999999
2175,sqlite3SetJoinExpr,544,1280,9873546586.0,0.0,16.0,7294144.0,1280.0,222925371.0,0.0,16.0,999999999999,999999999999,999999999999
2130,sqlite3ReferencesSrcList,751,1472,9880877347.0,0.0,1.0,7011698.0,1472.0,223819061.0,0.0,1.0,999999999999,999999999999,999999999999
2143,exprRefToSrcList,906,864,9887891809.0,0.0,1.0,8113065.0,864.0,223825781.0,0.0,1.0,999999999999,999999999999,999999999999
2155,windowRemoveExprFromSelect,254,968,9896019241.0,0.0,1.0,3363504.0,968.0,224062071.0,0.0,1.0,999999999999,999999999999,999999999999
2139,resolveAlias,1611,1928,9899385992.0,0.0,2.0,10883716.0,1928.0,224077462.0,0.0,2.0,999999999999,999999999999,999999999999
2146,incrAggFunctionDepth,247,960,9910280801.0,0.0,2.0,3194011.0,960.0,224122222.0,0.0,2.0,999999999999,999999999999,999999999999
1963,sqlite3ExprDeferredDelete,135,928,9913477015.0,0.0,2.0,2581226.0,928.0,224129211.0,0.0,2.0,999999999999,999999999999,999999999999
2328,markTermAsChild,230,680,9916138362.0,0.0,2.0,3240504.0,680.0,225254262.0,0.0,2.0,999999999999,999999999999,999999999999
2329,termIsEquivalence,727,1392,9919380860.0,0.0,2.0,6834299.0,1392.0,225257782.0,0.0,2.0,999999999999,999999999999,999999999999
2330,exprCommute,597,1192,9926222035.0,0.0,2.0,5392634.0,1192.0,225290762.0,0.0,2.0,999999999999,999999999999,999999999999
2237,whereOmitNoopJoin,2178,1864,9931645003.0,0.0,1.0,17283917.0,1864.0,225787292.0,0.0,1.0,999999999999,999999999999,999999999999
2301,sqlite3WhereExprListUsage,330,1128,9948931484.0,0.0,1.0,5157224.0,1128.0,225790882.0,0.0,1.0,999999999999,999999999999,999999999999
2238,whereCheckIfBloomFilterIsUseful,761,904,9954094249.0,0.0,2.0,7521925.0,904.0,225813852.0,0.0,2.0,999999999999,999999999999,999999999999
2242,constructAutomaticIndex,6482,6264,9961653370.0,0.0,2.0,49426332.0,6264.0,226072702.0,0.0,2.0,999999999999,999999999999,999999999999
2219,sqlite3ExprIsSingleTableConstraint,827,1272,10011085286.0,0.0,3.0,9755242.0,1272.0,226084422.0,0.0,3.0,999999999999,999999999999,999999999999
2281,sqlite3ExprIsTableConstant,230,1032,10020843998.0,0.0,3.0,3312197.0,1032.0,226088212.0,0.0,3.0,999999999999,999999999999,999999999999
567,sqlite3_log,160,928,10024169499.0,0.0,2.0,2795394.0,928.0,226138672.0,0.0,2.0,999999999999,999999999999,999999999999
568,renderLogMsg,247,1200,10026967463.0,0.0,2.0,3409440.0,1200.0,226140272.0,0.0,2.0,999999999999,999999999999,999999999999
203,shellLog,233,1088,10030386210.0,0.0,2.0,3431374.0,1088.0,226208812.0,0.0,2.0,999999999999,999999999999,999999999999
2305,whereLoopResize,540,1272,10033820682.0,0.0,2.0,5548337.0,1272.0,226212582.0,0.0,2.0,999999999999,999999999999,999999999999
1821,sqlite3AllocateIndexObject,854,1296,10039373949.0,0.0,2.0,6662185.0,1296.0,226223612.0,0.0,2.0,999999999999,999999999999,999999999999
1920,sqlite3VdbeSetP4KeyInfo,195,1032,10046062295.0,0.0,2.0,3331631.0,1032.0,226296402.0,0.0,2.0,999999999999,999999999999,999999999999
1900,sqlite3KeyInfoOfIndex,926,1584,10049396745.0,0.0,2.0,9650399.0,1584.0,226297422.0,0.0,2.0,999999999999,999999999999,999999999999
1822,sqlite3LocateCollSeq,431,1192,10059055244.0,0.0,2.0,4675944.0,1192.0,226322922.0,0.0,2.0,999999999999,999999999999,999999999999
2306,sqlite3WhereExplainBloomFilter,1207,2104,10063739976.0,0.0,2.0,11059133.0,2104.0,226354782.0,0.0,2.0,999999999999,999999999999,999999999999
546,sqlite3_str_appendf,107,920,10074802222.0,0.0,4.0,2531407.0,920.0,226359442.0,0.0,4.0,999999999999,999999999999,999999999999
543,sqlite3_str_appendall,110,992,10077339255.0,0.0,2.0,2624920.0,992.0,226409152.0,0.0,2.0,999999999999,999999999999,999999999999
2377,explainIndexColumnName,307,648,10079967896.0,0.0,2.0,3593321.0,648.0,226423082.0,0.0,2.0,999999999999,999999999999,999999999999
1995,sqlite3GenerateIndexKey,1557,2048,10083578540.0,0.0,2.0,13674803.0,2048.0,226504072.0,0.0,2.0,999999999999,999999999999,999999999999
1992,sqlite3ExprCodeLoadIndexColumn,425,1152,10097256887.0,0.0,6.0,4849737.0,1152.0,226512832.0,0.0,6.0,999999999999,999999999999,999999999999
2188,sqlite3VdbeDeletePriorOpcode,320,992,10102112078.0,0.0,4.0,3826807.0,992.0,226527402.0,0.0,4.0,999999999999,999999999999,999999999999
2312,codeAllEqualityTerms,2300,3088,10105953623.0,0.0,2.0,20586714.0,3088.0,226615642.0,0.0,2.0,999999999999,999999999999,999999999999
1925,sqlite3IndexAffinityStr,186,960,10126543314.0,0.0,2.0,3074197.0,960.0,226620292.0,0.0,2.0,999999999999,999999999999,999999999999
2376,computeIndexAffStr,970,1512,10129620755.0,0.0,2.0,9687473.0,1512.0,226622062.0,0.0,2.0,999999999999,999999999999,999999999999
2069,sqlite3ExprCanBeNull,902,776,10139330287.0,0.0,2.0,7020528.0,776.0,226710922.0,0.0,2.0,999999999999,999999999999,999999999999
2381,sqlite3ExprNeedsNoAffinityChange,1076,1520,10146356556.0,0.0,2.0,7121177.0,1520.0,226728922.0,0.0,2.0,999999999999,999999999999,999999999999
2315,codeApplyAffinity,658,1208,10153480327.0,0.0,2.0,9949853.0,1208.0,226742742.0,0.0,2.0,999999999999,999999999999,999999999999
2311,filterPullDown,1002,1992,10163443317.0,0.0,2.0,11854182.0,1992.0,226781642.0,0.0,2.0,999999999999,999999999999,999999999999
2263,sqlite3StorageColumnToTable,310,672,10175335103.0,0.0,3.0,5044048.0,672.0,227018472.0,0.0,3.0,999999999999,999999999999,999999999999
1825,sqlite3TableColumnToIndex,331,688,10180382317.0,0.0,3.0,4868751.0,688.0,227021442.0,0.0,3.0,999999999999,999999999999,999999999999
1877,sqlite3ExprAnalyzeAggList,289,1096,10185288645.0,0.0,3.0,4545154.0,1096.0,227201692.0,0.0,3.0,999999999999,999999999999,999999999999
1879,sqlite3ExprAnalyzeAggregates,181,1168,10189835980.0,0.0,5.0,2883307.0,1168.0,227204272.0,0.0,5.0,999999999999,999999999999,999999999999
2265,analyzeAggregate,3790,3776,10192721417.0,0.0,5.0,29402530.0,3776.0,227208462.0,0.0,5.0,999999999999,999999999999,999999999999
2390,findOrCreateAggInfoColumn,1720,1664,10222127844.0,0.0,3.0,13793330.0,1664.0,227216512.0,0.0,3.0,999999999999,999999999999,999999999999
2392,addAggInfoColumn,166,1016,10235924144.0,0.0,2.0,2808990.0,1016.0,227220602.0,0.0,2.0,999999999999,999999999999,999999999999
2393,sqlite3ArrayAllocate,626,1264,10238735155.0,0.0,3.0,5933571.0,1264.0,227222372.0,0.0,3.0,999999999999,999999999999,999999999999
2391,addAggInfoFunc,166,1016,10244686780.0,0.0,1.0,2870204.0,1016.0,227264392.0,0.0,1.0,999999999999,999999999999,999999999999
1881,analyzeAggFuncArgs,479,1320,10247576644.0,0.0,1.0,6690475.0,1320.0,227402932.0,0.0,1.0,999999999999,999999999999,999999999999
2343,whereRightSubexprIsColumn,266,968,10254324272.0,0.0,10.0,3560430.0,968.0,227997042.0,0.0,10.0,999999999999,999999999999,999999999999
2300,whereSortingCost,951,1360,10257905683.0,0.0,1.0,7685601.0,1360.0,228419722.0,0.0,1.0,999999999999,999999999999,999999999999
1883,assignAggregateRegisters,142,600,10265661415.0,0.0,1.0,2576697.0,600.0,229376282.0,0.0,1.0,999999999999,999999999999,999999999999
1866,sqlite3WhereIsDistinct,61,544,10268239488.0,0.0,1.0,1954840.0,544.0,229378042.0,0.0,1.0,999999999999,999999999999,999999999999
1891,sqlite3KeyInfoRef,119,552,10270216842.0,0.0,1.0,2435014.0,552.0,229644872.0,0.0,1.0,999999999999,999999999999,999999999999
1892,sqlite3ExprCodeMove,138,952,10272654913.0,0.0,1.0,2680754.0,952.0,229655842.0,0.0,1.0,999999999999,999999999999,999999999999
1893,updateAccumulator,4313,4864,10275339287.0,0.0,1.0,37434785.0,4864.0,229669802.0,0.0,1.0,999999999999,999999999999,999999999999
1927,sqlite3VdbeJumpHereOrPopInst,210,928,10312787393.0,0.0,1.0,3073857.0,928.0,229751552.0,0.0,1.0,999999999999,999999999999,999999999999
1894,finalizeAggFunctions,1917,2928,10315870387.0,0.0,1.0,17985377.0,2928.0,229797572.0,0.0,1.0,999999999999,999999999999,999999999999
2260,pushOntoSorter,3049,4168,10333863741.0,0.0,1.0,24330669.0,4168.0,229837792.0,0.0,1.0,999999999999,999999999999,999999999999
2060,sqlite3VdbeGetLastOp,106,912,10358200924.0,0.0,2.0,2378700.0,912.0,229863952.0,0.0,2.0,999999999999,999999999999,999999999999
2389,makeSorterRecord,348,1232,10360587808.0,0.0,1.0,4577841.0,1232.0,229893482.0,0.0,1.0,999999999999,999999999999,999999999999
1896,resetAccumulator,1712,2272,10365171143.0,0.0,1.0,14364936.0,2272.0,229907252.0,0.0,1.0,999999999999,999999999999,999999999999
1904,generateSortTail,4212,5656,10379541229.0,0.0,1.0,35999995.0,5656.0,229922952.0,0.0,1.0,999999999999,999999999999,999999999999
1876,agginfoFree,167,1104,10415619845.0,0.0,1.0,3106563.0,1104.0,230715152.0,0.0,1.0,999999999999,999999999999,999999999999
2096,sqlite3ExprDeleteGeneric,136,896,10418733502.0,0.0,2.0,2626584.0,896.0,230739272.0,0.0,2.0,999999999999,999999999999,999999999999
1384,sqlite3VdbeSorterInit,1887,2080,10421523536.0,0.0,2.0,13886236.0,2080.0,231177812.0,0.0,2.0,999999999999,999999999999,999999999999
602,sqlite3BtreeGetPageSize,56,552,10435416870.0,0.0,2.0,1919233.0,552.0,231191112.0,0.0,2.0,999999999999,999999999999,999999999999
793,sqlite3VdbeMemSetZeroBlob,232,1016,10437403267.0,0.0,2.0,3459264.0,1016.0,231829663.0,0.0,2.0,999999999999,999999999999,999999999999
737,sqlite3VdbeMemExpandBlob,446,1176,10440865511.0,0.0,2.0,4893191.0,1176.0,231834092.0,0.0,2.0,999999999999,999999999999,999999999999
1438,filterHash,581,1208,10445826202.0,0.0,478.0,6569718.0,1208.0,232515632.0,70000000.0,10542.0,999999999999,999999999999,999999999999
1477,btreeMoveto,615,1528,10452399434.0,0.0,261.0,6657748.0,1528.0,232534352.0,0.0,7359.0,999999999999,999999999999,999999999999
1395,sqlite3VdbeAllocUnpackedRecord,368,1056,10459059962.0,0.0,263.0,4137690.0,1056.0,232536763.0,10000000.0,7361.0,999999999999,999999999999,999999999999
1396,sqlite3VdbeRecordUnpack,1150,1792,10463201703.0,0.0,271.0,11786380.0,1792.0,232544392.0,20000000.0,7369.0,999999999999,999999999999,999999999999
1391,sqlite3BtreeIndexMoveto,4833,4064,10474992150.0,0.0,298.0,36001675.0,4064.0,232567303.0,90000000.0,10162.0,999999999999,999999999999,999999999999
1468,sqlite3VdbeFindCompare,660,816,10510996585.0,0.0,298.0,5535388.0,816.0,232572392.0,20000000.0,10162.0,999999999999,999999999999,999999999999
1556,vdbeRecordCompareInt,2142,2160,10516679953.0,0.0,804.0,12582069.0,2160.0,233467273.0,480000000.0,91382.0,999999999999,999999999999,999999999999
1469,cursorOnLastPage,366,664,10529278289.0,0.0,294.0,5030138.0,664.0,233611773.0,40000000.0,9878.0,999999999999,999999999999,999999999999
1470,indexCellCompare,727,1200,10534310047.0,0.0,213.0,6243381.0,1200.0,233615063.0,10000000.0,3023.0,999999999999,999999999999,999999999999
1408,sqlite3VdbeRecordCompareWithSkip,5548,4328,10540808332.0,0.0,128.0,38609472.0,4328.0,261894256.0,380000000.0,49275.0,999999999999,999999999999,999999999999
1493,vdbeRecordDecodeInt,1420,1480,10579425355.0,0.0,119.0,8437525.0,1480.0,261907087.0,300000000.0,81851.0,999999999999,999999999999,999999999999
1390,sqlite3BtreeCursorHasHint,112,568,10587955361.0,0.0,37.0,2230660.0,568.0,323590645.0,0.0,2803.0,999999999999,999999999999,999999999999
1238,btreeParseCellPtrIndex,840,1240,10590191054.0,0.0,77.0,8234279.0,1240.0,323703535.0,120000000.0,16559.0,999999999999,999999999999,999999999999
1407,sqlite3VdbeMemInit,107,608,10598428723.0,0.0,78.0,2406647.0,608.0,323710155.0,10000000.0,16560.0,999999999999,999999999999,999999999999
1409,sqlite3VdbeMemReleaseMalloc,97,896,10600839657.0,0.0,77.0,2563347.0,896.0,323728005.0,30000000.0,16559.0,999999999999,999999999999,999999999999
1561,pageFindSlot,1574,1624,10603471601.0,0.0,8.0,11976559.0,1624.0,314436643.0,110000000.0,26856.0,999999999999,999999999999,999999999999
1405,sqlite3VdbeSorterWrite,3090,2248,10615545517.0,0.0,41.0,20254065.0,2248.0,5925128318.0,40000000.0,6899.0,999999999999,999999999999,999999999999
1403,sqlite3VdbeSorterRewind,417,1232,10635891989.0,0.0,2.0,4827841.0,1232.0,6566470032.0,0.0,2.0,999999999999,999999999999,999999999999
1487,vdbeSorterSort,1377,1728,10640721323.0,0.0,2.0,11474959.0,1728.0,6566473512.0,0.0,2.0,999999999999,999999999999,999999999999
1577,vdbeSortAllocUnpacked,319,1072,10652198723.0,0.0,2.0,4190701.0,1072.0,6566476932.0,0.0,2.0,999999999999,999999999999,999999999999
1578,vdbeSorterGetCompare,222,584,10656399611.0,0.0,2.0,2731150.0,584.0,6566513372.0,0.0,2.0,999999999999,999999999999,999999999999
1579,vdbeSorterMerge,596,1312,10659133588.0,0.0,39.0,6398994.0,1312.0,6566521312.0,10000000.0,6897.0,999999999999,999999999999,999999999999
1583,vdbeSorterCompareInt,1555,1680,10665534083.0,0.0,92.0,13199360.0,1680.0,6566524132.0,210000000.0,42776.0,999999999999,999999999999,999999999999
1401,sqlite3VdbeSorterRowkey,325,1216,10678740396.0,0.0,41.0,4609164.0,1216.0,6792958322.0,10000000.0,6899.0,999999999999,999999999999,999999999999
1486,vdbeSorterRowkey,312,688,10683351760.0,0.0,41.0,3768117.0,688.0,6792962702.0,20000000.0,6899.0,999999999999,999999999999,999999999999
843,sqlite3VdbeMemMove,293,1056,10687129445.0,0.0,20.0,3380754.0,1056.0,6793017953.0,0.0,20.0,999999999999,999999999999,999999999999
776,sqlite3VdbeMemSetInt64,186,936,10690518425.0,0.0,22.0,3107104.0,936.0,6793073782.0,20000000.0,13738.0,999999999999,999999999999,999999999999
2457,minmaxStep,726,1584,10693630466.0,0.0,21.0,7033895.0,1584.0,6793091402.0,0.0,6879.0,999999999999,999999999999,999999999999
816,sqlite3_aggregate_context,196,984,10700667668.0,0.0,41.0,3332747.0,984.0,6793094773.0,0.0,6899.0,999999999999,999999999999,999999999999
817,createAggContext,350,1176,10704002629.0,0.0,20.0,4285888.0,1176.0,6793096862.0,0.0,20.0,999999999999,999999999999,999999999999
752,sqlite3_value_type,95,552,10708295326.0,0.0,61.0,2155297.0,552.0,6793118453.0,20000000.0,6919.0,999999999999,999999999999,999999999999
807,sqlite3_context_db_handle,55,544,10710452933.0,0.0,20.0,1973377.0,544.0,6793122042.0,0.0,20.0,999999999999,999999999999,999999999999
789,sqlite3VdbeMemCopy,491,1208,10712428291.0,0.0,40.0,5331371.0,1208.0,6793123902.0,0.0,40.0,999999999999,999999999999,999999999999
1404,sqlite3VdbeSorterNext,479,1240,10717767419.0,0.0,41.0,5367548.0,1240.0,6793155833.0,20000000.0,6899.0,999999999999,999999999999,999999999999
1346,sqlite3VdbeMemFinalize,626,1320,10723143900.0,0.0,20.0,6021055.0,1320.0,6793207773.0,0.0,20.0,999999999999,999999999999,999999999999
2459,minMaxFinalize,81,888,10729168608.0,0.0,20.0,2287140.0,888.0,6793211953.0,0.0,20.0,999999999999,999999999999,999999999999
2460,minMaxValueFinalize,264,1104,10731457822.0,0.0,20.0,3756627.0,1104.0,6793213233.0,0.0,20.0,999999999999,999999999999,999999999999
788,sqlite3_result_value,197,1144,10735216393.0,0.0,20.0,3681314.0,1144.0,6793216822.0,0.0,20.0,999999999999,999999999999,999999999999
764,sqlite3VdbeMemTooBig,268,624,10738900108.0,0.0,20.0,3554337.0,624.0,6793222842.0,0.0,20.0,999999999999,999999999999,999999999999
2456,sqlite3GetFuncCollSeq,120,592,10742506601.0,0.0,1.0,2499711.0,592.0,6793445482.0,0.0,6859.0,999999999999,999999999999,999999999999
806,sqlite3_user_data,55,552,10745007939.0,0.0,1.0,2004590.0,552.0,6793447442.0,0.0,6859.0,999999999999,999999999999,999999999999
2458,sqlite3SkipAccumulatorLoad,68,560,10747014590.0,0.0,1.0,2066490.0,560.0,6793453193.0,10000000.0,6859.0,999999999999,999999999999,999999999999
1586,vdbeSorterCompareTail,254,1192,10749113500.0,0.0,10.0,4440171.0,1192.0,7286219877.0,0.0,10.0,999999999999,999999999999,999999999999
632,sqlite3_column_type,134,1056,10753579258.0,0.0,40.0,2877210.0,1056.0,7286935887.0,0.0,40.0,999999999999,999999999999,999999999999
433,shell_callback,20663,17320,10756466262.0,0.0,20.0,132475402.0,17320.0,7286997257.0,0.0,20.0,999999999999,999999999999,999999999999
230,oPutsUtf8,314,1368,10888948687.0,0.0,80.0,4157741.0,1368.0,7287023107.0,0.0,80.0,999999999999,999999999999,999999999999
2870,__stdout_write,61,1008,10893119419.0,0.0,1.0,2962947.0,1008.0,7287070107.0,0.0,1.0,999999999999,999999999999,999999999999
1330,sqlite3VdbeSorterClose,221,1128,10896233982.0,0.0,2.0,3436991.0,1128.0,7292018038.0,0.0,2.0,999999999999,999999999999,999999999999
1332,sqlite3VdbeSorterReset,535,1480,10899673807.0,0.0,2.0,7054145.0,1480.0,7292019978.0,0.0,2.0,999999999999,999999999999,999999999999
1333,vdbeMergeEngineFree,263,1056,10906729245.0,0.0,2.0,4494594.0,1056.0,7292021318.0,0.0,2.0,999999999999,999999999999,999999999999
1334,vdbeSortSubtaskCleanup,303,1184,10911226203.0,0.0,2.0,4100100.0,1184.0,7292025398.0,0.0,2.0,999999999999,999999999999,999999999999
1335,vdbeSorterRecordFree,190,1032,10915331524.0,0.0,2.0,3797811.0,1032.0,7292034708.0,0.0,2.0,999999999999,999999999999,999999999999
1308,freeEphemeralFunction,124,912,10919266848.0,0.0,2.0,2710487.0,912.0,7293032158.0,0.0,2.0,999999999999,999999999999,999999999999
1306,freeP4FuncCtx,122,1000,10921980542.0,0.0,1.0,2615983.0,1000.0,7293041708.0,0.0,1.0,999999999999,999999999999,999999999999
198,set_table_name,1060,1520,10924629656.0,0.0,1.0,8861155.0,1520.0,7293253238.0,0.0,1.0,999999999999,999999999999,999999999999
168,close_db,156,1088,10933494105.0,0.0,1.0,3190341.0,1088.0,7293258298.0,0.0,1.0,999999999999,999999999999,999999999999
951,sqlite3_close,85,904,10936686683.0,0.0,1.0,2290566.0,904.0,7293259578.0,0.0,1.0,999999999999,999999999999,999999999999
952,sqlite3Close,670,1704,10938980459.0,0.0,1.0,8435575.0,1704.0,7293261158.0,0.0,1.0,999999999999,999999999999,999999999999
953,disconnectAllVtab,681,1424,10947418481.0,0.0,1.0,8557872.0,1424.0,7293266608.0,0.0,1.0,999999999999,999999999999,999999999999
690,sqlite3VtabUnlockList,240,1056,10955981200.0,0.0,2.0,3886307.0,1056.0,7293280548.0,0.0,2.0,999999999999,999999999999,999999999999
954,sqlite3VtabRollback,88,904,10959870508.0,0.0,2.0,2304833.0,904.0,7293283558.0,0.0,2.0,999999999999,999999999999,999999999999
721,connectionIsBusy,377,1176,10962178852.0,0.0,2.0,5670275.0,1176.0,7293286418.0,0.0,2.0,999999999999,999999999999,999999999999
2439,sqlite3BtreeIsInBackup,79,552,10967852610.0,0.0,2.0,2089740.0,552.0,7293290088.0,0.0,2.0,999999999999,999999999999,999999999999
722,sqlite3RollbackAll,878,1744,10969947934.0,0.0,1.0,9722662.0,1744.0,7293299958.0,0.0,1.0,999999999999,999999999999,999999999999
723,sqlite3CloseSavepoints,249,1088,10979679173.0,0.0,1.0,4467371.0,1088.0,7293320258.0,0.0,1.0,999999999999,999999999999,999999999999
1097,dotlockClose,137,1048,10984165817.0,0.0,1.0,2863791.0,1048.0,7293384318.0,0.0,1.0,999999999999,999999999999,999999999999
689,sqlite3SchemaClear,859,1664,10987062725.0,0.0,2.0,8156932.0,1664.0,7293449508.0,0.0,2.0,999999999999,999999999999,999999999999
691,sqlite3CollapseDatabaseArray,884,1432,10995248883.0,0.0,1.0,8493168.0,1432.0,7293783858.0,0.0,1.0,999999999999,999999999999,999999999999
727,sqlite3VtabEponymousTableClear,209,984,11003763069.0,0.0,5.0,3294927.0,984.0,7294157988.0,0.0,5.0,999999999999,999999999999,999999999999
728,sqlite3VtabModuleUnref,235,1056,11007060023.0,0.0,5.0,3788754.0,1056.0,7294159838.0,0.0,5.0,999999999999,999999999999,999999999999
729,sqlite3ValueFree,155,992,11010857990.0,0.0,1.0,2960557.0,992.0,7294235118.0,0.0,1.0,999999999999,999999999999,999999999999
199,output_reset,439,1360,11013826458.0,0.0,1.0,4936061.0,1360.0,7294269458.0,0.0,1.0,999999999999,999999999999,999999999999
245,output_file_close,227,896,11018766663.0,0.0,1.0,2940924.0,896.0,7294271408.0,0.0,1.0,999999999999,999999999999,999999999999
283,setOutputStream,85,904,11021710500.0,0.0,1.0,2284860.0,904.0,7294274828.0,0.0,1.0,999999999999,999999999999,999999999999
459,designateEmitStream,446,1136,11023997460.0,0.0,1.0,4501281.0,1136.0,7294276408.0,0.0,1.0,999999999999,999999999999,999999999999
424,isKnownWritable,274,616,11028500778.0,0.0,1.0,3697607.0,616.0,7294278738.0,0.0,1.0,999999999999,999999999999,999999999999
2831,__wasm_call_dtors,15,864,11032204306.0,0.0,1.0,1891017.0,864.0,7294287798.0,0.0,1.0,999999999999,999999999999,999999999999
2828,__funcs_on_exit,183,1040,11034097423.0,0.0,1.0,4245201.0,1040.0,7294288558.0,0.0,1.0,999999999999,999999999999,999999999999
2830,call,12,824,11038343714.0,0.0,2.0,1908207.0,824.0,7294290288.0,0.0,2.0,999999999999,999999999999,999999999999
175,sayAbnormalExit,47,848,11040253818.0,0.0,1.0,2116054.0,848.0,7294291088.0,0.0,1.0,999999999999,999999999999,999999999999
174,consoleRestore,4,512,11042372198.0,0.0,1.0,1453737.0,512.0,7294293098.0,0.0,1.0,999999999999,999999999999,999999999999
2839,__stdio_exit,389,1712,11043828129.0,0.0,1.0,8337815.0,1712.0,7294293968.0,0.0,1.0,999999999999,999999999999,999999999999
2863,__ofl_lock,9,520,11052168694.0,13333333.0,1.0,1595370.0,520.0,1966900.0,10000000.0,3.0,999999999999,999999999999,999999999999
1029,sqlite3BitvecSize,49,536,,,,,,3670635915.0,0.0,11.0,999999999999,999999999999,999999999999
1149,btreeInitPage,896,1464,,,,,,16723112.0,0.0,9.0,999999999999,999999999999,999999999999
1198,readDbPage,551,1192,,,,,,11893961.0,0.0,3.0,999999999999,999999999999,999999999999
1235,cellSizePtrTableLeaf,1514,968,,,,,,64469629.0,190000000.0,30136.0,999999999999,999999999999,999999999999
1237,cellSizePtrIdxLeaf,881,792,,,,,,296571241.0,140000000.0,23867.0,999999999999,999999999999,999999999999
1239,cellSizePtr,836,776,,,,,,842998217.0,0.0,551.0,999999999999,999999999999,999999999999
1240,cellSizePtrNoPayload,259,624,,,,,,630312748.0,0.0,307.0,999999999999,999999999999,999999999999
1301,sqlite3PcacheMove,529,1328,,,,,,1819100702.0,0.0,84.0,999999999999,999999999999,999999999999
1426,sqlite3PagerOkToChangeJournalMode,258,592,,,,,,26944914.0,0.0,2.0,999999999999,999999999999,999999999999
1427,sqlite3PagerSetJournalMode,1172,1720,,,,,,26948444.0,0.0,2.0,999999999999,999999999999,999999999999
1428,sqlite3JournalModename,150,568,,,,,,26952464.0,0.0,2.0,999999999999,999999999999,999999999999
1457,moveToParent,317,1024,,,,,,305034362.0,0.0,25.0,999999999999,999999999999,999999999999
1458,moveToChild,833,1480,,,,,,64809959.0,30000000.0,8806.0,999999999999,999999999999,999999999999
1478,btreeComputeFreeSpace,1762,1680,,,,,,40190296.0,0.0,8.0,999999999999,999999999999,999999999999
1485,insertCell,3376,2960,,,,,,64506619.0,0.0,881.0,999999999999,999999999999,999999999999
1548,freePage,151,976,,,,,,1679110593.0,0.0,16.0,999999999999,999999999999,999999999999
1550,freePage2,2307,3304,,,,,,1679112753.0,0.0,16.0,999999999999,999999999999,999999999999
1551,sqlite3PagerRef,75,880,,,,,,1679117683.0,0.0,16.0,999999999999,999999999999,999999999999
1552,sqlite3PagerDontWrite,272,616,,,,,,3670607775.0,0.0,11.0,999999999999,999999999999,999999999999
1553,btreeSetHasContent,353,1272,,,,,,3670610635.0,0.0,11.0,999999999999,999999999999,999999999999
1554,sqlite3PcacheRef,110,560,,,,,,1679119163.0,0.0,16.0,999999999999,999999999999,999999999999
1562,defragmentPage,4579,3192,,,,,,556605037.0,0.0,22.0,999999999999,999999999999,999999999999
1563,anotherValidCursor,344,1032,,,,,,64174329.0,0.0,5.0,999999999999,999999999999,999999999999
1564,balance_deeper,875,1824,,,,,,64177819.0,0.0,5.0,999999999999,999999999999,999999999999
1565,balance_quick,1979,2368,,,,,,64409459.0,0.0,2.0,999999999999,999999999999,999999999999
1566,balance_nonroot,24537,14120,,,,,,296159271.0,20000000.0,445.0,999999999999,999999999999,999999999999
1567,sqlite3PagerTempSpace,50,544,,,,,,64488279.0,0.0,15.0,999999999999,999999999999,999999999999
1568,copyNodeContent,814,1552,,,,,,64363299.0,0.0,6.0,999999999999,999999999999,999999999999
1569,rebuildPage,2658,2368,,,,,,64484069.0,0.0,6.0,999999999999,999999999999,999999999999
1570,cachedCellSize,281,968,,,,,,296579791.0,110000000.0,76210.0,999999999999,999999999999,999999999999
1571,sqlite3PagerRekey,119,928,,,,,,1819098952.0,0.0,84.0,999999999999,999999999999,999999999999
1572,editPage,3081,3032,,,,,,297810141.0,0.0,1324.0,999999999999,999999999999,999999999999
1573,computeCellSize,270,1064,,,,,,296582191.0,20000000.0,48726.0,999999999999,999999999999,999999999999
1574,pageFreeArray,2284,2080,,,,,,298311481.0,100000000.0,830.0,999999999999,999999999999,999999999999
1575,pageInsertArray,1685,1936,,,,,,297820541.0,0.0,2040.0,999999999999,999999999999,999999999999
1576,populateCellCache,401,1224,,,,,,2290430627.0,0.0,4.0,999999999999,999999999999,999999999999
1782,sqlite3ForceNotReadOnly,232,1120,,,,,,24992014.0,0.0,2.0,999999999999,999999999999,999999999999
2701,pcache1Rekey,528,816,,,,,,1819107862.0,0.0,84.0,999999999999,999999999999,999999999999
2836,dummy,4,512,,,,,,2001750.0,0.0,1.0,999999999999,999999999999,999999999999
2837,fclose,153,1288,,,,,,1987980.0,0.0,1.0,999999999999,999999999999,999999999999
2846,__stdio_seek,18,840,,,,,,1989230.0,0.0,1.0,999999999999,999999999999,999999999999
2849,readv,115,984,,,,,,1973050.0,0.0,1.0,999999999999,999999999999,999999999999
2851,__stdio_close,15,840,,,,,,1993430.0,0.0,1.0,999999999999,999999999999,999999999999
2852,__fdopen,390,1712,,,,,,1955980.0,0.0,1.0,999999999999,999999999999,999999999999
2856,fread,198,1288,,,,,,1969340.0,0.0,1.0,999999999999,999999999999,999999999999
2864,__ofl_unlock,3,512,,,,,,1967520.0,0.0,2.0,999999999999,999999999999,999999999999
2865,__ofl_add,53,944,,,,,,1966410.0,0.0,1.0,999999999999,999999999999,999999999999
