id,name,size.bytecode,size.static,start.jit,exec.jit,freq.jit,compilation.jit,size.dynamic.jit,start.interp,exec.interp,freq.interp,exec.spec,compilation.spec,size.dynamic.spec
28,_start,83,992,58789.0,0.0,0.0,4397467.0,992.0,57940.0,0.0,0.0,999999999999,999999999999,999999999999
27,__wasm_call_ctors,5,808,4457307.0,0.0,1.0,1797389.0,808.0,62189.0,0.0,1.0,999999999999,999999999999,999999999999
39,init,20,840,6255457.0,0.0,1.0,1969578.0,840.0,62849.0,0.0,1.0,999999999999,999999999999,999999999999
2759,__wasi_clock_time_get,20,824,8225716.0,0.0,2.0,1950238.0,824.0,63960.0,0.0,2.0,999999999999,999999999999,999999999999
2752,__main_void,214,1400,10182024.0,0.0,1.0,4916228.0,1400.0,69840.0,0.0,1.0,999999999999,999999999999,999999999999
2756,__wasi_args_sizes_get,18,824,15099092.0,0.0,1.0,1905839.0,824.0,70749.0,0.0,1.0,999999999999,999999999999,999999999999
2729,malloc,12,808,17008101.0,0.0,30525.0,1782379.0,808.0,74920.0,0.0,30706.0,999999999999,999999999999,999999999999
2730,dlmalloc,5377,8240,18791130.0,0.0,30552.0,80022332.0,8240.0,75360.0,50000000.0,30733.0,999999999999,999999999999,999999999999
2734,calloc,109,984,98823382.0,0.0,2.0,3628799.0,984.0,93969.0,0.0,2.0,999999999999,999999999999,999999999999
2900,memset,393,1200,102453311.0,0.0,60540.0,9250875.0,1200.0,97589.0,70000000.0,60528.0,999999999999,999999999999,999999999999
2755,__wasi_args_get,18,816,111705376.0,0.0,1.0,1788049.0,816.0,99829.0,0.0,1.0,999999999999,999999999999,999999999999
172,main,15217,17584,113494966.0,0.0,1.0,113741945.0,17584.0,101229.0,0.0,1.0,999999999999,999999999999,999999999999
2868,setvbuf,125,648,227241331.0,0.0,1.0,3578498.0,648.0,116560.0,0.0,1.0,999999999999,999999999999,999999999999
173,consoleClassifySetup,620,1304,230820959.0,0.0,1.0,6436978.0,1304.0,117880.0,0.0,1.0,999999999999,999999999999,999999999999
201,streamOfConsole,162,1024,237258636.0,0.0,3.0,2763128.0,1024.0,121300.0,0.0,3.0,999999999999,999999999999,999999999999
2844,fileno,35,552,240022445.0,0.0,3.0,1958289.0,552.0,123049.0,0.0,3.0,999999999999,999999999999,999999999999
2798,__isatty,104,968,241981694.0,0.0,4.0,3001609.0,968.0,124140.0,0.0,4.0,999999999999,999999999999,999999999999
2761,__wasi_fd_fdstat_get,18,824,244984233.0,0.0,11.0,1785519.0,824.0,124809.0,0.0,11.0,999999999999,999999999999,999999999999
2838,fflush,362,1648,246775702.0,0.0,29.0,8203926.0,1648.0,130649.0,0.0,30.0,999999999999,999999999999,999999999999
202,consoleRenewSetup,5,512,254984178.0,0.0,1.0,1365109.0,512.0,141660.0,0.0,1.0,999999999999,999999999999,999999999999
2829,atexit,162,984,256350277.0,0.0,2.0,3233709.0,984.0,143380.0,0.0,2.0,999999999999,999999999999,999999999999
2825,getenv,154,1120,259585186.0,0.0,5.0,4781478.0,1120.0,145340.0,0.0,5.0,999999999999,999999999999,999999999999
2823,__wasilibc_ensure_environ,27,824,264367734.0,0.0,5.0,1914909.0,824.0,145869.0,0.0,5.0,999999999999,999999999999,999999999999
2824,__wasilibc_initialize_environ,194,1360,266283463.0,0.0,1.0,4441258.0,1360.0,146420.0,0.0,1.0,999999999999,999999999999,999999999999
2758,__wasi_environ_sizes_get,18,824,270725411.0,0.0,1.0,1800009.0,824.0,147089.0,0.0,1.0,999999999999,999999999999,999999999999
2902,__strchrnul,358,1144,272526920.0,0.0,7.0,7138226.0,1144.0,148400.0,0.0,9.0,999999999999,999999999999,999999999999
34,signal,105,576,279666506.0,0.0,1.0,2470909.0,576.0,152440.0,0.0,1.0,999999999999,999999999999,999999999999
1048,sqlite3_sourceid,16,520,282138305.0,0.0,1.0,1613549.0,520.0,153880.0,0.0,1.0,999999999999,999999999999,999999999999
177,cli_strncmp,231,976,283752714.0,0.0,1.0,3326989.0,976.0,155420.0,0.0,1.0,999999999999,999999999999,999999999999
2909,strncmp,136,632,287080533.0,0.0,1.0,4448648.0,632.0,157949.0,0.0,1.0,999999999999,999999999999,999999999999
178,main_init,496,1696,291530391.0,0.0,1.0,4755928.0,1696.0,172160.0,0.0,1.0,999999999999,999999999999,999999999999
935,sqlite3_config,3089,3328,296287868.0,0.0,8.0,15198973.0,3328.0,176000.0,0.0,8.0,999999999999,999999999999,999999999999
179,verify_uninitialized,98,968,311488211.0,0.0,3.0,2572659.0,968.0,183960.0,0.0,3.0,999999999999,999999999999,999999999999
566,sqlite3_snprintf,290,1136,314063060.0,0.0,5.0,4029148.0,1136.0,195840.0,0.0,5.0,999999999999,999999999999,999999999999
562,sqlite3StrAccumInit,199,680,318092978.0,0.0,30076.0,3178899.0,680.0,198320.0,50000000.0,30072.0,999999999999,999999999999,999999999999
532,sqlite3_str_vappendf,24753,15472,321272777.0,0.0,30076.0,195126276.0,15472.0,200860.0,870000000.0,30072.0,999999999999,999999999999,999999999999
533,sqlite3_str_append,314,1024,516401813.0,0.0,30115.0,4328988.0,1024.0,243720.0,20000000.0,30090.0,999999999999,999999999999,999999999999
2898,memcpy,1008,1888,520732501.0,20000000.0,721523.0,15237663.0,1888.0,247129.0,4260000000.0,1082479.0,999999999999,999999999999,999999999999
505,sqlite3_initialize,962,1616,535974834.0,0.0,60022.0,7465396.0,1616.0,292160.0,90000000.0,60022.0,999999999999,999999999999,999999999999
506,sqlite3MallocInit,453,1072,543441250.0,0.0,1.0,4038519.0,1072.0,295520.0,0.0,1.0,999999999999,999999999999,999999999999
928,sqlite3MemSetDefault,82,880,547480719.0,0.0,1.0,2063319.0,880.0,296840.0,0.0,1.0,999999999999,999999999999,999999999999
2687,sqlite3MemInit,38,536,549545867.0,0.0,1.0,1720860.0,536.0,303349.0,0.0,1.0,999999999999,999999999999,999999999999
507,sqlite3RegisterBuiltinFunctions,53,984,551268287.0,0.0,1.0,2056389.0,984.0,307269.0,0.0,1.0,999999999999,999999999999,999999999999
929,sqlite3AlterFunctions,28,832,553325676.0,0.0,1.0,1744299.0,832.0,307759.0,0.0,1.0,999999999999,999999999999,999999999999
933,sqlite3InsertBuiltinFuncs,665,1424,555070735.0,0.0,5.0,7598486.0,1424.0,308379.0,0.0,5.0,999999999999,999999999999,999999999999
538,sqlite3Strlen30,169,936,562670171.0,0.0,30319.0,2896669.0,936.0,310939.0,20000000.0,30301.0,999999999999,999999999999,999999999999
2908,strlen,206,656,565567820.0,0.0,31139.0,4990587.0,656.0,312659.0,80000000.0,31112.0,999999999999,999999999999,999999999999
970,sqlite3FunctionSearch,264,1064,570559577.0,0.0,189.0,4513528.0,1064.0,316239.0,0.0,189.0,999999999999,999999999999,999999999999
573,sqlite3StrICmp,361,672,575075515.0,0.0,906.0,4475418.0,672.0,333239.0,0.0,886.0,999999999999,999999999999,999999999999
930,sqlite3WindowFunctions,28,832,579552703.0,0.0,1.0,1894079.0,832.0,347169.0,0.0,1.0,999999999999,999999999999,999999999999
931,sqlite3RegisterDateTimeFunctions,28,832,581450652.0,0.0,1.0,1881629.0,832.0,431039.0,0.0,1.0,999999999999,999999999999,999999999999
932,sqlite3RegisterJsonFunctions,29,832,583335942.0,0.0,1.0,1875699.0,832.0,494149.0,0.0,1.0,999999999999,999999999999,999999999999
508,sqlite3PcacheInitialize,111,936,585232671.0,0.0,1.0,2689079.0,936.0,1617369.0,0.0,1.0,999999999999,999999999999,999999999999
934,sqlite3PCacheSetDefault,83,880,587922860.0,0.0,1.0,2203169.0,880.0,1618809.0,0.0,1.0,999999999999,999999999999,999999999999
2689,pcache1Init,340,984,590127428.0,0.0,1.0,3222838.0,984.0,1625149.0,0.0,1.0,999999999999,999999999999,999999999999
509,sqlite3OsInit,174,1024,593352226.0,0.0,1.0,3196278.0,1024.0,1628639.0,0.0,1.0,999999999999,999999999999,999999999999
520,sqlite3_malloc,204,1000,596549615.0,0.0,1.0,3370729.0,1000.0,1629819.0,0.0,1.0,999999999999,999999999999,999999999999
512,hasHighPrecisionDouble,488,1720,599921763.0,0.0,8.0,4630438.0,1720.0,1634509.0,0.0,8.0,999999999999,999999999999,999999999999
2924,__extenddftf2,269,1128,604553321.0,10000000.0,30076.0,4883108.0,1128.0,1637589.0,20000000.0,30076.0,999999999999,999999999999,999999999999
2921,__addtf3,1437,3104,609437589.0,0.0,8.0,21363300.0,3104.0,1641709.0,0.0,8.0,999999999999,999999999999,999999999999
2930,__ashlti3,84,592,630802189.0,0.0,29709.0,2909759.0,592.0,1644849.0,80000000.0,29709.0,999999999999,999999999999,999999999999
2933,__lshrti3,85,592,633713128.0,0.0,30068.0,2845398.0,592.0,1645889.0,810000000.0,30068.0,999999999999,999999999999,999999999999
2931,__fe_getround,5,520,636559466.0,0.0,8.0,1601850.0,520.0,1648749.0,0.0,8.0,999999999999,999999999999,999999999999
2922,__letf2,226,712,638162316.0,0.0,248868.0,4167227.0,712.0,1650439.0,250000000.0,248884.0,999999999999,999999999999,999999999999
521,sqlite3Malloc,306,1032,642330863.0,0.0,30520.0,3785548.0,1032.0,1653539.0,70000000.0,30700.0,999999999999,999999999999,999999999999
522,mallocWithAlarm,747,1608,646118891.0,0.0,30520.0,6627447.0,1608.0,1656329.0,30000000.0,30700.0,999999999999,999999999999,999999999999
2686,sqlite3MemRoundup,63,544,652747268.0,0.0,30553.0,1988940.0,544.0,1658359.0,30000000.0,30726.0,999999999999,999999999999,999999999999
528,sqlite3StatusHighwater,204,576,654737508.0,0.0,30821.0,2718209.0,576.0,1659529.0,50000000.0,31199.0,999999999999,999999999999,999999999999
2682,sqlite3MemMalloc,250,1056,657456746.0,10000000.0,30520.0,3564959.0,1056.0,1662659.0,10000000.0,30700.0,999999999999,999999999999,999999999999
496,sqlite3MallocSize,97,920,661023595.0,0.0,61646.0,2421649.0,920.0,1667129.0,20000000.0,62402.0,999999999999,999999999999,999999999999
2685,sqlite3MemSize,96,552,663446013.0,0.0,61663.0,2085170.0,552.0,1668259.0,60000000.0,62421.0,999999999999,999999999999,999999999999
530,sqlite3StatusUp,317,592,665532243.0,0.0,61341.0,2998778.0,592.0,1669539.0,160000000.0,61899.0,999999999999,999999999999,999999999999
524,sqlite3_free,249,1128,668532831.0,10000000.0,30582.0,3676558.0,1128.0,1675779.0,0.0,30756.0,999999999999,999999999999,999999999999
525,sqlite3StatusDown,101,560,672210739.0,0.0,61308.0,2217969.0,560.0,1678609.0,30000000.0,61873.0,999999999999,999999999999,999999999999
2683,sqlite3MemFree,114,896,674429858.0,0.0,30520.0,2400929.0,896.0,1680589.0,20000000.0,30700.0,999999999999,999999999999,999999999999
2732,free,12,808,676831987.0,0.0,30530.0,1782799.0,808.0,1681329.0,0.0,30712.0,999999999999,999999999999,999999999999
2733,dlfree,1713,2216,678616016.0,10000000.0,30552.0,23841299.0,2216.0,1681719.0,20000000.0,30733.0,999999999999,999999999999,999999999999
575,sqlite3_os_init,305,1136,702459314.0,0.0,1.0,4144208.0,1136.0,1683819.0,0.0,1.0,999999999999,999999999999,999999999999
2903,strcmp,105,600,706604843.0,0.0,13.0,3568348.0,600.0,1685879.0,0.0,20.0,999999999999,999999999999,999999999999
513,sqlite3_vfs_register,339,1152,710174511.0,0.0,6.0,4398548.0,1152.0,1687799.0,0.0,6.0,999999999999,999999999999,999999999999
514,vfsUnlink,479,608,714576389.0,0.0,6.0,4223068.0,608.0,1703369.0,0.0,6.0,999999999999,999999999999,999999999999
576,unixTempFileInit,73,936,718803807.0,0.0,1.0,2115419.0,936.0,1759459.0,0.0,1.0,999999999999,999999999999,999999999999
510,sqlite3MemdbInit,296,1048,720922246.0,0.0,1.0,3717988.0,1048.0,1766859.0,0.0,1.0,999999999999,999999999999,999999999999
504,sqlite3_vfs_find,322,1112,724641284.0,0.0,4.0,5097918.0,1112.0,1768189.0,0.0,4.0,999999999999,999999999999,999999999999
511,sqlite3PCacheBufferSetup,570,784,729742552.0,0.0,1.0,5577127.0,784.0,1798969.0,0.0,1.0,999999999999,999999999999,999999999999
105,sqlite3_appendvfs_init,337,1128,735322369.0,0.0,1.0,4300928.0,1128.0,1812739.0,0.0,1.0,999999999999,999999999999,999999999999
2801,access,165,1040,739625127.0,0.0,1.0,3096909.0,1040.0,1824549.0,0.0,3.0,999999999999,999999999999,999999999999
2796,__wasilibc_find_relpath_alloc,513,1928,742723426.0,0.0,36.0,8560875.0,1928.0,1825479.0,0.0,38.0,999999999999,999999999999,999999999999
2816,__wasilibc_find_abspath,343,1408,751285421.0,0.0,36.0,9203966.0,1408.0,1826939.0,0.0,38.0,999999999999,999999999999,999999999999
2813,__wasilibc_populate_preopens,226,1296,760490777.0,0.0,41.0,5389228.0,1296.0,1827659.0,0.0,43.0,999999999999,999999999999,999999999999
2765,__wasi_fd_prestat_get,18,824,765880935.0,0.0,3.0,1967989.0,824.0,1828729.0,0.0,3.0,999999999999,999999999999,999999999999
2766,__wasi_fd_prestat_dir_name,20,824,767854314.0,0.0,2.0,1914929.0,824.0,1832669.0,0.0,2.0,999999999999,999999999999,999999999999
2814,internal_register_preopened_fd_unlocked,280,1320,769771013.0,0.0,2.0,5915027.0,1320.0,1833689.0,0.0,2.0,999999999999,999999999999,999999999999
2907,strdup,48,960,775688790.0,0.0,2.0,2591388.0,960.0,1841829.0,0.0,2.0,999999999999,999999999999,999999999999
2897,memcmp,75,584,778285968.0,20000000.0,797937.0,3531839.0,584.0,1863839.0,5370000000.0,1783490.0,999999999999,999999999999,999999999999
2735,realloc,1140,2192,781819657.0,0.0,43.0,17902902.0,2192.0,1877119.0,0.0,37.0,999999999999,999999999999,999999999999
2905,strcpy,17,840,799724979.0,0.0,36.0,1901358.0,840.0,1879709.0,0.0,44.0,999999999999,999999999999,999999999999
2904,__stpcpy,374,776,801627547.0,0.0,36.0,6623217.0,776.0,1880059.0,0.0,44.0,999999999999,999999999999,999999999999
2789,__wasilibc_nocwd_faccessat,220,1160,808252274.0,0.0,1.0,4882828.0,1160.0,1882389.0,0.0,3.0,999999999999,999999999999,999999999999
2773,__wasi_path_filestat_get,30,952,813136172.0,0.0,15.0,2362809.0,952.0,1883349.0,0.0,20.0,999999999999,999999999999,999999999999
185,process_sqliterc,838,1848,815540501.0,0.0,1.0,8221096.0,1848.0,7384626.0,0.0,1.0,999999999999,999999999999,999999999999
216,find_xdg_config,389,1240,823763197.0,0.0,1.0,4368487.0,1240.0,7387246.0,0.0,1.0,999999999999,999999999999,999999999999
194,find_home_dir,582,1224,828134674.0,0.0,2.0,5045338.0,1224.0,7394626.0,0.0,2.0,999999999999,999999999999,999999999999
190,ePutsUtf8,314,1368,833181972.0,0.0,1.0,4001288.0,1368.0,7401296.0,0.0,1.0,999999999999,999999999999,999999999999
170,getEmitStreamInfo,730,1416,837184250.0,0.0,281.0,6906086.0,1416.0,7402986.0,0.0,281.0,999999999999,999999999999,999999999999
423,isValidStreamInfo,97,552,844091557.0,0.0,562.0,2156059.0,552.0,7405746.0,0.0,562.0,999999999999,999999999999,999999999999
2855,fputs,38,944,846249236.0,0.0,281.0,2332729.0,944.0,7411056.0,0.0,281.0,999999999999,999999999999,999999999999
2862,fwrite,289,1368,848583925.0,0.0,281.0,7889916.0,1368.0,7415126.0,0.0,281.0,999999999999,999999999999,999999999999
2860,__towrite,94,624,856474751.0,0.0,2.0,3042939.0,624.0,7416016.0,0.0,2.0,999999999999,999999999999,999999999999
2848,__stdio_write,316,1368,859518590.0,0.0,3.0,7199187.0,1368.0,7417406.0,0.0,3.0,999999999999,999999999999,999999999999
2847,writev,115,984,866718816.0,0.0,3.0,3104848.0,984.0,7418286.0,0.0,3.0,999999999999,999999999999,999999999999
2771,__wasi_fd_write,22,824,869824685.0,0.0,299.0,1925179.0,824.0,7419126.0,0.0,687.0,999999999999,999999999999,999999999999
196,process_input,4214,4312,871770374.0,0.0,1.0,28567187.0,4312.0,7436496.0,0.0,1.0,999999999999,999999999999,999999999999
275,setLexemeOpen,219,624,900339641.0,0.0,4.0,3179028.0,624.0,7442616.0,0.0,4.0,999999999999,999999999999,999999999999
276,trackParenLevel,125,592,903520509.0,0.0,4.0,2489758.0,592.0,7444876.0,0.0,4.0,999999999999,999999999999,999999999999
277,one_input_line,501,1352,906012128.0,0.0,27.0,5943778.0,1352.0,7448526.0,0.0,27.0,999999999999,999999999999,999999999999
471,local_getline,966,1472,911956975.0,0.0,27.0,9447786.0,1472.0,7450256.0,0.0,27.0,999999999999,999999999999,999999999999
180,shell_check_oom,111,880,921407881.0,0.0,4.0,2581089.0,880.0,7455846.0,0.0,4.0,999999999999,999999999999,999999999999
426,fGetsUtf8,178,952,923990229.0,0.0,27.0,3087959.0,952.0,7457496.0,0.0,27.0,999999999999,999999999999,999999999999
2843,fgets,303,1384,927079578.0,0.0,27.0,8297176.0,1384.0,7459316.0,0.0,27.0,999999999999,999999999999,999999999999
2841,__uflow,85,1032,935378663.0,0.0,2.0,3352449.0,1032.0,7460336.0,0.0,2.0,999999999999,999999999999,999999999999
2840,__toread,134,1056,938732042.0,0.0,2.0,4072068.0,1056.0,1968159.0,0.0,3.0,999999999999,999999999999,999999999999
2850,__stdio_read,253,1232,942805100.0,0.0,2.0,5208578.0,1232.0,1969509.0,0.0,3.0,999999999999,999999999999,999999999999
2749,read,113,984,948014868.0,0.0,8.0,3148228.0,984.0,3103668.0,0.0,758.0,999999999999,999999999999,999999999999
2767,__wasi_fd_read,22,824,951165256.0,0.0,8.0,1921879.0,824.0,1971109.0,0.0,759.0,999999999999,999999999999,999999999999
2896,memchr,371,800,953109075.0,0.0,27.0,7993576.0,800.0,1912159.0,0.0,28.0,999999999999,999999999999,999999999999
278,line_is_command_terminator,534,1248,961105521.0,0.0,26.0,5927928.0,1248.0,7490816.0,0.0,26.0,999999999999,999999999999,999999999999
217,__isspace,143,552,967034679.0,0.0,833.0,2393028.0,552.0,7492616.0,10000000.0,833.0,999999999999,999999999999,999999999999
2822,tolower,20,528,969429247.0,0.0,27.0,1912820.0,528.0,7495416.0,0.0,27.0,999999999999,999999999999,999999999999
280,quickscan,2565,4360,971344737.0,0.0,26.0,20432040.0,4360.0,7498166.0,0.0,26.0,999999999999,999999999999,999999999999
925,sqlite3_complete,3248,4488,991792567.0,0.0,3.0,21710709.0,4488.0,7966016.0,0.0,3.0,999999999999,999999999999,999999999999
574,sqlite3_strnicmp,736,760,1013506086.0,0.0,71.0,7216557.0,760.0,7975096.0,0.0,57.0,999999999999,999999999999,999999999999
191,echo_group_input,134,920,1020726133.0,0.0,3.0,2892449.0,920.0,8137716.0,0.0,3.0,999999999999,999999999999,999999999999
281,runOneSqlLine,1279,2448,1023620042.0,0.0,3.0,11810004.0,2448.0,8139656.0,0.0,3.0,999999999999,999999999999,999999999999
184,open_db,4033,5408,1035431696.0,0.0,3.0,24316559.0,5408.0,1903069.0,0.0,4.0,999999999999,999999999999,999999999999
167,deduceDatabaseType,1043,2072,1059752795.0,0.0,1.0,8942165.0,2072.0,1909109.0,0.0,1.0,999999999999,999999999999,999999999999
2853,fopen,102,1112,1068696810.0,0.0,1.0,3409588.0,1112.0,1911539.0,0.0,1.0,999999999999,999999999999,999999999999
2845,__fmodeflags,102,1032,1072108729.0,0.0,1.0,3023578.0,1032.0,1913469.0,0.0,1.0,999999999999,999999999999,999999999999
2901,strchr,31,864,1075133297.0,0.0,2.0,2095079.0,864.0,1914099.0,0.0,4.0,999999999999,999999999999,999999999999
2800,__wasilibc_open_nomode,163,1032,1077230856.0,0.0,1.0,3083959.0,1032.0,1917799.0,0.0,1.0,999999999999,999999999999,999999999999
2783,__wasilibc_nocwd_openat_nomode,282,1240,1080319275.0,0.0,7.0,5229847.0,1240.0,1937349.0,0.0,6.0,999999999999,999999999999,999999999999
2775,__wasi_path_open,38,992,1085555152.0,0.0,7.0,2604218.0,992.0,1941009.0,0.0,6.0,999999999999,999999999999,999999999999
992,sqlite3_open_v2,127,952,1088186131.0,0.0,1.0,2691038.0,952.0,2004009.0,0.0,1.0,999999999999,999999999999,999999999999
979,openDatabase,3876,4672,1090878609.0,0.0,1.0,28795967.0,4672.0,2005629.0,0.0,1.0,999999999999,999999999999,999999999999
643,sqlite3MallocZero,182,1008,1119677916.0,0.0,14.0,3158688.0,1008.0,2013889.0,0.0,15.0,999999999999,999999999999,999999999999
980,sqlite3HashInit,105,584,1122845594.0,0.0,15.0,2116129.0,584.0,2032839.0,0.0,15.0,999999999999,999999999999,999999999999
982,createCollation,1392,1960,1124963173.0,0.0,7.0,11882625.0,1960.0,2035209.0,0.0,7.0,999999999999,999999999999,999999999999
995,sqlite3FindCollSeq,309,1040,1136846888.0,0.0,22.0,4069508.0,1040.0,2039409.0,0.0,20.0,999999999999,999999999999,999999999999
1609,findCollSeqEntry,681,1664,1140917816.0,0.0,15.0,7187936.0,1664.0,2041609.0,0.0,16.0,999999999999,999999999999,999999999999
870,sqlite3HashFind,108,952,1148106932.0,0.0,121.0,2588869.0,952.0,2043809.0,0.0,119.0,999999999999,999999999999,999999999999
1610,findElementWithHash,532,1368,1150696911.0,0.0,171.0,7222087.0,1368.0,2045129.0,0.0,169.0,999999999999,999999999999,999999999999
820,sqlite3DbMallocZero,198,1032,1157923348.0,0.0,57.0,3411578.0,1032.0,2059169.0,0.0,56.0,999999999999,999999999999,999999999999
550,sqlite3DbMallocRaw,204,992,1161336046.0,0.0,120361.0,3322919.0,992.0,2060599.0,130000000.0,120332.0,999999999999,999999999999,999999999999
873,sqlite3DbMallocRawNN,1019,1232,1164660415.0,0.0,90641.0,7437456.0,1232.0,2062539.0,270000000.0,90544.0,999999999999,999999999999,999999999999
1051,dbMallocRawFinish,164,1008,1172099071.0,0.0,168.0,3158478.0,1008.0,2066639.0,0.0,136.0,999999999999,999999999999,999999999999
971,sqlite3HashInsert,936,1608,1175263909.0,0.0,50.0,8653106.0,1608.0,2086209.0,0.0,50.0,999999999999,999999999999,999999999999
1614,insertElement,598,816,1183920575.0,0.0,54.0,5471368.0,816.0,2104929.0,0.0,54.0,999999999999,999999999999,999999999999
628,sqlite3Error,202,960,1189393413.0,0.0,11.0,3292558.0,960.0,2111219.0,0.0,10.0,999999999999,999999999999,999999999999
985,sqlite3ParseUri,6770,4616,1192697561.0,0.0,1.0,44324329.0,4616.0,2281868.0,0.0,1.0,999999999999,999999999999,999999999999
523,sqlite3_malloc64,129,992,1237026370.0,0.0,4.0,3022039.0,992.0,2308608.0,0.0,4.0,999999999999,999999999999,999999999999
986,sqlite3BtreeOpen,5773,4912,1240054259.0,0.0,2.0,42083589.0,4912.0,2330419.0,0.0,2.0,999999999999,999999999999,999999999999
1127,sqlite3PagerOpen,5024,5008,1282147248.0,0.0,2.0,36091783.0,5008.0,2366379.0,0.0,2.0,999999999999,999999999999,999999999999
1138,sqlite3PcacheSize,12,520,1318240792.0,0.0,2.0,1554800.0,520.0,2371959.0,0.0,2.0,999999999999,999999999999,999999999999
1139,sqlite3JournalSize,124,552,1319796831.0,0.0,2.0,2136009.0,552.0,2372839.0,0.0,2.0,999999999999,999999999999,999999999999
1125,sqlite3OsFullPathname,162,1000,1321938440.0,0.0,1.0,2937868.0,1000.0,2389059.0,0.0,1.0,999999999999,999999999999,999999999999
590,unixFullPathname,608,1520,1324877828.0,0.0,1.0,6508527.0,1520.0,2390608.0,0.0,1.0,999999999999,999999999999,999999999999
591,appendAllPathElements,506,1104,1331387835.0,0.0,1.0,5858567.0,1104.0,2393568.0,0.0,1.0,999999999999,999999999999,999999999999
1101,appendOnePathElement,1789,2064,1337251782.0,0.0,8.0,12025275.0,2064.0,2403808.0,0.0,8.0,999999999999,999999999999,999999999999
2804,lstat,165,1040,1349279987.0,0.0,8.0,3185508.0,1040.0,2411588.0,0.0,8.0,999999999999,999999999999,999999999999
2790,__wasilibc_nocwd_fstatat,425,1488,1352472975.0,0.0,14.0,7110166.0,1488.0,2425959.0,0.0,17.0,999999999999,999999999999,999999999999
498,sqlite3DbFree,136,896,1359647491.0,0.0,123.0,2744539.0,896.0,2708068.0,0.0,108.0,999999999999,999999999999,999999999999
556,sqlite3DbFreeNN,511,1072,1362393550.0,0.0,90298.0,4712828.0,1072.0,2709438.0,110000000.0,90282.0,999999999999,999999999999,999999999999
1140,sqlite3OsOpen,188,1024,1367110088.0,0.0,3.0,3215429.0,1024.0,2720128.0,0.0,3.0,999999999999,999999999999,999999999999
577,unixOpen,3419,3616,1370327087.0,0.0,3.0,25647677.0,3616.0,2721438.0,0.0,3.0,999999999999,999999999999,999999999999
569,sqlite3_randomness,1079,1824,1395976624.0,0.0,3.0,9448976.0,1824.0,2727078.0,0.0,3.0,999999999999,999999999999,999999999999
578,findReusableFd,850,1312,1405427680.0,0.0,1.0,7970076.0,1312.0,2732888.0,0.0,1.0,999999999999,999999999999,999999999999
1058,unixEnterMutex,5,512,1413399146.0,0.0,1.0,1464979.0,512.0,2734968.0,0.0,1.0,999999999999,999999999999,999999999999
1062,unixLeaveMutex,5,512,1414865995.0,0.0,1.0,1442870.0,512.0,2736258.0,0.0,1.0,999999999999,999999999999,999999999999
580,findCreateFileMode,868,1520,1416314734.0,0.0,3.0,8590117.0,1520.0,2756448.0,0.0,3.0,999999999999,999999999999,999999999999
581,robust_open,1077,1936,1424906181.0,0.0,6.0,10324034.0,1936.0,2760468.0,10000000.0,5.0,999999999999,999999999999,999999999999
1087,posixOpen,118,944,1435231685.0,0.0,6.0,2656419.0,944.0,2763038.0,0.0,5.0,999999999999,999999999999,999999999999
2799,open,163,1032,1437890144.0,0.0,6.0,3103299.0,1032.0,2764358.0,0.0,5.0,999999999999,999999999999,999999999999
2740,fcntl,276,1504,1441073963.0,0.0,10.0,4628188.0,1504.0,2800288.0,0.0,8.0,999999999999,999999999999,999999999999
585,fillInUnixFile,1118,2128,1445704481.0,0.0,3.0,10918824.0,2128.0,2807308.0,0.0,3.0,999999999999,999999999999,999999999999
1034,sqlite3_uri_boolean,272,1056,1456625255.0,0.0,5.0,3612898.0,1056.0,2810378.0,0.0,5.0,999999999999,999999999999,999999999999
1032,sqlite3_uri_parameter,238,1032,1460239553.0,0.0,5.0,3581179.0,1032.0,2811898.0,0.0,5.0,999999999999,999999999999,999999999999
1103,dotlockIoFinderImpl,50,544,1463823142.0,0.0,1.0,1943469.0,544.0,2818398.0,0.0,1.0,999999999999,999999999999,999999999999
1065,storeLastErrno,61,552,1465775061.0,0.0,7.0,2029529.0,552.0,2928448.0,0.0,4.0,999999999999,999999999999,999999999999
1056,verifyDbFile,541,1304,1467805680.0,0.0,3.0,5599357.0,1304.0,2930348.0,0.0,3.0,999999999999,999999999999,999999999999
2741,fstat,416,1456,1473406218.0,0.0,5.0,6958767.0,1456.0,2932538.0,0.0,6.0,999999999999,999999999999,999999999999
2763,__wasi_fd_filestat_get,18,824,1480366714.0,0.0,5.0,1924169.0,824.0,2933128.0,0.0,6.0,999999999999,999999999999,999999999999
1080,fileHasMoved,279,1040,1482304013.0,0.0,2.0,3742298.0,1040.0,2940408.0,0.0,2.0,999999999999,999999999999,999999999999
1141,sqlite3OsDeviceCharacteristics,185,952,1486048361.0,0.0,12.0,3179769.0,952.0,2945548.0,0.0,10.0,999999999999,999999999999,999999999999
1083,unixDeviceCharacteristics,104,936,1489229140.0,0.0,12.0,2463549.0,936.0,2946948.0,0.0,10.0,999999999999,999999999999,999999999999
1082,setDeviceCharacteristics,151,584,1491694018.0,0.0,12.0,2909059.0,584.0,2948038.0,0.0,10.0,999999999999,999999999999,999999999999
1142,setSectorSize,201,1040,1494604207.0,0.0,3.0,3701589.0,1040.0,2950538.0,0.0,3.0,999999999999,999999999999,999999999999
1031,databaseName,329,600,1498307886.0,0.0,3.0,3900588.0,600.0,2957068.0,0.0,3.0,999999999999,999999999999,999999999999
1033,uriParameter,436,1248,1502209574.0,0.0,2.0,6054757.0,1248.0,2960288.0,0.0,2.0,999999999999,999999999999,999999999999
1014,sqlite3PagerSetPagesize,1157,1936,1508268671.0,0.0,4.0,10508175.0,1936.0,2978638.0,0.0,4.0,999999999999,999999999999,999999999999
1153,sqlite3PcacheRefCount,50,544,1518778446.0,0.0,9.0,1956469.0,544.0,2981988.0,0.0,9.0,999999999999,999999999999,999999999999
1154,sqlite3PageMalloc,79,896,1520736075.0,0.0,4.0,2269299.0,896.0,2984898.0,0.0,5.0,999999999999,999999999999,999999999999
1244,pcache1Alloc,580,1392,1523006384.0,0.0,268.0,5461267.0,1392.0,2985848.0,0.0,473.0,999999999999,999999999999,999999999999
1155,pager_reset,137,1008,1528476371.0,0.0,4.0,2781619.0,1008.0,3008608.0,0.0,4.0,999999999999,999999999999,999999999999
697,sqlite3BackupRestart,136,576,1531259470.0,0.0,4.0,3109079.0,576.0,3009728.0,0.0,4.0,999999999999,999999999999,999999999999
1227,sqlite3PcacheClear,81,888,1534369939.0,0.0,4.0,2275038.0,888.0,3011478.0,0.0,4.0,999999999999,999999999999,999999999999
1209,sqlite3PcacheTruncate,584,1448,1536646187.0,0.0,8.0,7425516.0,1448.0,3013168.0,0.0,7.0,999999999999,999999999999,999999999999
1156,sqlite3PcacheSetPageSize,453,1320,1544072853.0,0.0,4.0,5420097.0,1320.0,3016148.0,0.0,4.0,999999999999,999999999999,999999999999
1145,sqlite3PageFree,75,880,1549494161.0,0.0,6.0,2235329.0,880.0,3018528.0,0.0,7.0,999999999999,999999999999,999999999999
1177,pcache1Free,482,1216,1551730910.0,0.0,270.0,4432728.0,1216.0,3019788.0,0.0,475.0,999999999999,999999999999,999999999999
1150,pagerFixMaplimit,33,536,1556164878.0,0.0,6.0,1843609.0,536.0,3024328.0,0.0,6.0,999999999999,999999999999,999999999999
1143,sqlite3PcacheOpen,410,1200,1558009947.0,0.0,2.0,4767987.0,1200.0,3027058.0,0.0,2.0,999999999999,999999999999,999999999999
2691,pcache1Create,808,1552,1562779304.0,0.0,2.0,8052697.0,1552.0,3030998.0,0.0,2.0,999999999999,999999999999,999999999999
2692,pcache1ResizeHash,724,1464,1570838961.0,0.0,3.0,9222716.0,1464.0,3048518.0,0.0,3.0,999999999999,999999999999,999999999999
1181,numberOfCachePages,308,624,1580065777.0,0.0,5.0,3471228.0,624.0,3066398.0,0.0,5.0,999999999999,999999999999,999999999999
2694,pcache1Cachesize,488,1152,1583538405.0,0.0,5.0,5265947.0,1152.0,3068818.0,0.0,5.0,999999999999,999999999999,999999999999
2695,pcache1EnforceMaxPage,407,1272,1588805462.0,0.0,7.0,5719878.0,1272.0,3071128.0,0.0,7.0,999999999999,999999999999,999999999999
1146,sqlite3PagerSetFlags,1009,840,1594526809.0,0.0,2.0,6893997.0,840.0,3076118.0,0.0,2.0,999999999999,999999999999,999999999999
1147,setGetterMethod,105,560,1601424476.0,0.0,4.0,2321749.0,560.0,3087268.0,0.0,4.0,999999999999,999999999999,999999999999
1128,sqlite3PagerSetMmapLimit,108,904,1603747545.0,0.0,2.0,2435729.0,904.0,3089218.0,0.0,2.0,999999999999,999999999999,999999999999
1129,sqlite3PagerReadFileheader,299,1144,1606184754.0,0.0,2.0,4111688.0,1144.0,3091078.0,0.0,2.0,999999999999,999999999999,999999999999
1151,sqlite3OsRead,155,992,1610297792.0,0.0,6.0,2947929.0,992.0,3093558.0,0.0,756.0,999999999999,999999999999,999999999999
1063,unixRead,455,1272,1613247081.0,0.0,6.0,5175217.0,1272.0,3095068.0,0.0,756.0,999999999999,999999999999,999999999999
1064,seekAndRead,849,1672,1618424068.0,0.0,6.0,8970736.0,1672.0,3096838.0,0.0,756.0,999999999999,999999999999,999999999999
2748,__lseek,101,976,1627396724.0,0.0,302.0,2996739.0,976.0,1986739.0,0.0,1441.0,999999999999,999999999999,999999999999
2769,__wasi_fd_seek,22,824,1630395753.0,0.0,302.0,1918259.0,824.0,1987659.0,0.0,1441.0,999999999999,999999999999,999999999999
1131,sqlite3PagerSetBusyHandler,180,984,1632348372.0,0.0,2.0,2998848.0,984.0,3113718.0,0.0,2.0,999999999999,999999999999,999999999999
1136,sqlite3OsFileControlHint,183,952,1635348380.0,0.0,5.0,3138259.0,952.0,3115418.0,0.0,5.0,999999999999,999999999999,999999999999
1077,unixFileControl,841,2904,1638487669.0,0.0,9.0,7592886.0,2904.0,3117538.0,0.0,7.0,999999999999,999999999999,999999999999
1132,sqlite3PagerIsreadonly,61,544,1646082445.0,0.0,2.0,1990769.0,544.0,3121718.0,10000000.0,2.0,999999999999,999999999999,999999999999
1134,sqlite3BtreeSchema,260,1120,1648076254.0,0.0,3.0,4105578.0,1120.0,3136638.0,0.0,3.0,999999999999,999999999999,999999999999
657,sqlite3BtreeEnter,68,552,1652183492.0,0.0,54.0,2057019.0,552.0,3138518.0,0.0,43.0,999999999999,999999999999,999999999999
1135,sqlite3BtreeSetCacheSize,140,1032,1654242381.0,0.0,3.0,2882009.0,1032.0,3141118.0,0.0,3.0,999999999999,999999999999,999999999999
1163,sqlite3PagerSetCachesize,99,912,1657125770.0,0.0,3.0,2463629.0,912.0,3142938.0,0.0,3.0,999999999999,999999999999,999999999999
1245,sqlite3PcacheSetCachesize,147,1032,1659590439.0,0.0,3.0,2961938.0,1032.0,3143978.0,0.0,3.0,999999999999,999999999999,999999999999
670,sqlite3PagerFile,48,544,1662554828.0,0.0,2.0,1951859.0,544.0,3152798.0,0.0,2.0,999999999999,999999999999,999999999999
987,sqlite3SchemaGet,450,1304,1664509716.0,0.0,2.0,5137297.0,1304.0,3159878.0,0.0,2.0,999999999999,999999999999,999999999999
988,sqlite3SetTextEncoding,177,1040,1669656644.0,0.0,1.0,3081118.0,1040.0,3185318.0,0.0,2.0,999999999999,999999999999,999999999999
889,sqlite3ExpirePreparedStatements,202,616,1672741272.0,0.0,3.0,3881088.0,616.0,3202128.0,0.0,4.0,999999999999,999999999999,999999999999
989,sqlite3RegisterPerConnectionBuiltinFunctions,161,1000,1676628130.0,0.0,1.0,3065289.0,1000.0,3224138.0,0.0,1.0,999999999999,999999999999,999999999999
967,sqlite3_overload_function,406,1480,1679694499.0,0.0,1.0,4876788.0,1480.0,3225208.0,0.0,1.0,999999999999,999999999999,999999999999
966,sqlite3FindFunction,1824,2304,1684572527.0,0.0,85.0,15565332.0,2304.0,3227228.0,0.0,85.0,999999999999,999999999999,999999999999
564,sqlite3_mprintf,155,1032,1700142969.0,0.0,30001.0,3228469.0,1032.0,3248278.0,0.0,30001.0,999999999999,999999999999,999999999999
563,sqlite3_vmprintf,260,1176,1703374028.0,0.0,30001.0,3908948.0,1176.0,3251258.0,0.0,30001.0,999999999999,999999999999,999999999999
558,sqlite3StrAccumFinish,310,1000,1707287206.0,0.0,30011.0,3921908.0,1000.0,3301348.0,10000000.0,30007.0,999999999999,999999999999,999999999999
559,strAccumFinishRealloc,347,1144,1711210714.0,0.0,30008.0,4188438.0,1144.0,3303758.0,20000000.0,30007.0,999999999999,999999999999,999999999999
964,sqlite3_create_function_v2,215,1104,1715404542.0,0.0,1.0,3721779.0,1104.0,3323378.0,0.0,1.0,999999999999,999999999999,999999999999
962,createFunctionApi,633,1840,1719127501.0,0.0,36.0,8619635.0,1840.0,3325388.0,0.0,36.0,999999999999,999999999999,999999999999
963,sqlite3CreateFunc,2419,2736,1727751696.0,0.0,36.0,17450152.0,2736.0,3340278.0,0.0,36.0,999999999999,999999999999,999999999999
725,functionDestroy,249,1064,1745213368.0,0.0,72.0,3760328.0,1064.0,3416668.0,0.0,72.0,999999999999,999999999999,999999999999
621,sqlite3ApiExit,173,960,1748975556.0,0.0,343.0,3180058.0,960.0,3421948.0,0.0,340.0,999999999999,999999999999,999999999999
975,sqlite3_errcode,297,1056,1752157524.0,0.0,4.0,4034028.0,1056.0,3425548.0,0.0,4.0,999999999999,999999999999,999999999999
895,sqlite3SafetyCheckSickOrOk,301,968,1756192763.0,0.0,5.0,3403049.0,968.0,3427528.0,0.0,5.0,999999999999,999999999999,999999999999
2712,sqlite3TestExtInit,77,896,1759598011.0,0.0,1.0,2266119.0,896.0,3431878.0,0.0,1.0,999999999999,999999999999,999999999999
695,sqlite3FaultSim,177,936,1761866500.0,0.0,292.0,3011109.0,936.0,3432718.0,0.0,583.0,999999999999,999999999999,999999999999
2713,sqlite3JsonTableFunctions,341,1064,1764879279.0,0.0,1.0,4708277.0,1064.0,3435568.0,0.0,1.0,999999999999,999999999999,999999999999
900,sqlite3_create_module,133,960,1769588866.0,0.0,5.0,2727898.0,960.0,3437708.0,0.0,5.0,999999999999,999999999999,999999999999
901,createModule,275,1224,1772318045.0,0.0,5.0,4513437.0,1224.0,3439088.0,0.0,5.0,999999999999,999999999999,999999999999
902,sqlite3VtabCreateModule,787,1776,1776835002.0,0.0,5.0,8154377.0,1776.0,3440718.0,0.0,5.0,999999999999,999999999999,999999999999
990,sqlite3AutoLoadExtensions,496,1440,1785001059.0,0.0,1.0,6875847.0,1440.0,3522098.0,0.0,1.0,999999999999,999999999999,999999999999
944,setupLookaside,2370,2392,1791879516.0,0.0,1.0,18444701.0,2392.0,3527988.0,0.0,1.0,999999999999,999999999999,999999999999
484,sqlite3LookasideUsed,356,1272,1810325877.0,0.0,1.0,4626908.0,1272.0,3531728.0,0.0,1.0,999999999999,999999999999,999999999999
494,countLookasideSlots,148,576,1814954655.0,0.0,4.0,3218548.0,576.0,3533328.0,0.0,4.0,999999999999,999999999999,999999999999
945,sqlite3BeginBenignMalloc,83,832,1818175023.0,0.0,555.0,2263209.0,832.0,3541278.0,0.0,567.0,999999999999,999999999999,999999999999
2817,sbrk,79,888,1820442662.0,0.0,26.0,2919029.0,888.0,3549968.0,0.0,28.0,999999999999,999999999999,999999999999
946,sqlite3EndBenignMalloc,83,832,1823371011.0,0.0,555.0,2270598.0,832.0,3563698.0,0.0,567.0,999999999999,999999999999,999999999999
973,sqlite3_wal_autocheckpoint,46,544,1825659189.0,0.0,1.0,1964189.0,544.0,3643368.0,0.0,1.0,999999999999,999999999999,999999999999
991,sqlite3_free_filename,159,976,1827625608.0,0.0,1.0,2983379.0,976.0,3648608.0,0.0,1.0,999999999999,999999999999,999999999999
943,sqlite3_db_config,1175,1960,1830614817.0,0.0,6.0,11358305.0,1960.0,3663148.0,0.0,7.0,999999999999,999999999999,999999999999
44,sqlite3_shathree_init,410,1712,1841975932.0,0.0,1.0,4740588.0,1712.0,3698788.0,0.0,1.0,999999999999,999999999999,999999999999
961,sqlite3_create_function,201,1088,1846718200.0,0.0,34.0,3544687.0,1088.0,3700628.0,0.0,34.0,999999999999,999999999999,999999999999
969,matchQuality,636,704,1850276087.0,0.0,30.0,5256768.0,704.0,3799108.0,0.0,30.0,999999999999,999999999999,999999999999
51,sqlite3_uint_init,125,1144,1855546365.0,0.0,1.0,2634719.0,1144.0,4016128.0,0.0,1.0,999999999999,999999999999,999999999999
993,sqlite3_create_collation,149,984,1858182414.0,0.0,2.0,2883219.0,984.0,4017408.0,0.0,2.0,999999999999,999999999999,999999999999
994,sqlite3_create_collation_v2,218,1128,1861067222.0,0.0,2.0,3492939.0,1128.0,4018668.0,0.0,2.0,999999999999,999999999999,999999999999
53,sqlite3_decimal_init,667,1664,1864568921.0,0.0,1.0,6944557.0,1664.0,4078578.0,0.0,1.0,999999999999,999999999999,999999999999
1612,rehash,706,1696,1871535508.0,0.0,1.0,8387535.0,1696.0,5020677.0,0.0,1.0,999999999999,999999999999,999999999999
1613,strHash,209,632,1879928533.0,0.0,94.0,3802039.0,632.0,5040077.0,0.0,94.0,999999999999,999999999999,999999999999
965,sqlite3_create_window_function,229,1144,1883733812.0,0.0,1.0,3917218.0,1144.0,5117407.0,0.0,1.0,999999999999,999999999999,999999999999
75,sqlite3_base64_init,138,1160,1887663560.0,0.0,1.0,2687749.0,1160.0,5278657.0,0.0,1.0,999999999999,999999999999,999999999999
79,sqlite3_base85_init,138,1160,1890358949.0,0.0,1.0,2696279.0,1160.0,5356867.0,0.0,1.0,999999999999,999999999999,999999999999
89,sqlite3_regexp_init,253,1320,1893063358.0,0.0,1.0,3745898.0,1320.0,5442497.0,0.0,1.0,999999999999,999999999999,999999999999
83,sqlite3_ieee_init,454,1144,1896820486.0,0.0,1.0,5105897.0,1144.0,5606287.0,0.0,1.0,999999999999,999999999999,999999999999
88,sqlite3_series_init,303,1168,1901946263.0,0.0,1.0,4100158.0,1168.0,6243137.0,0.0,1.0,999999999999,999999999999,999999999999
927,sqlite3_libversion_number,15,520,1906048001.0,0.0,1.0,1639099.0,520.0,6244547.0,0.0,1.0,999999999999,999999999999,999999999999
94,sqlite3_fileio_init,358,1608,1907695250.0,0.0,1.0,4625338.0,1608.0,6287947.0,0.0,1.0,999999999999,999999999999,999999999999
98,fsdirRegister,119,944,1912334158.0,0.0,1.0,2452519.0,944.0,6533287.0,0.0,1.0,999999999999,999999999999,999999999999
104,sqlite3_completion_init,118,952,1914792597.0,0.0,1.0,2593569.0,952.0,6576087.0,0.0,1.0,999999999999,999999999999,999999999999
103,sqlite3CompletionVtabInit,129,960,1917387486.0,0.0,1.0,2559369.0,960.0,6577117.0,0.0,1.0,999999999999,999999999999,999999999999
473,beginTimer,80,928,1919973125.0,0.0,3.0,2390109.0,928.0,8159336.0,0.0,3.0,999999999999,999999999999,999999999999
189,shell_exec,3936,4936,1922365224.0,0.0,3.0,31408955.0,4936.0,8160746.0,0.0,3.0,999999999999,999999999999,999999999999
603,sqlite3_prepare_v2,170,1016,1953776739.0,0.0,5.0,2948258.0,1016.0,8166976.0,0.0,4.0,999999999999,999999999999,999999999999
616,sqlite3LockAndPrepare,719,1632,1956727017.0,0.0,5.0,8660386.0,1632.0,8168776.0,0.0,4.0,999999999999,999999999999,999999999999
627,sqlite3SafetyCheckOk,290,1040,1965388433.0,0.0,7.0,3680808.0,1040.0,8170746.0,0.0,5.0,999999999999,999999999999,999999999999
485,sqlite3BtreeEnterAll,261,664,1969070841.0,0.0,7.0,4330088.0,664.0,8173856.0,0.0,6.0,999999999999,999999999999,999999999999
897,sqlite3Prepare,2882,3376,1973402789.0,0.0,8.0,23765709.0,3376.0,8177806.0,0.0,7.0,999999999999,999999999999,999999999999
1615,sqlite3BtreeSchemaLocked,132,1008,1997172338.0,0.0,8.0,2623869.0,1008.0,8186766.0,0.0,7.0,999999999999,999999999999,999999999999
1246,querySharedCacheTableLock,676,768,1999800487.0,0.0,13.0,6100557.0,768.0,8188556.0,0.0,12.0,999999999999,999999999999,999999999999
905,sqlite3RunParser,2748,3944,2005903714.0,0.0,9.0,20787110.0,3944.0,8194286.0,0.0,7.0,999999999999,999999999999,999999999999
908,sqlite3ParserInit,225,664,2026693014.0,0.0,9.0,2984798.0,664.0,8198906.0,0.0,7.0,999999999999,999999999999,999999999999
904,sqlite3GetToken,9763,4920,2029679382.0,0.0,509.0,56345304.0,4920.0,8201516.0,0.0,444.0,999999999999,999999999999,999999999999
907,keywordCode,1136,1104,2086027936.0,0.0,171.0,11445334.0,1104.0,8215996.0,0.0,151.0,999999999999,999999999999,999999999999
912,sqlite3Parser,916,1840,2097476020.0,0.0,333.0,9578116.0,1840.0,8228516.0,0.0,285.0,999999999999,999999999999,999999999999
1660,yy_find_shift_action,850,808,2107056166.0,0.0,891.0,7507456.0,808.0,8231696.0,0.0,781.0,999999999999,999999999999,999999999999
1664,yy_shift,455,1184,2114566401.0,0.0,332.0,4999018.0,1184.0,8237856.0,10000000.0,285.0,999999999999,999999999999,999999999999
1663,yy_reduce,47469,42664,2119568429.0,0.0,558.0,339599408.0,42664.0,8276506.0,20000000.0,496.0,999999999999,999999999999,999999999999
1676,disableLookaside,139,584,2459171037.0,0.0,4.0,2688249.0,584.0,8393326.0,0.0,4.0,999999999999,999999999999,999999999999
1768,yy_find_reduce_action,214,592,2461861556.0,0.0,558.0,2655679.0,592.0,8399776.0,0.0,496.0,999999999999,999999999999,999999999999
1675,sqlite3StartTable,3728,4504,2464527335.0,0.0,4.0,25904348.0,4504.0,8772626.0,0.0,4.0,999999999999,999999999999,999999999999
1779,sqlite3TwoPartName,506,1240,2490433123.0,0.0,2.0,5283117.0,1240.0,8777926.0,0.0,2.0,999999999999,999999999999,999999999999
1710,sqlite3NameFromToken,221,1064,2495718120.0,0.0,18.0,3429299.0,1064.0,8782026.0,0.0,14.0,999999999999,999999999999,999999999999
1616,sqlite3DbStrNDup,326,1128,2499148409.0,0.0,55.0,4090238.0,1128.0,8784016.0,0.0,39.0,999999999999,999999999999,999999999999
1803,sqlite3Dequote,715,728,2503249037.0,0.0,63.0,5584637.0,728.0,8812006.0,0.0,42.0,999999999999,999999999999,999999999999
1780,sqlite3CheckObjectName,763,1752,2508835244.0,0.0,4.0,8072536.0,1752.0,8817256.0,0.0,4.0,999999999999,999999999999,999999999999
1252,sqlite3WritableSchema,98,560,2516909710.0,0.0,5.0,2078889.0,560.0,8819046.0,0.0,4.0,999999999999,999999999999,999999999999
2002,sqlite3ReadOnlyShadowTables,311,632,2518992099.0,0.0,1.0,3330208.0,632.0,8827556.0,0.0,1.0,999999999999,999999999999,999999999999
1785,sqlite3ShadowTableName,420,1208,2522323767.0,0.0,5.0,4677738.0,1208.0,8830646.0,0.0,4.0,999999999999,999999999999,999999999999
2912,strrchr,25,912,2527003016.0,0.0,5.0,2049210.0,912.0,8832236.0,0.0,4.0,999999999999,999999999999,999999999999
2911,__memrchr,48,560,2529054564.0,0.0,5.0,2854909.0,560.0,8834156.0,0.0,4.0,999999999999,999999999999,999999999999
1778,sqlite3AuthCheck,551,1344,2531911123.0,0.0,28.0,5742377.0,1344.0,8838366.0,0.0,22.0,999999999999,999999999999,999999999999
868,sqlite3ReadSchema,386,1064,2537655430.0,0.0,9.0,4079368.0,1064.0,8843716.0,0.0,7.0,999999999999,999999999999,999999999999
999,sqlite3Init,696,1416,2541738138.0,0.0,4.0,8139146.0,1416.0,8846316.0,0.0,3.0,999999999999,999999999999,999999999999
1003,sqlite3InitOne,3656,4040,2549879914.0,0.0,2.0,27399916.0,4040.0,8849486.0,0.0,2.0,999999999999,999999999999,999999999999
1413,sqlite3InitCallback,2627,2432,2577282201.0,0.0,3.0,16378711.0,2432.0,8855596.0,0.0,3.0,999999999999,999999999999,999999999999
1499,sqlite3GetUInt32,513,728,2593663453.0,0.0,3.0,5796178.0,728.0,8862776.0,0.0,3.0,999999999999,999999999999,999999999999
620,sqlite3DbStrDup,311,1144,2599476131.0,0.0,20.0,4102498.0,1144.0,9388595.0,0.0,15.0,999999999999,999999999999,999999999999
572,sqlite3_stricmp,278,968,2603591979.0,0.0,22.0,3402918.0,968.0,9422815.0,0.0,17.0,999999999999,999999999999,999999999999
869,sqlite3FindTable,2007,2472,2606998317.0,0.0,12.0,16346112.0,2472.0,9462915.0,0.0,10.0,999999999999,999999999999,999999999999
1500,sqlite3FindIndex,517,1280,2623349129.0,0.0,4.0,6840497.0,1280.0,9486375.0,0.0,3.0,999999999999,999999999999,999999999999
1620,sqlite3DbIsNamed,252,1096,2630191336.0,0.0,8.0,3730868.0,1096.0,9489445.0,0.0,6.0,999999999999,999999999999,999999999999
1678,sqlite3AddColumn,3567,3280,2633935865.0,0.0,22.0,26393698.0,3280.0,9764675.0,0.0,22.0,999999999999,999999999999,999999999999
1802,sqlite3DequoteToken,430,664,2660331452.0,0.0,44.0,4854877.0,664.0,9770455.0,0.0,32.0,999999999999,999999999999,999999999999
1804,sqlite3StrIHash,319,640,2665195719.0,0.0,59.0,3924358.0,640.0,9813865.0,0.0,39.0,999999999999,999999999999,999999999999
555,sqlite3DbRealloc,553,1096,2669121947.0,0.0,59.0,4699518.0,1096.0,9820355.0,0.0,43.0,999999999999,999999999999,999999999999
1050,dbReallocFinish,422,1432,2673839585.0,0.0,31.0,5148358.0,1432.0,10229335.0,0.0,23.0,999999999999,999999999999,999999999999
1052,isLookaside,162,584,2678989503.0,0.0,31.0,2534589.0,584.0,10230985.0,0.0,23.0,999999999999,999999999999,999999999999
527,sqlite3Realloc,1065,1816,2681525652.0,0.0,33.0,8668146.0,1816.0,10233145.0,0.0,28.0,999999999999,999999999999,999999999999
517,sqlite3StatusValue,85,552,2690198238.0,0.0,33.0,1994479.0,552.0,10241035.0,0.0,26.0,999999999999,999999999999,999999999999
529,sqlite3MallocAlarm,138,888,2692194507.0,0.0,33.0,2494738.0,888.0,10243085.0,0.0,26.0,999999999999,999999999999,999999999999
2684,sqlite3MemRealloc,329,1200,2694690955.0,0.0,33.0,4011518.0,1200.0,10245025.0,0.0,26.0,999999999999,999999999999,999999999999
1677,sqlite3EndTable,7278,7240,2698727183.0,0.0,4.0,53872615.0,7240.0,11719134.0,0.0,4.0,999999999999,999999999999,999999999999
859,sqlite3SchemaToIndex,259,624,2752607238.0,0.0,16.0,4043218.0,624.0,11753974.0,0.0,10.0,999999999999,999999999999,999999999999
1790,estimateTableWidth,428,1112,2756653116.0,0.0,4.0,5996587.0,1112.0,11758104.0,0.0,3.0,999999999999,999999999999,999999999999
1024,sqlite3LogEst,685,744,2762651853.0,0.0,15.0,5902517.0,744.0,11763404.0,0.0,12.0,999999999999,999999999999,999999999999
1671,sqlite3FinishCoding,2803,3512,2768568020.0,0.0,9.0,22496040.0,3512.0,11884304.0,0.0,7.0,999999999999,999999999999,999999999999
913,sqlite3ParserFinalize,398,1088,2791067720.0,0.0,9.0,5169067.0,1088.0,11899334.0,0.0,7.0,999999999999,999999999999,999999999999
1619,sqlite3ErrorClear,172,928,2796240807.0,0.0,8.0,2824048.0,928.0,11910194.0,0.0,7.0,999999999999,999999999999,999999999999
654,sqlite3ParseObjectReset,683,1512,2799066645.0,0.0,8.0,7772737.0,1512.0,11913144.0,0.0,7.0,999999999999,999999999999,999999999999
612,sqlite3_finalize,400,1400,2806842222.0,0.0,6.0,5236998.0,1400.0,11919334.0,0.0,6.0,999999999999,999999999999,999999999999
655,sqlite3BtreeTxnState,127,552,2812082189.0,0.0,10.0,2349179.0,552.0,11923824.0,0.0,10.0,999999999999,999999999999,999999999999
659,sqlite3BtreeBeginTrans,475,1240,2814432879.0,0.0,7.0,5550808.0,1240.0,11925724.0,0.0,6.0,999999999999,999999999999,999999999999
680,btreeBeginTrans,3189,2984,2819985196.0,0.0,5.0,23668529.0,2984.0,11928174.0,0.0,5.0,999999999999,999999999999,999999999999
1247,lockBtree,2541,2928,2843656655.0,0.0,5.0,18921320.0,2928.0,11940364.0,0.0,5.0,999999999999,999999999999,999999999999
1251,sqlite3PagerSharedLock,1873,2768,2862580575.0,0.0,5.0,15369853.0,2768.0,11943834.0,0.0,5.0,999999999999,999999999999,999999999999
1189,pager_wait_on_lock,250,1136,2877952248.0,0.0,8.0,4574078.0,1136.0,11947084.0,0.0,6.0,999999999999,999999999999,999999999999
1190,pagerLockDb,451,1112,2882528506.0,0.0,11.0,4851247.0,1112.0,11948424.0,0.0,8.0,999999999999,999999999999,999999999999
1191,sqlite3OsLock,119,952,2887381304.0,0.0,8.0,2643098.0,952.0,11950884.0,0.0,6.0,999999999999,999999999999,999999999999
1099,dotlockLock,573,1344,2890026922.0,0.0,8.0,5774088.0,1344.0,11952384.0,0.0,6.0,999999999999,999999999999,999999999999
2808,mkdir,161,1016,2895804110.0,0.0,4.0,3015038.0,1016.0,11955094.0,0.0,4.0,999999999999,999999999999,999999999999
2786,__wasilibc_nocwd_mkdirat_nomode,37,864,2898826818.0,0.0,4.0,2265309.0,864.0,11977034.0,0.0,4.0,999999999999,999999999999,999999999999
2772,__wasi_path_create_directory,26,928,2901094147.0,0.0,4.0,2236329.0,928.0,11977714.0,0.0,4.0,999999999999,999999999999,999999999999
1254,hasHotJournal,1093,2136,2903418916.0,0.0,4.0,10301115.0,2136.0,12050214.0,0.0,4.0,999999999999,999999999999,999999999999
1212,sqlite3OsAccess,144,984,2913721841.0,0.0,4.0,2884849.0,984.0,12053774.0,0.0,4.0,999999999999,999999999999,999999999999
589,unixAccess,428,1136,2916609210.0,0.0,4.0,4701158.0,1136.0,12055354.0,0.0,4.0,999999999999,999999999999,999999999999
2803,stat,165,1040,2921312628.0,0.0,6.0,3121529.0,1040.0,12057234.0,0.0,9.0,999999999999,999999999999,999999999999
1255,pagerPagecount,450,1128,2924461716.0,0.0,4.0,4973278.0,1128.0,12090754.0,0.0,4.0,999999999999,999999999999,999999999999
705,sqlite3OsFileSize,118,952,2929436873.0,0.0,4.0,2665989.0,952.0,12093044.0,0.0,4.0,999999999999,999999999999,999999999999
1071,unixFileSize,323,1128,2932105472.0,0.0,4.0,4249268.0,1128.0,12094564.0,0.0,4.0,999999999999,999999999999,999999999999
718,btreeGetPage,250,1152,2936367200.0,0.0,289.0,4060998.0,1152.0,12107624.0,0.0,294.0,999999999999,999999999999,999999999999
609,sqlite3PagerGet,144,984,2940429928.0,0.0,860.0,2863439.0,984.0,12109304.0,0.0,1254.0,999999999999,999999999999,999999999999
1179,getPageNormal,1590,2344,2943295467.0,0.0,859.0,12812614.0,2344.0,12110764.0,0.0,1253.0,999999999999,999999999999,999999999999
1194,sqlite3PcacheFetch,197,1016,2956109371.0,0.0,859.0,3233519.0,1016.0,12114014.0,0.0,1253.0,999999999999,999999999999,999999999999
2697,pcache1Fetch,111,936,2959346029.0,0.0,859.0,2548109.0,936.0,12115864.0,0.0,1253.0,999999999999,999999999999,999999999999
2698,pcache1FetchNoMutex,536,1128,2961896148.0,0.0,859.0,6165467.0,1128.0,12116914.0,0.0,1253.0,999999999999,999999999999,999999999999
2707,pcache1FetchStage2,1509,2096,2968063395.0,0.0,285.0,12212604.0,2096.0,12119664.0,0.0,658.0,999999999999,999999999999,999999999999
2709,pcache1AllocPage,582,1424,2980277439.0,0.0,285.0,6545087.0,1424.0,12123774.0,0.0,489.0,999999999999,999999999999,999999999999
2710,pcache1InitBulk,965,1504,2986824166.0,0.0,2.0,9252506.0,1504.0,12125894.0,0.0,2.0,999999999999,999999999999,999999999999
1196,sqlite3PcacheFetchFinish,288,1024,2996121632.0,0.0,1144.0,3835538.0,1024.0,12205974.0,10000000.0,1911.0,999999999999,999999999999,999999999999
1201,pcacheFetchFinishWithInit,389,1120,2999958890.0,0.0,285.0,4226168.0,1120.0,12207914.0,0.0,658.0,999999999999,999999999999,999999999999
1256,btreePageFromDbPage,324,1168,3004187728.0,0.0,288.0,4487758.0,1168.0,12235634.0,10000000.0,662.0,999999999999,999999999999,999999999999
685,sqlite3PagerGetExtra,49,544,3008677586.0,0.0,857.0,1957079.0,544.0,12236854.0,0.0,1621.0,999999999999,999999999999,999999999999
610,sqlite3PagerGetData,48,544,3010637225.0,0.0,285.0,1946619.0,544.0,12238414.0,0.0,658.0,999999999999,999999999999,999999999999
681,sqlite3Get4byte,193,584,3012586254.0,0.0,873.0,2642409.0,584.0,3125608.0,0.0,1271.0,999999999999,999999999999,999999999999
671,sqlite3PagerPagecount,68,560,3015229592.0,0.0,5.0,2096219.0,560.0,12242994.0,0.0,5.0,999999999999,999999999999,999999999999
1377,sqlite3BtreeGetMeta,300,1160,3017327831.0,0.0,6.0,4324469.0,1160.0,12265834.0,0.0,5.0,999999999999,999999999999,999999999999
1295,sqlite3AbsInt32,197,576,3021655510.0,0.0,1.0,2688858.0,576.0,12306504.0,0.0,1.0,999999999999,999999999999,999999999999
663,sqlite3BtreeLastPage,86,904,3024349288.0,0.0,2.0,2351559.0,904.0,12320374.0,0.0,1.0,999999999999,999999999999,999999999999
684,btreePagecount,48,544,3026702607.0,0.0,859.0,1954460.0,544.0,12321374.0,0.0,1250.0,999999999999,999999999999,999999999999
860,sqlite3MPrintf,125,968,3028658417.0,0.0,9.0,2677598.0,968.0,12323424.0,0.0,6.0,999999999999,999999999999,999999999999
648,sqlite3VMPrintf,314,1200,3031337605.0,0.0,10.0,4255588.0,1200.0,12324474.0,0.0,6.0,999999999999,999999999999,999999999999
607,sqlite3_exec,2628,3432,3035606843.0,0.0,2.0,24201939.0,3432.0,12435234.0,0.0,1.0,999999999999,999999999999,999999999999
1703,sqlite3Expr,163,1048,3059825222.0,0.0,12.0,3087338.0,1048.0,12726914.0,0.0,6.0,999999999999,999999999999,999999999999
1723,sqlite3ExprAlloc,1042,1608,3062915300.0,0.0,33.0,9182035.0,1608.0,12730374.0,0.0,27.0,999999999999,999999999999,999999999999
1704,sqlite3ExprSetErrorOffset,146,568,3072104125.0,0.0,12.0,2689639.0,568.0,12754704.0,0.0,6.0,999999999999,999999999999,999999999999
1700,sqlite3ExprListAppend,447,1096,3074795394.0,0.0,65.0,4717218.0,1096.0,12756694.0,0.0,51.0,999999999999,999999999999,999999999999
1910,sqlite3ExprListAppendNew,332,1136,3079514312.0,0.0,22.0,4227278.0,1136.0,12758884.0,0.0,17.0,999999999999,999999999999,999999999999
1696,sqlite3SrcListAppendFromTerm,1498,1784,3083753670.0,0.0,5.0,10957535.0,1784.0,13181834.0,0.0,4.0,999999999999,999999999999,999999999999
1708,sqlite3SrcListAppend,1003,1688,3094712415.0,0.0,7.0,8734126.0,1688.0,13185914.0,0.0,5.0,999999999999,999999999999,999999999999
1705,sqlite3SrcListShiftJoinType,853,776,3103456931.0,0.0,5.0,7998856.0,776.0,13304684.0,0.0,4.0,999999999999,999999999999,999999999999
1681,tokenExpr,809,1560,3111462667.0,0.0,35.0,7807826.0,1560.0,13574883.0,0.0,25.0,999999999999,999999999999,999999999999
1712,sqlite3ExprListSetSortOrder,419,664,3119279063.0,0.0,3.0,4208078.0,664.0,13752223.0,0.0,2.0,999999999999,999999999999,999999999999
1697,sqlite3SelectNew,1029,1888,3123489911.0,0.0,6.0,9537426.0,1888.0,13889513.0,0.0,5.0,999999999999,999999999999,999999999999
1695,parserDoubleLinkSelect,748,1368,3133033377.0,0.0,5.0,7498616.0,1368.0,13957143.0,0.0,4.0,999999999999,999999999999,999999999999
1693,sqlite3Select,26465,24136,3140534383.0,0.0,7.0,206775892.0,24136.0,14003573.0,0.0,6.0,999999999999,999999999999,999999999999
1769,sqlite3GetVdbe,277,984,3347314145.0,0.0,14.0,4111987.0,984.0,14044813.0,0.0,10.0,999999999999,999999999999,999999999999
861,sqlite3VdbeCreate,510,1288,3351429942.0,0.0,5.0,5286228.0,1288.0,14047313.0,0.0,4.0,999999999999,999999999999,999999999999
874,sqlite3VdbeAddOp2,133,960,3356729210.0,0.0,61.0,2611189.0,960.0,14065973.0,0.0,54.0,999999999999,999999999999,999999999999
1631,sqlite3VdbeAddOp3,468,1272,3359342419.0,0.0,231.0,5372207.0,1272.0,14067523.0,0.0,189.0,999999999999,999999999999,999999999999
1632,growOp3,204,1120,3364716586.0,0.0,7.0,3704099.0,1120.0,14070173.0,0.0,6.0,999999999999,999999999999,999999999999
876,growOpArray,583,1304,3368422124.0,0.0,7.0,5956106.0,1304.0,14071593.0,0.0,6.0,999999999999,999999999999,999999999999
542,sqlite3DbMallocSize,384,1032,3374384511.0,0.0,90247.0,3967778.0,1032.0,14091683.0,260000000.0,90230.0,999999999999,999999999999,999999999999
1840,sqlite3SelectPrep,319,1184,3378356469.0,0.0,7.0,4220938.0,1184.0,14104483.0,0.0,6.0,999999999999,999999999999,999999999999
2150,sqlite3SelectExpand,297,1144,3382579347.0,0.0,4.0,3881749.0,1144.0,14106993.0,0.0,3.0,999999999999,999999999999,999999999999
2086,sqlite3WalkSelect,543,1376,3386462616.0,0.0,17.0,6778787.0,1376.0,14109483.0,0.0,14.0,999999999999,999999999999,999999999999
2160,selectExpander,12126,8896,3393242703.0,0.0,8.0,89050367.0,8896.0,14112283.0,0.0,7.0,999999999999,999999999999,999999999999
1761,sqlite3WithPush,379,1096,3482297070.0,0.0,6.0,4651908.0,1096.0,14150873.0,0.0,5.0,999999999999,999999999999,999999999999
2163,sqlite3SrcListAssignCursors,452,1160,3486952298.0,0.0,6.0,5573227.0,1160.0,14153333.0,0.0,5.0,999999999999,999999999999,999999999999
2165,resolveFromTermToCte,4333,3672,3492527535.0,0.0,4.0,29775386.0,3672.0,14158593.0,0.0,3.0,999999999999,999999999999,999999999999
1819,sqlite3LocateTableItem,311,1160,3522305321.0,0.0,5.0,4598068.0,1160.0,14165023.0,0.0,3.0,999999999999,999999999999,999999999999
858,sqlite3LocateTable,1121,1840,3526906919.0,0.0,5.0,10138515.0,1840.0,14167633.0,0.0,3.0,999999999999,999999999999,999999999999
2166,cannotBeFunction,219,984,3537053454.0,0.0,4.0,3278778.0,984.0,14195423.0,0.0,3.0,999999999999,999999999999,999999999999
2168,sqlite3ProcessJoin,3947,4400,3540333792.0,0.0,6.0,31444505.0,4400.0,14199203.0,0.0,5.0,999999999999,999999999999,999999999999
1911,sqlite3ExprListAppendGrow,483,1248,3571801937.0,0.0,8.0,5164428.0,1248.0,14442133.0,0.0,6.0,999999999999,999999999999,999999999999
885,sqlite3ExprListDelete,136,896,3576977425.0,0.0,63.0,2659719.0,896.0,14491133.0,0.0,51.0,999999999999,999999999999,999999999999
914,exprListDeleteNN,338,1200,3579640324.0,0.0,25.0,4718067.0,1200.0,14492763.0,0.0,20.0,999999999999,999999999999,999999999999
499,sqlite3ExprDelete,136,896,3584360132.0,0.0,114.0,2755658.0,896.0,14494503.0,0.0,86.0,999999999999,999999999999,999999999999
1539,sqlite3ExprDeleteNN,689,1480,3587118500.0,0.0,96.0,8426186.0,1480.0,14496133.0,0.0,76.0,999999999999,999999999999,999999999999
503,sqlite3DbNNFreeNN,466,1072,3595547566.0,0.0,356.0,4541608.0,1072.0,14501823.0,0.0,275.0,999999999999,999999999999,999999999999
2088,sqlite3WalkSelectExpr,759,1568,3600095884.0,0.0,12.0,7247447.0,1568.0,14522373.0,0.0,10.0,999999999999,999999999999,999999999999
2085,sqlite3WalkExprList,335,1112,3607345011.0,0.0,62.0,5023737.0,1112.0,14524303.0,0.0,56.0,999999999999,999999999999,999999999999
2082,sqlite3WalkExpr,161,920,3612369978.0,0.0,194.0,2902239.0,920.0,14526503.0,0.0,170.0,999999999999,999999999999,999999999999
2084,sqlite3WalkExprNN,693,1448,3615273306.0,0.0,275.0,8183087.0,1448.0,14528273.0,0.0,229.0,999999999999,999999999999,999999999999
2158,sqlite3ExprWalkNoop,46,544,3623457473.0,0.0,159.0,1968189.0,544.0,14530363.0,0.0,133.0,999999999999,999999999999,999999999999
2089,sqlite3WalkSelectFrom,524,1216,3625429122.0,0.0,12.0,6479647.0,1216.0,14561573.0,0.0,10.0,999999999999,999999999999,999999999999
2091,sqlite3SelectPopWith,294,1032,3631910579.0,0.0,6.0,3778758.0,1032.0,14566393.0,0.0,5.0,999999999999,999999999999,999999999999
2131,sqlite3ResolveSelectNames,176,968,3635691707.0,0.0,5.0,2931058.0,968.0,14570133.0,0.0,4.0,999999999999,999999999999,999999999999
2125,resolveSelectStep,4682,3984,3638624455.0,0.0,5.0,39153302.0,3984.0,14573123.0,0.0,4.0,999999999999,999999999999,999999999999
1919,sqlite3ResolveExprNames,709,1384,3677779457.0,0.0,22.0,6984097.0,1384.0,14580823.0,0.0,13.0,999999999999,999999999999,999999999999
1955,sqlite3ResolveExprListNames,966,1536,3684766034.0,0.0,6.0,9871955.0,1536.0,14586943.0,0.0,5.0,999999999999,999999999999,999999999999
1809,sqlite3ExprCheckHeight,216,1008,3694639269.0,0.0,64.0,3396918.0,1008.0,14591353.0,0.0,45.0,999999999999,999999999999,999999999999
2124,resolveExprStep,10140,10816,3698038767.0,0.0,86.0,66672039.0,10816.0,14595203.0,0.0,65.0,999999999999,999999999999,999999999999
2127,lookupName,13252,9864,3764713536.0,0.0,31.0,99303092.0,9864.0,14610393.0,0.0,22.0,999999999999,999999999999,999999999999
2141,sqlite3ExprColUsed,480,696,3864025728.0,0.0,28.0,4749478.0,696.0,14677483.0,0.0,21.0,999999999999,999999999999,999999999999
2132,resolveOrderGroupBy,1201,2128,3868784576.0,0.0,4.0,12913303.0,2128.0,14864113.0,0.0,3.0,999999999999,999999999999,999999999999
2028,sqlite3ExprSkipCollateAndLikely,334,616,3881699419.0,0.0,81.0,4215028.0,616.0,14867313.0,10000000.0,63.0,999999999999,999999999999,999999999999
2152,resolveAsName,459,1176,3885917428.0,0.0,3.0,6317047.0,1176.0,14870743.0,0.0,2.0,999999999999,999999999999,999999999999
2153,sqlite3ExprIsInteger,439,1192,3892237565.0,0.0,5.0,5041088.0,1192.0,14892193.0,0.0,3.0,999999999999,999999999999,999999999999
1000,sqlite3IsRowid,224,1104,3897284113.0,0.0,3.0,3664267.0,1104.0,14947383.0,0.0,1.0,999999999999,999999999999,999999999999
2057,sqlite3ExprCompare,4011,2736,3900952361.0,0.0,163.0,22054909.0,2736.0,14963903.0,0.0,147.0,999999999999,999999999999,999999999999
1858,sqlite3ExprListCompare,827,1264,3923009570.0,0.0,20.0,8330846.0,1264.0,14985813.0,0.0,15.0,999999999999,999999999999,999999999999
2156,sqlite3ResolveOrderGroupBy,878,1464,3931344276.0,0.0,4.0,8855346.0,1464.0,15066743.0,0.0,3.0,999999999999,999999999999,999999999999
2151,sqlite3SelectAddTypeInfo,159,944,3940202942.0,0.0,4.0,2796119.0,944.0,15077173.0,0.0,3.0,999999999999,999999999999,999999999999
2161,sqlite3SelectWalkNoop,46,544,3943001251.0,0.0,6.0,1961699.0,544.0,15080323.0,0.0,5.0,999999999999,999999999999,999999999999
2162,selectAddSubqueryTypeInfo,505,1248,3944967260.0,0.0,6.0,6605707.0,1248.0,15110073.0,0.0,5.0,999999999999,999999999999,999999999999
1842,sqlite3GenerateColumnNames,2019,2216,3951574877.0,0.0,3.0,16558202.0,2216.0,15115593.0,0.0,2.0,999999999999,999999999999,999999999999
1968,sqlite3VdbeSetNumCols,495,1304,3968135439.0,0.0,3.0,5407647.0,1304.0,15121263.0,0.0,2.0,999999999999,999999999999,999999999999
883,initMemArray,246,664,3973554176.0,0.0,13.0,3928918.0,664.0,15140583.0,0.0,10.0,999999999999,999999999999,999999999999
1969,sqlite3VdbeSetColName,367,1104,3977485834.0,0.0,34.0,4371018.0,1104.0,15149383.0,0.0,24.0,999999999999,999999999999,999999999999
760,sqlite3VdbeMemSetStr,2222,2256,3981858742.0,0.0,35.0,16217772.0,2256.0,15152343.0,0.0,24.0,999999999999,999999999999,999999999999
773,sqlite3VdbeMemClearAndResize,259,1000,3998080435.0,0.0,90255.0,3681999.0,1000.0,15162143.0,210000000.0,120244.0,999999999999,999999999999,999999999999
738,sqlite3VdbeMemGrow,1170,1840,4001764293.0,0.0,90233.0,10117204.0,1840.0,15163993.0,120000000.0,90221.0,999999999999,999999999999,999999999999
2193,generateColumnTypes,376,1256,4011897448.0,0.0,3.0,5730278.0,1256.0,15317463.0,0.0,2.0,999999999999,999999999999,999999999999
2178,columnTypeImpl,1434,1752,4017629675.0,0.0,18.0,12932974.0,1752.0,15320593.0,0.0,13.0,999999999999,999999999999,999999999999
1001,sqlite3ColumnType,339,1000,4030565349.0,0.0,12.0,4072428.0,1000.0,15327973.0,0.0,7.0,999999999999,999999999999,999999999999
1843,sqlite3WindowRewrite,4503,4888,4034654257.0,0.0,7.0,30846275.0,4888.0,15508293.0,0.0,6.0,999999999999,999999999999,999999999999
1850,countOfViewOptimization,2497,2384,4065503812.0,0.0,6.0,17470152.0,2384.0,15518723.0,0.0,5.0,999999999999,999999999999,999999999999
1859,sqlite3KeyInfoFromExprList,570,1400,4082976194.0,0.0,4.0,7067386.0,1400.0,15527453.0,0.0,3.0,999999999999,999999999999,999999999999
2030,sqlite3KeyInfoAlloc,519,1280,4090045090.0,0.0,4.0,5623038.0,1280.0,15529523.0,0.0,3.0,999999999999,999999999999,999999999999
2222,sqlite3ExprNNCollSeq,181,968,4095679658.0,0.0,5.0,3182768.0,968.0,15550643.0,0.0,4.0,999999999999,999999999999,999999999999
1651,sqlite3ExprCollSeq,1798,2400,4098864996.0,0.0,17.0,14551823.0,2400.0,15551923.0,0.0,13.0,999999999999,999999999999,999999999999
1653,sqlite3CheckCollSeq,353,1048,4113419769.0,0.0,17.0,4126138.0,1048.0,15557823.0,0.0,13.0,999999999999,999999999999,999999999999
1773,sqlite3VdbeAddOp4,213,1144,4117548417.0,0.0,28.0,3641798.0,1144.0,15563333.0,0.0,17.0,999999999999,999999999999,999999999999
866,sqlite3VdbeChangeP4,738,1216,4121193336.0,0.0,36.0,6288598.0,1216.0,15567583.0,0.0,22.0,999999999999,999999999999,999999999999
1860,sqlite3VdbeMakeLabel,67,552,4127485003.0,0.0,38.0,2050679.0,552.0,15574533.0,0.0,30.0,999999999999,999999999999,999999999999
1862,sqlite3VdbeChangeOpcode,114,960,4129537252.0,0.0,3.0,2629199.0,960.0,15577453.0,0.0,2.0,999999999999,999999999999,999999999999
1999,sqlite3VdbeGetOp,190,608,4132167951.0,0.0,80.0,2925898.0,608.0,15579173.0,0.0,77.0,999999999999,999999999999,999999999999
1864,sqlite3WhereBegin,12155,9888,4135095329.0,0.0,7.0,91168627.0,9888.0,15584123.0,0.0,5.0,999999999999,999999999999,999999999999
2223,whereLoopInit,119,592,4226280355.0,0.0,13.0,2420608.0,592.0,15616282.0,0.0,9.0,999999999999,999999999999,999999999999
2224,sqlite3WhereClauseInit,183,640,4228703854.0,0.0,7.0,2624549.0,640.0,15617713.0,0.0,5.0,999999999999,999999999999,999999999999
2225,sqlite3WhereSplit,397,1248,4231329673.0,0.0,9.0,4668088.0,1248.0,15619493.0,0.0,5.0,999999999999,999999999999,999999999999
2226,createMask,122,568,4235999851.0,0.0,6.0,2205059.0,568.0,15623782.0,0.0,4.0,999999999999,999999999999,999999999999
2227,sqlite3WhereTabFuncArgs,1320,1992,4238206080.0,0.0,6.0,13412443.0,1992.0,15625462.0,0.0,4.0,999999999999,999999999999,999999999999
2228,sqlite3WhereExprAnalyze,207,1032,4251620283.0,0.0,7.0,3906459.0,1032.0,15628782.0,0.0,5.0,999999999999,999999999999,999999999999
2232,whereShortCut,2769,2304,4255528242.0,0.0,6.0,19729890.0,2304.0,15633053.0,0.0,4.0,999999999999,999999999999,999999999999
2292,whereScanInit,1032,1520,4275259732.0,0.0,21.0,9178716.0,1520.0,15640253.0,0.0,16.0,999999999999,999999999999,999999999999
2293,whereScanNext,3270,2528,4284440658.0,0.0,21.0,25632528.0,2528.0,15644402.0,0.0,16.0,999999999999,999999999999,999999999999
2233,whereLoopAddAll,1669,2352,4310076146.0,0.0,6.0,15887742.0,2352.0,15654673.0,0.0,5.0,999999999999,999999999999,999999999999
2294,sqlite3WhereGetMask,364,680,4325965778.0,0.0,15.0,5158878.0,680.0,15659333.0,0.0,9.0,999999999999,999999999999,999999999999
2296,whereLoopAddBtree,7002,5280,4331126665.0,0.0,5.0,49955756.0,5280.0,15663073.0,0.0,4.0,999999999999,999999999999,999999999999
2350,estLog,237,912,4381086982.0,0.0,10.0,3188618.0,912.0,15675622.0,0.0,8.0,999999999999,999999999999,999999999999
2353,indexMightHelpWithOrderBy,1463,1632,4384280830.0,0.0,5.0,12368284.0,1632.0,15685502.0,0.0,4.0,999999999999,999999999999,999999999999
2354,whereLoopOutputAdjust,2336,1832,4396652314.0,0.0,5.0,17095622.0,1832.0,15695122.0,0.0,4.0,999999999999,999999999999,999999999999
2351,whereLoopInsert,1476,1984,4413750086.0,0.0,6.0,11894054.0,1984.0,15700542.0,0.0,4.0,999999999999,999999999999,999999999999
2365,whereLoopAdjustCost,1264,1368,4425645510.0,0.0,6.0,8860346.0,1368.0,15703953.0,0.0,4.0,999999999999,999999999999,999999999999
2366,whereLoopFindLesser,1358,992,4434507696.0,0.0,6.0,9338076.0,992.0,15707553.0,0.0,4.0,999999999999,999999999999,999999999999
2367,whereLoopXfer,820,1472,4443862332.0,0.0,6.0,7326167.0,1472.0,15738313.0,0.0,4.0,999999999999,999999999999,999999999999
2359,whereLoopClearUnion,459,1192,4451190379.0,0.0,18.0,4886287.0,1192.0,15740082.0,0.0,13.0,999999999999,999999999999,999999999999
2356,whereLoopAddBtreeIndex,10711,6472,4456079816.0,0.0,5.0,68359248.0,6472.0,15748333.0,0.0,4.0,999999999999,999999999999,999999999999
2298,whereLoopClear,274,1104,4524447024.0,0.0,12.0,4113447.0,1104.0,15791553.0,0.0,9.0,999999999999,999999999999,999999999999
2234,wherePathSolver,10018,5672,4528564402.0,0.0,9.0,70113357.0,5672.0,15795522.0,0.0,7.0,999999999999,999999999999,999999999999
2211,sqlite3LogEstAdd,901,696,4598695188.0,0.0,18.0,5832837.0,696.0,15831442.0,0.0,13.0,999999999999,999999999999,999999999999
2299,wherePathSatisfiesOrderBy,9718,5576,4604533675.0,0.0,7.0,74724665.0,5576.0,15855533.0,0.0,5.0,999999999999,999999999999,999999999999
2289,sqlite3WhereFindTerm,575,1280,4679263580.0,0.0,10.0,6807847.0,1280.0,15878253.0,0.0,8.0,999999999999,999999999999,999999999999
2235,whereInterstageHeuristic,582,832,4686084027.0,0.0,3.0,6736386.0,832.0,15920502.0,0.0,2.0,999999999999,999999999999,999999999999
1986,sqlite3OpenTable,545,1440,4692836773.0,0.0,5.0,6159927.0,1440.0,16023222.0,0.0,3.0,999999999999,999999999999,999999999999
1899,sqlite3TableLock,273,1152,4698999160.0,0.0,7.0,4203248.0,1152.0,16026122.0,0.0,3.0,999999999999,999999999999,999999999999
877,sqlite3BtreeSharable,61,544,4703204158.0,0.0,14.0,1980459.0,544.0,16028092.0,0.0,8.0,999999999999,999999999999,999999999999
862,sqlite3VdbeAddOp4Int,488,1312,4705188007.0,0.0,12.0,5724617.0,1312.0,16030432.0,0.0,8.0,999999999999,999999999999,999999999999
879,vdbeChangeP4Full,434,1248,4710915045.0,0.0,17.0,5392397.0,1248.0,16039662.0,0.0,9.0,999999999999,999999999999,999999999999
863,sqlite3VdbeChangeP5,163,584,4716308742.0,0.0,34.0,2803819.0,584.0,16046272.0,0.0,26.0,999999999999,999999999999,999999999999
1781,sqlite3CodeVerifySchema,176,920,4719114751.0,0.0,4.0,2809349.0,920.0,16049492.0,0.0,3.0,999999999999,999999999999,999999999999
2102,sqlite3CodeVerifySchemaAtToplevel,250,944,4721926479.0,0.0,7.0,3386759.0,944.0,16051332.0,0.0,4.0,999999999999,999999999999,999999999999
1793,sqlite3VdbeCurrentAddr,49,544,4725315428.0,0.0,36.0,1942149.0,544.0,16055222.0,0.0,28.0,999999999999,999999999999,999999999999
2244,sqlite3WhereExplainOneScan,2475,2632,4727259017.0,0.0,6.0,16731852.0,2632.0,16059452.0,0.0,4.0,999999999999,999999999999,999999999999
2245,sqlite3WhereCodeOneLoopStart,30791,25592,4743996159.0,0.0,6.0,249975652.0,25592.0,16065702.0,0.0,4.0,999999999999,999999999999,999999999999
1865,sqlite3WhereOutputRowCount,66,544,4993981960.0,0.0,10.0,2291349.0,544.0,16143152.0,0.0,8.0,999999999999,999999999999,999999999999
1867,sqlite3WhereIsOrdered,158,552,4996276539.0,0.0,3.0,2318159.0,552.0,16146112.0,0.0,2.0,999999999999,999999999999,999999999999
1868,sqlite3WhereOrderByLimitOptLabel,309,640,4998596518.0,0.0,2.0,3548688.0,640.0,16147972.0,0.0,1.0,999999999999,999999999999,999999999999
1869,sqlite3VdbeChangeToNoop,351,1072,5002146856.0,0.0,3.0,4073349.0,1072.0,16151242.0,0.0,1.0,999999999999,999999999999,999999999999
878,freeP4,581,1688,5006221883.0,0.0,38.0,4689569.0,1688.0,16153762.0,0.0,28.0,999999999999,999999999999,999999999999
1307,sqlite3KeyInfoUnref,188,912,5010915252.0,0.0,5.0,2902579.0,912.0,16156302.0,0.0,4.0,999999999999,999999999999,999999999999
1873,sqlite3WhereContinueLabel,48,544,5013829180.0,0.0,5.0,1828289.0,544.0,16168512.0,0.0,4.0,999999999999,999999999999,999999999999
1874,sqlite3WhereBreakLabel,49,544,5015659179.0,0.0,5.0,1837989.0,544.0,16169692.0,0.0,4.0,999999999999,999999999999,999999999999
1872,selectInnerLoop,7166,7384,5017498249.0,0.0,7.0,51761036.0,7384.0,16170802.0,0.0,6.0,999999999999,999999999999,999999999999
2257,codeOffset,165,936,5069261944.0,0.0,7.0,2965269.0,936.0,16179692.0,0.0,6.0,999999999999,999999999999,999999999999
2258,innerLoopLoadRow,156,952,5072229652.0,0.0,6.0,2700738.0,952.0,16186822.0,0.0,5.0,999999999999,999999999999,999999999999
1885,sqlite3ExprCodeExprList,1576,2016,5074932581.0,0.0,13.0,14343113.0,2016.0,16188252.0,0.0,12.0,999999999999,999999999999,999999999999
1958,sqlite3ExprCodeTarget,15921,19104,5089277434.0,0.0,81.0,118296654.0,19104.0,16193942.0,0.0,66.0,999999999999,999999999999,999999999999
2035,sqlite3ExprCodeGetColumn,461,1208,5207578258.0,0.0,24.0,5342097.0,1208.0,16212522.0,0.0,17.0,999999999999,999999999999,999999999999
1924,sqlite3ExprCodeGetColumnOfTable,1070,1896,5212923615.0,0.0,24.0,9524296.0,1896.0,16214972.0,0.0,17.0,999999999999,999999999999,999999999999
1942,sqlite3TableColumnToStorage,581,744,5222450341.0,0.0,29.0,6544567.0,744.0,16220262.0,0.0,22.0,999999999999,999999999999,999999999999
1993,sqlite3ColumnDefault,597,1488,5228998828.0,0.0,24.0,5961647.0,1488.0,16226102.0,0.0,17.0,999999999999,999999999999,999999999999
1875,sqlite3WhereEnd,7780,7664,5234969475.0,0.0,7.0,62770730.0,7664.0,16334452.0,0.0,5.0,999999999999,999999999999,999999999999
1871,sqlite3VdbeResolveLabel,284,992,5297744155.0,0.0,38.0,3826658.0,992.0,16344982.0,0.0,30.0,999999999999,999999999999,999999999999
2071,resizeResolveLabel,486,1232,5301573843.0,0.0,6.0,5569518.0,1232.0,16347642.0,0.0,4.0,999999999999,999999999999,999999999999
1347,sqlite3DbReallocOrFree,197,1056,5307146131.0,0.0,7.0,3314249.0,1056.0,16350502.0,0.0,4.0,999999999999,999999999999,999999999999
2246,whereInfoFree,385,1288,5310479639.0,0.0,7.0,5786477.0,1288.0,16387452.0,0.0,5.0,999999999999,999999999999,999999999999
2320,sqlite3WhereClauseClear,550,1192,5316268256.0,0.0,7.0,6360297.0,1192.0,16388762.0,0.0,5.0,999999999999,999999999999,999999999999
2321,whereLoopDelete,115,992,5322630593.0,0.0,6.0,2585719.0,992.0,16391762.0,0.0,4.0,999999999999,999999999999,999999999999
1848,sqlite3VdbeExplainPop,92,928,5325225802.0,0.0,7.0,2277019.0,928.0,16413372.0,0.0,6.0,999999999999,999999999999,999999999999
2214,sqlite3VdbeExplainParent,176,976,5327504361.0,0.0,7.0,3211458.0,976.0,16414612.0,0.0,6.0,999999999999,999999999999,999999999999
1538,sqlite3SelectDelete,142,904,5330718409.0,0.0,6.0,2751059.0,904.0,16416842.0,0.0,5.0,999999999999,999999999999,999999999999
1540,clearSelect,671,1776,5333471218.0,0.0,6.0,8735116.0,1776.0,16418422.0,0.0,5.0,999999999999,999999999999,999999999999
1543,sqlite3SrcListDelete,1037,1712,5342217764.0,0.0,10.0,10780145.0,1712.0,16509162.0,0.0,8.0,999999999999,999999999999,999999999999
491,sqlite3DeleteTable,262,952,5353002558.0,0.0,12.0,3551379.0,952.0,16526232.0,0.0,9.0,999999999999,999999999999,999999999999
1770,sqlite3VdbeAddOp0,104,928,5356566517.0,0.0,6.0,2521509.0,928.0,16645462.0,0.0,4.0,999999999999,999999999999,999999999999
1772,sqlite3VdbeJumpHere,107,912,5359090376.0,0.0,10.0,2474599.0,912.0,16649302.0,0.0,8.0,999999999999,999999999999,999999999999
2027,sqlite3VdbeChangeP2,114,960,5361566405.0,0.0,11.0,2629779.0,960.0,16650752.0,0.0,9.0,999999999999,999999999999,999999999999
865,sqlite3VdbeUsesBtree,276,1040,5364200224.0,0.0,8.0,3856209.0,1040.0,16654682.0,0.0,5.0,999999999999,999999999999,999999999999
1777,sqlite3VdbeGoto,109,928,5368060282.0,0.0,11.0,2520189.0,928.0,16664842.0,0.0,10.0,999999999999,999999999999,999999999999
867,sqlite3VdbeMakeReady,2567,2880,5370582450.0,0.0,5.0,17120782.0,2880.0,16668612.0,0.0,4.0,999999999999,999999999999,999999999999
881,resolveP2Values,1028,1880,5387705362.0,0.0,5.0,9027646.0,1880.0,16674232.0,0.0,4.0,999999999999,999999999999,999999999999
882,allocSpace,342,648,5396741188.0,0.0,32.0,3663128.0,648.0,16693432.0,0.0,24.0,999999999999,999999999999,999999999999
626,sqlite3VdbeRewind,205,672,5400408226.0,0.0,5.0,2805078.0,672.0,16709992.0,0.0,4.0,999999999999,999999999999,999999999999
604,sqlite3_step,751,1848,5403222585.0,0.0,26.0,8965525.0,1848.0,16741102.0,0.0,25.0,999999999999,999999999999,999999999999
617,vdbeSafetyNotNull,182,984,5412190050.0,0.0,26.0,3103669.0,984.0,16743122.0,0.0,25.0,999999999999,999999999999,999999999999
638,vdbeSafety,176,944,5415295429.0,0.0,29.0,2938129.0,944.0,16744412.0,0.0,28.0,999999999999,999999999999,999999999999
618,sqlite3Step,2011,2184,5418235188.0,0.0,26.0,14921462.0,2184.0,16747402.0,0.0,25.0,999999999999,999999999999,999999999999
798,sqlite3VdbeExec,103835,80248,5433158690.0,0.0,26.0,1345116920.0,80248.0,16754942.0,0.0,25.0,999999999999,999999999999,999999999999
1379,allocateCursor,1292,1824,6778283110.0,0.0,12.0,11316445.0,1824.0,16885702.0,0.0,9.0,999999999999,999999999999,999999999999
1460,sqlite3BtreeCursorSize,13,520,6789603884.0,0.0,7.0,1516749.0,520.0,16889792.0,0.0,4.0,999999999999,999999999999,999999999999
1461,sqlite3BtreeCursorZero,95,568,6791134423.0,0.0,7.0,1983889.0,568.0,16917182.0,0.0,4.0,999999999999,999999999999,999999999999
1380,sqlite3BtreeCursor,289,1056,6793120512.0,0.0,7.0,3656518.0,1056.0,16920292.0,0.0,4.0,999999999999,999999999999,999999999999
1463,btreeCursor,857,1496,6796778190.0,0.0,7.0,8975166.0,1496.0,16922502.0,0.0,4.0,999999999999,999999999999,999999999999
1381,sqlite3BtreeCursorHintFlags,61,552,6805756676.0,0.0,6.0,1956739.0,552.0,16929812.0,0.0,3.0,999999999999,999999999999,999999999999
810,sqlite3BtreeFirst,234,1056,6807716105.0,0.0,30004.0,3476249.0,1056.0,16934972.0,0.0,30003.0,999999999999,999999999999,999999999999
1456,moveToRoot,1683,1968,6811195364.0,0.0,120291.0,12562234.0,1968.0,16936702.0,1060000000.0,120290.0,999999999999,999999999999,999999999999
731,sqlite3VdbeHalt,4031,3400,6823761188.0,0.0,5.0,24264058.0,3400.0,22108699.0,0.0,4.0,999999999999,999999999999,999999999999
1311,closeAllCursors,552,1352,6848027956.0,0.0,5.0,6631937.0,1352.0,22114389.0,0.0,4.0,999999999999,999999999999,999999999999
1318,closeCursorsInFrame,328,1096,6854662373.0,0.0,5.0,4878518.0,1096.0,22116589.0,0.0,4.0,999999999999,999999999999,999999999999
1328,sqlite3VdbeFreeCursorNN,372,1080,6859542161.0,0.0,12.0,4335078.0,1080.0,22119709.0,0.0,9.0,999999999999,999999999999,999999999999
1331,sqlite3BtreeCloseCursor,637,1392,6863878539.0,0.0,7.0,6751916.0,1392.0,22122569.0,0.0,4.0,999999999999,999999999999,999999999999
1283,btreeReleaseAllCursorPages,344,1120,6870633765.0,0.0,7.0,4934828.0,1120.0,22126569.0,0.0,4.0,999999999999,999999999999,999999999999
1249,unlockBtreeIfUnused,196,928,6875569993.0,0.0,14.0,2966278.0,928.0,22135879.0,0.0,11.0,999999999999,999999999999,999999999999
1304,releaseMemArray,597,1280,6878541362.0,0.0,13.0,6868617.0,1280.0,22142429.0,0.0,10.0,999999999999,999999999999,999999999999
1312,sqlite3VdbeEnter,447,1160,6885419179.0,0.0,5.0,5799477.0,1160.0,22194019.0,0.0,4.0,999999999999,999999999999,999999999999
1313,sqlite3VdbeCheckFk,417,1144,6891220446.0,0.0,9.0,4439907.0,1144.0,22197189.0,0.0,8.0,999999999999,999999999999,999999999999
1314,vdbeCommit,4736,5120,6895661933.0,0.0,4.0,36840673.0,5120.0,22204529.0,0.0,4.0,999999999999,999999999999,999999999999
1322,sqlite3VtabSync,495,1376,6932505276.0,0.0,4.0,6797457.0,1376.0,22209259.0,0.0,4.0,999999999999,999999999999,999999999999
1040,sqlite3BtreeGetFilename,99,912,6939307443.0,0.0,4.0,2299859.0,912.0,22217059.0,0.0,4.0,999999999999,999999999999,999999999999
1041,sqlite3PagerFilename,206,1008,6941609952.0,0.0,4.0,3499328.0,1008.0,22218609.0,0.0,4.0,999999999999,999999999999,999999999999
1137,sqlite3IsMemdb,75,544,6945111230.0,0.0,4.0,1886149.0,544.0,22220329.0,0.0,4.0,999999999999,999999999999,999999999999
679,sqlite3BtreeCommitPhaseOne,479,1312,6947003519.0,0.0,5.0,5230457.0,1312.0,22229289.0,0.0,5.0,999999999999,999999999999,999999999999
678,sqlite3BtreeCommitPhaseTwo,389,1264,6952236586.0,0.0,5.0,4991308.0,1264.0,22233949.0,0.0,5.0,999999999999,999999999999,999999999999
711,btreeEndTransaction,456,1176,6957230404.0,0.0,7.0,4611978.0,1176.0,22236849.0,0.0,7.0,999999999999,999999999999,999999999999
1272,clearAllSharedCacheTableLocks,587,1168,6961844842.0,0.0,5.0,6011547.0,1168.0,22239909.0,0.0,5.0,999999999999,999999999999,999999999999
720,releasePageOne,82,888,6967860069.0,0.0,5.0,2176239.0,888.0,22245879.0,0.0,5.0,999999999999,999999999999,999999999999
1257,sqlite3PagerUnrefPageOne,110,992,6970038478.0,0.0,5.0,2489489.0,992.0,22247209.0,0.0,5.0,999999999999,999999999999,999999999999
1118,sqlite3PcacheRelease,275,960,6972530146.0,0.0,859.0,3425188.0,960.0,22132559.0,0.0,1253.0,999999999999,999999999999,999999999999
1120,pcacheUnpin,204,944,6975957065.0,0.0,572.0,2964049.0,944.0,22249539.0,0.0,866.0,999999999999,999999999999,999999999999
2699,pcache1Unpin,388,1072,6978923683.0,0.0,572.0,4179708.0,1072.0,22251539.0,10000000.0,866.0,999999999999,999999999999,999999999999
1200,pagerUnlockIfUnused,142,984,6983106462.0,0.0,5.0,2777799.0,984.0,22255549.0,0.0,5.0,999999999999,999999999999,999999999999
1161,pagerUnlockAndRollback,703,1424,6985888580.0,0.0,7.0,5817127.0,1424.0,22258049.0,0.0,7.0,999999999999,999999999999,999999999999
1202,pager_end_transaction,2032,2496,6991707478.0,0.0,8.0,14795002.0,2496.0,22261519.0,0.0,7.0,999999999999,999999999999,999999999999
1158,pager_unlock,876,1600,7006504081.0,0.0,7.0,7834487.0,1600.0,22265829.0,0.0,7.0,999999999999,999999999999,999999999999
1030,sqlite3BitvecDestroy,292,1120,7014341287.0,0.0,14.0,4391798.0,1120.0,22268119.0,0.0,12.0,999999999999,999999999999,999999999999
1204,releaseAllSavepoints,407,1304,7018736475.0,0.0,11.0,5995647.0,1304.0,22270229.0,0.0,10.0,999999999999,999999999999,999999999999
1144,sqlite3OsClose,169,936,7024734752.0,0.0,21.0,2816528.0,936.0,22273099.0,0.0,20.0,999999999999,999999999999,999999999999
1210,pagerUnlockDb,354,1072,7027558670.0,0.0,9.0,4108129.0,1072.0,22282339.0,0.0,8.0,999999999999,999999999999,999999999999
1217,sqlite3OsUnlock,118,952,7031667898.0,0.0,7.0,2505049.0,952.0,22284379.0,0.0,6.0,999999999999,999999999999,999999999999
1098,dotlockUnlock,521,1184,7034174997.0,0.0,8.0,5079998.0,1184.0,22285989.0,0.0,7.0,999999999999,999999999999,999999999999
2807,rmdir,161,1016,7039258955.0,0.0,4.0,2870939.0,1016.0,22289069.0,0.0,4.0,999999999999,999999999999,999999999999
2793,__wasilibc_nocwd___wasilibc_rmdirat,36,864,7042138194.0,0.0,4.0,2130339.0,864.0,22311049.0,0.0,4.0,999999999999,999999999999,999999999999
2777,__wasi_path_remove_directory,26,928,7044270073.0,0.0,4.0,2132859.0,928.0,22311779.0,0.0,4.0,999999999999,999999999999,999999999999
1323,sqlite3VtabCommit,88,904,7046499992.0,0.0,4.0,2187458.0,904.0,22376559.0,0.0,4.0,999999999999,999999999999,999999999999
1339,callFinaliser,559,1400,7048689430.0,0.0,6.0,6967716.0,1400.0,22377759.0,0.0,6.0,999999999999,999999999999,999999999999
1004,sqlite3CommitInternalChanges,65,544,7055661167.0,0.0,8.0,1889819.0,544.0,22382849.0,0.0,7.0,999999999999,999999999999,999999999999
799,doWalCallbacks,53,552,7057556726.0,0.0,5.0,1820859.0,552.0,22393819.0,0.0,4.0,999999999999,999999999999,999999999999
634,sqlite3VdbeFinalize,184,1032,7059382315.0,0.0,2.0,3127699.0,1032.0,22399269.0,0.0,1.0,999999999999,999999999999,999999999999
625,sqlite3VdbeReset,523,1256,7062512094.0,0.0,5.0,5274668.0,1256.0,22400859.0,0.0,4.0,999999999999,999999999999,999999999999
492,sqlite3VdbeDelete,304,1096,7067789981.0,0.0,5.0,3884588.0,1096.0,22405689.0,10000000.0,4.0,999999999999,999999999999,999999999999
502,sqlite3VdbeClearObject,784,1784,7071677620.0,0.0,5.0,8421865.0,1784.0,22407159.0,0.0,4.0,999999999999,999999999999,999999999999
1305,vdbeFreeOpArray,410,1128,7080112015.0,0.0,5.0,5113118.0,1128.0,22496349.0,0.0,4.0,999999999999,999999999999,999999999999
1414,sqlite3AnalysisLoad,1057,1792,7085235463.0,0.0,1.0,10603215.0,1792.0,22545699.0,0.0,1.0,999999999999,999999999999,999999999999
1497,sqlite3BtreeCommit,158,1072,7095845568.0,0.0,1.0,3192659.0,1072.0,22585009.0,0.0,1.0,999999999999,999999999999,999999999999
1783,sqlite3BeginWriteOperation,290,1032,7099112697.0,0.0,3.0,3520058.0,1032.0,42154260.0,0.0,1.0,999999999999,999999999999,999999999999
1771,sqlite3VdbeAddOp1,118,944,7102637075.0,0.0,19.0,2494338.0,944.0,44421279.0,0.0,17.0,999999999999,999999999999,999999999999
1784,sqlite3OpenSchemaTable,238,1152,7105137063.0,0.0,1.0,3532459.0,1152.0,,,,999999999999,999999999999,999999999999
1684,sqlite3AddPrimaryKey,1948,2536,7108687742.0,0.0,2.0,16818162.0,2536.0,18450611.0,0.0,2.0,999999999999,999999999999,999999999999
1812,makeColumnPartOfPrimaryKey,190,936,7125507874.0,0.0,2.0,3049449.0,936.0,18456041.0,0.0,1.0,999999999999,999999999999,999999999999
1815,sqlite3HasExplicitNulls,545,1104,7128559732.0,0.0,2.0,6368946.0,1104.0,18461901.0,0.0,1.0,999999999999,999999999999,999999999999
1683,sqlite3AddNotNull,611,768,7134949989.0,0.0,10.0,6175307.0,768.0,19084941.0,0.0,10.0,999999999999,999999999999,999999999999
547,enlargeAndAppend,261,1096,7141161376.0,0.0,4.0,3618919.0,1096.0,,,,999999999999,999999999999,999999999999
541,sqlite3StrAccumEnlarge,1355,1744,7144783585.0,0.0,4.0,9922845.0,1744.0,,,,999999999999,999999999999,999999999999
1799,sqlite3NestedParse,683,1544,7154714310.0,0.0,1.0,6423507.0,1544.0,,,,999999999999,999999999999,999999999999
535,printfTempBuf,483,1160,7161148157.0,0.0,1.0,4601198.0,1160.0,,,,999999999999,999999999999,999999999999
1810,sqlite3DequoteExpr,202,936,7165777885.0,0.0,12.0,2844768.0,936.0,36179833.0,0.0,6.0,999999999999,999999999999,999999999999
1701,sqlite3ExprListSetName,420,1256,7168629643.0,0.0,11.0,4839468.0,1256.0,32607854.0,0.0,6.0,999999999999,999999999999,999999999999
1680,sqlite3PExpr,511,1408,7173485561.0,0.0,21.0,5570938.0,1408.0,34039653.0,0.0,15.0,999999999999,999999999999,999999999999
1726,sqlite3ExprAttachSubtrees,586,1240,7179061169.0,0.0,21.0,5482126.0,1240.0,34045604.0,0.0,15.0,999999999999,999999999999,999999999999
852,sqlite3GetInt32,2182,1536,7184546636.0,0.0,17.0,13789323.0,1536.0,33036714.0,0.0,15.0,999999999999,999999999999,999999999999
1706,sqlite3SrcListIndexedBy,474,1064,7198364639.0,0.0,1.0,4638338.0,1064.0,,,,999999999999,999999999999,999999999999
1715,sqlite3ExprListCheckLength,241,968,7203005407.0,0.0,1.0,3319418.0,968.0,,,,999999999999,999999999999,999999999999
1717,sqlite3Update,21493,19176,7206325985.0,0.0,1.0,170720019.0,19176.0,,,,999999999999,999999999999,999999999999
1816,sqlite3SrcListLookup,474,1224,7377049744.0,0.0,2.0,5529418.0,1224.0,42055050.0,0.0,1.0,999999999999,999999999999,999999999999
1913,sqlite3TriggersExist,355,1200,7382594651.0,0.0,2.0,4879178.0,1200.0,42093360.0,0.0,1.0,999999999999,999999999999,999999999999
2394,tempTriggersExist,207,608,7387478049.0,0.0,2.0,2948878.0,608.0,42095530.0,0.0,1.0,999999999999,999999999999,999999999999
1829,sqlite3ViewGetColumnNames,255,976,7390429697.0,0.0,2.0,3306889.0,976.0,42100060.0,0.0,1.0,999999999999,999999999999,999999999999
1915,sqlite3IsReadOnly,451,1176,7393738316.0,0.0,2.0,4944888.0,1176.0,42103130.0,0.0,1.0,999999999999,999999999999,999999999999
2398,tabIsReadOnly,407,1112,7398684674.0,0.0,2.0,4577309.0,1112.0,42105340.0,0.0,1.0,999999999999,999999999999,999999999999
1914,sqlite3FkRequired,966,1696,7403282961.0,0.0,1.0,10249165.0,1696.0,,,,999999999999,999999999999,999999999999
1950,sqlite3ExprVectorSize,339,648,7413536617.0,0.0,17.0,3525738.0,648.0,43151360.0,0.0,7.0,999999999999,999999999999,999999999999
2285,whereClauseInsert,1083,1760,7417078085.0,0.0,4.0,9751865.0,1760.0,44529619.0,0.0,1.0,999999999999,999999999999,999999999999
2286,exprAnalyze,11789,10736,7426834060.0,0.0,4.0,80070942.0,10736.0,44542479.0,0.0,1.0,999999999999,999999999999,999999999999
2322,sqlite3WhereExprUsage,165,920,7506909862.0,0.0,8.0,2983949.0,920.0,44553309.0,0.0,2.0,999999999999,999999999999,999999999999
2324,sqlite3WhereExprUsageNN,309,1000,7509897131.0,0.0,8.0,3861048.0,1000.0,44554929.0,0.0,2.0,999999999999,999999999999,999999999999
2335,sqlite3WhereExprUsageFull,1047,1616,7513760679.0,0.0,1.0,8524656.0,1616.0,,,,999999999999,999999999999,999999999999
2325,allowedOp,275,568,7522287804.0,0.0,4.0,2741049.0,568.0,44564259.0,0.0,1.0,999999999999,999999999999,999999999999
1813,sqlite3ExprSkipCollate,194,576,7525031303.0,0.0,6.0,3383829.0,576.0,44567059.0,0.0,2.0,999999999999,999999999999,999999999999
2326,exprMightBeIndexed,769,1264,7528417572.0,0.0,6.0,8021446.0,1264.0,44572229.0,0.0,2.0,999999999999,999999999999,999999999999
2327,operatorMask,276,640,7536441328.0,0.0,3.0,3090819.0,640.0,44576309.0,0.0,1.0,999999999999,999999999999,999999999999
2334,isAuxiliaryVtabOperator,2528,2040,7539535057.0,0.0,4.0,15716602.0,2040.0,44586689.0,0.0,1.0,999999999999,999999999999,999999999999
2308,codeEqualityTerm,4613,4192,7555266579.0,0.0,1.0,35510953.0,4192.0,,,,999999999999,999999999999,999999999999
2310,disableTerm,620,824,7590781862.0,0.0,1.0,6765747.0,824.0,,,,999999999999,999999999999,999999999999
1887,sqlite3ReleaseTempReg,207,584,7597550069.0,0.0,53.0,2826549.0,584.0,44358919.0,0.0,48.0,999999999999,999999999999,999999999999
1921,sqlite3WhereOkOnePass,111,576,7600382788.0,0.0,1.0,2133568.0,576.0,,,,999999999999,999999999999,999999999999
1923,sqlite3WhereUsesDeferredSeek,72,544,7602518376.0,0.0,1.0,2045079.0,544.0,,,,999999999999,999999999999,999999999999
1926,sqlite3OpenTableAndIndices,1465,2096,7604588885.0,0.0,2.0,14226664.0,2096.0,48000557.0,0.0,1.0,999999999999,999999999999,999999999999
1941,sqlite3TriggerColmask,765,1488,7618820309.0,0.0,1.0,8612325.0,1488.0,,,,999999999999,999999999999,999999999999
1776,sqlite3ExprCode,474,1232,7627435504.0,0.0,28.0,5254248.0,1232.0,45899878.0,0.0,21.0,999999999999,999999999999,999999999999
1987,sqlite3VdbeLoadString,128,960,7632694002.0,0.0,12.0,2585479.0,960.0,45914938.0,0.0,6.0,999999999999,999999999999,999999999999
1945,sqlite3GenerateConstraintChecks,17496,16056,7635300221.0,0.0,2.0,138301604.0,16056.0,48124087.0,0.0,1.0,999999999999,999999999999,999999999999
2429,indexIteratorFirst,178,624,7773606535.0,0.0,2.0,3297339.0,624.0,48512026.0,0.0,1.0,999999999999,999999999999,999999999999
1797,sqlite3TableAffinity,737,1648,7776910444.0,0.0,2.0,7341986.0,1648.0,48518517.0,0.0,1.0,999999999999,999999999999,999999999999
2121,sqlite3TableAffinityStr,692,1224,7784255860.0,0.0,2.0,7647026.0,1224.0,48520937.0,0.0,1.0,999999999999,999999999999,999999999999
1947,sqlite3GenerateRowIndexDelete,891,1696,7791924856.0,0.0,1.0,10607905.0,1696.0,,,,999999999999,999999999999,999999999999
1948,sqlite3CompleteInsertion,1648,2144,7802534741.0,0.0,2.0,15411723.0,2144.0,48570017.0,0.0,1.0,999999999999,999999999999,999999999999
1932,sqlite3AuthContextPop,139,576,7817951164.0,0.0,1.0,2468669.0,576.0,,,,999999999999,999999999999,999999999999
1665,yy_accept,75,552,7820446933.0,0.0,1.0,1953119.0,552.0,,,,999999999999,999999999999,999999999999
1800,sqlite3ChangeCookie,213,984,7822408252.0,0.0,1.0,3007288.0,984.0,,,,999999999999,999999999999,999999999999
1801,sqlite3VdbeAddParseSchemaOp,322,1272,7825427970.0,0.0,1.0,5348498.0,1272.0,,,,999999999999,999999999999,999999999999
1792,sqlite3MayAbort,149,568,7830780848.0,0.0,7.0,2363979.0,568.0,47811127.0,0.0,6.0,999999999999,999999999999,999999999999
501,deleteTable,707,1648,7833162517.0,0.0,5.0,7828496.0,1648.0,48801986.0,0.0,4.0,999999999999,999999999999,999999999999
1646,sqlite3FkDelete,661,1464,7840993713.0,0.0,5.0,7460106.0,1464.0,48804926.0,0.0,4.0,999999999999,999999999999,999999999999
1648,sqlite3DeleteColumnNames,531,1336,7848455909.0,0.0,5.0,6582257.0,1336.0,48808476.0,0.0,4.0,999999999999,999999999999,999999999999
1617,sqlite3VdbeSetSql,280,1048,7855050026.0,0.0,3.0,3726979.0,1048.0,29308746.0,0.0,3.0,999999999999,999999999999,999999999999
800,sqlite3_sql,129,568,7858787835.0,0.0,3.0,2330988.0,568.0,29342846.0,0.0,3.0,999999999999,999999999999,999999999999
846,sqlite3_stmt_isexplain,151,568,7861123053.0,0.0,6.0,2423379.0,568.0,29348986.0,0.0,6.0,999999999999,999999999999,999999999999
273,bind_prepared_stmt,978,2160,7863548762.0,0.0,3.0,10288175.0,2160.0,29354146.0,0.0,3.0,999999999999,999999999999,999999999999
838,sqlite3_bind_parameter_count,147,560,7873839237.0,0.0,3.0,2432549.0,560.0,29356476.0,0.0,3.0,999999999999,999999999999,999999999999
270,exec_prepared_stmt,2296,2376,7876273706.0,0.0,3.0,16329512.0,2376.0,29359186.0,0.0,3.0,999999999999,999999999999,999999999999
2705,pcache1PinPage,169,632,7892746368.0,0.0,572.0,2634689.0,632.0,29635435.0,10000000.0,866.0,999999999999,999999999999,999999999999
1124,sqlite3TempInMemory,91,552,7895386997.0,0.0,6.0,2000509.0,552.0,50015126.0,0.0,5.0,999999999999,999999999999,999999999999
1248,sqlite3PagerBegin,465,1272,7897390176.0,0.0,3.0,5447877.0,1272.0,50016916.0,0.0,2.0,999999999999,999999999999,999999999999
2805,utimes,245,1152,7902841254.0,0.0,4.0,4074259.0,1152.0,50022776.0,0.0,2.0,999999999999,999999999999,999999999999
2791,__wasilibc_nocwd_utimensat,505,1712,7906920582.0,0.0,4.0,8728575.0,1712.0,50044276.0,0.0,2.0,999999999999,999999999999,999999999999
2774,__wasi_path_filestat_set_times,34,976,7915651127.0,0.0,4.0,2490399.0,976.0,50045836.0,0.0,2.0,999999999999,999999999999,999999999999
688,newDatabase,807,1600,7918183096.0,0.0,3.0,7500726.0,1600.0,50072646.0,0.0,2.0,999999999999,999999999999,999999999999
672,sqlite3PagerWrite,427,1160,7925686552.0,0.0,90858.0,5000258.0,1160.0,50567405.0,310000000.0,90867.0,999999999999,999999999999,999999999999
694,pager_write,790,1456,7930689010.0,0.0,287.0,7102117.0,1456.0,50570375.0,0.0,292.0,999999999999,999999999999,999999999999
1261,pager_open_journal,1017,1784,7937793577.0,0.0,3.0,9110815.0,1784.0,50573315.0,0.0,2.0,999999999999,999999999999,999999999999
1025,sqlite3BitvecCreate,161,960,7946908302.0,0.0,2.0,3025379.0,960.0,51617385.0,0.0,1.0,999999999999,999999999999,999999999999
1267,jrnlBufferSize,39,536,7949947141.0,0.0,2.0,1899969.0,536.0,51637245.0,0.0,1.0,999999999999,999999999999,999999999999
1268,databaseIsUnmoved,365,1064,7951849270.0,0.0,2.0,4295938.0,1064.0,51638635.0,0.0,1.0,999999999999,999999999999,999999999999
1265,sqlite3JournalOpen,541,1224,7956146428.0,0.0,2.0,5710637.0,1224.0,51650895.0,0.0,1.0,999999999999,999999999999,999999999999
1091,getFileMode,293,1144,7961864455.0,0.0,2.0,4165467.0,1144.0,51680295.0,0.0,1.0,999999999999,999999999999,999999999999
1184,writeJournalHdr,1408,2080,7966120613.0,0.0,2.0,13179094.0,2080.0,51794765.0,0.0,1.0,999999999999,999999999999,999999999999
1183,journalHdrOffset,235,616,7979302077.0,0.0,4.0,3118078.0,616.0,51798725.0,0.0,2.0,999999999999,999999999999,999999999999
570,sqlite3OsRandomness,303,1144,7982426005.0,0.0,1.0,4276549.0,1144.0,51814965.0,0.0,1.0,999999999999,999999999999,999999999999
592,unixRandomness,514,1408,7986705214.0,0.0,1.0,5816677.0,1408.0,51816835.0,0.0,1.0,999999999999,999999999999,999999999999
2745,time,93,976,7992556781.0,0.0,1.0,2901708.0,976.0,51845965.0,0.0,1.0,999999999999,999999999999,999999999999
571,chacha_block,4736,1648,7995463249.0,0.0,1.0,30616846.0,1648.0,51851755.0,0.0,1.0,999999999999,999999999999,999999999999
686,sqlite3Put4byte,156,600,8026085064.0,0.0,879.0,2626309.0,600.0,50602825.0,0.0,882.0,999999999999,999999999999,999999999999
674,sqlite3OsWrite,155,992,8028715073.0,0.0,296.0,2949259.0,992.0,51978475.0,0.0,684.0,999999999999,999999999999,999999999999
1066,unixWrite,578,1336,8031666652.0,0.0,296.0,6745197.0,1336.0,51980135.0,0.0,684.0,999999999999,999999999999,999999999999
1067,seekAndWrite,158,976,8038413889.0,0.0,296.0,2897829.0,976.0,51982445.0,0.0,684.0,999999999999,999999999999,999999999999
1089,seekAndWriteFd,571,1424,8041313058.0,0.0,296.0,6875636.0,1424.0,51984205.0,0.0,684.0,999999999999,999999999999,999999999999
2750,write,113,984,8048199044.0,0.0,296.0,3154208.0,984.0,51990365.0,0.0,684.0,999999999999,999999999999,999999999999
1230,sqlite3PcacheMakeDirty,275,952,8051419742.0,0.0,287.0,3497109.0,952.0,50577975.0,0.0,292.0,999999999999,999999999999,999999999999
1121,pcacheManageDirtyList,934,872,8054920001.0,0.0,1140.0,6960197.0,872.0,50581065.0,0.0,1258.0,999999999999,999999999999,999999999999
1231,sqlite3BitvecTestNotNull,815,824,8061883318.0,0.0,286.0,8116406.0,824.0,52263365.0,0.0,291.0,999999999999,999999999999,999999999999
1253,zeroPage,983,1536,8070003714.0,0.0,285.0,8712135.0,1536.0,50591735.0,0.0,289.0,999999999999,999999999999,999999999999
1233,decodeFlags,1226,1552,8078718739.0,0.0,286.0,8565936.0,1552.0,16961852.0,10000000.0,659.0,999999999999,999999999999,999999999999
682,sqlite3PagerOpenSavepoint,211,968,8087288786.0,0.0,3.0,3363939.0,968.0,50081236.0,0.0,2.0,999999999999,999999999999,999999999999
1356,out2Prerelease,238,1000,8090660594.0,0.0,150082.0,3679948.0,1000.0,29673926.0,520000000.0,180065.0,999999999999,999999999999,999999999999
1364,sqlite3VdbeBooleanValue,303,992,8094343682.0,0.0,30001.0,3792218.0,992.0,46278053639.0,190000000.0,60000.0,999999999999,999999999999,999999999999
667,sqlite3BtreeUpdateMeta,325,1216,8098137860.0,0.0,3.0,4641058.0,1216.0,,,,999999999999,999999999999,999999999999
1383,sqlite3BtreeCreateTable,140,1056,8102783778.0,0.0,1.0,2938829.0,1056.0,,,,999999999999,999999999999,999999999999
1466,btreeCreateTable,2057,3056,8105725637.0,0.0,1.0,17069552.0,3056.0,,,,999999999999,999999999999,999999999999
1279,allocateBtreePage,6533,6184,8122797719.0,0.0,283.0,47261347.0,6184.0,97825673.0,0.0,288.0,999999999999,999999999999,999999999999
1294,btreeGetUnusedPage,354,1240,8170065386.0,0.0,283.0,4734618.0,1240.0,97925633.0,0.0,288.0,999999999999,999999999999,999999999999
2708,pcache1UnderMemoryPressure,215,968,8174810124.0,0.0,283.0,3177818.0,968.0,97942413.0,0.0,485.0,999999999999,999999999999,999999999999
1491,sqlite3HeapNearlyFull,57,536,8177990732.0,0.0,283.0,1766359.0,536.0,97943903.0,0.0,485.0,999999999999,999999999999,999999999999
1197,addToSavepointBitvecs,338,1176,8179762821.0,0.0,285.0,5675687.0,1176.0,52348085.0,0.0,291.0,999999999999,999999999999,999999999999
1148,sqlite3PagerPageRefcount,88,896,8185446979.0,0.0,564.0,2336439.0,896.0,97683783.0,0.0,576.0,999999999999,999999999999,999999999999
1232,sqlite3PcachePageRefcount,51,544,8187785827.0,0.0,564.0,1951399.0,544.0,97685154.0,0.0,576.0,999999999999,999999999999,999999999999
1280,releasePage,120,880,8189741957.0,0.0,1128.0,2578329.0,880.0,97986553.0,0.0,1152.0,999999999999,999999999999,999999999999
611,sqlite3PagerUnref,120,880,8192324036.0,0.0,3.0,2581458.0,880.0,20451353620.0,0.0,1.0,999999999999,999999999999,999999999999
637,sqlite3PagerUnrefNotNull,141,912,8194909834.0,0.0,854.0,2802599.0,912.0,22130719.0,0.0,1248.0,999999999999,999999999999,999999999999
1547,allocateTempSpace,325,1112,8197723663.0,0.0,2.0,4174918.0,1112.0,50166896.0,0.0,2.0,999999999999,999999999999,999999999999
1387,sqlite3BtreeLast,249,976,8201910141.0,0.0,60001.0,3586698.0,976.0,50679135.0,110000000.0,60000.0,999999999999,999999999999,999999999999
1467,btreeLast,342,1112,8205498429.0,10000000.0,30284.0,4219728.0,1112.0,50680925.0,50000000.0,30287.0,999999999999,999999999999,999999999999
1472,getAndInitPage,520,1536,8209720017.0,0.0,569.0,6321197.0,1536.0,16941632.0,0.0,959.0,999999999999,999999999999,999999999999
734,sqlite3VdbeMemRelease,144,904,8216049094.0,0.0,29942.0,3009149.0,904.0,46277780249.0,180000000.0,59941.0,999999999999,999999999999,999999999999
1397,sqlite3BtreeInsert,5857,4544,8219061273.0,0.0,60002.0,36956672.0,4544.0,50713845.0,370000000.0,60000.0,999999999999,999999999999,999999999999
1389,sqlite3BtreeTableMoveto,2904,2432,8256020655.0,0.0,60002.0,20705940.0,2432.0,50723545.0,140000000.0,60000.0,999999999999,999999999999,999999999999
1479,fillInCell,3155,3176,8276731285.0,0.0,60002.0,24336499.0,3176.0,50736145.0,290000000.0,60000.0,999999999999,999999999999,999999999999
1373,sqlite3PutVarint,392,1008,8301070364.0,10000000.0,60004.0,3981588.0,1008.0,50742195.0,190000000.0,120002.0,999999999999,999999999999,999999999999
1482,insertCellFast,3093,2752,8305057412.0,0.0,60002.0,21411860.0,2752.0,50753455.0,170000000.0,60000.0,999999999999,999999999999,999999999999
2899,memmove,1217,2192,8326474102.0,0.0,60283.0,23417568.0,2192.0,50767605.0,630000000.0,60513.0,999999999999,999999999999,999999999999
1386,sqlite3VdbeFreeCursor,136,896,8349896810.0,0.0,2.0,2686449.0,896.0,,,,999999999999,999999999999,999999999999
1285,releasePageNotNull,81,888,8352589249.0,0.0,851.0,2289169.0,888.0,22129529.0,0.0,1247.0,999999999999,999999999999,999999999999
769,sqlite3VdbeMemSetNull,146,904,8354894978.0,0.0,30215.0,2798039.0,904.0,51318575.0,10000000.0,30214.0,999999999999,999999999999,999999999999
1243,sqlite3GetVarint,3210,1288,8357710467.0,0.0,1.0,14737662.0,1288.0,46277527370.0,350000000.0,60002.0,999999999999,999999999999,999999999999
1402,sqlite3VdbeCursorRestore,141,1008,8372453239.0,0.0,1.0,3154659.0,1008.0,,,,999999999999,999999999999,999999999999
1366,sqlite3BtreeCursorHasMoved,91,544,8375609478.0,0.0,330365.0,2077799.0,544.0,16983722.0,1250000000.0,600362.0,999999999999,999999999999,999999999999
1286,sqlite3BtreeIntegerKey,95,920,8377689337.0,0.0,30000.0,2358339.0,920.0,51469825.0,0.0,30000.0,999999999999,999999999999,999999999999
1288,getCellInfo,214,936,8380049046.0,10000000.0,90001.0,3172869.0,936.0,16987092.0,130000000.0,120001.0,999999999999,999999999999,999999999999
1289,btreeParseCell,306,1024,8383223325.0,0.0,90001.0,3591447.0,1024.0,16989492.0,140000000.0,120001.0,999999999999,999999999999,999999999999
1236,btreeParseCellPtr,2548,1656,8386816522.0,0.0,120002.0,14627044.0,1656.0,16992212.0,1500000000.0,150001.0,999999999999,999999999999,999999999999
1357,sqlite3VdbeMemShallowCopy,399,1040,8401451636.0,0.0,330141.0,4214228.0,1040.0,50911195.0,1030000000.0,330140.0,999999999999,999999999999,999999999999
755,sqlite3VdbeMemMakeWriteable,424,1104,8405669054.0,0.0,210141.0,4847328.0,1104.0,50811935.0,1800000000.0,210140.0,999999999999,999999999999,999999999999
1360,applyAffinity,670,1120,8410521042.0,10000000.0,180005.0,5571396.0,1120.0,51495085.0,610000000.0,180000.0,999999999999,999999999999,999999999999
1372,sqlite3VarintLen,150,600,8416094578.0,10000000.0,180064.0,3128618.0,600.0,51526375.0,810000000.0,270060.0,999999999999,999999999999,999999999999
1481,dropCell,1188,1672,8419235157.0,0.0,30001.0,9787956.0,1672.0,50853255.0,50000000.0,30000.0,999999999999,999999999999,999999999999
1560,freeSpace,4242,2408,8429025873.0,0.0,30001.0,25070338.0,2408.0,50857635.0,290000000.0,30001.0,999999999999,999999999999,999999999999
1378,sqlite3FkClearTriggerCache,473,1312,8454106991.0,0.0,1.0,6762707.0,1312.0,,,,999999999999,999999999999,999999999999
1730,sqlite3ExprAnd,537,1256,8460920448.0,0.0,1.0,5310797.0,1256.0,,,,999999999999,999999999999,999999999999
1053,lookasideMallocSize,147,584,8466263275.0,0.0,7.0,2596528.0,584.0,36835472.0,0.0,6.0,999999999999,999999999999,999999999999
1849,propagateConstants,693,1584,8468898833.0,0.0,1.0,8263847.0,1584.0,,,,999999999999,999999999999,999999999999
2215,findConstInWhere,685,1472,8477165350.0,0.0,3.0,6817327.0,1472.0,,,,999999999999,999999999999,999999999999
1733,sqlite3ExprIsConstant,101,920,8483985917.0,0.0,3.0,2467248.0,920.0,47171947.0,0.0,2.0,999999999999,999999999999,999999999999
1964,exprIsConst,187,1000,8486455505.0,0.0,42.0,3032928.0,1000.0,44888309.0,0.0,37.0,999999999999,999999999999,999999999999
2080,exprNodeIsConstant,1313,1376,8489490884.0,0.0,63.0,9176665.0,1376.0,44892009.0,0.0,58.0,999999999999,999999999999,999999999999
2277,constInsert,1019,1576,8498671459.0,0.0,1.0,9792306.0,1576.0,,,,999999999999,999999999999,999999999999
2058,sqlite3ExprAffinity,998,2736,8508465925.0,0.0,18.0,8921605.0,2736.0,43964859.0,0.0,10.0,999999999999,999999999999,999999999999
917,sqlite3ExprCompareCollSeq,227,1008,8517390890.0,0.0,1.0,3593588.0,1008.0,,,,999999999999,999999999999,999999999999
918,sqlite3BinaryCompareCollSeq,379,1168,8520987739.0,0.0,7.0,4718288.0,1168.0,45007249.0,0.0,4.0,999999999999,999999999999,999999999999
1002,sqlite3ColumnColl,386,632,8525709796.0,0.0,7.0,4627278.0,632.0,45013909.0,0.0,4.0,999999999999,999999999999,999999999999
2218,sqlite3IsBinary,143,568,8530341954.0,0.0,1.0,2470579.0,568.0,,,,999999999999,999999999999,999999999999
2032,sqlite3TableColumnAffinity,254,624,8532815023.0,0.0,5.0,3334959.0,624.0,45030369.0,0.0,1.0,999999999999,999999999999,999999999999
2216,propagateConstantExprRewrite,607,1320,8536157492.0,0.0,7.0,6000977.0,1320.0,,,,999999999999,999999999999,999999999999
2278,propagateConstantExprRewriteOne,1151,1520,8542160189.0,0.0,7.0,10455835.0,1520.0,,,,999999999999,999999999999,999999999999
2304,termCanDriveIndex,606,1288,8552647393.0,0.0,2.0,6526108.0,1288.0,,,,999999999999,999999999999,999999999999
2345,sqlite3IndexAffinityOk,372,1024,8559175971.0,0.0,1.0,4032128.0,1024.0,,,,999999999999,999999999999,999999999999
2346,comparisonAffinity,388,1152,8563210299.0,0.0,1.0,4914557.0,1152.0,,,,999999999999,999999999999,999999999999
2079,sqlite3CompareAffinity,551,1048,8568127416.0,0.0,7.0,4754168.0,1048.0,45026189.0,0.0,4.0,999999999999,999999999999,999999999999
2111,sqlite3ProgressCheck,496,1184,8572890704.0,0.0,3.0,5147008.0,1184.0,44644549.0,0.0,1.0,999999999999,999999999999,999999999999
1895,sqlite3ExprIfFalse,2579,3856,8578060361.0,0.0,7.0,20319570.0,3856.0,44873889.0,0.0,5.0,999999999999,999999999999,999999999999
2039,sqlite3ExprIsVector,109,904,8598383002.0,0.0,6.0,2345859.0,904.0,44878739.0,0.0,4.0,999999999999,999999999999,999999999999
2041,sqlite3ExprCodeTemp,520,1456,8600731750.0,0.0,39.0,5854427.0,1456.0,44882699.0,0.0,35.0,999999999999,999999999999,999999999999
2043,sqlite3ExprIsConstantNotJoin,101,920,8606588308.0,0.0,39.0,2432579.0,920.0,44886769.0,0.0,35.0,999999999999,999999999999,999999999999
1886,sqlite3GetTempReg,207,600,8609025027.0,0.0,31.0,3170998.0,600.0,44346459.0,0.0,29.0,999999999999,999999999999,999999999999
2044,sqlite3ExprCodeRunJustOnce,1367,2040,8612202045.0,0.0,19.0,13314984.0,2040.0,44953859.0,0.0,17.0,999999999999,999999999999,999999999999
1807,sqlite3ExprDup,183,952,8625519199.0,0.0,37.0,2999228.0,952.0,42357390.0,0.0,35.0,999999999999,999999999999,999999999999
2072,exprDup,2769,2968,8628520417.0,0.0,29.0,19510201.0,2968.0,42359040.0,0.0,27.0,999999999999,999999999999,999999999999
2113,dupedExprStructSize,278,624,8648037348.0,0.0,29.0,3409988.0,624.0,42384740.0,0.0,27.0,999999999999,999999999999,999999999999
2114,exprStructSize,152,608,8651450266.0,0.0,29.0,2765639.0,608.0,42388570.0,0.0,27.0,999999999999,999999999999,999999999999
2042,codeCompare,474,1480,8654221735.0,0.0,6.0,6298417.0,1480.0,45005089.0,0.0,4.0,999999999999,999999999999,999999999999
2064,binaryCompareP5,208,1056,8660526772.0,0.0,6.0,3250869.0,1056.0,45021029.0,0.0,4.0,999999999999,999999999999,999999999999
1474,moveToLeftmost,487,1208,8663862291.0,0.0,30283.0,5761007.0,1208.0,16974292.0,200000000.0,30569.0,999999999999,999999999999,999999999999
812,sqlite3BtreePayloadSize,91,920,8669628128.0,0.0,60001.0,2366759.0,920.0,16985722.0,30000000.0,90001.0,999999999999,999999999999,999999999999
1368,sqlite3BtreePayloadFetch,94,912,8671999857.0,10000000.0,60001.0,2402198.0,912.0,17001592.0,10000000.0,90001.0,999999999999,999999999999,999999999999
1449,fetchPayload,344,640,8674404195.0,0.0,60001.0,3583959.0,640.0,17002942.0,270000000.0,90001.0,999999999999,999999999999,999999999999
1369,sqlite3VdbeOneByteSerialTypeLen,77,544,8677990444.0,0.0,330144.0,2107409.0,544.0,17009622.0,2190000000.0,630144.0,999999999999,999999999999,999999999999
1363,sqlite3MemCompare,1471,1488,8680103883.0,0.0,89978.0,10394055.0,1488.0,46277765070.0,520000000.0,179976.0,999999999999,999999999999,999999999999
1446,vdbeCompareMemString,879,1824,8690500008.0,0.0,387509.0,8553636.0,1824.0,25997974824.0,1480000000.0,866433.0,999999999999,999999999999,999999999999
981,binCollFunc,267,1040,8699055864.0,0.0,387509.0,3893488.0,1040.0,25997979354.0,790000000.0,866433.0,999999999999,999999999999,999999999999
815,sqlite3VdbeSerialGet,1427,1888,8702960072.0,20000000.0,609158.0,8797556.0,1888.0,17115552.0,3780000000.0,1286332.0,999999999999,999999999999,999999999999
814,sqlite3GetVarint32,630,1160,8711760808.0,0.0,1.0,5498097.0,1160.0,17125462.0,0.0,1.0,999999999999,999999999999,999999999999
884,sqlite3VdbeSerialTypeLen,166,568,8717260565.0,10000000.0,666571.0,2725699.0,568.0,17129392.0,4680000000.0,1582671.0,999999999999,999999999999,999999999999
629,sqlite3_column_count,151,576,8719993084.0,0.0,2.0,2691759.0,576.0,17169052.0,0.0,2.0,999999999999,999999999999,999999999999
630,sqlite3_column_name,103,920,8722687643.0,0.0,12.0,2514749.0,920.0,17186632.0,0.0,12.0,999999999999,999999999999,999999999999
826,columnName,1206,1408,8725203802.0,0.0,12.0,8942635.0,1408.0,17187742.0,0.0,12.0,999999999999,999999999999,999999999999
553,sqlite3_value_text,97,904,8734149707.0,0.0,157.0,2318679.0,904.0,17192962.0,0.0,157.0,999999999999,999999999999,999999999999
739,sqlite3ValueText,416,1008,8736471436.0,0.0,157.0,4459078.0,1008.0,17194272.0,0.0,157.0,999999999999,999999999999,999999999999
631,sqlite3_column_text,134,1056,8740935004.0,0.0,145.0,2879819.0,1056.0,17224512.0,0.0,145.0,999999999999,999999999999,999999999999
622,columnMem,423,1120,8743816543.0,0.0,285.0,4697138.0,1120.0,17225562.0,0.0,285.0,999999999999,999999999999,999999999999
623,columnMallocFailure,173,960,8748516561.0,0.0,285.0,3057748.0,960.0,17231032.0,0.0,285.0,999999999999,999999999999,999999999999
750,valueToText,752,1360,8751578949.0,0.0,101.0,7114196.0,1360.0,17252372.0,0.0,101.0,999999999999,999999999999,999999999999
1349,sqlite3VdbeMemStringify,414,1232,8758695185.0,0.0,60101.0,4971178.0,1232.0,17255422.0,10000000.0,60101.0,999999999999,999999999999,999999999999
1350,vdbeMemRenderNum,422,1224,8763672623.0,0.0,60101.0,4809968.0,1224.0,17278942.0,40000000.0,60101.0,999999999999,999999999999,999999999999
1351,sqlite3Int64ToText,618,1208,8768483881.0,0.0,60041.0,6565067.0,1208.0,17281192.0,290000000.0,60041.0,999999999999,999999999999,999999999999
763,sqlite3VdbeChangeEncoding,297,1008,8775052258.0,0.0,60221.0,3843938.0,1008.0,17289082.0,110000000.0,60222.0,999999999999,999999999999,999999999999
809,sqlite3BtreeNext,491,1120,8778992146.0,0.0,30282.0,5082757.0,1120.0,22091609.0,440000000.0,60568.0,999999999999,999999999999,999999999999
1473,btreeNext,1462,1776,8784076483.0,0.0,284.0,11357415.0,1776.0,22095349.0,10000000.0,572.0,999999999999,999999999999,999999999999
1315,sqlite3VdbeCloseStatement,173,976,8795449928.0,0.0,1.0,3331009.0,976.0,,,,999999999999,999999999999,999999999999
486,sqlite3BtreePager,56,544,8798796527.0,0.0,2.0,1991219.0,544.0,29677195.0,0.0,2.0,999999999999,999999999999,999999999999
661,sqlite3PagerGetJournalMode,61,544,8800790056.0,0.0,2.0,1975479.0,544.0,29678395.0,0.0,2.0,999999999999,999999999999,999999999999
662,sqlite3PagerIsMemdb,139,568,8802767565.0,0.0,2.0,2527368.0,568.0,20451189820.0,0.0,1.0,999999999999,999999999999,999999999999
1182,sqlite3PagerExclusiveLock,134,952,8805297613.0,0.0,4.0,2953898.0,952.0,20451192230.0,0.0,2.0,999999999999,999999999999,999999999999
673,sqlite3PagerCommitPhaseOne,883,1888,8808319311.0,0.0,2.0,9045385.0,1888.0,20451324710.0,0.0,1.0,999999999999,999999999999,999999999999
696,pagerFlushOnCommit,285,1000,8817367578.0,0.0,6.0,3799009.0,1000.0,20450897290.0,0.0,4.0,999999999999,999999999999,999999999999
698,pager_incr_changecounter,345,1248,8821169356.0,0.0,2.0,4678478.0,1248.0,20451331150.0,0.0,1.0,999999999999,999999999999,999999999999
1187,pager_write_changecounter,292,1160,8825854444.0,0.0,4.0,3896808.0,1160.0,20451346230.0,0.0,2.0,999999999999,999999999999,999999999999
699,writeSuperJournal,1643,2008,8829756472.0,0.0,2.0,12142364.0,2008.0,20451357410.0,0.0,1.0,999999999999,999999999999,999999999999
700,syncJournal,1728,2168,8841901186.0,0.0,2.0,12619584.0,2168.0,20451361020.0,0.0,1.0,999999999999,999999999999,999999999999
708,sqlite3OsSync,155,960,8854553280.0,0.0,6.0,2986528.0,960.0,20451413050.0,0.0,3.0,999999999999,999999999999,999999999999
1070,unixSync,573,1496,8857541708.0,0.0,6.0,6478327.0,1496.0,20451415150.0,0.0,3.0,999999999999,999999999999,999999999999
587,full_fsync,107,944,8864023515.0,0.0,8.0,2569009.0,944.0,20451418150.0,0.0,4.0,999999999999,999999999999,999999999999
2746,fsync,43,880,8866595234.0,0.0,8.0,2403449.0,880.0,20451419479.0,0.0,4.0,999999999999,999999999999,999999999999
2770,__wasi_fd_sync,16,824,8869001093.0,0.0,8.0,1911919.0,824.0,20451420530.0,0.0,4.0,999999999999,999999999999,999999999999
1088,openDirectory,797,1368,8871257972.0,0.0,2.0,8115126.0,1368.0,20451680590.0,0.0,1.0,999999999999,999999999999,999999999999
588,robust_close,232,1088,8879427868.0,0.0,5.0,3796259.0,1088.0,20451815589.0,0.0,4.0,999999999999,999999999999,999999999999
2754,close,40,936,8883225716.0,0.0,5.0,2442539.0,936.0,1991019.0,0.0,5.0,999999999999,999999999999,999999999999
2760,__wasi_fd_close,16,824,8885670445.0,0.0,5.0,1920729.0,824.0,1991909.0,0.0,5.0,999999999999,999999999999,999999999999
1185,sqlite3PcacheClearSyncFlags,198,608,8887884964.0,0.0,2.0,3604158.0,608.0,20452066309.0,0.0,1.0,999999999999,999999999999,999999999999
701,sqlite3PcacheDirtyList,206,968,8891492412.0,0.0,2.0,3947428.0,968.0,20452174759.0,0.0,1.0,999999999999,999999999999,999999999999
1269,pcacheSortDirtyList,1146,1504,8895443910.0,0.0,2.0,9686846.0,1504.0,20452256079.0,0.0,1.0,999999999999,999999999999,999999999999
1270,pcacheMergeDirtyList,395,696,8905133856.0,0.0,284.0,4536187.0,696.0,20452262729.0,0.0,290.0,999999999999,999999999999,999999999999
702,pager_write_pagelist,1377,1856,8909672093.0,0.0,2.0,12176725.0,1856.0,20453626559.0,0.0,1.0,999999999999,999999999999,999999999999
1078,fcntlSizeHint,882,1376,8921853088.0,0.0,2.0,8419926.0,1376.0,20453636859.0,0.0,1.0,999999999999,999999999999,999999999999
1188,sqlite3BackupUpdate,152,920,8930325234.0,0.0,286.0,3270128.0,920.0,20453673709.0,0.0,291.0,999999999999,999999999999,999999999999
703,sqlite3PcacheCleanAll,139,992,8933629262.0,0.0,4.0,3541278.0,992.0,20459442736.0,0.0,2.0,999999999999,999999999999,999999999999
1176,sqlite3PcacheMakeClean,254,1016,8937172910.0,0.0,287.0,3395818.0,1016.0,20450963700.0,0.0,292.0,999999999999,999999999999,999999999999
676,sqlite3PagerSync,339,1120,8940575548.0,0.0,2.0,4340339.0,1120.0,20461255914.0,0.0,1.0,999999999999,999999999999,999999999999
707,sqlite3OsFileControl,217,992,8944918547.0,0.0,5.0,3527258.0,992.0,51641195.0,0.0,3.0,999999999999,999999999999,999999999999
709,sqlite3PagerCommitPhaseTwo,437,1144,8948743105.0,0.0,2.0,4758578.0,1144.0,20462375004.0,0.0,1.0,999999999999,999999999999,999999999999
1205,sqlite3JournalIsInMemory,83,544,8953507973.0,0.0,4.0,2071669.0,544.0,20450889510.0,0.0,3.0,999999999999,999999999999,999999999999
1093,nolockClose,78,896,8955582802.0,0.0,2.0,2259279.0,896.0,20462391134.0,0.0,2.0,999999999999,999999999999,999999999999
1061,closeUnixFile,344,1120,8957844531.0,0.0,3.0,4162657.0,1120.0,20462392504.0,0.0,3.0,999999999999,999999999999,999999999999
1207,sqlite3OsDelete,201,976,8962023218.0,0.0,2.0,3330269.0,976.0,20462404204.0,0.0,1.0,999999999999,999999999999,999999999999
586,unixDelete,544,1456,8965355637.0,0.0,2.0,6235487.0,1456.0,20462406134.0,0.0,1.0,999999999999,999999999999,999999999999
2806,unlink,161,1016,8971594234.0,0.0,2.0,3055568.0,1016.0,20462408534.0,0.0,2.0,999999999999,999999999999,999999999999
2792,__wasilibc_nocwd___wasilibc_unlinkat,36,864,8974659412.0,0.0,2.0,2294588.0,864.0,20462432064.0,0.0,2.0,999999999999,999999999999,999999999999
2779,__wasi_path_unlink_file,26,928,8976955731.0,0.0,2.0,2263659.0,928.0,20462433414.0,0.0,2.0,999999999999,999999999999,999999999999
2702,pcache1Truncate,192,968,8979301650.0,0.0,6.0,3169428.0,968.0,20450905640.0,0.0,5.0,999999999999,999999999999,999999999999
1160,pager_error,245,1000,8982478779.0,0.0,2.0,3564718.0,1000.0,20462517004.0,0.0,1.0,999999999999,999999999999,999999999999
710,btreeClearHasContent,100,928,8986045787.0,0.0,3.0,2443049.0,928.0,20450918310.0,0.0,2.0,999999999999,999999999999,999999999999
271,explain_data_delete,140,968,8988562616.0,0.0,3.0,2704878.0,968.0,29840646.0,0.0,3.0,999999999999,999999999999,999999999999
267,eqp_render,551,1344,8991270564.0,0.0,3.0,5516658.0,1344.0,29843286.0,0.0,3.0,999999999999,999999999999,999999999999
639,sqlite3LeaveMutexAndCloseZombie,1974,2864,8996802252.0,0.0,4.0,18256042.0,2864.0,29888255.0,0.0,4.0,999999999999,999999999999,999999999999
474,endTimer,357,1448,9015062814.0,0.0,3.0,3997437.0,1448.0,29896025.0,0.0,3.0,999999999999,999999999999,999999999999
475,doAutoDetectRestore,1546,2720,9019062301.0,0.0,3.0,12735045.0,2720.0,29899065.0,0.0,3.0,999999999999,999999999999,999999999999
200,clearTempFile,265,1048,9031802636.0,0.0,4.0,3540219.0,1048.0,29910895.0,0.0,4.0,999999999999,999999999999,999999999999
1721,sqlite3IdListAppend,785,1464,9035398954.0,0.0,5.0,7004346.0,1464.0,31530755.0,0.0,5.0,999999999999,999999999999,999999999999
1737,parserAddExprIdListTerm,341,1312,9042423430.0,0.0,1.0,4957108.0,1312.0,32598684.0,0.0,1.0,999999999999,999999999999,999999999999
1702,sqlite3ExprListSetSpan,370,1072,9047393938.0,0.0,14.0,4443528.0,1072.0,33192804.0,0.0,14.0,999999999999,999999999999,999999999999
1806,sqlite3DbSpanDup,373,1040,9051839776.0,0.0,9.0,5544287.0,1040.0,33195444.0,0.0,9.0,999999999999,999999999999,999999999999
1762,sqlite3CteNew,383,1360,9057408963.0,0.0,1.0,5020088.0,1360.0,35322963.0,0.0,1.0,999999999999,999999999999,999999999999
1763,sqlite3WithAdd,989,1664,9062434721.0,0.0,1.0,10385444.0,1664.0,35386833.0,0.0,1.0,999999999999,999999999999,999999999999
1736,sqlite3ExprSetHeightAndFlags,141,1032,9072846596.0,0.0,7.0,3173058.0,1032.0,37086762.0,0.0,7.0,999999999999,999999999999,999999999999
1965,exprSetHeight,567,1216,9076021754.0,0.0,7.0,5450168.0,1216.0,37088392.0,0.0,7.0,999999999999,999999999999,999999999999
2280,heightOfExprList,275,1048,9081475592.0,0.0,12.0,4663728.0,1048.0,37092642.0,0.0,12.0,999999999999,999999999999,999999999999
2279,heightOfExpr,175,568,9086141730.0,0.0,29.0,2712828.0,568.0,37095482.0,0.0,29.0,999999999999,999999999999,999999999999
2433,sqlite3ExprListFlags,241,640,9088857778.0,0.0,6.0,4495658.0,640.0,37105592.0,0.0,6.0,999999999999,999999999999,999999999999
1727,sqlite3ExprFunction,677,1472,9093385076.0,0.0,6.0,6951916.0,1472.0,41054950.0,0.0,6.0,999999999999,999999999999,999999999999
1694,attachWithToSelect,209,1016,9100354932.0,0.0,1.0,3498109.0,1016.0,41947570.0,0.0,1.0,999999999999,999999999999,999999999999
1719,sqlite3Insert,17231,15480,9103856131.0,0.0,1.0,131749487.0,15480.0,42039600.0,0.0,1.0,999999999999,999999999999,999999999999
1917,sqlite3VdbeCountChanges,67,544,9235638368.0,0.0,1.0,2209739.0,544.0,42152230.0,0.0,1.0,999999999999,999999999999,999999999999
1953,autoIncBegin,1262,1576,9237853767.0,0.0,1.0,10344345.0,1576.0,42160070.0,0.0,1.0,999999999999,999999999999,999999999999
1795,sqlite3SelectDestInit,161,648,9248204522.0,0.0,3.0,2635629.0,648.0,42239710.0,0.0,3.0,999999999999,999999999999,999999999999
2171,searchWith,472,1208,9250849861.0,0.0,1.0,6742857.0,1208.0,42301250.0,0.0,1.0,999999999999,999999999999,999999999999
1839,sqlite3ParserAddCleanup,381,1344,9257599668.0,0.0,5.0,6388568.0,1344.0,42325030.0,0.0,5.0,999999999999,999999999999,999999999999
1835,sqlite3SelectDup,1339,2544,9263996965.0,0.0,2.0,14602482.0,2544.0,42342510.0,0.0,2.0,999999999999,999999999999,999999999999
1836,sqlite3ExprListDup,1290,1904,9278601787.0,0.0,10.0,11589345.0,1904.0,42348740.0,0.0,10.0,999999999999,999999999999,999999999999
2004,sqlite3SrcListDup,1858,2424,9290213862.0,0.0,2.0,16350892.0,2424.0,42474340.0,0.0,2.0,999999999999,999999999999,999999999999
2103,sqlite3WithDup,874,1504,9306580734.0,0.0,2.0,8335036.0,1504.0,42605220.0,0.0,2.0,999999999999,999999999999,999999999999
2104,sqlite3WindowListDup,326,1120,9314918840.0,0.0,2.0,4681698.0,1120.0,42607940.0,0.0,2.0,999999999999,999999999999,999999999999
2092,findRightmost,120,560,9319623438.0,0.0,2.0,2614069.0,560.0,42770070.0,0.0,2.0,999999999999,999999999999,999999999999
2119,sqlite3ColumnsFromExprList,3611,3448,9322239407.0,0.0,1.0,27669987.0,3448.0,42775890.0,0.0,1.0,999999999999,999999999999,999999999999
1811,sqlite3IsTrueOrFalse,185,1056,9349921004.0,0.0,1.0,3421288.0,1056.0,42803080.0,0.0,1.0,999999999999,999999999999,999999999999
726,sqlite3HashClear,275,1136,9353357982.0,0.0,12.0,4424808.0,1136.0,42855570.0,0.0,12.0,999999999999,999999999999,999999999999
2133,resolveCompoundOrderBy,2890,2896,9357809440.0,0.0,1.0,24152888.0,2896.0,43227969.0,0.0,1.0,999999999999,999999999999,999999999999
2120,sqlite3SubqueryColumnTypes,3684,3224,9381992258.0,0.0,1.0,27336707.0,3224.0,43957799.0,0.0,1.0,999999999999,999999999999,999999999999
2177,sqlite3ExprDataType,980,3640,9409333825.0,0.0,1.0,11666645.0,3640.0,43972209.0,0.0,1.0,999999999999,999999999999,999999999999
1846,flattenSubquery,9196,6424,9421009230.0,0.0,1.0,66500498.0,6424.0,44013109.0,0.0,1.0,999999999999,999999999999,999999999999
1851,sqlite3SelectExprHeight,112,936,9487515618.0,0.0,2.0,2518089.0,936.0,44035239.0,0.0,2.0,999999999999,999999999999,999999999999
2217,heightOfSelect,338,1336,9490037737.0,0.0,2.0,5140367.0,1336.0,44036479.0,0.0,2.0,999999999999,999999999999,999999999999
1852,pushDownWhereTerms,2393,2872,9495183404.0,0.0,1.0,21880780.0,2872.0,44053769.0,0.0,1.0,999999999999,999999999999,999999999999
1853,disableUnusedSubqueryResultColumns,1877,1248,9517066644.0,0.0,1.0,14435843.0,1248.0,44058309.0,0.0,1.0,999999999999,999999999999,999999999999
1854,fromClauseTermCanBeCoroutine,1067,1384,9531504387.0,0.0,1.0,9969005.0,1384.0,44062509.0,0.0,1.0,999999999999,999999999999,999999999999
1857,isSelfJoinView,794,1360,9541475352.0,0.0,1.0,8792256.0,1360.0,44067139.0,0.0,1.0,999999999999,999999999999,999999999999
1855,sqlite3VdbeExplain,417,1256,9550272978.0,0.0,6.0,5058888.0,1256.0,44076749.0,0.0,6.0,999999999999,999999999999,999999999999
1847,multiSelect,7100,8304,9555337776.0,0.0,1.0,52642945.0,8304.0,44109479.0,0.0,1.0,999999999999,999999999999,999999999999
2208,hasAnchor,224,584,9607985661.0,0.0,1.0,3720038.0,584.0,44119029.0,0.0,1.0,999999999999,999999999999,999999999999
2209,generateWithRecursiveQuery,2949,4360,9611709279.0,0.0,1.0,25519208.0,4360.0,44122239.0,0.0,1.0,999999999999,999999999999,999999999999
1861,computeLimitRegisters,1015,2048,9637232137.0,0.0,1.0,9630375.0,2048.0,44128339.0,0.0,1.0,999999999999,999999999999,999999999999
2036,codeInteger,832,1592,9646914572.0,0.0,11.0,7851596.0,1592.0,44335109.0,0.0,11.0,999999999999,999999999999,999999999999
1884,sqlite3GetTempRange,396,1040,9654770278.0,0.0,7.0,4348448.0,1040.0,44344699.0,0.0,7.0,999999999999,999999999999,999999999999
1888,sqlite3ReleaseTempRange,242,960,9659124456.0,0.0,8.0,3423449.0,960.0,44361399.0,0.0,8.0,999999999999,999999999999,999999999999
1796,sqlite3VdbeEndCoroutine,149,976,9662622725.0,0.0,2.0,2780649.0,976.0,45253568.0,0.0,2.0,999999999999,999999999999,999999999999
1856,sqlite3ClearTempRegCache,69,560,9665408084.0,0.0,1.0,2065818.0,560.0,45260659.0,0.0,1.0,999999999999,999999999999,999999999999
2053,exprCodeVector,573,1392,9667501193.0,0.0,1.0,7269587.0,1392.0,45651198.0,0.0,1.0,999999999999,999999999999,999999999999
2054,exprToRegister,243,1008,9674784839.0,0.0,1.0,3495318.0,1008.0,45777378.0,0.0,1.0,999999999999,999999999999,999999999999
2055,setDoNotMergeFlagOnCopy,169,984,9678316077.0,0.0,1.0,2983989.0,984.0,46377288.0,0.0,1.0,999999999999,999999999999,999999999999
2060,sqlite3VdbeGetLastOp,106,912,9681301296.0,0.0,8.0,2427629.0,912.0,46378098.0,0.0,8.0,999999999999,999999999999,999999999999
2047,sqlite3VtabOverloadFunction,1243,1776,9683780255.0,0.0,1.0,9904465.0,1776.0,47778977.0,0.0,1.0,999999999999,999999999999,999999999999
2048,sqlite3VdbeAddFunctionCall,622,1640,9693686440.0,0.0,1.0,7150606.0,1640.0,47784407.0,0.0,1.0,999999999999,999999999999,999999999999
2262,translateColumnToCopy,706,1376,9700850226.0,0.0,1.0,7354197.0,1376.0,47839007.0,0.0,1.0,999999999999,999999999999,999999999999
1954,readsTable,888,1528,9708219483.0,0.0,1.0,9470096.0,1528.0,47904077.0,0.0,1.0,999999999999,999999999999,999999999999
1959,autoIncStep,166,936,9717708569.0,0.0,1.0,3069738.0,936.0,48120357.0,0.0,1.0,999999999999,999999999999,999999999999
1938,sqlite3VdbeAppendP4,300,1024,9720787987.0,0.0,16.0,3860208.0,1024.0,48214537.0,0.0,16.0,999999999999,999999999999,999999999999
1930,sqlite3AutoincrementEnd,127,896,9724670255.0,0.0,1.0,2653549.0,896.0,48591497.0,0.0,1.0,999999999999,999999999999,999999999999
1649,sqlite3UpsertDelete,136,896,9727328484.0,0.0,1.0,2764898.0,896.0,48607006.0,0.0,1.0,999999999999,999999999999,999999999999
1544,sqlite3WithDelete,292,1112,9730117012.0,0.0,1.0,5009718.0,1112.0,48924056.0,0.0,1.0,999999999999,999999999999,999999999999
1546,cteClear,160,1088,9735128880.0,0.0,1.0,3099769.0,1088.0,48926246.0,0.0,1.0,999999999999,999999999999,999999999999
500,sqlite3IdListDelete,304,1120,9738237209.0,0.0,1.0,5027108.0,1120.0,48995036.0,0.0,1.0,999999999999,999999999999,999999999999
2038,codeReal,296,1400,9743285506.0,0.0,1.0,4278988.0,1400.0,49312156.0,0.0,1.0,999999999999,999999999999,999999999999
855,sqlite3AtoF,8944,5600,9747567454.0,10000000.0,30001.0,58283362.0,5600.0,49315726.0,530000000.0,30001.0,999999999999,999999999999,999999999999
2927,__floatunditf,138,1008,9805855416.0,0.0,29701.0,3489549.0,1008.0,49339246.0,20000000.0,29701.0,999999999999,999999999999,999999999999
2928,__multf3,1474,2808,9809347915.0,0.0,215382.0,22470299.0,2808.0,49345346.0,970000000.0,215398.0,999999999999,999999999999,999999999999
2923,__getf2,218,704,9831820914.0,0.0,59761.0,4073678.0,704.0,49357426.0,100000000.0,59761.0,999999999999,999999999999,999999999999
2929,__trunctfdf2,548,1472,9835896552.0,10000000.0,29701.0,7909286.0,1472.0,49359726.0,90000000.0,29701.0,999999999999,999999999999,999999999999
2061,sqlite3VdbeAddOp4Dup8,296,1240,9843809258.0,0.0,1.0,4571288.0,1240.0,49365286.0,0.0,1.0,999999999999,999999999999,999999999999
801,sqlite3VdbeDb,48,536,9848386276.0,0.0,1.0,1927449.0,536.0,49367096.0,0.0,1.0,999999999999,999999999999,999999999999
1385,sqlite3BtreeFakeValidCursor,17,520,9850540225.0,0.0,3.0,1583949.0,520.0,50218336.0,0.0,3.0,999999999999,999999999999,999999999999
813,sqlite3VdbeMemFromBtreeZeroOffset,295,1184,9852210204.0,0.0,30000.0,4142458.0,1184.0,50805625.0,30000000.0,30000.0,999999999999,999999999999,999999999999
756,vdbeMemAddTerminator,359,1088,9856356742.0,0.0,30040.0,4177398.0,1088.0,50815065.0,20000000.0,30040.0,999999999999,999999999999,999999999999
1399,sqlite3BtreeDelete,5061,4232,9860538950.0,0.0,30000.0,35396383.0,4232.0,50833695.0,350000000.0,30000.0,999999999999,999999999999,999999999999
1483,balance,1992,2408,9895941644.0,10000000.0,30281.0,15937733.0,2408.0,50874125.0,130000000.0,30286.0,999999999999,999999999999,999999999999
1424,sqlite3AddInt64,465,656,9911901196.0,0.0,119999.0,3874688.0,656.0,51040205.0,910000000.0,149999.0,999999999999,999999999999,999999999999
1358,numericType,202,936,9915780154.0,10000000.0,120000.0,3079818.0,936.0,51069115.0,80000000.0,120000.0,999999999999,999999999999,999999999999
744,sqlite3VdbeRealValue,321,992,9918862953.0,10000000.0,210300.0,3797078.0,992.0,51072975.0,240000000.0,270600.0,999999999999,999999999999,999999999999
770,sqlite3IsNaN,216,600,9922663921.0,10000000.0,90040.0,2738109.0,600.0,51078465.0,310000000.0,90040.0,999999999999,999999999999,999999999999
2471,roundFunc,971,2352,9925408670.0,0.0,30000.0,8163655.0,2352.0,51096735.0,70000000.0,30000.0,999999999999,999999999999,999999999999
752,sqlite3_value_type,95,552,9933575315.0,10000000.0,180140.0,2166869.0,552.0,51099765.0,360000000.0,300140.0,999999999999,999999999999,999999999999
636,sqlite3_value_int,88,896,9935744564.0,0.0,30000.0,2276489.0,896.0,51101715.0,10000000.0,30000.0,999999999999,999999999999,999999999999
746,sqlite3VdbeIntValue,340,1032,9938023113.0,10000000.0,60000.0,4222328.0,1032.0,51102955.0,100000000.0,90000.0,999999999999,999999999999,999999999999
551,sqlite3_value_double,83,896,9942248221.0,0.0,90000.0,2279989.0,896.0,51107295.0,80000000.0,150000.0,999999999999,999999999999,999999999999
537,sqlite3FpDecode,6263,6480,9944535810.0,0.0,30060.0,39879421.0,6480.0,51157015.0,250000000.0,30060.0,999999999999,999999999999,999999999999
2925,__fixunstfdi,135,1008,9984420721.0,0.0,30060.0,3418648.0,1008.0,51213015.0,40000000.0,30060.0,999999999999,999999999999,999999999999
767,sqlite3_result_double,102,904,9987862539.0,0.0,30040.0,2288229.0,904.0,51316495.0,0.0,30040.0,999999999999,999999999999,999999999999
768,sqlite3VdbeMemSetDouble,153,1040,9990153368.0,0.0,30040.0,3084959.0,1040.0,51317735.0,20000000.0,30040.0,999999999999,999999999999,999999999999
857,sqlite3VdbeIntegerAffinity,471,1032,9993257417.0,0.0,30000.0,4297898.0,1032.0,51513585.0,20000000.0,30000.0,999999999999,999999999999,999999999999
747,sqlite3RealToI64,279,1024,9997557515.0,20000000.0,30000.0,3030719.0,1024.0,51515915.0,220000000.0,30000.0,999999999999,999999999999,999999999999
1262,pagerAddPageToRollbackJournal,759,1672,10000754644.0,0.0,2.0,7488236.0,1672.0,52268425.0,0.0,3.0,999999999999,999999999999,999999999999
1228,pager_cksum,250,672,10008245870.0,0.0,2.0,5309947.0,672.0,52270565.0,0.0,3.0,999999999999,999999999999,999999999999
1264,write32bits,161,1048,10013558487.0,0.0,4.0,2923309.0,1048.0,52281485.0,0.0,6.0,999999999999,999999999999,999999999999
1026,sqlite3BitvecSet,2202,1984,10016533046.0,0.0,2.0,15902843.0,1984.0,52341825.0,0.0,3.0,999999999999,999999999999,999999999999
1555,moveToRightmost,422,1232,10032493739.0,0.0,282.0,5595606.0,1232.0,51413195.0,0.0,287.0,999999999999,999999999999,999999999999
1563,anotherValidCursor,344,1032,10038768135.0,0.0,1.0,4768738.0,1032.0,13552370959.0,0.0,1.0,999999999999,999999999999,999999999999
1564,balance_deeper,875,1824,10043538303.0,0.0,1.0,8474306.0,1824.0,13552375219.0,0.0,1.0,999999999999,999999999999,999999999999
1568,copyNodeContent,814,1552,10052098039.0,0.0,1.0,7871707.0,1552.0,13552459339.0,0.0,1.0,999999999999,999999999999,999999999999
1149,btreeInitPage,896,1464,10059972635.0,0.0,1.0,8387836.0,1464.0,16959332.0,0.0,370.0,999999999999,999999999999,999999999999
1478,btreeComputeFreeSpace,1762,1680,10068363871.0,0.0,1.0,12811344.0,1680.0,51580845.0,0.0,3.0,999999999999,999999999999,999999999999
1565,balance_quick,1979,2368,10081183455.0,0.0,281.0,16359012.0,2368.0,97821934.0,0.0,286.0,999999999999,999999999999,999999999999
1235,cellSizePtrTableLeaf,1514,968,10097561777.0,0.0,281.0,10388216.0,968.0,97989793.0,0.0,286.0,999999999999,999999999999,999999999999
1569,rebuildPage,2658,2368,10107954373.0,0.0,281.0,19877170.0,2368.0,98006673.0,20000000.0,286.0,999999999999,999999999999,999999999999
1567,sqlite3PagerTempSpace,50,544,10127833503.0,0.0,281.0,1863149.0,544.0,98011673.0,0.0,286.0,999999999999,999999999999,999999999999
1485,insertCell,3376,2960,10129701232.0,0.0,281.0,23702419.0,2960.0,98030813.0,0.0,287.0,999999999999,999999999999,999999999999
1458,moveToChild,833,1480,10153478761.0,0.0,563.0,8019676.0,1480.0,51417235.0,0.0,954.0,999999999999,999999999999,999999999999
1455,putVarint64,805,848,10255980692.0,0.0,13617.0,7774546.0,848.0,51595855.0,240000000.0,30002.0,999999999999,999999999999,999999999999
724,sqlite3BtreeClose,645,1584,10343376400.0,0.0,2.0,7557667.0,1584.0,20450867010.0,0.0,2.0,999999999999,999999999999,999999999999
714,sqlite3BtreeRollback,564,1656,10350938637.0,0.0,3.0,7104416.0,1656.0,20450870230.0,0.0,3.0,999999999999,999999999999,999999999999
715,saveAllCursors,513,1096,10358045423.0,0.0,3.0,6096587.0,1096.0,20450873290.0,0.0,3.0,999999999999,999999999999,999999999999
717,sqlite3PagerRollback,679,1296,10364143730.0,0.0,1.0,6110087.0,1296.0,20450878730.0,0.0,1.0,999999999999,999999999999,999999999999
1208,sqlite3PcacheClearWritable,198,608,10370262278.0,0.0,2.0,3531348.0,608.0,20450900040.0,0.0,2.0,999999999999,999999999999,999999999999
1178,getPageError,88,592,10373801446.0,0.0,1.0,2362469.0,592.0,20450915710.0,0.0,1.0,999999999999,999999999999,999999999999
1133,sqlite3PagerClose,449,1592,10376175565.0,0.0,2.0,5730117.0,1592.0,20450954260.0,0.0,2.0,999999999999,999999999999,999999999999
1157,pagerFreeMapHdrs,182,1024,10381908502.0,0.0,2.0,3848018.0,1024.0,20450956640.0,0.0,2.0,999999999999,999999999999,999999999999
2703,pcache1TruncateUnsafe,724,1336,10385763330.0,0.0,2.0,8381586.0,1336.0,20450976190.0,0.0,2.0,999999999999,999999999999,999999999999
2706,pcache1FreePage,266,1000,10394148266.0,0.0,285.0,3584409.0,1000.0,20450982920.0,0.0,489.0,999999999999,999999999999,999999999999
1162,sqlite3PcacheClose,99,904,10397746885.0,0.0,2.0,2435119.0,904.0,20451032480.0,0.0,2.0,999999999999,999999999999,999999999999
2693,pcache1Destroy,356,1272,10400183743.0,0.0,2.0,4889558.0,1272.0,20451033410.0,0.0,2.0,999999999999,999999999999,999999999999
1013,freeTempSpace,184,952,10405081581.0,0.0,2.0,3022038.0,952.0,20451069970.0,0.0,2.0,999999999999,999999999999,999999999999
1316,sqlite3VdbeSetChanges,106,576,10412954007.0,0.0,1.0,2346909.0,576.0,20462631694.0,0.0,1.0,999999999999,999999999999,999999999999
1306,freeP4FuncCtx,122,1000,10415317516.0,0.0,6.0,2799079.0,1000.0,20462766154.0,0.0,6.0,999999999999,999999999999,999999999999
1308,freeEphemeralFunction,124,912,10418118745.0,0.0,11.0,2870728.0,912.0,20462767324.0,0.0,11.0,999999999999,999999999999,999999999999
2130,sqlite3ReferencesSrcList,751,1472,10421113103.0,0.0,5.0,7148277.0,1472.0,20469890621.0,0.0,5.0,999999999999,999999999999,999999999999
2143,exprRefToSrcList,906,864,10428272690.0,0.0,4.0,8141826.0,864.0,20469994230.0,0.0,4.0,999999999999,999999999999,999999999999
2139,resolveAlias,1611,1928,10436432356.0,0.0,3.0,10919265.0,1928.0,20470356800.0,0.0,3.0,999999999999,999999999999,999999999999
2146,incrAggFunctionDepth,247,960,10447362111.0,0.0,3.0,3173218.0,960.0,20470415870.0,0.0,3.0,999999999999,999999999999,999999999999
1963,sqlite3ExprDeferredDelete,135,928,10450537609.0,0.0,3.0,2583869.0,928.0,20470422530.0,0.0,3.0,999999999999,999999999999,999999999999
2155,windowRemoveExprFromSelect,254,968,10453132368.0,0.0,2.0,3378288.0,968.0,20470520330.0,0.0,2.0,999999999999,999999999999,999999999999
1877,sqlite3ExprAnalyzeAggList,289,1096,10456548916.0,0.0,7.0,4634508.0,1096.0,20471181100.0,0.0,7.0,999999999999,999999999999,999999999999
1879,sqlite3ExprAnalyzeAggregates,181,1168,10461185564.0,0.0,12.0,2895149.0,1168.0,20471183910.0,0.0,12.0,999999999999,999999999999,999999999999
2265,analyzeAggregate,3790,3776,10464083082.0,0.0,12.0,29490955.0,3776.0,20471187940.0,0.0,12.0,999999999999,999999999999,999999999999
2390,findOrCreateAggInfoColumn,1720,1664,10493578219.0,0.0,6.0,13875633.0,1664.0,20471195540.0,0.0,6.0,999999999999,999999999999,999999999999
2392,addAggInfoColumn,166,1016,10507457082.0,0.0,4.0,2791119.0,1016.0,20471199480.0,0.0,4.0,999999999999,999999999999,999999999999
2393,sqlite3ArrayAllocate,626,1264,10510249811.0,0.0,9.0,5956797.0,1264.0,20471201000.0,0.0,9.0,999999999999,999999999999,999999999999
2391,addAggInfoFunc,166,1016,10516218698.0,0.0,5.0,2874798.0,1016.0,20471252050.0,0.0,5.0,999999999999,999999999999,999999999999
1881,analyzeAggFuncArgs,479,1320,10519121446.0,0.0,1.0,6700667.0,1320.0,20471699200.0,0.0,1.0,999999999999,999999999999,999999999999
2300,whereSortingCost,951,1360,10525856553.0,0.0,1.0,7698786.0,1360.0,20472215089.0,0.0,1.0,999999999999,999999999999,999999999999
1883,assignAggregateRegisters,142,600,10533572339.0,0.0,1.0,2570459.0,600.0,20472395509.0,0.0,1.0,999999999999,999999999999,999999999999
1866,sqlite3WhereIsDistinct,61,544,10536144448.0,0.0,1.0,1983329.0,544.0,20472397529.0,0.0,1.0,999999999999,999999999999,999999999999
1891,sqlite3KeyInfoRef,119,552,10538148787.0,0.0,1.0,2451159.0,552.0,20472622419.0,0.0,1.0,999999999999,999999999999,999999999999
1892,sqlite3ExprCodeMove,138,952,10540603626.0,0.0,1.0,2699329.0,952.0,20472633819.0,0.0,1.0,999999999999,999999999999,999999999999
1893,updateAccumulator,4313,4864,10543306675.0,0.0,1.0,37704072.0,4864.0,20472648569.0,0.0,1.0,999999999999,999999999999,999999999999
1927,sqlite3VdbeJumpHereOrPopInst,210,928,10581025997.0,0.0,1.0,3087339.0,928.0,20472861839.0,0.0,1.0,999999999999,999999999999,999999999999
1894,finalizeAggFunctions,1917,2928,10584121576.0,0.0,1.0,18037161.0,2928.0,20472892699.0,0.0,1.0,999999999999,999999999999,999999999999
2260,pushOntoSorter,3049,4168,10602169887.0,0.0,1.0,24311788.0,4168.0,20473073339.0,0.0,1.0,999999999999,999999999999,999999999999
2389,makeSorterRecord,348,1232,10626489395.0,0.0,1.0,4701338.0,1232.0,20473105279.0,0.0,1.0,999999999999,999999999999,999999999999
1896,resetAccumulator,1712,2272,10631214423.0,0.0,1.0,14365513.0,2272.0,20473165179.0,0.0,1.0,999999999999,999999999999,999999999999
1904,generateSortTail,4212,5656,10645584176.0,0.0,1.0,35959263.0,5656.0,20473184159.0,0.0,1.0,999999999999,999999999999,999999999999
1876,agginfoFree,167,1104,10681593149.0,0.0,1.0,3115329.0,1104.0,20473600359.0,0.0,1.0,999999999999,999999999999,999999999999
2096,sqlite3ExprDeleteGeneric,136,896,10684714248.0,0.0,3.0,2634058.0,896.0,20473610699.0,0.0,3.0,999999999999,999999999999,999999999999
1384,sqlite3VdbeSorterInit,1887,2080,10687503567.0,0.0,2.0,13849493.0,2080.0,20473997449.0,0.0,2.0,999999999999,999999999999,999999999999
602,sqlite3BtreeGetPageSize,56,552,10701359840.0,0.0,2.0,1926929.0,552.0,20474010309.0,0.0,2.0,999999999999,999999999999,999999999999
1451,serialGet,744,744,10703319839.0,20000000.0,119810.0,5276337.0,744.0,20474357488.0,2140000000.0,239510.0,999999999999,999999999999,999999999999
1405,sqlite3VdbeSorterWrite,3090,2248,10708603696.0,0.0,30020.0,20349490.0,2248.0,20474406928.0,240000000.0,60020.0,999999999999,999999999999,999999999999
1361,sqlite3VdbeMemRealify,165,960,10729039076.0,0.0,300.0,2685069.0,960.0,20484195234.0,0.0,600.0,999999999999,999999999999,999999999999
2736,dispose_chunk,1638,2120,10731746495.0,0.0,4.0,22629599.0,2120.0,,,,999999999999,999999999999,999999999999
1457,moveToParent,317,1024,10754394294.0,0.0,282.0,3797778.0,1024.0,20485486894.0,0.0,570.0,999999999999,999999999999,999999999999
1403,sqlite3VdbeSorterRewind,417,1232,10782231901.0,0.0,2.0,5042008.0,1232.0,44519700759.0,0.0,2.0,999999999999,999999999999,999999999999
1487,vdbeSorterSort,1377,1728,10787277619.0,0.0,2.0,11585994.0,1728.0,25997821964.0,0.0,3.0,999999999999,999999999999,999999999999
1577,vdbeSortAllocUnpacked,319,1072,10798869183.0,0.0,2.0,4180948.0,1072.0,25997824804.0,0.0,3.0,999999999999,999999999999,999999999999
1395,sqlite3VdbeAllocUnpackedRecord,368,1056,10803052431.0,0.0,2.0,4107078.0,1056.0,25997827134.0,0.0,2.0,999999999999,999999999999,999999999999
1578,vdbeSorterGetCompare,222,584,10807167269.0,0.0,2.0,2747619.0,584.0,25997849664.0,0.0,3.0,999999999999,999999999999,999999999999
1579,vdbeSorterMerge,596,1312,10809917398.0,0.0,30018.0,6524327.0,1312.0,25997857174.0,40000000.0,60017.0,999999999999,999999999999,999999999999
1584,vdbeSorterCompareText,933,1592,10816443235.0,20000000.0,410383.0,8877465.0,1592.0,25997859804.0,2280000000.0,917005.0,999999999999,999999999999,999999999999
1586,vdbeSorterCompareTail,254,1192,10825325330.0,0.0,327512.0,4358218.0,1192.0,25997934834.0,600000000.0,746438.0,999999999999,999999999999,999999999999
1396,sqlite3VdbeRecordUnpack,1150,1792,10829685248.0,10000000.0,169554.0,11793025.0,1792.0,25997936804.0,1480000000.0,418141.0,999999999999,999999999999,999999999999
1408,sqlite3VdbeRecordCompareWithSkip,5548,4328,10841484343.0,10000000.0,327581.0,38589451.0,4328.0,25997957524.0,3590000000.0,746507.0,999999999999,999999999999,999999999999
1401,sqlite3VdbeSorterRowkey,325,1216,10967707143.0,10000000.0,30020.0,5451977.0,1216.0,46277687750.0,60000000.0,60020.0,999999999999,999999999999,999999999999
1486,vdbeSorterRowkey,312,688,10973164010.0,0.0,30020.0,3689319.0,688.0,46277690459.0,30000000.0,60020.0,999999999999,999999999999,999999999999
843,sqlite3VdbeMemMove,293,1056,10976870549.0,0.0,40.0,3273078.0,1056.0,46277777710.0,0.0,40.0,999999999999,999999999999,999999999999
1407,sqlite3VdbeMemInit,107,608,10980150377.0,0.0,5.0,2392468.0,608.0,46277830779.0,0.0,5.0,999999999999,999999999999,999999999999
2502,countStep,259,1064,10982545605.0,0.0,30000.0,3786959.0,1064.0,46277836879.0,20000000.0,60000.0,999999999999,999999999999,999999999999
816,sqlite3_aggregate_context,196,984,10986336793.0,0.0,150100.0,3342298.0,984.0,46277839009.0,430000000.0,300100.0,999999999999,999999999999,999999999999
817,createAggContext,350,1176,10989682082.0,0.0,100.0,4314498.0,1176.0,46277840889.0,0.0,100.0,999999999999,999999999999,999999999999
2493,sumStep,824,1848,10994003900.0,0.0,90000.0,8098376.0,1848.0,46277878739.0,200000000.0,180000.0,999999999999,999999999999,999999999999
853,sqlite3_value_numeric_type,197,1072,11002106817.0,0.0,90000.0,3414718.0,1072.0,46277893209.0,70000000.0,180000.0,999999999999,999999999999,999999999999
548,sqlite3_value_int64,83,896,11005524715.0,0.0,30000.0,2266758.0,896.0,46277898879.0,20000000.0,60000.0,999999999999,999999999999,999999999999
2494,kahanBabuskaNeumaierInit,318,656,11007802903.0,0.0,40.0,3382549.0,656.0,46277951359.0,0.0,40.0,999999999999,999999999999,999999999999
2495,kahanBabuskaNeumaierStep,307,872,11011188742.0,0.0,60000.0,3246258.0,872.0,46277957809.0,360000000.0,120000.0,999999999999,999999999999,999999999999
776,sqlite3VdbeMemSetInt64,186,936,11014443420.0,0.0,59921.0,3092459.0,936.0,46278018049.0,280000000.0,119921.0,999999999999,999999999999,999999999999
2457,minmaxStep,726,1584,11017539349.0,0.0,30000.0,7062307.0,1584.0,46278029229.0,100000000.0,60000.0,999999999999,999999999999,999999999999
807,sqlite3_context_db_handle,55,544,11024606306.0,0.0,20.0,1980049.0,544.0,46278045599.0,0.0,20.0,999999999999,999999999999,999999999999
789,sqlite3VdbeMemCopy,491,1208,11026588215.0,0.0,139.0,5219727.0,1208.0,46278047449.0,0.0,139.0,999999999999,999999999999,999999999999
1404,sqlite3VdbeSorterNext,479,1240,11031816322.0,0.0,30020.0,5280567.0,1240.0,46278093199.0,90000000.0,60020.0,999999999999,999999999999,999999999999
2456,sqlite3GetFuncCollSeq,120,592,11037116369.0,0.0,29980.0,2479159.0,592.0,46278330609.0,60000000.0,59980.0,999999999999,999999999999,999999999999
806,sqlite3_user_data,55,552,11039597288.0,0.0,29980.0,2022039.0,552.0,46278332599.0,60000000.0,59980.0,999999999999,999999999999,999999999999
2458,sqlite3SkipAccumulatorLoad,68,560,11041638627.0,0.0,29881.0,2048499.0,560.0,46279049749.0,130000000.0,59881.0,999999999999,999999999999,999999999999
735,vdbeMemClear,219,1048,11046231315.0,0.0,38.0,3852739.0,1048.0,46943894872.0,0.0,38.0,999999999999,999999999999,999999999999
1346,sqlite3VdbeMemFinalize,626,1320,11050088854.0,0.0,100.0,6047468.0,1320.0,46943919352.0,0.0,100.0,999999999999,999999999999,999999999999
2503,countFinalize,191,1000,11056139360.0,0.0,20.0,3197439.0,1000.0,46943923292.0,0.0,20.0,999999999999,999999999999,999999999999
778,sqlite3_result_int64,101,896,11059339189.0,0.0,40.0,2395968.0,896.0,46943927102.0,0.0,40.0,999999999999,999999999999,999999999999
2497,sumFinalize,535,1200,11061739268.0,0.0,40.0,5087977.0,1200.0,46943940352.0,0.0,40.0,999999999999,999999999999,999999999999
2498,sqlite3IsOverflow,133,584,11066831715.0,0.0,40.0,2370979.0,584.0,46943956762.0,0.0,40.0,999999999999,999999999999,999999999999
2501,avgFinalize,452,1200,11069206724.0,0.0,20.0,4915278.0,1200.0,46943972322.0,0.0,20.0,999999999999,999999999999,999999999999
2459,minMaxFinalize,81,888,11074126082.0,0.0,20.0,2306099.0,888.0,46943988292.0,0.0,20.0,999999999999,999999999999,999999999999
2460,minMaxValueFinalize,264,1104,11076433791.0,0.0,20.0,3749218.0,1104.0,46943989272.0,0.0,20.0,999999999999,999999999999,999999999999
788,sqlite3_result_value,197,1144,11080185109.0,0.0,20.0,3701929.0,1144.0,46943992302.0,0.0,20.0,999999999999,999999999999,999999999999
764,sqlite3VdbeMemTooBig,268,624,11083890027.0,0.0,20.0,3529527.0,624.0,46943998762.0,0.0,20.0,999999999999,999999999999,999999999999
1585,vdbeSorterCompare,248,1184,11135982113.0,0.0,69.0,4892327.0,1184.0,59545542358.0,0.0,69.0,999999999999,999999999999,999999999999
1471,sqlite3VdbeRecordCompare,117,944,11140881210.0,0.0,69.0,2603209.0,944.0,59545560308.0,0.0,69.0,999999999999,999999999999,999999999999
1492,serialGet7,674,744,11143488029.0,0.0,69.0,5182777.0,744.0,59545573348.0,0.0,69.0,999999999999,999999999999,999999999999
632,sqlite3_column_type,134,1056,11148705836.0,0.0,140.0,2868569.0,1056.0,59547208997.0,0.0,140.0,999999999999,999999999999,999999999999
546,sqlite3_str_appendf,107,920,11151588315.0,0.0,60.0,2529549.0,920.0,59547334507.0,0.0,60.0,999999999999,999999999999,999999999999
433,shell_callback,20663,17320,11154135904.0,0.0,20.0,131894087.0,17320.0,59547811357.0,0.0,20.0,999999999999,999999999999,999999999999
230,oPutsUtf8,314,1368,11286036281.0,0.0,280.0,4098458.0,1368.0,59547833847.0,0.0,280.0,999999999999,999999999999,999999999999
2870,__stdout_write,61,1008,11290151069.0,0.0,1.0,2966069.0,1008.0,59547967257.0,0.0,1.0,999999999999,999999999999,999999999999
1330,sqlite3VdbeSorterClose,221,1128,11293349867.0,0.0,2.0,3467959.0,1128.0,59562768060.0,0.0,2.0,999999999999,999999999999,999999999999
1332,sqlite3VdbeSorterReset,535,1480,11296820865.0,0.0,2.0,7064266.0,1480.0,59562769860.0,0.0,2.0,999999999999,999999999999,999999999999
1333,vdbeMergeEngineFree,263,1056,11303886512.0,0.0,2.0,4503298.0,1056.0,59562771250.0,0.0,2.0,999999999999,999999999999,999999999999
1334,vdbeSortSubtaskCleanup,303,1184,11308392400.0,0.0,2.0,4104458.0,1184.0,59562774840.0,0.0,2.0,999999999999,999999999999,999999999999
1335,vdbeSorterRecordFree,190,1032,11312504149.0,0.0,2.0,3841378.0,1032.0,59562788580.0,0.0,2.0,999999999999,999999999999,999999999999
198,set_table_name,1060,1520,11316500997.0,0.0,1.0,8878305.0,1520.0,59563685919.0,0.0,1.0,999999999999,999999999999,999999999999
168,close_db,156,1088,11325382702.0,0.0,1.0,3193898.0,1088.0,59563690539.0,0.0,1.0,999999999999,999999999999,999999999999
951,sqlite3_close,85,904,11328579490.0,0.0,1.0,2193019.0,904.0,59563692119.0,0.0,1.0,999999999999,999999999999,999999999999
952,sqlite3Close,670,1704,11330775600.0,0.0,1.0,8446676.0,1704.0,59563693630.0,0.0,1.0,999999999999,999999999999,999999999999
953,disconnectAllVtab,681,1424,11339225086.0,0.0,1.0,8547665.0,1424.0,59563699410.0,0.0,1.0,999999999999,999999999999,999999999999
690,sqlite3VtabUnlockList,240,1056,11347777941.0,0.0,2.0,3872748.0,1056.0,59563713399.0,0.0,2.0,999999999999,999999999999,999999999999
954,sqlite3VtabRollback,88,904,11351653429.0,0.0,2.0,2268509.0,904.0,59563716350.0,0.0,2.0,999999999999,999999999999,999999999999
721,connectionIsBusy,377,1176,11353924988.0,0.0,2.0,5643948.0,1176.0,59563719179.0,0.0,2.0,999999999999,999999999999,999999999999
2439,sqlite3BtreeIsInBackup,79,552,11359571446.0,0.0,2.0,2071479.0,552.0,59563722590.0,0.0,2.0,999999999999,999999999999,999999999999
722,sqlite3RollbackAll,878,1744,11361647535.0,0.0,1.0,9680805.0,1744.0,59563733019.0,0.0,1.0,999999999999,999999999999,999999999999
723,sqlite3CloseSavepoints,249,1088,11371337290.0,0.0,1.0,4462778.0,1088.0,59563757590.0,0.0,1.0,999999999999,999999999999,999999999999
1097,dotlockClose,137,1048,11375897648.0,0.0,1.0,2855848.0,1048.0,59569469456.0,0.0,1.0,999999999999,999999999999,999999999999
689,sqlite3SchemaClear,859,1664,11378789057.0,0.0,2.0,8194986.0,1664.0,59569538546.0,0.0,2.0,999999999999,999999999999,999999999999
691,sqlite3CollapseDatabaseArray,884,1432,11387010033.0,0.0,1.0,8520526.0,1432.0,59569852906.0,0.0,1.0,999999999999,999999999999,999999999999
727,sqlite3VtabEponymousTableClear,209,984,11395550599.0,0.0,5.0,3290178.0,984.0,59570231486.0,0.0,5.0,999999999999,999999999999,999999999999
728,sqlite3VtabModuleUnref,235,1056,11398842497.0,0.0,5.0,3800738.0,1056.0,59570232966.0,0.0,5.0,999999999999,999999999999,999999999999
729,sqlite3ValueFree,155,992,11402652405.0,0.0,1.0,2973349.0,992.0,59570312996.0,0.0,1.0,999999999999,999999999999,999999999999
199,output_reset,439,1360,11405632954.0,0.0,1.0,4959288.0,1360.0,59570349006.0,0.0,1.0,999999999999,999999999999,999999999999
245,output_file_close,227,896,11410596422.0,0.0,1.0,2960619.0,896.0,59570351116.0,0.0,1.0,999999999999,999999999999,999999999999
283,setOutputStream,85,904,11413560060.0,0.0,1.0,2312079.0,904.0,59570354696.0,0.0,1.0,999999999999,999999999999,999999999999
459,designateEmitStream,446,1136,11415874329.0,0.0,1.0,4522648.0,1136.0,59570356536.0,0.0,1.0,999999999999,999999999999,999999999999
424,isKnownWritable,274,616,11420399227.0,0.0,1.0,3699828.0,616.0,59570358796.0,0.0,1.0,999999999999,999999999999,999999999999
2831,__wasm_call_dtors,15,864,11424105485.0,0.0,1.0,1905559.0,864.0,59570368066.0,0.0,1.0,999999999999,999999999999,999999999999
2828,__funcs_on_exit,183,1040,11426013214.0,0.0,1.0,4223848.0,1040.0,59570368826.0,0.0,1.0,999999999999,999999999999,999999999999
2830,call,12,824,11430238312.0,0.0,2.0,1905559.0,824.0,59570370856.0,0.0,2.0,999999999999,999999999999,999999999999
175,sayAbnormalExit,47,848,11432145651.0,0.0,1.0,2107349.0,848.0,59570371696.0,0.0,1.0,999999999999,999999999999,999999999999
174,consoleRestore,4,512,11434254870.0,0.0,1.0,1471010.0,512.0,59570373576.0,0.0,1.0,999999999999,999999999999,999999999999
2839,__stdio_exit,389,1712,11435727650.0,0.0,1.0,8251586.0,1712.0,59570374706.0,0.0,1.0,999999999999,999999999999,999999999999
2863,__ofl_lock,9,520,11443981886.0,10000000.0,1.0,1599809.0,520.0,1964939.0,10000000.0,3.0,999999999999,999999999999,999999999999
579,unixGetTempname,550,1488,,,,,,25997352314.0,0.0,1.0,999999999999,999999999999,999999999999
1090,unixTempFileDir,457,1224,,,,,,25997355005.0,0.0,1.0,999999999999,999999999999,999999999999
1198,readDbPage,551,1192,,,,,,12215694.0,0.0,369.0,999999999999,999999999999,999999999999
1240,cellSizePtrNoPayload,259,624,,,,,,13553038919.0,0.0,229.0,999999999999,999999999999,999999999999
1324,sqlite3OsOpenMalloc,353,1240,,,,,,25997304654.0,0.0,1.0,999999999999,999999999999,999999999999
1326,sqlite3OsCloseFree,90,968,,,,,,59562839830.0,0.0,1.0,999999999999,999999999999,999999999999
1336,vdbePmaReaderClear,357,1184,,,,,,59484260387.0,0.0,4.0,999999999999,999999999999,999999999999
1337,vdbeIncrFree,142,984,,,,,,59484284847.0,0.0,4.0,999999999999,999999999999,999999999999
1426,sqlite3PagerOkToChangeJournalMode,258,592,,,,,,29680846.0,0.0,1.0,999999999999,999999999999,999999999999
1427,sqlite3PagerSetJournalMode,1172,1720,,,,,,29683955.0,0.0,1.0,999999999999,999999999999,999999999999
1428,sqlite3JournalModename,150,568,,,,,,29688286.0,0.0,1.0,999999999999,999999999999,999999999999
1488,vdbeSorterFlushPMA,129,920,,,,,,25997292905.0,0.0,2.0,999999999999,999999999999,999999999999
1489,vdbeSorterSetupMerge,251,1144,,,,,,46277402920.0,0.0,1.0,999999999999,999999999999,999999999999
1490,vdbeMergeEngineStep,1534,2176,,,,,,46278095779.0,100000000.0,60000.0,999999999999,999999999999,999999999999
1566,balance_nonroot,24537,14120,,,,,,13552552789.0,0.0,1.0,999999999999,999999999999,999999999999
1570,cachedCellSize,281,968,,,,,,13553047009.0,0.0,230.0,999999999999,999999999999,999999999999
1572,editPage,3081,3032,,,,,,13554608078.0,0.0,2.0,999999999999,999999999999,999999999999
1573,computeCellSize,270,1064,,,,,,13553049389.0,0.0,228.0,999999999999,999999999999,999999999999
1574,pageFreeArray,2284,2080,,,,,,13555250988.0,0.0,1.0,999999999999,999999999999,999999999999
1575,pageInsertArray,1685,1936,,,,,,13554618828.0,0.0,3.0,999999999999,999999999999,999999999999
1580,vdbeSorterListToPMA,921,1776,,,,,,25997296194.0,0.0,2.0,999999999999,999999999999,999999999999
1581,vdbeSorterMergeTreeBuild,1139,1976,,,,,,46277405160.0,0.0,1.0,999999999999,999999999999,999999999999
1582,vdbeMergeEngineInit,492,1272,,,,,,46277606939.0,0.0,1.0,999999999999,999999999999,999999999999
1587,vdbeSorterOpenTempFile,319,1200,,,,,,25997300494.0,0.0,1.0,999999999999,999999999999,999999999999
1588,vdbePmaWriterInit,465,1184,,,,,,43317167872.0,0.0,2.0,999999999999,999999999999,999999999999
1589,vdbePmaWriteVarint,153,1024,,,,,,43317209662.0,10000000.0,60002.0,999999999999,999999999999,999999999999
1590,vdbePmaWriteBlob,814,1344,,,,,,43317223832.0,140000000.0,120002.0,999999999999,999999999999,999999999999
1591,vdbePmaWriterFinish,574,1224,,,,,,43859474593.0,0.0,2.0,999999999999,999999999999,999999999999
1592,vdbeSorterTreeDepth,188,608,,,,,,46277409190.0,0.0,1.0,999999999999,999999999999,999999999999
1593,vdbeMergeEngineLevel0,614,1488,,,,,,46277412320.0,0.0,1.0,999999999999,999999999999,999999999999
1594,vdbeMergeEngineNew,447,1200,,,,,,46277414610.0,0.0,1.0,999999999999,999999999999,999999999999
1596,vdbePmaReaderIncrInit,186,984,,,,,,46277609250.0,0.0,2.0,999999999999,999999999999,999999999999
1597,vdbeMergeEngineCompare,878,1384,,,,,,46277614159.0,0.0,1.0,999999999999,999999999999,999999999999
1598,vdbePmaReaderInit,349,1232,,,,,,46277455819.0,0.0,2.0,999999999999,999999999999,999999999999
1600,vdbePmaReaderSeek,1036,1808,,,,,,46277458230.0,0.0,2.0,999999999999,999999999999,999999999999
1601,vdbePmaReadVarint,756,1376,,,,,,46277486650.0,160000000.0,60002.0,999999999999,999999999999,999999999999
1602,vdbePmaReaderNext,613,1520,,,,,,46277536539.0,40000000.0,60002.0,999999999999,999999999999,999999999999
1603,vdbeSorterMapFile,336,1056,,,,,,46277463399.0,0.0,2.0,999999999999,999999999999,999999999999
1604,vdbePmaReadBlob,1927,1992,,,,,,46277490159.0,220000000.0,60490.0,999999999999,999999999999,999999999999
1782,sqlite3ForceNotReadOnly,232,1120,,,,,,25510947.0,0.0,1.0,999999999999,999999999999,999999999999
2700,pcache1RemoveFromHash,365,1056,,,,,,22657609087.0,0.0,169.0,999999999999,999999999999,999999999999
2836,dummy,4,512,,,,,,1998559.0,0.0,1.0,999999999999,999999999999,999999999999
2837,fclose,153,1288,,,,,,1985009.0,0.0,1.0,999999999999,999999999999,999999999999
2846,__stdio_seek,18,840,,,,,,1986219.0,0.0,1.0,999999999999,999999999999,999999999999
2849,readv,115,984,,,,,,1970399.0,0.0,1.0,999999999999,999999999999,999999999999
2851,__stdio_close,15,840,,,,,,1990659.0,0.0,1.0,999999999999,999999999999,999999999999
2852,__fdopen,390,1712,,,,,,1954219.0,0.0,1.0,999999999999,999999999999,999999999999
2856,fread,198,1288,,,,,,1967239.0,0.0,1.0,999999999999,999999999999,999999999999
2864,__ofl_unlock,3,512,,,,,,1965449.0,0.0,2.0,999999999999,999999999999,999999999999
2865,__ofl_add,53,944,,,,,,1964519.0,0.0,1.0,999999999999,999999999999,999999999999
