id,name,size.bytecode,size.static,start.jit,exec.jit,freq.jit,compilation.jit,size.dynamic.jit,start.interp,exec.interp,freq.interp,exec.spec,compilation.spec,size.dynamic.spec
28,_start,83,992,58730.0,0.0,0.0,4448148.0,992.0,63460.0,0.0,0.0,999999999999,999999999999,999999999999
27,__wasm_call_ctors,5,808,4507698.0,0.0,1.0,1800719.0,808.0,68210.0,0.0,1.0,999999999999,999999999999,999999999999
39,init,20,840,6308977.0,0.0,1.0,1977219.0,840.0,68590.0,0.0,1.0,999999999999,999999999999,999999999999
2759,__wasi_clock_time_get,20,824,8286736.0,0.0,2.0,1950509.0,824.0,69900.0,0.0,2.0,999999999999,999999999999,999999999999
2752,__main_void,214,1400,10243245.0,0.0,1.0,4879418.0,1400.0,75500.0,0.0,1.0,999999999999,999999999999,999999999999
2756,__wasi_args_sizes_get,18,824,15123693.0,0.0,1.0,1913279.0,824.0,76560.0,0.0,1.0,999999999999,999999999999,999999999999
2729,malloc,12,808,17040122.0,0.0,10432.0,1781509.0,808.0,81300.0,10000000.0,10425.0,999999999999,999999999999,999999999999
2730,dlmalloc,5377,8240,18822271.0,0.0,10447.0,79773112.0,8240.0,81730.0,70000000.0,10437.0,999999999999,999999999999,999999999999
2734,calloc,109,984,98603623.0,0.0,2.0,3662568.0,984.0,100620.0,0.0,2.0,999999999999,999999999999,999999999999
2900,memset,393,1200,102267751.0,0.0,344320.0,9181516.0,1200.0,104090.0,940000000.0,344492.0,999999999999,999999999999,999999999999
2755,__wasi_args_get,18,816,111450147.0,0.0,1.0,1788569.0,816.0,106330.0,0.0,1.0,999999999999,999999999999,999999999999
172,main,15217,17584,113240306.0,0.0,1.0,113178395.0,17584.0,107660.0,0.0,1.0,999999999999,999999999999,999999999999
2868,setvbuf,125,648,226422772.0,0.0,1.0,3590648.0,648.0,123110.0,0.0,1.0,999999999999,999999999999,999999999999
173,consoleClassifySetup,620,1304,230014870.0,0.0,1.0,6410877.0,1304.0,124380.0,0.0,1.0,999999999999,999999999999,999999999999
201,streamOfConsole,162,1024,236426727.0,0.0,3.0,2753139.0,1024.0,127930.0,0.0,3.0,999999999999,999999999999,999999999999
2844,fileno,35,552,239180626.0,0.0,3.0,1980049.0,552.0,129540.0,0.0,3.0,999999999999,999999999999,999999999999
2798,__isatty,104,968,241161515.0,0.0,4.0,3008599.0,968.0,130540.0,0.0,4.0,999999999999,999999999999,999999999999
2761,__wasi_fd_fdstat_get,18,824,244170984.0,0.0,11.0,1790219.0,824.0,131230.0,0.0,9.0,999999999999,999999999999,999999999999
2838,fflush,362,1648,245967003.0,0.0,19.0,8184975.0,1648.0,136760.0,0.0,20.0,999999999999,999999999999,999999999999
202,consoleRenewSetup,5,512,254157558.0,0.0,1.0,1371010.0,512.0,147980.0,0.0,1.0,999999999999,999999999999,999999999999
2829,atexit,162,984,255529368.0,0.0,2.0,3227108.0,984.0,149700.0,0.0,2.0,999999999999,999999999999,999999999999
2825,getenv,154,1120,258757336.0,0.0,5.0,4791068.0,1120.0,151680.0,0.0,5.0,999999999999,999999999999,999999999999
2823,__wasilibc_ensure_environ,27,824,263549534.0,0.0,5.0,1934689.0,824.0,152110.0,0.0,5.0,999999999999,999999999999,999999999999
2824,__wasilibc_initialize_environ,194,1360,265485213.0,0.0,1.0,4464708.0,1360.0,152650.0,0.0,1.0,999999999999,999999999999,999999999999
2758,__wasi_environ_sizes_get,18,824,269950571.0,0.0,1.0,1778219.0,824.0,153400.0,0.0,1.0,999999999999,999999999999,999999999999
2902,__strchrnul,358,1144,271730480.0,0.0,7.0,7155496.0,1144.0,154810.0,0.0,9.0,999999999999,999999999999,999999999999
34,signal,105,576,278887067.0,0.0,1.0,2481530.0,576.0,158760.0,0.0,1.0,999999999999,999999999999,999999999999
1048,sqlite3_sourceid,16,520,281369586.0,0.0,1.0,1595950.0,520.0,160170.0,0.0,1.0,999999999999,999999999999,999999999999
177,cli_strncmp,231,976,282966425.0,0.0,1.0,3317548.0,976.0,161120.0,0.0,1.0,999999999999,999999999999,999999999999
2909,strncmp,136,632,286284873.0,0.0,1.0,4424188.0,632.0,163750.0,0.0,1.0,999999999999,999999999999,999999999999
178,main_init,496,1696,290710291.0,0.0,1.0,4762248.0,1696.0,178160.0,0.0,1.0,999999999999,999999999999,999999999999
935,sqlite3_config,3089,3328,295474339.0,0.0,8.0,15072993.0,3328.0,181340.0,0.0,8.0,999999999999,999999999999,999999999999
179,verify_uninitialized,98,968,310548792.0,0.0,3.0,2572989.0,968.0,188410.0,0.0,3.0,999999999999,999999999999,999999999999
566,sqlite3_snprintf,290,1136,313124431.0,0.0,5.0,4023668.0,1136.0,200360.0,0.0,4.0,999999999999,999999999999,999999999999
562,sqlite3StrAccumInit,199,680,317149159.0,0.0,14.0,3136518.0,680.0,202840.0,0.0,9.0,999999999999,999999999999,999999999999
532,sqlite3_str_vappendf,24753,15472,320286537.0,0.0,14.0,195091357.0,15472.0,205620.0,0.0,9.0,999999999999,999999999999,999999999999
533,sqlite3_str_append,314,1024,515380534.0,0.0,49.0,4343188.0,1024.0,248979.0,0.0,20.0,999999999999,999999999999,999999999999
2898,memcpy,1008,1888,519725662.0,30000000.0,1846469.0,15252552.0,1888.0,252330.0,6980000000.0,1947200.0,999999999999,999999999999,999999999999
505,sqlite3_initialize,962,1616,534982864.0,0.0,24.0,7451107.0,1616.0,297999.0,0.0,23.0,999999999999,999999999999,999999999999
506,sqlite3MallocInit,453,1072,542435071.0,0.0,1.0,4060578.0,1072.0,300639.0,0.0,1.0,999999999999,999999999999,999999999999
928,sqlite3MemSetDefault,82,880,546496519.0,0.0,1.0,2052819.0,880.0,302250.0,0.0,1.0,999999999999,999999999999,999999999999
2687,sqlite3MemInit,38,536,548551108.0,0.0,1.0,1715940.0,536.0,308819.0,0.0,1.0,999999999999,999999999999,999999999999
507,sqlite3RegisterBuiltinFunctions,53,984,550269118.0,0.0,1.0,2050279.0,984.0,312770.0,0.0,1.0,999999999999,999999999999,999999999999
929,sqlite3AlterFunctions,28,832,552320287.0,0.0,1.0,1745589.0,832.0,313379.0,0.0,1.0,999999999999,999999999999,999999999999
933,sqlite3InsertBuiltinFuncs,665,1424,554066576.0,0.0,5.0,7587016.0,1424.0,314050.0,0.0,5.0,999999999999,999999999999,999999999999
538,sqlite3Strlen30,169,936,561654532.0,0.0,305.0,2846998.0,936.0,316410.0,0.0,287.0,999999999999,999999999999,999999999999
2908,strlen,206,656,564502350.0,0.0,2764.0,5022678.0,656.0,318259.0,0.0,2698.0,999999999999,999999999999,999999999999
970,sqlite3FunctionSearch,264,1064,569526128.0,0.0,177.0,4512548.0,1064.0,322130.0,0.0,177.0,999999999999,999999999999,999999999999
573,sqlite3StrICmp,361,672,574040716.0,0.0,842.0,4383718.0,672.0,339779.0,0.0,822.0,999999999999,999999999999,999999999999
930,sqlite3WindowFunctions,28,832,578426514.0,0.0,1.0,1899629.0,832.0,353890.0,0.0,1.0,999999999999,999999999999,999999999999
931,sqlite3RegisterDateTimeFunctions,28,832,580330013.0,0.0,1.0,1873859.0,832.0,439790.0,0.0,1.0,999999999999,999999999999,999999999999
932,sqlite3RegisterJsonFunctions,29,832,582207602.0,0.0,1.0,1868719.0,832.0,502810.0,0.0,1.0,999999999999,999999999999,999999999999
508,sqlite3PcacheInitialize,111,936,584097531.0,0.0,1.0,2689329.0,936.0,1619689.0,0.0,1.0,999999999999,999999999999,999999999999
934,sqlite3PCacheSetDefault,83,880,586787860.0,0.0,1.0,2216539.0,880.0,1620809.0,0.0,1.0,999999999999,999999999999,999999999999
2689,pcache1Init,340,984,589005879.0,0.0,1.0,3205368.0,984.0,1626779.0,0.0,1.0,999999999999,999999999999,999999999999
509,sqlite3OsInit,174,1024,592212517.0,0.0,1.0,3205639.0,1024.0,1630099.0,0.0,1.0,999999999999,999999999999,999999999999
520,sqlite3_malloc,204,1000,595419106.0,0.0,1.0,3373198.0,1000.0,1630919.0,0.0,1.0,999999999999,999999999999,999999999999
512,hasHighPrecisionDouble,488,1720,598794014.0,0.0,8.0,4617228.0,1720.0,1635709.0,0.0,8.0,999999999999,999999999999,999999999999
2924,__extenddftf2,269,1128,603412442.0,0.0,16.0,4869007.0,1128.0,1638779.0,0.0,16.0,999999999999,999999999999,999999999999
2921,__addtf3,1437,3104,608282739.0,0.0,8.0,21526790.0,3104.0,1642889.0,0.0,8.0,999999999999,999999999999,999999999999
2930,__ashlti3,84,592,629810909.0,0.0,8.0,2891179.0,592.0,1645879.0,0.0,8.0,999999999999,999999999999,999999999999
2933,__lshrti3,85,592,632703238.0,0.0,8.0,2774469.0,592.0,1646749.0,0.0,8.0,999999999999,999999999999,999999999999
2931,__fe_getround,5,520,635478576.0,0.0,8.0,1581830.0,520.0,1649279.0,0.0,8.0,999999999999,999999999999,999999999999
2922,__letf2,226,712,637061256.0,0.0,8.0,4109518.0,712.0,1650919.0,0.0,8.0,999999999999,999999999999,999999999999
521,sqlite3Malloc,306,1032,641172194.0,0.0,10427.0,3739328.0,1032.0,1654249.0,20000000.0,10419.0,999999999999,999999999999,999999999999
522,mallocWithAlarm,747,1608,644913532.0,0.0,10427.0,6564477.0,1608.0,1657249.0,20000000.0,10419.0,999999999999,999999999999,999999999999
2686,sqlite3MemRoundup,63,544,651479439.0,0.0,10444.0,1989189.0,544.0,1659449.0,20000000.0,10431.0,999999999999,999999999999,999999999999
528,sqlite3StatusHighwater,204,576,653469828.0,0.0,15792.0,2680029.0,576.0,1660699.0,30000000.0,15791.0,999999999999,999999999999,999999999999
2682,sqlite3MemMalloc,250,1056,656150947.0,0.0,10427.0,3534418.0,1056.0,1663739.0,0.0,10419.0,999999999999,999999999999,999999999999
496,sqlite3MallocSize,97,920,659687535.0,0.0,31590.0,2412839.0,920.0,1668689.0,10000000.0,31588.0,999999999999,999999999999,999999999999
2685,sqlite3MemSize,96,552,662101224.0,0.0,31606.0,2077379.0,552.0,1670009.0,10000000.0,31606.0,999999999999,999999999999,999999999999
530,sqlite3StatusUp,317,592,664179633.0,0.0,26219.0,2974738.0,592.0,1671279.0,80000000.0,26210.0,999999999999,999999999999,999999999999
524,sqlite3_free,249,1128,667156021.0,0.0,10508.0,3672019.0,1128.0,1677309.0,20000000.0,10490.0,999999999999,999999999999,999999999999
525,sqlite3StatusDown,101,560,670829250.0,0.0,26202.0,2223209.0,560.0,1680119.0,30000000.0,26198.0,999999999999,999999999999,999999999999
2683,sqlite3MemFree,114,896,673053569.0,0.0,10427.0,2345299.0,896.0,1682029.0,10000000.0,10419.0,999999999999,999999999999,999999999999
2732,free,12,808,675400058.0,0.0,10437.0,1791019.0,808.0,1682799.0,0.0,10431.0,999999999999,999999999999,999999999999
2733,dlfree,1713,2216,677192237.0,0.0,10447.0,23586788.0,2216.0,1683149.0,20000000.0,10438.0,999999999999,999999999999,999999999999
575,sqlite3_os_init,305,1136,700781866.0,0.0,1.0,4110148.0,1136.0,1685379.0,0.0,1.0,999999999999,999999999999,999999999999
2903,strcmp,105,600,704893244.0,0.0,12.0,3537658.0,600.0,1687439.0,0.0,10.0,999999999999,999999999999,999999999999
513,sqlite3_vfs_register,339,1152,708432612.0,0.0,6.0,4405407.0,1152.0,1689539.0,0.0,6.0,999999999999,999999999999,999999999999
514,vfsUnlink,479,608,712841649.0,0.0,6.0,4189909.0,608.0,1705209.0,0.0,6.0,999999999999,999999999999,999999999999
576,unixTempFileInit,73,936,717036207.0,0.0,1.0,2083959.0,936.0,1763909.0,0.0,1.0,999999999999,999999999999,999999999999
510,sqlite3MemdbInit,296,1048,719122857.0,0.0,1.0,3694498.0,1048.0,1771639.0,0.0,1.0,999999999999,999999999999,999999999999
504,sqlite3_vfs_find,322,1112,722818065.0,0.0,4.0,5052838.0,1112.0,1772829.0,0.0,4.0,999999999999,999999999999,999999999999
511,sqlite3PCacheBufferSetup,570,784,727874893.0,0.0,1.0,5528237.0,784.0,1808639.0,0.0,1.0,999999999999,999999999999,999999999999
105,sqlite3_appendvfs_init,337,1128,733406000.0,0.0,1.0,4231807.0,1128.0,1823599.0,0.0,1.0,999999999999,999999999999,999999999999
2801,access,165,1040,737639728.0,0.0,1.0,3083729.0,1040.0,1835489.0,0.0,1.0,999999999999,999999999999,999999999999
2796,__wasilibc_find_relpath_alloc,513,1928,740724806.0,0.0,39.0,8508826.0,1928.0,1836379.0,0.0,33.0,999999999999,999999999999,999999999999
2816,__wasilibc_find_abspath,343,1408,749234712.0,0.0,39.0,9188206.0,1408.0,1837789.0,0.0,33.0,999999999999,999999999999,999999999999
2813,__wasilibc_populate_preopens,226,1296,758424088.0,0.0,44.0,5294627.0,1296.0,1838509.0,0.0,37.0,999999999999,999999999999,999999999999
2765,__wasi_fd_prestat_get,18,824,763719695.0,0.0,3.0,1926059.0,824.0,1839439.0,0.0,3.0,999999999999,999999999999,999999999999
2766,__wasi_fd_prestat_dir_name,20,824,765651604.0,0.0,2.0,1919369.0,824.0,1843929.0,0.0,2.0,999999999999,999999999999,999999999999
2814,internal_register_preopened_fd_unlocked,280,1320,767572813.0,0.0,2.0,5841958.0,1320.0,1844949.0,0.0,2.0,999999999999,999999999999,999999999999
2907,strdup,48,960,773417771.0,0.0,2.0,2548709.0,960.0,1853469.0,0.0,2.0,999999999999,999999999999,999999999999
2897,memcmp,75,584,775972200.0,10000000.0,100053.0,3447098.0,584.0,1875739.0,830000000.0,200050.0,999999999999,999999999999,999999999999
2735,realloc,1140,2192,779421028.0,0.0,26.0,17686801.0,2192.0,1889459.0,0.0,21.0,999999999999,999999999999,999999999999
2905,strcpy,17,840,797110199.0,0.0,39.0,1886740.0,840.0,1891939.0,0.0,33.0,999999999999,999999999999,999999999999
2904,__stpcpy,374,776,798997899.0,0.0,39.0,6539528.0,776.0,1892289.0,0.0,33.0,999999999999,999999999999,999999999999
2789,__wasilibc_nocwd_faccessat,220,1160,805538936.0,0.0,1.0,4828007.0,1160.0,1894599.0,0.0,1.0,999999999999,999999999999,999999999999
2773,__wasi_path_filestat_get,30,952,810367753.0,0.0,16.0,2344219.0,952.0,1895689.0,0.0,15.0,999999999999,999999999999,999999999999
185,process_sqliterc,838,1848,812754322.0,0.0,1.0,8115756.0,1848.0,7475795.0,0.0,1.0,999999999999,999999999999,999999999999
216,find_xdg_config,389,1240,820871358.0,0.0,1.0,4287878.0,1240.0,7478755.0,0.0,1.0,999999999999,999999999999,999999999999
194,find_home_dir,582,1224,825162186.0,0.0,2.0,4991828.0,1224.0,7485966.0,0.0,2.0,999999999999,999999999999,999999999999
190,ePutsUtf8,314,1368,830155644.0,0.0,1.0,3960268.0,1368.0,7492555.0,0.0,1.0,999999999999,999999999999,999999999999
170,getEmitStreamInfo,730,1416,834117102.0,0.0,1101.0,6851416.0,1416.0,7494235.0,0.0,1101.0,999999999999,999999999999,999999999999
423,isValidStreamInfo,97,552,840969648.0,0.0,2202.0,2150559.0,552.0,7497146.0,0.0,2202.0,999999999999,999999999999,999999999999
2855,fputs,38,944,843121537.0,0.0,1101.0,2284599.0,944.0,7502495.0,0.0,1101.0,999999999999,999999999999,999999999999
2862,fwrite,289,1368,845407436.0,0.0,1101.0,7874697.0,1368.0,7506726.0,0.0,1101.0,999999999999,999999999999,999999999999
2860,__towrite,94,624,853283073.0,0.0,3.0,3019928.0,624.0,7507595.0,0.0,3.0,999999999999,999999999999,999999999999
2848,__stdio_write,316,1368,856303911.0,0.0,10.0,7147807.0,1368.0,7509446.0,0.0,10.0,999999999999,999999999999,999999999999
2847,writev,115,984,863452658.0,0.0,10.0,3039158.0,984.0,7510366.0,0.0,10.0,999999999999,999999999999,999999999999
2771,__wasi_fd_write,22,824,866492916.0,0.0,1087.0,1902329.0,824.0,7511186.0,0.0,1102.0,999999999999,999999999999,999999999999
196,process_input,4214,4312,868417555.0,0.0,1.0,28405897.0,4312.0,7528675.0,0.0,1.0,999999999999,999999999999,999999999999
275,setLexemeOpen,219,624,896825272.0,0.0,5.0,3157068.0,624.0,7534746.0,0.0,5.0,999999999999,999999999999,999999999999
276,trackParenLevel,125,592,899984320.0,0.0,5.0,2479529.0,592.0,7537086.0,0.0,5.0,999999999999,999999999999,999999999999
277,one_input_line,501,1352,902465629.0,0.0,17.0,5849408.0,1352.0,7540895.0,0.0,17.0,999999999999,999999999999,999999999999
471,local_getline,966,1472,908316037.0,0.0,17.0,9356005.0,1472.0,7542975.0,0.0,17.0,999999999999,999999999999,999999999999
180,shell_check_oom,111,880,917675122.0,0.0,3.0,2564519.0,880.0,7548906.0,0.0,3.0,999999999999,999999999999,999999999999
426,fGetsUtf8,178,952,920240941.0,0.0,17.0,3080069.0,952.0,7550555.0,0.0,17.0,999999999999,999999999999,999999999999
2843,fgets,303,1384,923322399.0,0.0,17.0,8203126.0,1384.0,7552166.0,0.0,17.0,999999999999,999999999999,999999999999
2841,__uflow,85,1032,931526636.0,0.0,2.0,3323989.0,1032.0,7552946.0,0.0,2.0,999999999999,999999999999,999999999999
2840,__toread,134,1056,934851884.0,0.0,2.0,4043768.0,1056.0,1980489.0,0.0,3.0,999999999999,999999999999,999999999999
2850,__stdio_read,253,1232,938896742.0,0.0,2.0,5169617.0,1232.0,1981829.0,0.0,3.0,999999999999,999999999999,999999999999
2749,read,113,984,944067549.0,0.0,2131.0,3104019.0,984.0,3141948.0,0.0,4265.0,999999999999,999999999999,999999999999
2767,__wasi_fd_read,22,824,947173988.0,0.0,2131.0,1931019.0,824.0,1983439.0,0.0,4266.0,999999999999,999999999999,999999999999
2896,memchr,371,800,949127637.0,0.0,17.0,7975556.0,800.0,1925409.0,0.0,18.0,999999999999,999999999999,999999999999
278,line_is_command_terminator,534,1248,957105713.0,0.0,16.0,5906018.0,1248.0,7583835.0,0.0,16.0,999999999999,999999999999,999999999999
217,__isspace,143,552,963013241.0,0.0,554.0,2344338.0,552.0,7585375.0,0.0,554.0,999999999999,999999999999,999999999999
2822,tolower,20,528,965359239.0,0.0,16.0,1861339.0,528.0,7588126.0,0.0,16.0,999999999999,999999999999,999999999999
280,quickscan,2565,4360,967223318.0,0.0,16.0,20264101.0,4360.0,7590675.0,0.0,16.0,999999999999,999999999999,999999999999
925,sqlite3_complete,3248,4488,987501269.0,0.0,4.0,21609939.0,4488.0,7944565.0,0.0,4.0,999999999999,999999999999,999999999999
574,sqlite3_strnicmp,736,760,1009113599.0,0.0,58.0,7146865.0,760.0,7952725.0,0.0,49.0,999999999999,999999999999,999999999999
191,echo_group_input,134,920,1016263904.0,0.0,5.0,2835089.0,920.0,8073695.0,0.0,5.0,999999999999,999999999999,999999999999
281,runOneSqlLine,1279,2448,1019100483.0,0.0,4.0,11815755.0,2448.0,8075515.0,0.0,4.0,999999999999,999999999999,999999999999
184,open_db,4033,5408,1030917788.0,0.0,4.0,24200178.0,5408.0,1916359.0,0.0,5.0,999999999999,999999999999,999999999999
167,deduceDatabaseType,1043,2072,1055122146.0,0.0,1.0,8889036.0,2072.0,1922549.0,0.0,1.0,999999999999,999999999999,999999999999
2853,fopen,102,1112,1064012702.0,0.0,1.0,3331548.0,1112.0,1924839.0,0.0,1.0,999999999999,999999999999,999999999999
2845,__fmodeflags,102,1032,1067346850.0,0.0,1.0,2972769.0,1032.0,1926969.0,0.0,1.0,999999999999,999999999999,999999999999
2901,strchr,31,864,1070320589.0,0.0,2.0,2066969.0,864.0,1927639.0,0.0,4.0,999999999999,999999999999,999999999999
2800,__wasilibc_open_nomode,163,1032,1072390168.0,0.0,1.0,3068418.0,1032.0,1931319.0,0.0,1.0,999999999999,999999999999,999999999999
2783,__wasilibc_nocwd_openat_nomode,282,1240,1075463007.0,0.0,7.0,5206057.0,1240.0,1949529.0,0.0,5.0,999999999999,999999999999,999999999999
2775,__wasi_path_open,38,992,1080675534.0,0.0,7.0,2562579.0,992.0,1953269.0,0.0,5.0,999999999999,999999999999,999999999999
992,sqlite3_open_v2,127,952,1083266973.0,0.0,1.0,2668159.0,952.0,2017079.0,0.0,1.0,999999999999,999999999999,999999999999
979,openDatabase,3876,4672,1085936552.0,0.0,1.0,28579276.0,4672.0,2018729.0,0.0,1.0,999999999999,999999999999,999999999999
643,sqlite3MallocZero,182,1008,1114518008.0,0.0,24.0,3133859.0,1008.0,2027039.0,0.0,23.0,999999999999,999999999999,999999999999
980,sqlite3HashInit,105,584,1117661737.0,0.0,15.0,2120788.0,584.0,2046269.0,0.0,15.0,999999999999,999999999999,999999999999
982,createCollation,1392,1960,1119784085.0,0.0,7.0,11805905.0,1960.0,2048689.0,0.0,7.0,999999999999,999999999999,999999999999
995,sqlite3FindCollSeq,309,1040,1131591380.0,0.0,22.0,4014558.0,1040.0,2053279.0,0.0,20.0,999999999999,999999999999,999999999999
1609,findCollSeqEntry,681,1664,1135607078.0,0.0,15.0,7130277.0,1664.0,2055339.0,0.0,16.0,999999999999,999999999999,999999999999
870,sqlite3HashFind,108,952,1142738395.0,0.0,111.0,2516718.0,952.0,2057429.0,0.0,109.0,999999999999,999999999999,999999999999
1610,findElementWithHash,532,1368,1145256233.0,0.0,161.0,7147727.0,1368.0,2058939.0,0.0,159.0,999999999999,999999999999,999999999999
820,sqlite3DbMallocZero,198,1032,1152408410.0,0.0,54.0,3350308.0,1032.0,2072889.0,0.0,53.0,999999999999,999999999999,999999999999
550,sqlite3DbMallocRaw,204,992,1155759728.0,0.0,205040.0,3286579.0,992.0,2074349.0,100000000.0,205024.0,999999999999,999999999999,999999999999
873,sqlite3DbMallocRawNN,1019,1232,1159047677.0,0.0,200413.0,7367286.0,1232.0,2076529.0,540000000.0,200318.0,999999999999,999999999999,999999999999
1051,dbMallocRawFinish,164,1008,1166416213.0,0.0,114.0,3135298.0,1008.0,2080659.0,0.0,84.0,999999999999,999999999999,999999999999
971,sqlite3HashInsert,936,1608,1169558112.0,0.0,50.0,8584016.0,1608.0,2100949.0,0.0,50.0,999999999999,999999999999,999999999999
1614,insertElement,598,816,1178145578.0,0.0,54.0,5442277.0,816.0,2120149.0,0.0,54.0,999999999999,999999999999,999999999999
628,sqlite3Error,202,960,1183589845.0,0.0,11.0,3276298.0,960.0,2127449.0,0.0,10.0,999999999999,999999999999,999999999999
985,sqlite3ParseUri,6770,4616,1186877803.0,0.0,1.0,43923759.0,4616.0,2302349.0,0.0,1.0,999999999999,999999999999,999999999999
523,sqlite3_malloc64,129,992,1230805722.0,0.0,5.0,2941069.0,992.0,2328829.0,0.0,5.0,999999999999,999999999999,999999999999
986,sqlite3BtreeOpen,5773,4912,1233753311.0,0.0,4.0,41858450.0,4912.0,2350889.0,0.0,4.0,999999999999,999999999999,999999999999
1127,sqlite3PagerOpen,5024,5008,1275620361.0,0.0,4.0,35842283.0,5008.0,2388119.0,0.0,4.0,999999999999,999999999999,999999999999
1138,sqlite3PcacheSize,12,520,1311464604.0,0.0,4.0,1525729.0,520.0,2393859.0,0.0,4.0,999999999999,999999999999,999999999999
1139,sqlite3JournalSize,124,552,1312991973.0,0.0,4.0,2120039.0,552.0,2394789.0,0.0,4.0,999999999999,999999999999,999999999999
1125,sqlite3OsFullPathname,162,1000,1315117612.0,0.0,1.0,2863959.0,1000.0,2411259.0,0.0,1.0,999999999999,999999999999,999999999999
590,unixFullPathname,608,1520,1317982761.0,0.0,1.0,6378157.0,1520.0,2413249.0,0.0,1.0,999999999999,999999999999,999999999999
591,appendAllPathElements,506,1104,1324362728.0,0.0,1.0,5772087.0,1104.0,2416289.0,0.0,1.0,999999999999,999999999999,999999999999
1101,appendOnePathElement,1789,2064,1330139065.0,0.0,8.0,11871224.0,2064.0,2427709.0,0.0,8.0,999999999999,999999999999,999999999999
2804,lstat,165,1040,1342013149.0,0.0,8.0,3160939.0,1040.0,2435559.0,0.0,8.0,999999999999,999999999999,999999999999
2790,__wasilibc_nocwd_fstatat,425,1488,1345181668.0,0.0,15.0,7067816.0,1488.0,2450429.0,0.0,14.0,999999999999,999999999999,999999999999
498,sqlite3DbFree,136,896,1352314484.0,0.0,4979.0,2737519.0,896.0,2741718.0,10000000.0,4977.0,999999999999,999999999999,999999999999
556,sqlite3DbFreeNN,511,1072,1355053523.0,0.0,204980.0,4639048.0,1072.0,2743149.0,420000000.0,204977.0,999999999999,999999999999,999999999999
1140,sqlite3OsOpen,188,1024,1359696231.0,0.0,3.0,3209138.0,1024.0,2754169.0,0.0,2.0,999999999999,999999999999,999999999999
577,unixOpen,3419,3616,1362906670.0,0.0,3.0,25478588.0,3616.0,2755558.0,0.0,2.0,999999999999,999999999999,999999999999
569,sqlite3_randomness,1079,1824,1388387397.0,0.0,4.0,9338256.0,1824.0,2761009.0,0.0,3.0,999999999999,999999999999,999999999999
578,findReusableFd,850,1312,1397728303.0,0.0,1.0,7791626.0,1312.0,2766609.0,0.0,1.0,999999999999,999999999999,999999999999
1058,unixEnterMutex,5,512,1405521269.0,0.0,1.0,1434909.0,512.0,2768569.0,0.0,1.0,999999999999,999999999999,999999999999
1062,unixLeaveMutex,5,512,1406957758.0,0.0,1.0,1438869.0,512.0,2769818.0,0.0,1.0,999999999999,999999999999,999999999999
580,findCreateFileMode,868,1520,1408402548.0,0.0,3.0,8500596.0,1520.0,2789818.0,0.0,2.0,999999999999,999999999999,999999999999
581,robust_open,1077,1936,1416904454.0,0.0,6.0,10339625.0,1936.0,2793998.0,0.0,4.0,999999999999,999999999999,999999999999
1087,posixOpen,118,944,1427245629.0,0.0,6.0,2639208.0,944.0,2796618.0,0.0,4.0,999999999999,999999999999,999999999999
2799,open,163,1032,1429887087.0,0.0,6.0,3082849.0,1032.0,2798158.0,0.0,4.0,999999999999,999999999999,999999999999
2740,fcntl,276,1504,1433057886.0,0.0,10.0,4591638.0,1504.0,2832728.0,0.0,6.0,999999999999,999999999999,999999999999
585,fillInUnixFile,1118,2128,1437652634.0,0.0,3.0,10821105.0,2128.0,2839878.0,0.0,2.0,999999999999,999999999999,999999999999
1034,sqlite3_uri_boolean,272,1056,1448475109.0,0.0,5.0,3588148.0,1056.0,2842998.0,0.0,4.0,999999999999,999999999999,999999999999
1032,sqlite3_uri_parameter,238,1032,1452064647.0,0.0,5.0,3595288.0,1032.0,2844588.0,0.0,4.0,999999999999,999999999999,999999999999
1103,dotlockIoFinderImpl,50,544,1455662265.0,0.0,1.0,1973609.0,544.0,2851028.0,0.0,1.0,999999999999,999999999999,999999999999
1065,storeLastErrno,61,552,1457644424.0,0.0,8.0,2007969.0,552.0,2965808.0,0.0,4.0,999999999999,999999999999,999999999999
1056,verifyDbFile,541,1304,1459653503.0,0.0,3.0,5542878.0,1304.0,2967478.0,0.0,2.0,999999999999,999999999999,999999999999
2741,fstat,416,1456,1465197571.0,0.0,6.0,6830326.0,1456.0,2969788.0,0.0,6.0,999999999999,999999999999,999999999999
2763,__wasi_fd_filestat_get,18,824,1472029698.0,0.0,6.0,1919449.0,824.0,2970418.0,0.0,6.0,999999999999,999999999999,999999999999
1080,fileHasMoved,279,1040,1473961107.0,0.0,2.0,3646398.0,1040.0,2977118.0,0.0,2.0,999999999999,999999999999,999999999999
1141,sqlite3OsDeviceCharacteristics,185,952,1477609935.0,0.0,15.0,3157678.0,952.0,2982678.0,0.0,13.0,999999999999,999999999999,999999999999
1083,unixDeviceCharacteristics,104,936,1480768953.0,0.0,15.0,2464599.0,936.0,2984208.0,0.0,13.0,999999999999,999999999999,999999999999
1082,setDeviceCharacteristics,151,584,1483234772.0,0.0,15.0,2871028.0,584.0,2985418.0,0.0,13.0,999999999999,999999999999,999999999999
1142,setSectorSize,201,1040,1486107091.0,0.0,5.0,3651938.0,1040.0,2988158.0,0.0,5.0,999999999999,999999999999,999999999999
1031,databaseName,329,600,1489761169.0,0.0,3.0,3908038.0,600.0,2994968.0,0.0,3.0,999999999999,999999999999,999999999999
1033,uriParameter,436,1248,1493670377.0,0.0,2.0,5974418.0,1248.0,2998368.0,0.0,2.0,999999999999,999999999999,999999999999
1014,sqlite3PagerSetPagesize,1157,1936,1499648694.0,0.0,8.0,10438635.0,1936.0,3016508.0,0.0,8.0,999999999999,999999999999,999999999999
1153,sqlite3PcacheRefCount,50,544,1510088959.0,0.0,16.0,1941919.0,544.0,3019618.0,0.0,16.0,999999999999,999999999999,999999999999
1154,sqlite3PageMalloc,79,896,1512032358.0,0.0,4880.0,2275949.0,896.0,3022718.0,0.0,4892.0,999999999999,999999999999,999999999999
1244,pcache1Alloc,580,1392,1514309207.0,0.0,5348.0,5404998.0,1392.0,3023648.0,10000000.0,5360.0,999999999999,999999999999,999999999999
1155,pager_reset,137,1008,1519722935.0,0.0,8.0,2772988.0,1008.0,3047028.0,0.0,8.0,999999999999,999999999999,999999999999
697,sqlite3BackupRestart,136,576,1522497694.0,0.0,8.0,3110569.0,576.0,3048188.0,0.0,8.0,999999999999,999999999999,999999999999
1227,sqlite3PcacheClear,81,888,1525609692.0,0.0,8.0,2241598.0,888.0,3049968.0,0.0,8.0,999999999999,999999999999,999999999999
1209,sqlite3PcacheTruncate,584,1448,1527852480.0,0.0,16.0,7377137.0,1448.0,3051388.0,0.0,15.0,999999999999,999999999999,999999999999
1156,sqlite3PcacheSetPageSize,453,1320,1535231117.0,0.0,8.0,5398667.0,1320.0,3054368.0,0.0,8.0,999999999999,999999999999,999999999999
1145,sqlite3PageFree,75,880,1540630965.0,0.0,4884.0,2215730.0,880.0,3056348.0,0.0,4896.0,999999999999,999999999999,999999999999
1177,pcache1Free,482,1216,1542847844.0,0.0,5352.0,4390129.0,1216.0,3057558.0,10000000.0,5364.0,999999999999,999999999999,999999999999
1150,pagerFixMaplimit,33,536,1547239292.0,0.0,12.0,1817869.0,536.0,3062338.0,0.0,12.0,999999999999,999999999999,999999999999
1143,sqlite3PcacheOpen,410,1200,1549058331.0,0.0,4.0,4751718.0,1200.0,3065128.0,0.0,4.0,999999999999,999999999999,999999999999
2691,pcache1Create,808,1552,1553811559.0,0.0,4.0,7934846.0,1552.0,3069218.0,0.0,4.0,999999999999,999999999999,999999999999
2692,pcache1ResizeHash,724,1464,1561752844.0,0.0,5.0,9076406.0,1464.0,3086758.0,0.0,5.0,999999999999,999999999999,999999999999
1181,numberOfCachePages,308,624,1570834670.0,0.0,9.0,3466269.0,624.0,3104938.0,0.0,9.0,999999999999,999999999999,999999999999
2694,pcache1Cachesize,488,1152,1574302319.0,0.0,9.0,5183317.0,1152.0,3107268.0,0.0,9.0,999999999999,999999999999,999999999999
2695,pcache1EnforceMaxPage,407,1272,1579486856.0,0.0,13.0,5691037.0,1272.0,3109638.0,0.0,13.0,999999999999,999999999999,999999999999
1146,sqlite3PagerSetFlags,1009,840,1585179433.0,0.0,4.0,6848727.0,840.0,3114378.0,0.0,4.0,999999999999,999999999999,999999999999
1147,setGetterMethod,105,560,1592031790.0,0.0,10.0,2318769.0,560.0,3125588.0,10000000.0,10.0,999999999999,999999999999,999999999999
1128,sqlite3PagerSetMmapLimit,108,904,1594351989.0,0.0,4.0,2408769.0,904.0,3127448.0,0.0,4.0,999999999999,999999999999,999999999999
1129,sqlite3PagerReadFileheader,299,1144,1596762348.0,0.0,4.0,4076978.0,1144.0,3129228.0,0.0,4.0,999999999999,999999999999,999999999999
1151,sqlite3OsRead,155,992,1600840956.0,0.0,2129.0,2951839.0,992.0,3131738.0,0.0,4263.0,999999999999,999999999999,999999999999
1063,unixRead,455,1272,1603794315.0,0.0,2129.0,5160067.0,1272.0,3133298.0,0.0,4263.0,999999999999,999999999999,999999999999
1064,seekAndRead,849,1672,1608955912.0,0.0,2129.0,9002576.0,1672.0,3135138.0,10000000.0,4263.0,999999999999,999999999999,999999999999
2748,__lseek,101,976,1617960308.0,0.0,3206.0,3002988.0,976.0,2000209.0,0.0,5356.0,999999999999,999999999999,999999999999
2769,__wasi_fd_seek,22,824,1620965816.0,0.0,3206.0,1903929.0,824.0,2001059.0,0.0,5356.0,999999999999,999999999999,999999999999
1131,sqlite3PagerSetBusyHandler,180,984,1622904566.0,0.0,4.0,2987248.0,984.0,3151708.0,0.0,4.0,999999999999,999999999999,999999999999
1136,sqlite3OsFileControlHint,183,952,1625893004.0,0.0,9.0,3128159.0,952.0,3153308.0,0.0,8.0,999999999999,999999999999,999999999999
1077,unixFileControl,841,2904,1629022313.0,0.0,11.0,7502906.0,2904.0,3155278.0,0.0,8.0,999999999999,999999999999,999999999999
1132,sqlite3PagerIsreadonly,61,544,1636526949.0,0.0,4.0,1930879.0,544.0,3159408.0,0.0,4.0,999999999999,999999999999,999999999999
1134,sqlite3BtreeSchema,260,1120,1638460538.0,0.0,5.0,4058968.0,1120.0,3174158.0,0.0,5.0,999999999999,999999999999,999999999999
657,sqlite3BtreeEnter,68,552,1642521526.0,0.0,70.0,2028329.0,552.0,3176238.0,0.0,59.0,999999999999,999999999999,999999999999
1135,sqlite3BtreeSetCacheSize,140,1032,1644551725.0,0.0,5.0,2867159.0,1032.0,3178988.0,0.0,5.0,999999999999,999999999999,999999999999
1163,sqlite3PagerSetCachesize,99,912,1647420774.0,0.0,5.0,2468859.0,912.0,3180798.0,0.0,5.0,999999999999,999999999999,999999999999
1245,sqlite3PcacheSetCachesize,147,1032,1649890603.0,0.0,5.0,2968328.0,1032.0,3181688.0,0.0,5.0,999999999999,999999999999,999999999999
670,sqlite3PagerFile,48,544,1652861581.0,0.0,4.0,1968079.0,544.0,3190078.0,0.0,4.0,999999999999,999999999999,999999999999
987,sqlite3SchemaGet,450,1304,1654832230.0,0.0,2.0,5075757.0,1304.0,3197278.0,0.0,2.0,999999999999,999999999999,999999999999
988,sqlite3SetTextEncoding,177,1040,1659917237.0,0.0,1.0,3050629.0,1040.0,3221368.0,0.0,2.0,999999999999,999999999999,999999999999
889,sqlite3ExpirePreparedStatements,202,616,1662971386.0,0.0,3.0,3831478.0,616.0,3237388.0,0.0,4.0,999999999999,999999999999,999999999999
989,sqlite3RegisterPerConnectionBuiltinFunctions,161,1000,1666808544.0,0.0,1.0,3036179.0,1000.0,3258988.0,0.0,1.0,999999999999,999999999999,999999999999
967,sqlite3_overload_function,406,1480,1669845913.0,0.0,1.0,4829538.0,1480.0,3260068.0,0.0,1.0,999999999999,999999999999,999999999999
966,sqlite3FindFunction,1824,2304,1674676551.0,0.0,73.0,15461292.0,2304.0,3262488.0,0.0,73.0,999999999999,999999999999,999999999999
564,sqlite3_mprintf,155,1032,1690143143.0,0.0,1.0,3313879.0,1032.0,3282768.0,0.0,1.0,999999999999,999999999999,999999999999
563,sqlite3_vmprintf,260,1176,1693459662.0,0.0,1.0,3782768.0,1176.0,3285618.0,0.0,1.0,999999999999,999999999999,999999999999
558,sqlite3StrAccumFinish,310,1000,1697246560.0,0.0,9.0,3887568.0,1000.0,3336028.0,0.0,5.0,999999999999,999999999999,999999999999
559,strAccumFinishRealloc,347,1144,1701135758.0,0.0,6.0,4165158.0,1144.0,3338578.0,0.0,5.0,999999999999,999999999999,999999999999
964,sqlite3_create_function_v2,215,1104,1705306286.0,0.0,1.0,3691638.0,1104.0,3358198.0,0.0,1.0,999999999999,999999999999,999999999999
962,createFunctionApi,633,1840,1708999204.0,0.0,36.0,8510936.0,1840.0,3360128.0,0.0,36.0,999999999999,999999999999,999999999999
963,sqlite3CreateFunc,2419,2736,1717513880.0,0.0,36.0,17161842.0,2736.0,3375628.0,0.0,36.0,999999999999,999999999999,999999999999
725,functionDestroy,249,1064,1734687772.0,0.0,72.0,3684258.0,1064.0,3453518.0,0.0,72.0,999999999999,999999999999,999999999999
621,sqlite3ApiExit,173,960,1738374130.0,0.0,1166.0,3149239.0,960.0,3458848.0,10000000.0,1163.0,999999999999,999999999999,999999999999
975,sqlite3_errcode,297,1056,1741525198.0,0.0,4.0,3979978.0,1056.0,3461928.0,0.0,4.0,999999999999,999999999999,999999999999
895,sqlite3SafetyCheckSickOrOk,301,968,1745506317.0,0.0,5.0,3374698.0,968.0,3463768.0,0.0,5.0,999999999999,999999999999,999999999999
2712,sqlite3TestExtInit,77,896,1748883345.0,0.0,1.0,2234629.0,896.0,3468028.0,0.0,1.0,999999999999,999999999999,999999999999
695,sqlite3FaultSim,177,936,1751120154.0,0.0,2135.0,2967229.0,936.0,3468868.0,10000000.0,4262.0,999999999999,999999999999,999999999999
2713,sqlite3JsonTableFunctions,341,1064,1754088913.0,0.0,1.0,4635658.0,1064.0,3471858.0,0.0,1.0,999999999999,999999999999,999999999999
900,sqlite3_create_module,133,960,1758725881.0,0.0,5.0,2717568.0,960.0,3474148.0,0.0,5.0,999999999999,999999999999,999999999999
901,createModule,275,1224,1761444609.0,0.0,5.0,4452538.0,1224.0,3475618.0,0.0,5.0,999999999999,999999999999,999999999999
902,sqlite3VtabCreateModule,787,1776,1765900997.0,0.0,5.0,8134076.0,1776.0,3477398.0,0.0,5.0,999999999999,999999999999,999999999999
990,sqlite3AutoLoadExtensions,496,1440,1774047283.0,0.0,1.0,6814967.0,1440.0,3558468.0,0.0,1.0,999999999999,999999999999,999999999999
944,setupLookaside,2370,2392,1780864800.0,0.0,1.0,18335361.0,2392.0,3563818.0,0.0,1.0,999999999999,999999999999,999999999999
484,sqlite3LookasideUsed,356,1272,1799202331.0,0.0,1.0,4578928.0,1272.0,3567818.0,0.0,1.0,999999999999,999999999999,999999999999
494,countLookasideSlots,148,576,1803783069.0,0.0,4.0,3251489.0,576.0,3569298.0,0.0,4.0,999999999999,999999999999,999999999999
945,sqlite3BeginBenignMalloc,83,832,1807036628.0,0.0,1498.0,2204369.0,832.0,3577828.0,0.0,1500.0,999999999999,999999999999,999999999999
2817,sbrk,79,888,1809246107.0,0.0,35.0,2877848.0,888.0,3586298.0,0.0,35.0,999999999999,999999999999,999999999999
946,sqlite3EndBenignMalloc,83,832,1812131775.0,0.0,1498.0,2223929.0,832.0,3599928.0,10000000.0,1500.0,999999999999,999999999999,999999999999
973,sqlite3_wal_autocheckpoint,46,544,1814373814.0,0.0,1.0,1948969.0,544.0,3679968.0,0.0,1.0,999999999999,999999999999,999999999999
991,sqlite3_free_filename,159,976,1816325043.0,0.0,1.0,2925578.0,976.0,3685658.0,0.0,1.0,999999999999,999999999999,999999999999
943,sqlite3_db_config,1175,1960,1819257101.0,0.0,7.0,11301206.0,1960.0,3700008.0,0.0,8.0,999999999999,999999999999,999999999999
44,sqlite3_shathree_init,410,1712,1830561387.0,0.0,1.0,4698738.0,1712.0,3735928.0,0.0,1.0,999999999999,999999999999,999999999999
961,sqlite3_create_function,201,1088,1835262394.0,0.0,34.0,3535588.0,1088.0,3737708.0,0.0,34.0,999999999999,999999999999,999999999999
969,matchQuality,636,704,1838813662.0,0.0,10.0,5206578.0,704.0,3836818.0,0.0,10.0,999999999999,999999999999,999999999999
51,sqlite3_uint_init,125,1144,1844033830.0,0.0,1.0,2627208.0,1144.0,4055868.0,0.0,1.0,999999999999,999999999999,999999999999
993,sqlite3_create_collation,149,984,1846662068.0,0.0,2.0,2887318.0,984.0,4057288.0,0.0,2.0,999999999999,999999999999,999999999999
994,sqlite3_create_collation_v2,218,1128,1849550917.0,0.0,2.0,3456629.0,1128.0,4058588.0,0.0,2.0,999999999999,999999999999,999999999999
53,sqlite3_decimal_init,667,1664,1853017026.0,0.0,1.0,6895596.0,1664.0,4119378.0,0.0,1.0,999999999999,999999999999,999999999999
1612,rehash,706,1696,1859934032.0,0.0,1.0,8368076.0,1696.0,5068357.0,0.0,1.0,999999999999,999999999999,999999999999
1613,strHash,209,632,1868307568.0,0.0,82.0,3788898.0,632.0,5086627.0,0.0,82.0,999999999999,999999999999,999999999999
965,sqlite3_create_window_function,229,1144,1872099596.0,0.0,1.0,3875548.0,1144.0,5167227.0,0.0,1.0,999999999999,999999999999,999999999999
75,sqlite3_base64_init,138,1160,1875988934.0,0.0,1.0,2703218.0,1160.0,5329707.0,0.0,1.0,999999999999,999999999999,999999999999
79,sqlite3_base85_init,138,1160,1878700173.0,0.0,1.0,2666299.0,1160.0,5407147.0,0.0,1.0,999999999999,999999999999,999999999999
89,sqlite3_regexp_init,253,1320,1881374622.0,0.0,1.0,3702989.0,1320.0,5479497.0,0.0,1.0,999999999999,999999999999,999999999999
83,sqlite3_ieee_init,454,1144,1885088830.0,0.0,1.0,5092588.0,1144.0,5642047.0,0.0,1.0,999999999999,999999999999,999999999999
88,sqlite3_series_init,303,1168,1890200998.0,0.0,1.0,4087799.0,1168.0,6290656.0,0.0,1.0,999999999999,999999999999,999999999999
927,sqlite3_libversion_number,15,520,1894290116.0,0.0,1.0,1617179.0,520.0,6292166.0,0.0,1.0,999999999999,999999999999,999999999999
94,sqlite3_fileio_init,358,1608,1895916675.0,0.0,1.0,4646658.0,1608.0,6336376.0,0.0,1.0,999999999999,999999999999,999999999999
98,fsdirRegister,119,944,1900577663.0,0.0,1.0,2450799.0,944.0,6593956.0,0.0,1.0,999999999999,999999999999,999999999999
104,sqlite3_completion_init,118,952,1903035352.0,0.0,1.0,2597629.0,952.0,6638816.0,0.0,1.0,999999999999,999999999999,999999999999
103,sqlite3CompletionVtabInit,129,960,1905634000.0,0.0,1.0,2542378.0,960.0,6639936.0,0.0,1.0,999999999999,999999999999,999999999999
473,beginTimer,80,928,1908200689.0,0.0,4.0,2368879.0,928.0,8094395.0,0.0,4.0,999999999999,999999999999,999999999999
189,shell_exec,3936,4936,1910571488.0,0.0,4.0,31454085.0,4936.0,8095995.0,0.0,4.0,999999999999,999999999999,999999999999
603,sqlite3_prepare_v2,170,1016,1942028483.0,0.0,6.0,2991588.0,1016.0,8102755.0,0.0,5.0,999999999999,999999999999,999999999999
616,sqlite3LockAndPrepare,719,1632,1945021911.0,0.0,6.0,8666536.0,1632.0,8104585.0,0.0,5.0,999999999999,999999999999,999999999999
627,sqlite3SafetyCheckOk,290,1040,1953689537.0,0.0,8.0,3725808.0,1040.0,8106565.0,0.0,6.0,999999999999,999999999999,999999999999
485,sqlite3BtreeEnterAll,261,664,1957417416.0,0.0,8.0,4388548.0,664.0,8109305.0,0.0,7.0,999999999999,999999999999,999999999999
897,sqlite3Prepare,2882,3376,1961808694.0,0.0,9.0,23860738.0,3376.0,8113525.0,0.0,8.0,999999999999,999999999999,999999999999
1615,sqlite3BtreeSchemaLocked,132,1008,1985673382.0,0.0,9.0,2614798.0,1008.0,8124075.0,0.0,8.0,999999999999,999999999999,999999999999
1246,querySharedCacheTableLock,676,768,1988292340.0,0.0,17.0,6177977.0,768.0,8126045.0,0.0,16.0,999999999999,999999999999,999999999999
905,sqlite3RunParser,2748,3944,1994472738.0,0.0,10.0,20819790.0,3944.0,8131535.0,0.0,8.0,999999999999,999999999999,999999999999
908,sqlite3ParserInit,225,664,2015295038.0,0.0,10.0,3012678.0,664.0,8136515.0,0.0,8.0,999999999999,999999999999,999999999999
904,sqlite3GetToken,9763,4920,2018309406.0,0.0,402.0,56009164.0,4920.0,8139235.0,0.0,337.0,999999999999,999999999999,999999999999
907,keywordCode,1136,1104,2074321620.0,0.0,143.0,11385435.0,1104.0,8153535.0,0.0,123.0,999999999999,999999999999,999999999999
912,sqlite3Parser,916,1840,2085710355.0,0.0,253.0,9519825.0,1840.0,8165395.0,0.0,205.0,999999999999,999999999999,999999999999
1660,yy_find_shift_action,850,808,2095232060.0,0.0,729.0,7539746.0,808.0,8168285.0,10000000.0,619.0,999999999999,999999999999,999999999999
1664,yy_shift,455,1184,2102774566.0,0.0,252.0,5056548.0,1184.0,8174555.0,0.0,205.0,999999999999,999999999999,999999999999
1663,yy_reduce,47469,42664,2107834194.0,0.0,476.0,339611858.0,42664.0,8213325.0,20000000.0,414.0,999999999999,999999999999,999999999999
1676,disableLookaside,139,584,2447449142.0,0.0,4.0,2701349.0,584.0,8333715.0,0.0,4.0,999999999999,999999999999,999999999999
1768,yy_find_reduce_action,214,592,2450152880.0,0.0,476.0,2649128.0,592.0,8339965.0,10000000.0,414.0,999999999999,999999999999,999999999999
1675,sqlite3StartTable,3728,4504,2452813209.0,0.0,4.0,25884687.0,4504.0,8715575.0,0.0,4.0,999999999999,999999999999,999999999999
1779,sqlite3TwoPartName,506,1240,2478699657.0,0.0,2.0,5231198.0,1240.0,8720905.0,0.0,2.0,999999999999,999999999999,999999999999
1710,sqlite3NameFromToken,221,1064,2483932544.0,0.0,17.0,3398979.0,1064.0,8725045.0,0.0,13.0,999999999999,999999999999,999999999999
1616,sqlite3DbStrNDup,326,1128,2487332523.0,0.0,52.0,4053898.0,1128.0,8726675.0,0.0,36.0,999999999999,999999999999,999999999999
1803,sqlite3Dequote,715,728,2491396621.0,0.0,52.0,5632687.0,728.0,8753185.0,0.0,33.0,999999999999,999999999999,999999999999
1780,sqlite3CheckObjectName,763,1752,2497031238.0,0.0,4.0,8060696.0,1752.0,8758295.0,0.0,4.0,999999999999,999999999999,999999999999
1252,sqlite3WritableSchema,98,560,2505094134.0,0.0,5.0,2061439.0,560.0,8760105.0,0.0,4.0,999999999999,999999999999,999999999999
2002,sqlite3ReadOnlyShadowTables,311,632,2507158633.0,0.0,1.0,3352788.0,632.0,8767745.0,0.0,1.0,999999999999,999999999999,999999999999
1785,sqlite3ShadowTableName,420,1208,2510512482.0,0.0,5.0,4658929.0,1208.0,8771235.0,0.0,4.0,999999999999,999999999999,999999999999
2912,strrchr,25,912,2515172800.0,0.0,5.0,2025630.0,912.0,8772835.0,0.0,4.0,999999999999,999999999999,999999999999
2911,__memrchr,48,560,2517200528.0,0.0,5.0,2823408.0,560.0,8774635.0,0.0,4.0,999999999999,999999999999,999999999999
1778,sqlite3AuthCheck,551,1344,2520025547.0,0.0,23.0,5701197.0,1344.0,8779025.0,0.0,17.0,999999999999,999999999999,999999999999
868,sqlite3ReadSchema,386,1064,2525729064.0,0.0,10.0,4032508.0,1064.0,8783965.0,0.0,8.0,999999999999,999999999999,999999999999
999,sqlite3Init,696,1416,2529764632.0,0.0,5.0,8109257.0,1416.0,8786555.0,0.0,4.0,999999999999,999999999999,999999999999
1003,sqlite3InitOne,3656,4040,2537876249.0,0.0,2.0,27183878.0,4040.0,8789725.0,0.0,2.0,999999999999,999999999999,999999999999
1413,sqlite3InitCallback,2627,2432,2565062066.0,0.0,3.0,16224112.0,2432.0,8795615.0,0.0,3.0,999999999999,999999999999,999999999999
1499,sqlite3GetUInt32,513,728,2581289098.0,0.0,3.0,5749107.0,728.0,8802985.0,0.0,3.0,999999999999,999999999999,999999999999
620,sqlite3DbStrDup,311,1144,2587054015.0,0.0,19.0,4072228.0,1144.0,9328275.0,0.0,14.0,999999999999,999999999999,999999999999
572,sqlite3_stricmp,278,968,2591139643.0,0.0,19.0,3373319.0,968.0,9362155.0,0.0,14.0,999999999999,999999999999,999999999999
869,sqlite3FindTable,2007,2472,2594516732.0,0.0,13.0,16172862.0,2472.0,9394945.0,0.0,11.0,999999999999,999999999999,999999999999
1500,sqlite3FindIndex,517,1280,2610694544.0,0.0,4.0,6785727.0,1280.0,9418525.0,0.0,3.0,999999999999,999999999999,999999999999
1620,sqlite3DbIsNamed,252,1096,2617482271.0,0.0,8.0,3698688.0,1096.0,9421545.0,0.0,6.0,999999999999,999999999999,999999999999
1678,sqlite3AddColumn,3567,3280,2621194549.0,0.0,18.0,26057187.0,3280.0,9698174.0,0.0,18.0,999999999999,999999999999,999999999999
1802,sqlite3DequoteToken,430,664,2647253486.0,0.0,36.0,4763307.0,664.0,9703914.0,0.0,28.0,999999999999,999999999999,999999999999
1804,sqlite3StrIHash,319,640,2652025434.0,0.0,54.0,3862938.0,640.0,9748185.0,0.0,36.0,999999999999,999999999999,999999999999
555,sqlite3DbRealloc,553,1096,2655890072.0,0.0,44.0,4718978.0,1096.0,9754394.0,0.0,30.0,999999999999,999999999999,999999999999
1050,dbReallocFinish,422,1432,2660625020.0,0.0,20.0,5230268.0,1432.0,10160214.0,0.0,14.0,999999999999,999999999999,999999999999
1052,isLookaside,162,584,2665857257.0,0.0,20.0,2620859.0,584.0,10161964.0,0.0,14.0,999999999999,999999999999,999999999999
527,sqlite3Realloc,1065,1816,2668479906.0,0.0,17.0,8717106.0,1816.0,10163854.0,10000000.0,12.0,999999999999,999999999999,999999999999
517,sqlite3StatusValue,85,552,2677201172.0,0.0,17.0,2095479.0,552.0,10172194.0,0.0,12.0,999999999999,999999999999,999999999999
529,sqlite3MallocAlarm,138,888,2679298621.0,0.0,17.0,2593239.0,888.0,10174274.0,0.0,12.0,999999999999,999999999999,999999999999
2684,sqlite3MemRealloc,329,1200,2681893500.0,0.0,17.0,4123159.0,1200.0,10176374.0,0.0,12.0,999999999999,999999999999,999999999999
1677,sqlite3EndTable,7278,7240,2686044918.0,0.0,4.0,53821764.0,7240.0,11634304.0,0.0,4.0,999999999999,999999999999,999999999999
859,sqlite3SchemaToIndex,259,624,2739874932.0,0.0,17.0,3959138.0,624.0,11669084.0,0.0,11.0,999999999999,999999999999,999999999999
1790,estimateTableWidth,428,1112,2743836480.0,0.0,4.0,6006868.0,1112.0,11673684.0,0.0,3.0,999999999999,999999999999,999999999999
1024,sqlite3LogEst,685,744,2749845978.0,0.0,23.0,5921006.0,744.0,11678684.0,0.0,20.0,999999999999,999999999999,999999999999
1671,sqlite3FinishCoding,2803,3512,2755780974.0,0.0,10.0,22427170.0,3512.0,11799194.0,0.0,8.0,999999999999,999999999999,999999999999
913,sqlite3ParserFinalize,398,1088,2778212634.0,0.0,10.0,5203817.0,1088.0,11814054.0,0.0,8.0,999999999999,999999999999,999999999999
1619,sqlite3ErrorClear,172,928,2783420311.0,0.0,9.0,2964029.0,928.0,11825534.0,0.0,8.0,999999999999,999999999999,999999999999
654,sqlite3ParseObjectReset,683,1512,2786386870.0,0.0,9.0,7799756.0,1512.0,11828134.0,0.0,8.0,999999999999,999999999999,999999999999
612,sqlite3_finalize,400,1400,2794189016.0,0.0,7.0,5317268.0,1400.0,11834624.0,0.0,7.0,999999999999,999999999999,999999999999
655,sqlite3BtreeTxnState,127,552,2799508824.0,0.0,12.0,2360149.0,552.0,11839104.0,0.0,12.0,999999999999,999999999999,999999999999
659,sqlite3BtreeBeginTrans,475,1240,2801870253.0,0.0,10.0,5484847.0,1240.0,11840924.0,0.0,9.0,999999999999,999999999999,999999999999
680,btreeBeginTrans,3189,2984,2807356780.0,0.0,8.0,23366019.0,2984.0,11843434.0,0.0,8.0,999999999999,999999999999,999999999999
1247,lockBtree,2541,2928,2830725779.0,0.0,8.0,18775871.0,2928.0,11855104.0,0.0,8.0,999999999999,999999999999,999999999999
1251,sqlite3PagerSharedLock,1873,2768,2849504000.0,0.0,8.0,15241882.0,2768.0,11858284.0,0.0,8.0,999999999999,999999999999,999999999999
1189,pager_wait_on_lock,250,1136,2864747722.0,0.0,10.0,4571678.0,1136.0,11861534.0,0.0,8.0,999999999999,999999999999,999999999999
1190,pagerLockDb,451,1112,2869321040.0,0.0,15.0,4780028.0,1112.0,11862884.0,0.0,12.0,999999999999,999999999999,999999999999
1191,sqlite3OsLock,119,952,2874102638.0,0.0,9.0,2640709.0,952.0,11865294.0,0.0,7.0,999999999999,999999999999,999999999999
1099,dotlockLock,573,1344,2876745327.0,0.0,9.0,5752807.0,1344.0,11866804.0,0.0,7.0,999999999999,999999999999,999999999999
2808,mkdir,161,1016,2882501284.0,0.0,5.0,3001358.0,1016.0,11869644.0,0.0,5.0,999999999999,999999999999,999999999999
2786,__wasilibc_nocwd_mkdirat_nomode,37,864,2885511102.0,0.0,5.0,2227919.0,864.0,11890894.0,0.0,5.0,999999999999,999999999999,999999999999
2772,__wasi_path_create_directory,26,928,2887741081.0,0.0,5.0,2203619.0,928.0,11891574.0,0.0,5.0,999999999999,999999999999,999999999999
1254,hasHotJournal,1093,2136,2890034990.0,0.0,5.0,10279626.0,2136.0,11960664.0,0.0,5.0,999999999999,999999999999,999999999999
1212,sqlite3OsAccess,144,984,2900316496.0,0.0,5.0,2844058.0,984.0,11964224.0,0.0,5.0,999999999999,999999999999,999999999999
589,unixAccess,428,1136,2903163064.0,0.0,5.0,4633948.0,1136.0,11965764.0,0.0,5.0,999999999999,999999999999,999999999999
2803,stat,165,1040,2907799412.0,0.0,7.0,3096028.0,1040.0,11967624.0,0.0,6.0,999999999999,999999999999,999999999999
1255,pagerPagecount,450,1128,2910926200.0,0.0,5.0,4893888.0,1128.0,11999213.0,0.0,5.0,999999999999,999999999999,999999999999
705,sqlite3OsFileSize,118,952,2915822028.0,0.0,5.0,2642909.0,952.0,12000953.0,0.0,5.0,999999999999,999999999999,999999999999
1071,unixFileSize,323,1128,2918467137.0,0.0,5.0,4210738.0,1128.0,12002544.0,0.0,5.0,999999999999,999999999999,999999999999
718,btreeGetPage,250,1152,2922692085.0,0.0,1077.0,4012958.0,1152.0,12015804.0,0.0,1079.0,999999999999,999999999999,999999999999
609,sqlite3PagerGet,144,984,2926706763.0,0.0,214322.0,2851719.0,984.0,12017724.0,120000000.0,217174.0,999999999999,999999999999,999999999999
1179,getPageNormal,1590,2344,2929560542.0,10000000.0,214319.0,12729583.0,2344.0,12019593.0,520000000.0,217171.0,999999999999,999999999999,999999999999
1194,sqlite3PcacheFetch,197,1016,2942292095.0,0.0,214319.0,3197349.0,1016.0,12022593.0,170000000.0,217171.0,999999999999,999999999999,999999999999
2697,pcache1Fetch,111,936,2945491754.0,0.0,214942.0,2554809.0,936.0,12024564.0,110000000.0,217801.0,999999999999,999999999999,999999999999
2698,pcache1FetchNoMutex,536,1128,2948048903.0,10000000.0,214942.0,6117747.0,1128.0,12025504.0,490000000.0,217801.0,999999999999,999999999999,999999999999
2707,pcache1FetchStage2,1509,2096,2954168340.0,0.0,3814.0,12161714.0,2096.0,12028344.0,10000000.0,5957.0,999999999999,999999999999,999999999999
2709,pcache1AllocPage,582,1424,2966331814.0,0.0,495.0,6490707.0,1424.0,12032753.0,0.0,495.0,999999999999,999999999999,999999999999
2710,pcache1InitBulk,965,1504,2972824511.0,0.0,4.0,9103026.0,1504.0,12034713.0,0.0,4.0,999999999999,999999999999,999999999999
1196,sqlite3PcacheFetchFinish,288,1024,2981970277.0,0.0,217510.0,3752088.0,1024.0,12112844.0,540000000.0,222498.0,999999999999,999999999999,999999999999
1201,pcacheFetchFinishWithInit,389,1120,2985724065.0,0.0,3191.0,4163708.0,1120.0,12114893.0,30000000.0,5327.0,999999999999,999999999999,999999999999
1256,btreePageFromDbPage,324,1168,2989891793.0,0.0,3195.0,4383147.0,1168.0,12143793.0,0.0,5332.0,999999999999,999999999999,999999999999
685,sqlite3PagerGetExtra,49,544,2994277560.0,10000000.0,216438.0,1933949.0,544.0,12145213.0,1050000000.0,221426.0,999999999999,999999999999,999999999999
610,sqlite3PagerGetData,48,544,2996213870.0,0.0,3191.0,1950909.0,544.0,12146784.0,10000000.0,5327.0,999999999999,999999999999,999999999999
681,sqlite3Get4byte,193,584,2998166999.0,20000000.0,214335.0,2596209.0,584.0,3163088.0,470000000.0,217191.0,999999999999,999999999999,999999999999
671,sqlite3PagerPagecount,68,560,3000764348.0,0.0,8.0,2074079.0,560.0,12151513.0,0.0,8.0,999999999999,999999999999,999999999999
1377,sqlite3BtreeGetMeta,300,1160,3002840497.0,0.0,6.0,4238158.0,1160.0,12173924.0,0.0,5.0,999999999999,999999999999,999999999999
1295,sqlite3AbsInt32,197,576,3007081405.0,0.0,1.0,2650698.0,576.0,12215004.0,0.0,1.0,999999999999,999999999999,999999999999
663,sqlite3BtreeLastPage,86,904,3009737304.0,0.0,2.0,2323898.0,904.0,12228804.0,0.0,1.0,999999999999,999999999999,999999999999
684,btreePagecount,48,544,3012062762.0,20000000.0,214316.0,1931949.0,544.0,12229693.0,250000000.0,217165.0,999999999999,999999999999,999999999999
860,sqlite3MPrintf,125,968,3013996231.0,0.0,7.0,2624439.0,968.0,12231704.0,0.0,4.0,999999999999,999999999999,999999999999
648,sqlite3VMPrintf,314,1200,3016622200.0,0.0,8.0,4222728.0,1200.0,12232984.0,0.0,4.0,999999999999,999999999999,999999999999
607,sqlite3_exec,2628,3432,3020860508.0,0.0,2.0,24131968.0,3432.0,12341993.0,0.0,1.0,999999999999,999999999999,999999999999
1703,sqlite3Expr,163,1048,3045007706.0,0.0,12.0,3102489.0,1048.0,12630523.0,0.0,6.0,999999999999,999999999999,999999999999
1723,sqlite3ExprAlloc,1042,1608,3048113265.0,0.0,22.0,9079026.0,1608.0,12633633.0,0.0,16.0,999999999999,999999999999,999999999999
1704,sqlite3ExprSetErrorOffset,146,568,3057198391.0,0.0,12.0,2645899.0,568.0,12658623.0,0.0,6.0,999999999999,999999999999,999999999999
1700,sqlite3ExprListAppend,447,1096,3059845820.0,0.0,49.0,4643567.0,1096.0,12660673.0,0.0,35.0,999999999999,999999999999,999999999999
1910,sqlite3ExprListAppendNew,332,1136,3064491087.0,0.0,19.0,4187388.0,1136.0,12662783.0,0.0,14.0,999999999999,999999999999,999999999999
1696,sqlite3SrcListAppendFromTerm,1498,1784,3068691535.0,0.0,6.0,10831525.0,1784.0,13081933.0,0.0,5.0,999999999999,999999999999,999999999999
1708,sqlite3SrcListAppend,1003,1688,3079524340.0,0.0,8.0,8620516.0,1688.0,13086243.0,0.0,6.0,999999999999,999999999999,999999999999
1705,sqlite3SrcListShiftJoinType,853,776,3088156596.0,0.0,6.0,7875766.0,776.0,13206243.0,0.0,5.0,999999999999,999999999999,999999999999
1681,tokenExpr,809,1560,3096038992.0,0.0,31.0,7738626.0,1560.0,13465843.0,0.0,21.0,999999999999,999999999999,999999999999
1712,sqlite3ExprListSetSortOrder,419,664,3103786119.0,0.0,4.0,4217158.0,664.0,13641383.0,0.0,3.0,999999999999,999999999999,999999999999
1697,sqlite3SelectNew,1029,1888,3108006187.0,0.0,7.0,9466675.0,1888.0,13776593.0,0.0,6.0,999999999999,999999999999,999999999999
1695,parserDoubleLinkSelect,748,1368,3117479242.0,0.0,6.0,7424736.0,1368.0,13844043.0,0.0,5.0,999999999999,999999999999,999999999999
1693,sqlite3Select,26465,24136,3124906528.0,0.0,8.0,205908642.0,24136.0,13890253.0,0.0,7.0,999999999999,999999999999,999999999999
1769,sqlite3GetVdbe,277,984,3330818700.0,0.0,17.0,4071768.0,984.0,13932113.0,0.0,13.0,999999999999,999999999999,999999999999
861,sqlite3VdbeCreate,510,1288,3334894058.0,0.0,6.0,5294128.0,1288.0,13934493.0,0.0,5.0,999999999999,999999999999,999999999999
874,sqlite3VdbeAddOp2,133,960,3340200846.0,0.0,48.0,2590888.0,960.0,13953733.0,0.0,41.0,999999999999,999999999999,999999999999
1631,sqlite3VdbeAddOp3,468,1272,3342793664.0,0.0,175.0,5334888.0,1272.0,13955073.0,0.0,133.0,999999999999,999999999999,999999999999
1632,growOp3,204,1120,3348130311.0,0.0,7.0,3721139.0,1120.0,13957963.0,0.0,6.0,999999999999,999999999999,999999999999
876,growOpArray,583,1304,3351852820.0,0.0,7.0,5932467.0,1304.0,13959423.0,0.0,6.0,999999999999,999999999999,999999999999
542,sqlite3DbMallocSize,384,1032,3357792367.0,10000000.0,200067.0,4012048.0,1032.0,13979273.0,550000000.0,200050.0,999999999999,999999999999,999999999999
1840,sqlite3SelectPrep,319,1184,3361808205.0,0.0,8.0,4195929.0,1184.0,13992903.0,0.0,7.0,999999999999,999999999999,999999999999
2150,sqlite3SelectExpand,297,1144,3366006223.0,0.0,5.0,3880389.0,1144.0,13995383.0,0.0,4.0,999999999999,999999999999,999999999999
2086,sqlite3WalkSelect,543,1376,3369888101.0,0.0,20.0,6760316.0,1376.0,13997933.0,0.0,17.0,999999999999,999999999999,999999999999
2160,selectExpander,12126,8896,3376649948.0,0.0,9.0,89016018.0,8896.0,14000693.0,0.0,8.0,999999999999,999999999999,999999999999
1761,sqlite3WithPush,379,1096,3465670556.0,0.0,7.0,4683538.0,1096.0,14038823.0,0.0,6.0,999999999999,999999999999,999999999999
2163,sqlite3SrcListAssignCursors,452,1160,3470356953.0,0.0,7.0,5587228.0,1160.0,14041633.0,0.0,6.0,999999999999,999999999999,999999999999
2165,resolveFromTermToCte,4333,3672,3475946401.0,0.0,5.0,29519986.0,3672.0,14047093.0,0.0,4.0,999999999999,999999999999,999999999999
1819,sqlite3LocateTableItem,311,1160,3505469196.0,0.0,6.0,4482478.0,1160.0,14053063.0,0.0,4.0,999999999999,999999999999,999999999999
858,sqlite3LocateTable,1121,1840,3509955325.0,0.0,6.0,10041176.0,1840.0,14055813.0,0.0,4.0,999999999999,999999999999,999999999999
2166,cannotBeFunction,219,984,3520004200.0,0.0,5.0,3338428.0,984.0,14084023.0,0.0,4.0,999999999999,999999999999,999999999999
2168,sqlite3ProcessJoin,3947,4400,3523344138.0,0.0,7.0,31447965.0,4400.0,14087673.0,0.0,6.0,999999999999,999999999999,999999999999
1911,sqlite3ExprListAppendGrow,483,1248,3554815393.0,0.0,5.0,5135598.0,1248.0,14329612.0,0.0,3.0,999999999999,999999999999,999999999999
885,sqlite3ExprListDelete,136,896,3559963011.0,0.0,62.0,2611829.0,896.0,14377472.0,0.0,50.0,999999999999,999999999999,999999999999
914,exprListDeleteNN,338,1200,3562577529.0,0.0,21.0,4572498.0,1200.0,14378952.0,0.0,16.0,999999999999,999999999999,999999999999
499,sqlite3ExprDelete,136,896,3567152227.0,0.0,100.0,2623989.0,896.0,14380732.0,0.0,72.0,999999999999,999999999999,999999999999
1539,sqlite3ExprDeleteNN,689,1480,3569778736.0,0.0,74.0,8290586.0,1480.0,14382263.0,0.0,54.0,999999999999,999999999999,999999999999
503,sqlite3DbNNFreeNN,466,1072,3578071692.0,10000000.0,316.0,4526298.0,1072.0,14388003.0,0.0,235.0,999999999999,999999999999,999999999999
2088,sqlite3WalkSelectExpr,759,1568,3582605110.0,0.0,14.0,7191336.0,1568.0,14407792.0,0.0,12.0,999999999999,999999999999,999999999999
2085,sqlite3WalkExprList,335,1112,3589798116.0,0.0,45.0,5009448.0,1112.0,14409552.0,0.0,39.0,999999999999,999999999999,999999999999
2082,sqlite3WalkExpr,161,920,3594809194.0,0.0,132.0,2897969.0,920.0,14411723.0,0.0,108.0,999999999999,999999999999,999999999999
2084,sqlite3WalkExprNN,693,1448,3597708203.0,0.0,182.0,8169556.0,1448.0,14413343.0,0.0,136.0,999999999999,999999999999,999999999999
2158,sqlite3ExprWalkNoop,46,544,3605879028.0,0.0,118.0,1976150.0,544.0,14415472.0,0.0,92.0,999999999999,999999999999,999999999999
2089,sqlite3WalkSelectFrom,524,1216,3607858478.0,0.0,14.0,6503617.0,1216.0,14446432.0,0.0,12.0,999999999999,999999999999,999999999999
2091,sqlite3SelectPopWith,294,1032,3614363955.0,0.0,7.0,3759798.0,1032.0,14451212.0,0.0,6.0,999999999999,999999999999,999999999999
2131,sqlite3ResolveSelectNames,176,968,3618126213.0,0.0,6.0,2946499.0,968.0,14455063.0,0.0,5.0,999999999999,999999999999,999999999999
2125,resolveSelectStep,4682,3984,3621074252.0,0.0,6.0,38995411.0,3984.0,14458383.0,0.0,5.0,999999999999,999999999999,999999999999
1919,sqlite3ResolveExprNames,709,1384,3660071733.0,0.0,24.0,6843527.0,1384.0,14466192.0,0.0,15.0,999999999999,999999999999,999999999999
1955,sqlite3ResolveExprListNames,966,1536,3666917480.0,0.0,7.0,9742365.0,1536.0,14472332.0,0.0,6.0,999999999999,999999999999,999999999999
1809,sqlite3ExprCheckHeight,216,1008,3676661455.0,0.0,54.0,3353828.0,1008.0,14476552.0,0.0,35.0,999999999999,999999999999,999999999999
2124,resolveExprStep,10140,10816,3680017603.0,0.0,67.0,66654649.0,10816.0,14480163.0,0.0,46.0,999999999999,999999999999,999999999999
2127,lookupName,13252,9864,3746676352.0,0.0,30.0,99184712.0,9864.0,14495763.0,0.0,21.0,999999999999,999999999999,999999999999
2141,sqlite3ExprColUsed,480,696,3845870294.0,0.0,25.0,4680948.0,696.0,14563782.0,0.0,18.0,999999999999,999999999999,999999999999
2132,resolveOrderGroupBy,1201,2128,3850560852.0,0.0,4.0,12831544.0,2128.0,14750452.0,0.0,3.0,999999999999,999999999999,999999999999
2028,sqlite3ExprSkipCollateAndLikely,334,616,3863394066.0,0.0,68.0,4207508.0,616.0,14753772.0,0.0,50.0,999999999999,999999999999,999999999999
2152,resolveAsName,459,1176,3867604724.0,0.0,4.0,6348197.0,1176.0,14757062.0,0.0,3.0,999999999999,999999999999,999999999999
2153,sqlite3ExprIsInteger,439,1192,3873956021.0,0.0,8.0,5055337.0,1192.0,14778302.0,0.0,6.0,999999999999,999999999999,999999999999
1000,sqlite3IsRowid,224,1104,3879017288.0,0.0,3.0,3682538.0,1104.0,14833902.0,0.0,1.0,999999999999,999999999999,999999999999
2057,sqlite3ExprCompare,4011,2736,3882703856.0,0.0,75.0,21951060.0,2736.0,14850632.0,0.0,59.0,999999999999,999999999999,999999999999
1858,sqlite3ExprListCompare,827,1264,3904657337.0,0.0,17.0,7735596.0,1264.0,14878692.0,0.0,12.0,999999999999,999999999999,999999999999
2156,sqlite3ResolveOrderGroupBy,878,1464,3912397322.0,0.0,4.0,8700556.0,1464.0,14960142.0,0.0,3.0,999999999999,999999999999,999999999999
2151,sqlite3SelectAddTypeInfo,159,944,3921100768.0,0.0,5.0,2719759.0,944.0,14970542.0,0.0,4.0,999999999999,999999999999,999999999999
2161,sqlite3SelectWalkNoop,46,544,3923821927.0,0.0,7.0,1965439.0,544.0,14973512.0,0.0,6.0,999999999999,999999999999,999999999999
2162,selectAddSubqueryTypeInfo,505,1248,3925791156.0,0.0,7.0,6516347.0,1248.0,15003372.0,0.0,6.0,999999999999,999999999999,999999999999
1842,sqlite3GenerateColumnNames,2019,2216,3932309383.0,0.0,4.0,16435972.0,2216.0,15009242.0,0.0,3.0,999999999999,999999999999,999999999999
1968,sqlite3VdbeSetNumCols,495,1304,3948747355.0,0.0,4.0,5379108.0,1304.0,15015172.0,0.0,3.0,999999999999,999999999999,999999999999
883,initMemArray,246,664,3954138373.0,0.0,16.0,3906738.0,664.0,15035442.0,0.0,13.0,999999999999,999999999999,999999999999
1969,sqlite3VdbeSetColName,367,1104,3958047841.0,0.0,34.0,4341597.0,1104.0,15044222.0,0.0,24.0,999999999999,999999999999,999999999999
760,sqlite3VdbeMemSetStr,2222,2256,3962391188.0,0.0,35.0,16274933.0,2256.0,15047222.0,0.0,24.0,999999999999,999999999999,999999999999
773,sqlite3VdbeMemClearAndResize,259,1000,3978670101.0,20000000.0,100340.0,3609198.0,1000.0,15057252.0,200000000.0,100329.0,999999999999,999999999999,999999999999
738,sqlite3VdbeMemGrow,1170,1840,3982280929.0,0.0,200054.0,9945245.0,1840.0,15059472.0,420000000.0,200042.0,999999999999,999999999999,999999999999
2193,generateColumnTypes,376,1256,3992242904.0,0.0,4.0,5623248.0,1256.0,15214342.0,0.0,3.0,999999999999,999999999999,999999999999
2178,columnTypeImpl,1434,1752,3997868262.0,0.0,18.0,12791023.0,1752.0,15217202.0,0.0,13.0,999999999999,999999999999,999999999999
1001,sqlite3ColumnType,339,1000,4010661825.0,0.0,15.0,4020688.0,1000.0,15225442.0,0.0,10.0,999999999999,999999999999,999999999999
1843,sqlite3WindowRewrite,4503,4888,4014698713.0,0.0,8.0,31173806.0,4888.0,15407642.0,0.0,7.0,999999999999,999999999999,999999999999
1850,countOfViewOptimization,2497,2384,4045875489.0,0.0,7.0,17307651.0,2384.0,15418282.0,0.0,6.0,999999999999,999999999999,999999999999
1859,sqlite3KeyInfoFromExprList,570,1400,4063186140.0,0.0,4.0,7021397.0,1400.0,15427092.0,0.0,3.0,999999999999,999999999999,999999999999
2030,sqlite3KeyInfoAlloc,519,1280,4070209257.0,0.0,4.0,5588637.0,1280.0,15429162.0,0.0,3.0,999999999999,999999999999,999999999999
2222,sqlite3ExprNNCollSeq,181,968,4075808715.0,0.0,4.0,3142908.0,968.0,15451212.0,0.0,3.0,999999999999,999999999999,999999999999
1651,sqlite3ExprCollSeq,1798,2400,4078953673.0,0.0,14.0,14452863.0,2400.0,15452722.0,0.0,10.0,999999999999,999999999999,999999999999
1653,sqlite3CheckCollSeq,353,1048,4093409286.0,0.0,14.0,4110668.0,1048.0,15458642.0,0.0,10.0,999999999999,999999999999,999999999999
1773,sqlite3VdbeAddOp4,213,1144,4097522444.0,0.0,23.0,3587128.0,1144.0,15464862.0,0.0,12.0,999999999999,999999999999,999999999999
866,sqlite3VdbeChangeP4,738,1216,4101111543.0,0.0,33.0,6298838.0,1216.0,15468702.0,0.0,19.0,999999999999,999999999999,999999999999
1860,sqlite3VdbeMakeLabel,67,552,4107413340.0,0.0,40.0,2036009.0,552.0,15475222.0,0.0,32.0,999999999999,999999999999,999999999999
1862,sqlite3VdbeChangeOpcode,114,960,4109450608.0,0.0,2.0,2631698.0,960.0,15478042.0,0.0,1.0,999999999999,999999999999,999999999999
1999,sqlite3VdbeGetOp,190,608,4112083677.0,0.0,58.0,2928189.0,608.0,15480052.0,0.0,55.0,999999999999,999999999999,999999999999
1864,sqlite3WhereBegin,12155,9888,4115013216.0,0.0,8.0,90915317.0,9888.0,15485082.0,0.0,6.0,999999999999,999999999999,999999999999
2223,whereLoopInit,119,592,4205944553.0,0.0,16.0,2486798.0,592.0,15518842.0,0.0,12.0,999999999999,999999999999,999999999999
2224,sqlite3WhereClauseInit,183,640,4208434731.0,0.0,8.0,2584289.0,640.0,15520302.0,0.0,6.0,999999999999,999999999999,999999999999
2225,sqlite3WhereSplit,397,1248,4211020440.0,0.0,10.0,4671107.0,1248.0,15522162.0,0.0,6.0,999999999999,999999999999,999999999999
2226,createMask,122,568,4215693568.0,0.0,7.0,2260439.0,568.0,15526512.0,0.0,5.0,999999999999,999999999999,999999999999
2227,sqlite3WhereTabFuncArgs,1320,1992,4217955336.0,0.0,7.0,13340774.0,1992.0,15528272.0,0.0,5.0,999999999999,999999999999,999999999999
2228,sqlite3WhereExprAnalyze,207,1032,4231298010.0,0.0,8.0,3867009.0,1032.0,15531742.0,0.0,6.0,999999999999,999999999999,999999999999
2232,whereShortCut,2769,2304,4235166629.0,0.0,7.0,19461530.0,2304.0,15536182.0,0.0,5.0,999999999999,999999999999,999999999999
2292,whereScanInit,1032,1520,4254630099.0,0.0,23.0,9078615.0,1520.0,15543202.0,0.0,18.0,999999999999,999999999999,999999999999
2293,whereScanNext,3270,2528,4263710265.0,0.0,23.0,25657398.0,2528.0,15547322.0,0.0,18.0,999999999999,999999999999,999999999999
2233,whereLoopAddAll,1669,2352,4289370693.0,0.0,7.0,15883962.0,2352.0,15557802.0,0.0,6.0,999999999999,999999999999,999999999999
2294,sqlite3WhereGetMask,364,680,4305256425.0,0.0,18.0,5158738.0,680.0,15562092.0,0.0,12.0,999999999999,999999999999,999999999999
2296,whereLoopAddBtree,7002,5280,4310416913.0,0.0,6.0,49882446.0,5280.0,15565792.0,0.0,5.0,999999999999,999999999999,999999999999
2350,estLog,237,912,4360303759.0,0.0,13.0,3219258.0,912.0,15578512.0,0.0,11.0,999999999999,999999999999,999999999999
2353,indexMightHelpWithOrderBy,1463,1632,4363527227.0,0.0,6.0,12316124.0,1632.0,15588812.0,0.0,5.0,999999999999,999999999999,999999999999
2354,whereLoopOutputAdjust,2336,1832,4375846661.0,0.0,6.0,17117142.0,1832.0,15597812.0,0.0,5.0,999999999999,999999999999,999999999999
2351,whereLoopInsert,1476,1984,4392966033.0,0.0,8.0,11785164.0,1984.0,15603092.0,0.0,6.0,999999999999,999999999999,999999999999
2365,whereLoopAdjustCost,1264,1368,4404752857.0,0.0,8.0,8707276.0,1368.0,15606862.0,0.0,6.0,999999999999,999999999999,999999999999
2366,whereLoopFindLesser,1358,992,4413462294.0,0.0,8.0,9263966.0,992.0,15610282.0,0.0,6.0,999999999999,999999999999,999999999999
2367,whereLoopXfer,820,1472,4422738399.0,0.0,8.0,7294606.0,1472.0,15632072.0,0.0,6.0,999999999999,999999999999,999999999999
2359,whereLoopClearUnion,459,1192,4430034575.0,0.0,23.0,4880498.0,1192.0,15633762.0,0.0,18.0,999999999999,999999999999,999999999999
2356,whereLoopAddBtreeIndex,10711,6472,4434918363.0,0.0,6.0,67981618.0,6472.0,15642172.0,0.0,5.0,999999999999,999999999999,999999999999
2298,whereLoopClear,274,1104,4502907700.0,0.0,15.0,3870009.0,1104.0,15688062.0,0.0,12.0,999999999999,999999999999,999999999999
2234,wherePathSolver,10018,5672,4506780379.0,0.0,11.0,69002137.0,5672.0,15692182.0,0.0,9.0,999999999999,999999999999,999999999999
2211,sqlite3LogEstAdd,901,696,4575804836.0,0.0,24.0,5482827.0,696.0,15733762.0,0.0,19.0,999999999999,999999999999,999999999999
2299,wherePathSatisfiesOrderBy,9718,5576,4581291383.0,0.0,10.0,73832855.0,5576.0,15758322.0,0.0,8.0,999999999999,999999999999,999999999999
2289,sqlite3WhereFindTerm,575,1280,4655128928.0,0.0,10.0,6684107.0,1280.0,15780752.0,0.0,8.0,999999999999,999999999999,999999999999
2235,whereInterstageHeuristic,582,832,4661826125.0,0.0,4.0,6672677.0,832.0,15823232.0,0.0,3.0,999999999999,999999999999,999999999999
1986,sqlite3OpenTable,545,1440,4668514192.0,0.0,6.0,6130697.0,1440.0,15932472.0,0.0,4.0,999999999999,999999999999,999999999999
1899,sqlite3TableLock,273,1152,4674647239.0,0.0,8.0,4140477.0,1152.0,15935742.0,0.0,4.0,999999999999,999999999999,999999999999
877,sqlite3BtreeSharable,61,544,4678790036.0,0.0,16.0,1957909.0,544.0,15937862.0,0.0,10.0,999999999999,999999999999,999999999999
862,sqlite3VdbeAddOp4Int,488,1312,4680751595.0,0.0,17.0,5692797.0,1312.0,15940242.0,0.0,13.0,999999999999,999999999999,999999999999
879,vdbeChangeP4Full,434,1248,4686447113.0,0.0,17.0,5364808.0,1248.0,15950212.0,0.0,9.0,999999999999,999999999999,999999999999
863,sqlite3VdbeChangeP5,163,584,4691813550.0,0.0,29.0,2823689.0,584.0,15956182.0,0.0,21.0,999999999999,999999999999,999999999999
1781,sqlite3CodeVerifySchema,176,920,4694639199.0,0.0,5.0,2846739.0,920.0,15958722.0,0.0,4.0,999999999999,999999999999,999999999999
2102,sqlite3CodeVerifySchemaAtToplevel,250,944,4697488538.0,0.0,8.0,3355678.0,944.0,15960772.0,0.0,5.0,999999999999,999999999999,999999999999
1793,sqlite3VdbeCurrentAddr,49,544,4700846496.0,0.0,37.0,1918929.0,544.0,15964942.0,0.0,29.0,999999999999,999999999999,999999999999
2244,sqlite3WhereExplainOneScan,2475,2632,4702767235.0,0.0,7.0,16811602.0,2632.0,15969232.0,0.0,5.0,999999999999,999999999999,999999999999
2245,sqlite3WhereCodeOneLoopStart,30791,25592,4719584547.0,0.0,7.0,249541551.0,25592.0,15975452.0,0.0,5.0,999999999999,999999999999,999999999999
1865,sqlite3WhereOutputRowCount,66,544,4969136068.0,0.0,12.0,2272179.0,544.0,16055362.0,0.0,10.0,999999999999,999999999999,999999999999
1867,sqlite3WhereIsOrdered,158,552,4971411397.0,0.0,4.0,2318469.0,552.0,16058512.0,0.0,3.0,999999999999,999999999999,999999999999
1868,sqlite3WhereOrderByLimitOptLabel,309,640,4973731506.0,0.0,4.0,3544438.0,640.0,16060472.0,0.0,3.0,999999999999,999999999999,999999999999
1869,sqlite3VdbeChangeToNoop,351,1072,4977277474.0,0.0,3.0,4025758.0,1072.0,16063532.0,0.0,1.0,999999999999,999999999999,999999999999
878,freeP4,581,1688,4981304892.0,0.0,22.0,4627028.0,1688.0,16066052.0,0.0,12.0,999999999999,999999999999,999999999999
1307,sqlite3KeyInfoUnref,188,912,4985936250.0,0.0,4.0,2885328.0,912.0,16068622.0,0.0,3.0,999999999999,999999999999,999999999999
1873,sqlite3WhereContinueLabel,48,544,4988832628.0,0.0,7.0,1790620.0,544.0,16080822.0,0.0,6.0,999999999999,999999999999,999999999999
1874,sqlite3WhereBreakLabel,49,544,4990624678.0,0.0,7.0,1801969.0,544.0,16082072.0,0.0,6.0,999999999999,999999999999,999999999999
1872,selectInnerLoop,7166,7384,4992428107.0,0.0,8.0,51454035.0,7384.0,16083282.0,0.0,7.0,999999999999,999999999999,999999999999
2257,codeOffset,165,936,5043885052.0,0.0,9.0,3024459.0,936.0,16092452.0,0.0,8.0,999999999999,999999999999,999999999999
2258,innerLoopLoadRow,156,952,5046911591.0,0.0,7.0,2705309.0,952.0,16099212.0,0.0,6.0,999999999999,999999999999,999999999999
1885,sqlite3ExprCodeExprList,1576,2016,5049618930.0,0.0,9.0,14349953.0,2016.0,16100922.0,0.0,8.0,999999999999,999999999999,999999999999
1958,sqlite3ExprCodeTarget,15921,19104,5063970612.0,0.0,53.0,117904015.0,19104.0,16106832.0,0.0,38.0,999999999999,999999999999,999999999999
2035,sqlite3ExprCodeGetColumn,461,1208,5181878347.0,0.0,25.0,5260618.0,1208.0,16127432.0,0.0,18.0,999999999999,999999999999,999999999999
1924,sqlite3ExprCodeGetColumnOfTable,1070,1896,5187141924.0,0.0,25.0,9468115.0,1896.0,16130362.0,0.0,18.0,999999999999,999999999999,999999999999
1942,sqlite3TableColumnToStorage,581,744,5196611819.0,0.0,26.0,6495777.0,744.0,16139522.0,0.0,19.0,999999999999,999999999999,999999999999
1993,sqlite3ColumnDefault,597,1488,5203110717.0,0.0,23.0,5979288.0,1488.0,16145902.0,0.0,16.0,999999999999,999999999999,999999999999
1875,sqlite3WhereEnd,7780,7664,5209098014.0,0.0,8.0,62213270.0,7664.0,16255452.0,0.0,6.0,999999999999,999999999999,999999999999
1871,sqlite3VdbeResolveLabel,284,992,5271315464.0,0.0,40.0,3786038.0,992.0,16265792.0,0.0,32.0,999999999999,999999999999,999999999999
2071,resizeResolveLabel,486,1232,5275103962.0,0.0,7.0,5542568.0,1232.0,16268302.0,0.0,5.0,999999999999,999999999999,999999999999
1347,sqlite3DbReallocOrFree,197,1056,5280649629.0,0.0,8.0,3319479.0,1056.0,16270962.0,0.0,5.0,999999999999,999999999999,999999999999
2246,whereInfoFree,385,1288,5283989838.0,0.0,8.0,5816807.0,1288.0,16309032.0,0.0,6.0,999999999999,999999999999,999999999999
2320,sqlite3WhereClauseClear,550,1192,5289808555.0,0.0,8.0,6370477.0,1192.0,16310412.0,0.0,6.0,999999999999,999999999999,999999999999
2321,whereLoopDelete,115,992,5296181312.0,0.0,8.0,2544729.0,992.0,16313802.0,0.0,6.0,999999999999,999999999999,999999999999
1848,sqlite3VdbeExplainPop,92,928,5298735151.0,0.0,8.0,2284149.0,928.0,16336042.0,0.0,7.0,999999999999,999999999999,999999999999
2214,sqlite3VdbeExplainParent,176,976,5301021060.0,0.0,8.0,3097008.0,976.0,16337322.0,0.0,7.0,999999999999,999999999999,999999999999
1538,sqlite3SelectDelete,142,904,5304121158.0,0.0,7.0,2756739.0,904.0,16340142.0,0.0,6.0,999999999999,999999999999,999999999999
1540,clearSelect,671,1776,5306879727.0,0.0,7.0,8674985.0,1776.0,16341582.0,0.0,6.0,999999999999,999999999999,999999999999
1543,sqlite3SrcListDelete,1037,1712,5315564512.0,0.0,11.0,10691046.0,1712.0,16433971.0,0.0,9.0,999999999999,999999999999,999999999999
491,sqlite3DeleteTable,262,952,5326260998.0,0.0,13.0,3490889.0,952.0,16450851.0,0.0,10.0,999999999999,999999999999,999999999999
1770,sqlite3VdbeAddOp0,104,928,5329765266.0,0.0,7.0,2479179.0,928.0,16567402.0,0.0,5.0,999999999999,999999999999,999999999999
1772,sqlite3VdbeJumpHere,107,912,5332246695.0,0.0,10.0,2457759.0,912.0,16571311.0,0.0,8.0,999999999999,999999999999,999999999999
2027,sqlite3VdbeChangeP2,114,960,5334706244.0,0.0,12.0,2605259.0,960.0,16572862.0,0.0,10.0,999999999999,999999999999,999999999999
865,sqlite3VdbeUsesBtree,276,1040,5337315893.0,0.0,9.0,3840448.0,1040.0,16576311.0,0.0,6.0,999999999999,999999999999,999999999999
1777,sqlite3VdbeGoto,109,928,5341159680.0,0.0,10.0,2489059.0,928.0,16587051.0,0.0,9.0,999999999999,999999999999,999999999999
867,sqlite3VdbeMakeReady,2567,2880,5343650709.0,0.0,6.0,16931373.0,2880.0,16591031.0,0.0,5.0,999999999999,999999999999,999999999999
881,resolveP2Values,1028,1880,5360583842.0,0.0,6.0,9060575.0,1880.0,16596751.0,0.0,5.0,999999999999,999999999999,999999999999
882,allocSpace,342,648,5369652667.0,0.0,32.0,3652908.0,648.0,16620862.0,0.0,24.0,999999999999,999999999999,999999999999
626,sqlite3VdbeRewind,205,672,5373309675.0,0.0,6.0,2787009.0,672.0,16649222.0,0.0,5.0,999999999999,999999999999,999999999999
604,sqlite3_step,751,1848,5376106184.0,0.0,157.0,9023076.0,1848.0,16680011.0,0.0,156.0,999999999999,999999999999,999999999999
617,vdbeSafetyNotNull,182,984,5385131080.0,0.0,157.0,3110688.0,984.0,16681802.0,0.0,156.0,999999999999,999999999999,999999999999
638,vdbeSafety,176,944,5388243138.0,0.0,161.0,2932638.0,944.0,16683202.0,0.0,160.0,999999999999,999999999999,999999999999
618,sqlite3Step,2011,2184,5391177366.0,0.0,157.0,14871714.0,2184.0,16686122.0,0.0,156.0,999999999999,999999999999,999999999999
798,sqlite3VdbeExec,103835,80248,5406051100.0,0.0,157.0,1342918268.0,80248.0,16693491.0,0.0,156.0,999999999999,999999999999,999999999999
1379,allocateCursor,1292,1824,6748977408.0,0.0,11.0,11301595.0,1824.0,16824091.0,0.0,8.0,999999999999,999999999999,999999999999
1460,sqlite3BtreeCursorSize,13,520,6760283173.0,0.0,10.0,1508939.0,520.0,16828281.0,0.0,7.0,999999999999,999999999999,999999999999
1461,sqlite3BtreeCursorZero,95,568,6761807433.0,0.0,10.0,1963779.0,568.0,16855031.0,0.0,7.0,999999999999,999999999999,999999999999
1380,sqlite3BtreeCursor,289,1056,6763773172.0,0.0,10.0,3668757.0,1056.0,16858061.0,0.0,7.0,999999999999,999999999999,999999999999
1463,btreeCursor,857,1496,6767443219.0,0.0,10.0,8925956.0,1496.0,16860231.0,0.0,7.0,999999999999,999999999999,999999999999
1381,sqlite3BtreeCursorHintFlags,61,552,6776371725.0,0.0,7.0,1969489.0,552.0,16867541.0,0.0,4.0,999999999999,999999999999,999999999999
810,sqlite3BtreeFirst,234,1056,6778343774.0,0.0,100007.0,3489529.0,1056.0,16873001.0,40000000.0,100006.0,999999999999,999999999999,999999999999
1456,moveToRoot,1683,1968,6781836213.0,40000000.0,800769.0,12611074.0,1968.0,16874561.0,4820000000.0,801212.0,999999999999,999999999999,999999999999
731,sqlite3VdbeHalt,4031,3400,6794451247.0,0.0,6.0,24353468.0,3400.0,20733300.0,0.0,5.0,999999999999,999999999999,999999999999
1311,closeAllCursors,552,1352,6818807505.0,0.0,6.0,6570837.0,1352.0,20738650.0,0.0,5.0,999999999999,999999999999,999999999999
1318,closeCursorsInFrame,328,1096,6825380712.0,0.0,6.0,4974337.0,1096.0,20741400.0,0.0,5.0,999999999999,999999999999,999999999999
1328,sqlite3VdbeFreeCursorNN,372,1080,6830356589.0,0.0,11.0,4283378.0,1080.0,20744300.0,0.0,8.0,999999999999,999999999999,999999999999
1331,sqlite3BtreeCloseCursor,637,1392,6834641587.0,0.0,10.0,6716248.0,1392.0,20747430.0,0.0,7.0,999999999999,999999999999,999999999999
1283,btreeReleaseAllCursorPages,344,1120,6841361175.0,0.0,10.0,4866077.0,1120.0,20751290.0,0.0,7.0,999999999999,999999999999,999999999999
1249,unlockBtreeIfUnused,196,928,6846228952.0,0.0,20.0,2972408.0,928.0,20760510.0,0.0,17.0,999999999999,999999999999,999999999999
1304,releaseMemArray,597,1280,6849205630.0,0.0,16.0,6812317.0,1280.0,20766590.0,0.0,13.0,999999999999,999999999999,999999999999
1312,sqlite3VdbeEnter,447,1160,6856027317.0,0.0,6.0,5817898.0,1160.0,20817320.0,0.0,5.0,999999999999,999999999999,999999999999
1313,sqlite3VdbeCheckFk,417,1144,6861846575.0,0.0,11.0,4450168.0,1144.0,20820790.0,0.0,10.0,999999999999,999999999999,999999999999
1314,vdbeCommit,4736,5120,6866298703.0,0.0,5.0,37028191.0,5120.0,20828230.0,0.0,5.0,999999999999,999999999999,999999999999
1322,sqlite3VtabSync,495,1376,6903329105.0,0.0,5.0,6838728.0,1376.0,20833220.0,0.0,5.0,999999999999,999999999999,999999999999
1040,sqlite3BtreeGetFilename,99,912,6910173002.0,0.0,5.0,2297208.0,912.0,20840720.0,0.0,5.0,999999999999,999999999999,999999999999
1041,sqlite3PagerFilename,206,1008,6912472741.0,0.0,5.0,3455998.0,1008.0,20842090.0,0.0,5.0,999999999999,999999999999,999999999999
1137,sqlite3IsMemdb,75,544,6915930489.0,0.0,5.0,1893229.0,544.0,20843590.0,0.0,5.0,999999999999,999999999999,999999999999
679,sqlite3BtreeCommitPhaseOne,479,1312,6917829948.0,0.0,6.0,5194157.0,1312.0,20851540.0,0.0,6.0,999999999999,999999999999,999999999999
678,sqlite3BtreeCommitPhaseTwo,389,1264,6923026675.0,0.0,6.0,4889748.0,1264.0,20856280.0,0.0,6.0,999999999999,999999999999,999999999999
711,btreeEndTransaction,456,1176,6927918973.0,0.0,10.0,4571808.0,1176.0,20858920.0,0.0,10.0,999999999999,999999999999,999999999999
1272,clearAllSharedCacheTableLocks,587,1168,6932492441.0,0.0,8.0,5958617.0,1168.0,20862080.0,0.0,8.0,999999999999,999999999999,999999999999
720,releasePageOne,82,888,6938454518.0,0.0,8.0,2186859.0,888.0,20867749.0,0.0,8.0,999999999999,999999999999,999999999999
1257,sqlite3PagerUnrefPageOne,110,992,6940643057.0,0.0,8.0,2470799.0,992.0,20868860.0,0.0,8.0,999999999999,999999999999,999999999999
1118,sqlite3PcacheRelease,275,960,6943116096.0,0.0,214319.0,3399468.0,960.0,20756960.0,300000000.0,217171.0,999999999999,999999999999,999999999999
1120,pcacheUnpin,204,944,6946517154.0,0.0,3199.0,2989458.0,944.0,20871640.0,20000000.0,5333.0,999999999999,999999999999,999999999999
2699,pcache1Unpin,388,1072,6949509612.0,0.0,3199.0,4188849.0,1072.0,20873529.0,10000000.0,5333.0,999999999999,999999999999,999999999999
1200,pagerUnlockIfUnused,142,984,6953701890.0,0.0,8.0,2775148.0,984.0,20877869.0,0.0,8.0,999999999999,999999999999,999999999999
1161,pagerUnlockAndRollback,703,1424,6956481429.0,0.0,12.0,5837458.0,1424.0,20879740.0,0.0,12.0,999999999999,999999999999,999999999999
1202,pager_end_transaction,2032,2496,6962320427.0,0.0,13.0,14817372.0,2496.0,20883420.0,0.0,12.0,999999999999,999999999999,999999999999
1158,pager_unlock,876,1600,6977139509.0,0.0,12.0,7868597.0,1600.0,20887789.0,0.0,12.0,999999999999,999999999999,999999999999
1030,sqlite3BitvecDestroy,292,1120,6985011346.0,0.0,25.0,4447198.0,1120.0,20890060.0,0.0,23.0,999999999999,999999999999,999999999999
1204,releaseAllSavepoints,407,1304,6989461964.0,0.0,20.0,5960277.0,1304.0,20892220.0,0.0,19.0,999999999999,999999999999,999999999999
1144,sqlite3OsClose,169,936,6995424821.0,0.0,33.0,2787518.0,936.0,20895689.0,0.0,31.0,999999999999,999999999999,999999999999
1210,pagerUnlockDb,354,1072,6998219529.0,0.0,14.0,4101147.0,1072.0,20903920.0,0.0,13.0,999999999999,999999999999,999999999999
1217,sqlite3OsUnlock,118,952,7002322027.0,0.0,8.0,2499459.0,952.0,20906060.0,0.0,7.0,999999999999,999999999999,999999999999
1098,dotlockUnlock,521,1184,7004823126.0,0.0,9.0,5030068.0,1184.0,20907509.0,0.0,8.0,999999999999,999999999999,999999999999
2807,rmdir,161,1016,7009857774.0,0.0,5.0,2841379.0,1016.0,20910769.0,0.0,5.0,999999999999,999999999999,999999999999
2793,__wasilibc_nocwd___wasilibc_rmdirat,36,864,7012717893.0,0.0,5.0,2100820.0,864.0,20932300.0,0.0,5.0,999999999999,999999999999,999999999999
2777,__wasi_path_remove_directory,26,928,7014820372.0,0.0,5.0,2105949.0,928.0,20933000.0,0.0,5.0,999999999999,999999999999,999999999999
1323,sqlite3VtabCommit,88,904,7017021871.0,0.0,5.0,2141069.0,904.0,20992049.0,0.0,5.0,999999999999,999999999999,999999999999
1339,callFinaliser,559,1400,7019165320.0,0.0,7.0,6954746.0,1400.0,20993160.0,10000000.0,7.0,999999999999,999999999999,999999999999
1004,sqlite3CommitInternalChanges,65,544,7026123626.0,0.0,10.0,1873479.0,544.0,20998869.0,0.0,9.0,999999999999,999999999999,999999999999
799,doWalCallbacks,53,552,7028002635.0,0.0,6.0,1838109.0,552.0,21009709.0,0.0,5.0,999999999999,999999999999,999999999999
634,sqlite3VdbeFinalize,184,1032,7029845094.0,0.0,2.0,3114979.0,1032.0,21015049.0,0.0,1.0,999999999999,999999999999,999999999999
625,sqlite3VdbeReset,523,1256,7032962643.0,0.0,6.0,5244287.0,1256.0,21016769.0,0.0,5.0,999999999999,999999999999,999999999999
492,sqlite3VdbeDelete,304,1096,7038209670.0,0.0,6.0,3921499.0,1096.0,21021989.0,0.0,5.0,999999999999,999999999999,999999999999
502,sqlite3VdbeClearObject,784,1784,7042134179.0,0.0,6.0,8455295.0,1784.0,21023320.0,0.0,5.0,999999999999,999999999999,999999999999
1305,vdbeFreeOpArray,410,1128,7050603144.0,0.0,6.0,5133578.0,1128.0,21110400.0,0.0,5.0,999999999999,999999999999,999999999999
1414,sqlite3AnalysisLoad,1057,1792,7055746492.0,0.0,1.0,10531595.0,1792.0,21158429.0,0.0,1.0,999999999999,999999999999,999999999999
1497,sqlite3BtreeCommit,158,1072,7066285987.0,0.0,1.0,3203689.0,1072.0,21196120.0,0.0,1.0,999999999999,999999999999,999999999999
1783,sqlite3BeginWriteOperation,290,1032,7069571806.0,0.0,3.0,3543859.0,1032.0,35923072.0,0.0,1.0,999999999999,999999999999,999999999999
1771,sqlite3VdbeAddOp1,118,944,7073119654.0,0.0,12.0,2470448.0,944.0,37459221.0,0.0,10.0,999999999999,999999999999,999999999999
1784,sqlite3OpenSchemaTable,238,1152,7075595192.0,0.0,1.0,3510709.0,1152.0,,,,999999999999,999999999999,999999999999
1684,sqlite3AddPrimaryKey,1948,2536,7079124830.0,0.0,2.0,16600293.0,2536.0,18365211.0,0.0,2.0,999999999999,999999999999,999999999999
1812,makeColumnPartOfPrimaryKey,190,936,7095727283.0,0.0,2.0,3011128.0,936.0,18370661.0,0.0,1.0,999999999999,999999999999,999999999999
1815,sqlite3HasExplicitNulls,545,1104,7098741281.0,0.0,2.0,6312827.0,1104.0,18376231.0,0.0,1.0,999999999999,999999999999,999999999999
1683,sqlite3AddNotNull,611,768,7105078508.0,0.0,6.0,6172027.0,768.0,18997030.0,0.0,6.0,999999999999,999999999999,999999999999
547,enlargeAndAppend,261,1096,7111279035.0,0.0,4.0,3610639.0,1096.0,,,,999999999999,999999999999,999999999999
541,sqlite3StrAccumEnlarge,1355,1744,7114892474.0,0.0,4.0,9948515.0,1744.0,,,,999999999999,999999999999,999999999999
1799,sqlite3NestedParse,683,1544,7124848909.0,0.0,1.0,6400677.0,1544.0,,,,999999999999,999999999999,999999999999
535,printfTempBuf,483,1160,7131260366.0,0.0,1.0,4633298.0,1160.0,,,,999999999999,999999999999,999999999999
1810,sqlite3DequoteExpr,202,936,7135920643.0,0.0,11.0,2869628.0,936.0,32990614.0,0.0,5.0,999999999999,999999999999,999999999999
1701,sqlite3ExprListSetName,420,1256,7138798272.0,0.0,6.0,4877968.0,1256.0,29458196.0,0.0,1.0,999999999999,999999999999,999999999999
1680,sqlite3PExpr,511,1408,7143693720.0,0.0,16.0,5584907.0,1408.0,30873205.0,0.0,10.0,999999999999,999999999999,999999999999
1726,sqlite3ExprAttachSubtrees,586,1240,7149283557.0,0.0,16.0,5475337.0,1240.0,30879195.0,0.0,10.0,999999999999,999999999999,999999999999
852,sqlite3GetInt32,2182,1536,7154761654.0,0.0,12.0,13681424.0,1536.0,29880736.0,0.0,10.0,999999999999,999999999999,999999999999
1706,sqlite3SrcListIndexedBy,474,1064,7168472138.0,0.0,1.0,4590888.0,1064.0,,,,999999999999,999999999999,999999999999
1715,sqlite3ExprListCheckLength,241,968,7173065166.0,0.0,1.0,3269628.0,968.0,,,,999999999999,999999999999,999999999999
1717,sqlite3Update,21493,19176,7176336244.0,0.0,1.0,169734029.0,19176.0,,,,999999999999,999999999999,999999999999
1816,sqlite3SrcListLookup,474,1224,7346074034.0,0.0,2.0,5472388.0,1224.0,35840862.0,0.0,1.0,999999999999,999999999999,999999999999
1913,sqlite3TriggersExist,355,1200,7351562671.0,0.0,2.0,4850007.0,1200.0,35880032.0,0.0,1.0,999999999999,999999999999,999999999999
2394,tempTriggersExist,207,608,7356416588.0,0.0,2.0,2922869.0,608.0,35882302.0,0.0,1.0,999999999999,999999999999,999999999999
1829,sqlite3ViewGetColumnNames,255,976,7359342887.0,0.0,2.0,3316608.0,976.0,35886922.0,0.0,1.0,999999999999,999999999999,999999999999
1915,sqlite3IsReadOnly,451,1176,7362661355.0,0.0,2.0,4919278.0,1176.0,35890092.0,0.0,1.0,999999999999,999999999999,999999999999
2398,tabIsReadOnly,407,1112,7367582053.0,0.0,2.0,4571378.0,1112.0,35892022.0,0.0,1.0,999999999999,999999999999,999999999999
1914,sqlite3FkRequired,966,1696,7372175571.0,0.0,1.0,10240745.0,1696.0,,,,999999999999,999999999999,999999999999
1950,sqlite3ExprVectorSize,339,648,7382420676.0,0.0,20.0,3556008.0,648.0,36647082.0,0.0,10.0,999999999999,999999999999,999999999999
2285,whereClauseInsert,1083,1760,7385993944.0,0.0,5.0,9715516.0,1760.0,37551001.0,0.0,2.0,999999999999,999999999999,999999999999
2286,exprAnalyze,11789,10736,7395713950.0,0.0,5.0,79229422.0,10736.0,37563131.0,0.0,2.0,999999999999,999999999999,999999999999
2322,sqlite3WhereExprUsage,165,920,7474948312.0,0.0,10.0,3047059.0,920.0,37574161.0,0.0,4.0,999999999999,999999999999,999999999999
2324,sqlite3WhereExprUsageNN,309,1000,7477998901.0,0.0,10.0,3880488.0,1000.0,37575631.0,0.0,4.0,999999999999,999999999999,999999999999
2335,sqlite3WhereExprUsageFull,1047,1616,7481881979.0,0.0,1.0,8548735.0,1616.0,,,,999999999999,999999999999,999999999999
2325,allowedOp,275,568,7490432484.0,0.0,5.0,2733139.0,568.0,37585981.0,0.0,2.0,999999999999,999999999999,999999999999
1813,sqlite3ExprSkipCollate,194,576,7493168063.0,0.0,8.0,3429788.0,576.0,37588711.0,0.0,4.0,999999999999,999999999999,999999999999
2326,exprMightBeIndexed,769,1264,7496600371.0,0.0,8.0,7993087.0,1264.0,37593491.0,0.0,4.0,999999999999,999999999999,999999999999
2327,operatorMask,276,640,7504596268.0,0.0,4.0,3035708.0,640.0,37597621.0,0.0,2.0,999999999999,999999999999,999999999999
2334,isAuxiliaryVtabOperator,2528,2040,7507635186.0,0.0,5.0,15541463.0,2040.0,37608941.0,0.0,2.0,999999999999,999999999999,999999999999
2308,codeEqualityTerm,4613,4192,7523192269.0,0.0,1.0,35345453.0,4192.0,,,,999999999999,999999999999,999999999999
2310,disableTerm,620,824,7558542142.0,0.0,1.0,6837506.0,824.0,,,,999999999999,999999999999,999999999999
1887,sqlite3ReleaseTempReg,207,584,7565382368.0,0.0,31.0,2807409.0,584.0,37416701.0,0.0,26.0,999999999999,999999999999,999999999999
1921,sqlite3WhereOkOnePass,111,576,7568195987.0,0.0,1.0,2120989.0,576.0,,,,999999999999,999999999999,999999999999
1923,sqlite3WhereUsesDeferredSeek,72,544,7570319056.0,0.0,1.0,1888959.0,544.0,,,,999999999999,999999999999,999999999999
1926,sqlite3OpenTableAndIndices,1465,2096,7572231995.0,0.0,2.0,14131073.0,2096.0,39423820.0,0.0,1.0,999999999999,999999999999,999999999999
1941,sqlite3TriggerColmask,765,1488,7586368388.0,0.0,1.0,8447347.0,1488.0,,,,999999999999,999999999999,999999999999
1776,sqlite3ExprCode,474,1232,7594818084.0,0.0,18.0,5243497.0,1232.0,38718321.0,0.0,11.0,999999999999,999999999999,999999999999
1987,sqlite3VdbeLoadString,128,960,7600064802.0,0.0,11.0,2668279.0,960.0,38733511.0,0.0,5.0,999999999999,999999999999,999999999999
1945,sqlite3GenerateConstraintChecks,17496,16056,7602755141.0,0.0,2.0,137604194.0,16056.0,39484531.0,0.0,1.0,999999999999,999999999999,999999999999
2429,indexIteratorFirst,178,624,7740364205.0,0.0,2.0,3327588.0,624.0,39730070.0,0.0,1.0,999999999999,999999999999,999999999999
1797,sqlite3TableAffinity,737,1648,7743698753.0,0.0,2.0,7245667.0,1648.0,39736910.0,0.0,1.0,999999999999,999999999999,999999999999
2121,sqlite3TableAffinityStr,692,1224,7750947700.0,0.0,2.0,7526117.0,1224.0,39739530.0,0.0,1.0,999999999999,999999999999,999999999999
1947,sqlite3GenerateRowIndexDelete,891,1696,7758494997.0,0.0,1.0,10432464.0,1696.0,,,,999999999999,999999999999,999999999999
1948,sqlite3CompleteInsertion,1648,2144,7768929991.0,0.0,2.0,15288433.0,2144.0,39786160.0,0.0,1.0,999999999999,999999999999,999999999999
1932,sqlite3AuthContextPop,139,576,7784223684.0,0.0,1.0,2454299.0,576.0,,,,999999999999,999999999999,999999999999
1665,yy_accept,75,552,7786705643.0,0.0,1.0,1915729.0,552.0,,,,999999999999,999999999999,999999999999
1800,sqlite3ChangeCookie,213,984,7788629162.0,0.0,1.0,2980888.0,984.0,,,,999999999999,999999999999,999999999999
1801,sqlite3VdbeAddParseSchemaOp,322,1272,7791621650.0,0.0,1.0,5355508.0,1272.0,,,,999999999999,999999999999,999999999999
1792,sqlite3MayAbort,149,568,7796980858.0,0.0,4.0,2334529.0,568.0,39507571.0,0.0,3.0,999999999999,999999999999,999999999999
501,deleteTable,707,1648,7799333747.0,0.0,5.0,7860866.0,1648.0,39921410.0,0.0,4.0,999999999999,999999999999,999999999999
1646,sqlite3FkDelete,661,1464,7807197433.0,0.0,5.0,7407927.0,1464.0,39924170.0,0.0,4.0,999999999999,999999999999,999999999999
1648,sqlite3DeleteColumnNames,531,1336,7814608120.0,0.0,5.0,6565546.0,1336.0,39926910.0,0.0,4.0,999999999999,999999999999,999999999999
1617,sqlite3VdbeSetSql,280,1048,7821184196.0,0.0,4.0,3712579.0,1048.0,26755037.0,0.0,4.0,999999999999,999999999999,999999999999
800,sqlite3_sql,129,568,7824907465.0,0.0,4.0,2332169.0,568.0,26786507.0,0.0,4.0,999999999999,999999999999,999999999999
846,sqlite3_stmt_isexplain,151,568,7827243784.0,0.0,8.0,2381559.0,568.0,26792267.0,10000000.0,8.0,999999999999,999999999999,999999999999
273,bind_prepared_stmt,978,2160,7829627632.0,0.0,4.0,10272715.0,2160.0,26797277.0,0.0,4.0,999999999999,999999999999,999999999999
838,sqlite3_bind_parameter_count,147,560,7839902947.0,0.0,4.0,2394689.0,560.0,26799777.0,0.0,4.0,999999999999,999999999999,999999999999
270,exec_prepared_stmt,2296,2376,7842299636.0,0.0,4.0,16096943.0,2376.0,26802347.0,0.0,4.0,999999999999,999999999999,999999999999
2705,pcache1PinPage,169,632,7858542659.0,0.0,3199.0,2614859.0,632.0,27074317.0,10000000.0,5333.0,999999999999,999999999999,999999999999
1124,sqlite3TempInMemory,91,552,7861162968.0,0.0,8.0,1964069.0,552.0,40758410.0,0.0,7.0,999999999999,999999999999,999999999999
1248,sqlite3PagerBegin,465,1272,7863130097.0,0.0,5.0,5396297.0,1272.0,40759940.0,0.0,4.0,999999999999,999999999999,999999999999
2805,utimes,245,1152,7868529484.0,0.0,4.0,3927258.0,1152.0,40765950.0,0.0,2.0,999999999999,999999999999,999999999999
2791,__wasilibc_nocwd_utimensat,505,1712,7872462232.0,0.0,4.0,8587396.0,1712.0,40785480.0,0.0,2.0,999999999999,999999999999,999999999999
2774,__wasi_path_filestat_set_times,34,976,7881051498.0,0.0,4.0,2460899.0,976.0,40786900.0,0.0,2.0,999999999999,999999999999,999999999999
688,newDatabase,807,1600,7883556947.0,0.0,5.0,7471996.0,1600.0,40814720.0,0.0,4.0,999999999999,999999999999,999999999999
672,sqlite3PagerWrite,427,1160,7891031963.0,0.0,589197.0,4972987.0,1160.0,41275580.0,1980000000.0,589569.0,999999999999,999999999999,999999999999
694,pager_write,790,1456,7896007591.0,0.0,1072.0,7057357.0,1456.0,41278710.0,0.0,1077.0,999999999999,999999999999,999999999999
1261,pager_open_journal,1017,1784,7903067147.0,0.0,5.0,9033666.0,1784.0,41281680.0,0.0,4.0,999999999999,999999999999,999999999999
1025,sqlite3BitvecCreate,161,960,7912104953.0,0.0,2.0,2994718.0,960.0,42025249.0,0.0,1.0,999999999999,999999999999,999999999999
1267,jrnlBufferSize,39,536,7915111711.0,0.0,2.0,1845628.0,536.0,42044269.0,0.0,1.0,999999999999,999999999999,999999999999
1268,databaseIsUnmoved,365,1064,7916959060.0,0.0,2.0,4211529.0,1064.0,42045389.0,0.0,1.0,999999999999,999999999999,999999999999
1265,sqlite3JournalOpen,541,1224,7921171928.0,0.0,2.0,5624917.0,1224.0,42057349.0,0.0,1.0,999999999999,999999999999,999999999999
1091,getFileMode,293,1144,7926804516.0,0.0,2.0,4049828.0,1144.0,42086409.0,0.0,1.0,999999999999,999999999999,999999999999
1184,writeJournalHdr,1408,2080,7930944934.0,0.0,3.0,13026054.0,2080.0,42196089.0,0.0,2.0,999999999999,999999999999,999999999999
1183,journalHdrOffset,235,616,7943973028.0,0.0,6.0,3091188.0,616.0,42199939.0,0.0,4.0,999999999999,999999999999,999999999999
570,sqlite3OsRandomness,303,1144,7947069876.0,0.0,1.0,4226178.0,1144.0,42215999.0,0.0,1.0,999999999999,999999999999,999999999999
592,unixRandomness,514,1408,7951298684.0,0.0,1.0,5773358.0,1408.0,42218109.0,0.0,1.0,999999999999,999999999999,999999999999
2745,time,93,976,7957111652.0,0.0,1.0,2857018.0,976.0,42246529.0,0.0,1.0,999999999999,999999999999,999999999999
571,chacha_block,4736,1648,7959974050.0,0.0,1.0,29861086.0,1648.0,42252279.0,0.0,1.0,999999999999,999999999999,999999999999
686,sqlite3Put4byte,156,600,7989839766.0,0.0,12970.0,2581699.0,600.0,41310830.0,50000000.0,13015.0,999999999999,999999999999,999999999999
674,sqlite3OsWrite,155,992,7992425365.0,0.0,1077.0,2924118.0,992.0,42416819.0,0.0,1092.0,999999999999,999999999999,999999999999
1066,unixWrite,578,1336,7995352283.0,0.0,1077.0,6689387.0,1336.0,42418489.0,0.0,1092.0,999999999999,999999999999,999999999999
1067,seekAndWrite,158,976,8002044010.0,0.0,1077.0,2847939.0,976.0,42420709.0,0.0,1092.0,999999999999,999999999999,999999999999
1089,seekAndWriteFd,571,1424,8004893619.0,0.0,1077.0,6731367.0,1424.0,42422289.0,0.0,1092.0,999999999999,999999999999,999999999999
2750,write,113,984,8011635666.0,0.0,1077.0,3113758.0,984.0,42428489.0,0.0,1092.0,999999999999,999999999999,999999999999
1230,sqlite3PcacheMakeDirty,275,952,8014811334.0,0.0,1072.0,3449688.0,952.0,41285750.0,0.0,1077.0,999999999999,999999999999,999999999999
1121,pcacheManageDirtyList,934,872,8018263873.0,20000000.0,209456.0,6909226.0,872.0,41288680.0,1470000000.0,210181.0,999999999999,999999999999,999999999999
1231,sqlite3BitvecTestNotNull,815,824,8025176109.0,0.0,1065.0,8025426.0,824.0,42467499.0,10000000.0,1070.0,999999999999,999999999999,999999999999
1253,zeroPage,983,1536,8033204975.0,0.0,1070.0,8633706.0,1536.0,41299820.0,0.0,1071.0,999999999999,999999999999,999999999999
1233,decodeFlags,1226,1552,8041841061.0,0.0,3194.0,8537806.0,1552.0,16900671.0,60000000.0,5328.0,999999999999,999999999999,999999999999
682,sqlite3PagerOpenSavepoint,211,968,8050383027.0,0.0,5.0,3381588.0,968.0,40823810.0,0.0,4.0,999999999999,999999999999,999999999999
1356,out2Prerelease,238,1000,8053771725.0,50000000.0,666700.0,3634569.0,1000.0,27110347.0,2940000000.0,800164.0,999999999999,999999999999,999999999999
1364,sqlite3VdbeBooleanValue,303,992,8057409244.0,0.0,1.0,3807988.0,992.0,,,,999999999999,999999999999,999999999999
667,sqlite3BtreeUpdateMeta,325,1216,8061219402.0,0.0,3.0,4624148.0,1216.0,,,,999999999999,999999999999,999999999999
1383,sqlite3BtreeCreateTable,140,1056,8065848930.0,0.0,3.0,2920499.0,1056.0,38677457896.0,0.0,2.0,999999999999,999999999999,999999999999
1466,btreeCreateTable,2057,3056,8068772469.0,0.0,3.0,16971671.0,3056.0,38677459966.0,0.0,2.0,999999999999,999999999999,999999999999
1279,allocateBtreePage,6533,6184,8085746720.0,0.0,1066.0,46931768.0,6184.0,53257404.0,10000000.0,1068.0,999999999999,999999999999,999999999999
1294,btreeGetUnusedPage,354,1240,8132684648.0,0.0,1066.0,4730538.0,1240.0,53350844.0,10000000.0,1068.0,999999999999,999999999999,999999999999
2708,pcache1UnderMemoryPressure,215,968,8137425956.0,0.0,491.0,3177118.0,968.0,53364744.0,0.0,488.0,999999999999,999999999999,999999999999
1491,sqlite3HeapNearlyFull,57,536,8140606134.0,0.0,491.0,1754250.0,536.0,53365944.0,0.0,488.0,999999999999,999999999999,999999999999
1197,addToSavepointBitvecs,338,1176,8142366174.0,0.0,1068.0,5630046.0,1176.0,42547219.0,0.0,1074.0,999999999999,999999999999,999999999999
1148,sqlite3PagerPageRefcount,88,896,8148003720.0,0.0,16737.0,2237099.0,896.0,53145524.0,0.0,16799.0,999999999999,999999999999,999999999999
1232,sqlite3PcachePageRefcount,51,544,8150243279.0,10000000.0,16737.0,1917129.0,544.0,53146674.0,10000000.0,16799.0,999999999999,999999999999,999999999999
1280,releasePage,120,880,8152165578.0,0.0,28605.0,2553719.0,880.0,53402284.0,0.0,28717.0,999999999999,999999999999,999999999999
611,sqlite3PagerUnref,120,880,8154722417.0,0.0,5.0,2532979.0,880.0,38654668307.0,0.0,3.0,999999999999,999999999999,999999999999
637,sqlite3PagerUnrefNotNull,141,912,8157259046.0,0.0,214311.0,2762599.0,912.0,20755250.0,90000000.0,217163.0,999999999999,999999999999,999999999999
1547,allocateTempSpace,325,1112,8160032205.0,0.0,4.0,4123698.0,1112.0,40887630.0,0.0,4.0,999999999999,999999999999,999999999999
1387,sqlite3BtreeLast,249,976,8164167873.0,0.0,333184.0,3513778.0,976.0,41387560.0,990000000.0,466516.0,999999999999,999999999999,999999999999
1467,btreeLast,342,1112,8167683331.0,10000000.0,234243.0,4155938.0,1112.0,41389440.0,180000000.0,234394.0,999999999999,999999999999,999999999999
1472,getAndInitPage,520,1536,8171841069.0,0.0,213243.0,6192127.0,1536.0,16880241.0,210000000.0,216094.0,999999999999,999999999999,999999999999
734,sqlite3VdbeMemRelease,144,904,8178057536.0,0.0,1.0,2900459.0,904.0,,,,999999999999,999999999999,999999999999
1397,sqlite3BtreeInsert,5857,4544,8180961155.0,0.0,333335.0,36698053.0,4544.0,41421470.0,1930000000.0,333481.0,999999999999,999999999999,999999999999
1389,sqlite3BtreeTableMoveto,2904,2432,8217661467.0,0.0,200002.0,20979459.0,2432.0,41431420.0,680000000.0,200000.0,999999999999,999999999999,999999999999
1479,fillInCell,3155,3176,8238644607.0,10000000.0,333335.0,24210809.0,3176.0,41442890.0,1400000000.0,333481.0,999999999999,999999999999,999999999999
1373,sqlite3PutVarint,392,1008,8262858436.0,10000000.0,200004.0,3899468.0,1008.0,41448550.0,390000000.0,200000.0,999999999999,999999999999,999999999999
1482,insertCellFast,3093,2752,8266764014.0,10000000.0,333335.0,21359960.0,2752.0,41459130.0,1100000000.0,333481.0,999999999999,999999999999,999999999999
2899,memmove,1217,2192,8288128824.0,40000000.0,578025.0,23507438.0,2192.0,41473290.0,3820000000.0,579207.0,999999999999,999999999999,999999999999
1386,sqlite3VdbeFreeCursor,136,896,8311640822.0,0.0,2.0,2707949.0,896.0,,,,999999999999,999999999999,999999999999
1285,releasePageNotNull,81,888,8314354581.0,10000000.0,214306.0,2291399.0,888.0,20754170.0,70000000.0,217160.0,999999999999,999999999999,999999999999
769,sqlite3VdbeMemSetNull,146,904,8316655980.0,0.0,1.0,2804729.0,904.0,,,,999999999999,999999999999,999999999999
1243,sqlite3GetVarint,3210,1288,8319477589.0,0.0,1.0,14707002.0,1288.0,,,,999999999999,999999999999,999999999999
1402,sqlite3VdbeCursorRestore,141,1008,8334189022.0,0.0,133334.0,3101359.0,1008.0,38677793416.0,50000000.0,133481.0,999999999999,999999999999,999999999999
1366,sqlite3BtreeCursorHasMoved,91,544,8337291800.0,30000000.0,800556.0,2063099.0,544.0,16922791.0,1810000000.0,1034281.0,999999999999,999999999999,999999999999
1286,sqlite3BtreeIntegerKey,95,920,8339357689.0,10000000.0,233333.0,2358179.0,920.0,41901619.0,70000000.0,233481.0,999999999999,999999999999,999999999999
1288,getCellInfo,214,936,8341717358.0,0.0,666667.0,3187289.0,936.0,16926221.0,1460000000.0,1000148.0,999999999999,999999999999,999999999999
1289,btreeParseCell,306,1024,8344905847.0,10000000.0,533334.0,3528728.0,1024.0,16928651.0,850000000.0,733482.0,999999999999,999999999999,999999999999
1236,btreeParseCellPtr,2548,1656,8348436075.0,20000000.0,500002.0,14482923.0,1656.0,16931561.0,4660000000.0,700001.0,999999999999,999999999999,999999999999
1357,sqlite3VdbeMemShallowCopy,399,1040,8362927578.0,50000000.0,600001.0,4202678.0,1040.0,41616290.0,1770000000.0,600000.0,999999999999,999999999999,999999999999
755,sqlite3VdbeMemMakeWriteable,424,1104,8367133286.0,20000000.0,400001.0,4852228.0,1104.0,41516810.0,2780000000.0,400000.0,999999999999,999999999999,999999999999
1360,applyAffinity,670,1120,8371990384.0,0.0,400005.0,5609717.0,1120.0,41923189.0,1600000000.0,400000.0,999999999999,999999999999,999999999999
1372,sqlite3VarintLen,150,600,8377602650.0,20000000.0,433337.0,3099468.0,600.0,41943669.0,3380000000.0,433580.0,999999999999,999999999999,999999999999
1481,dropCell,1188,1672,8380720699.0,10000000.0,238054.0,9798426.0,1672.0,41559150.0,650000000.0,238232.0,999999999999,999999999999,999999999999
1560,freeSpace,4242,2408,8390521905.0,0.0,247075.0,24990808.0,2408.0,41563839.0,2750000000.0,247291.0,999999999999,999999999999,999999999999
1378,sqlite3FkClearTriggerCache,473,1312,8415521943.0,0.0,1.0,6628807.0,1312.0,,,,999999999999,999999999999,999999999999
1730,sqlite3ExprAnd,537,1256,8422200880.0,0.0,1.0,5191347.0,1256.0,,,,999999999999,999999999999,999999999999
1053,lookasideMallocSize,147,584,8427427757.0,0.0,3.0,2514099.0,584.0,33597543.0,0.0,2.0,999999999999,999999999999,999999999999
1849,propagateConstants,693,1584,8429981665.0,0.0,1.0,8080837.0,1584.0,,,,999999999999,999999999999,999999999999
2215,findConstInWhere,685,1472,8438065612.0,0.0,3.0,6755657.0,1472.0,,,,999999999999,999999999999,999999999999
1733,sqlite3ExprIsConstant,101,920,8444824259.0,0.0,1.0,2451009.0,920.0,,,,999999999999,999999999999,999999999999
1964,exprIsConst,187,1000,8447277198.0,0.0,22.0,2959388.0,1000.0,37864861.0,0.0,17.0,999999999999,999999999999,999999999999
2080,exprNodeIsConstant,1313,1376,8450239716.0,0.0,24.0,9157236.0,1376.0,37869041.0,0.0,19.0,999999999999,999999999999,999999999999
2277,constInsert,1019,1576,8459401052.0,0.0,1.0,9789575.0,1576.0,,,,999999999999,999999999999,999999999999
2058,sqlite3ExprAffinity,998,2736,8469192697.0,0.0,20.0,9009656.0,2736.0,37076941.0,0.0,12.0,999999999999,999999999999,999999999999
917,sqlite3ExprCompareCollSeq,227,1008,8478205473.0,0.0,1.0,3531898.0,1008.0,,,,999999999999,999999999999,999999999999
918,sqlite3BinaryCompareCollSeq,379,1168,8481740761.0,0.0,7.0,4747058.0,1168.0,37958101.0,0.0,4.0,999999999999,999999999999,999999999999
1002,sqlite3ColumnColl,386,632,8486491979.0,0.0,7.0,4602898.0,632.0,37964541.0,0.0,4.0,999999999999,999999999999,999999999999
2218,sqlite3IsBinary,143,568,8491100067.0,0.0,1.0,2460859.0,568.0,,,,999999999999,999999999999,999999999999
2032,sqlite3TableColumnAffinity,254,624,8493563546.0,0.0,7.0,3301168.0,624.0,37980321.0,0.0,3.0,999999999999,999999999999,999999999999
2216,propagateConstantExprRewrite,607,1320,8496872684.0,0.0,7.0,6036677.0,1320.0,,,,999999999999,999999999999,999999999999
2278,propagateConstantExprRewriteOne,1151,1520,8502911631.0,0.0,7.0,10355315.0,1520.0,,,,999999999999,999999999999,999999999999
2304,termCanDriveIndex,606,1288,8513297956.0,0.0,3.0,6439117.0,1288.0,79281818577.0,0.0,1.0,999999999999,999999999999,999999999999
2345,sqlite3IndexAffinityOk,372,1024,8519739383.0,0.0,2.0,4008458.0,1024.0,79281824087.0,0.0,1.0,999999999999,999999999999,999999999999
2346,comparisonAffinity,388,1152,8523749951.0,0.0,2.0,4911698.0,1152.0,79281825867.0,0.0,1.0,999999999999,999999999999,999999999999
2079,sqlite3CompareAffinity,551,1048,8528664199.0,0.0,8.0,4785047.0,1048.0,37976171.0,0.0,5.0,999999999999,999999999999,999999999999
2111,sqlite3ProgressCheck,496,1184,8533459456.0,0.0,4.0,5188578.0,1184.0,37665351.0,0.0,2.0,999999999999,999999999999,999999999999
1895,sqlite3ExprIfFalse,2579,3856,8538670244.0,0.0,6.0,20382820.0,3856.0,37850311.0,0.0,4.0,999999999999,999999999999,999999999999
2039,sqlite3ExprIsVector,109,904,8559056004.0,0.0,6.0,2375279.0,904.0,37855091.0,0.0,4.0,999999999999,999999999999,999999999999
2041,sqlite3ExprCodeTemp,520,1456,8561434193.0,0.0,23.0,5943187.0,1456.0,37859161.0,0.0,19.0,999999999999,999999999999,999999999999
2043,sqlite3ExprIsConstantNotJoin,101,920,8567379590.0,0.0,21.0,2450189.0,920.0,37863431.0,0.0,17.0,999999999999,999999999999,999999999999
1886,sqlite3GetTempReg,207,600,8569833519.0,0.0,16.0,3168969.0,600.0,37404641.0,0.0,14.0,999999999999,999999999999,999999999999
2044,sqlite3ExprCodeRunJustOnce,1367,2040,8573009278.0,0.0,11.0,13353503.0,2040.0,37930091.0,0.0,9.0,999999999999,999999999999,999999999999
1807,sqlite3ExprDup,183,952,8586365371.0,0.0,28.0,2976429.0,952.0,36090532.0,0.0,26.0,999999999999,999999999999,999999999999
2072,exprDup,2769,2968,8589344070.0,0.0,22.0,19291460.0,2968.0,36092592.0,0.0,20.0,999999999999,999999999999,999999999999
2113,dupedExprStructSize,278,624,8608642420.0,0.0,22.0,3356109.0,624.0,36101092.0,0.0,20.0,999999999999,999999999999,999999999999
2114,exprStructSize,152,608,8612001089.0,0.0,22.0,2787928.0,608.0,36104682.0,0.0,20.0,999999999999,999999999999,999999999999
2042,codeCompare,474,1480,8614795008.0,0.0,6.0,6277038.0,1480.0,37955881.0,0.0,4.0,999999999999,999999999999,999999999999
2064,binaryCompareP5,208,1056,8621079595.0,0.0,6.0,3287228.0,1056.0,37971071.0,0.0,4.0,999999999999,999999999999,999999999999
1474,moveToLeftmost,487,1208,8624457273.0,0.0,102120.0,5723237.0,1208.0,16913181.0,780000000.0,104244.0,999999999999,999999999999,999999999999
812,sqlite3BtreePayloadSize,91,920,8630185230.0,0.0,433334.0,2400379.0,920.0,16924821.0,300000000.0,766667.0,999999999999,999999999999,999999999999
1368,sqlite3BtreePayloadFetch,94,912,8632590999.0,0.0,433334.0,2427519.0,912.0,16941081.0,280000000.0,766667.0,999999999999,999999999999,999999999999
1449,fetchPayload,344,640,8635021248.0,20000000.0,433334.0,3650578.0,640.0,16942501.0,2200000000.0,766667.0,999999999999,999999999999,999999999999
1369,sqlite3VdbeOneByteSerialTypeLen,77,544,8638674346.0,30000000.0,767370.0,2121289.0,544.0,16949441.0,3440000000.0,1434036.0,999999999999,999999999999,999999999999
1363,sqlite3MemCompare,1471,1488,8640802455.0,0.0,100002.0,10489375.0,1488.0,79284061506.0,500000000.0,200000.0,999999999999,999999999999,999999999999
1446,vdbeCompareMemString,879,1824,8651294871.0,10000000.0,100002.0,8602986.0,1824.0,79284066526.0,340000000.0,200000.0,999999999999,999999999999,999999999999
981,binCollFunc,267,1040,8659900286.0,0.0,100002.0,3886568.0,1040.0,79284070406.0,170000000.0,200000.0,999999999999,999999999999,999999999999
815,sqlite3VdbeSerialGet,1427,1888,8663798184.0,10000000.0,433633.0,8784376.0,1888.0,17053611.0,3220000000.0,566966.0,999999999999,999999999999,999999999999
814,sqlite3GetVarint32,630,1160,8672586060.0,0.0,1.0,5475288.0,1160.0,17063331.0,0.0,1.0,999999999999,999999999999,999999999999
884,sqlite3VdbeSerialTypeLen,166,568,8678063258.0,0.0,1.0,2688959.0,568.0,17066991.0,0.0,149.0,999999999999,999999999999,999999999999
629,sqlite3_column_count,151,576,8680759486.0,0.0,3.0,2655609.0,576.0,17107321.0,0.0,3.0,999999999999,999999999999,999999999999
630,sqlite3_column_name,103,920,8683418335.0,0.0,12.0,2516398.0,920.0,17124331.0,0.0,12.0,999999999999,999999999999,999999999999
826,columnName,1206,1408,8685936383.0,0.0,12.0,8914956.0,1408.0,17125411.0,0.0,12.0,999999999999,999999999999,999999999999
553,sqlite3_value_text,97,904,8694854069.0,0.0,567.0,2301969.0,904.0,17130311.0,0.0,567.0,999999999999,999999999999,999999999999
739,sqlite3ValueText,416,1008,8697158508.0,0.0,567.0,4443818.0,1008.0,17131941.0,0.0,567.0,999999999999,999999999999,999999999999
631,sqlite3_column_text,134,1056,8701607556.0,0.0,555.0,2889549.0,1056.0,17162411.0,0.0,555.0,999999999999,999999999999,999999999999
622,columnMem,423,1120,8704498995.0,0.0,1105.0,4706777.0,1120.0,17163771.0,0.0,1105.0,999999999999,999999999999,999999999999
623,columnMallocFailure,173,960,8709208422.0,0.0,1105.0,3025149.0,960.0,17169251.0,0.0,1105.0,999999999999,999999999999,999999999999
750,valueToText,752,1360,8712237641.0,0.0,301.0,7175727.0,1360.0,17190591.0,0.0,301.0,999999999999,999999999999,999999999999
1349,sqlite3VdbeMemStringify,414,1232,8719415238.0,10000000.0,100301.0,4992657.0,1232.0,17193771.0,110000000.0,100301.0,999999999999,999999999999,999999999999
1350,vdbeMemRenderNum,422,1224,8724414395.0,0.0,100301.0,4905138.0,1224.0,17217301.0,70000000.0,100301.0,999999999999,999999999999,999999999999
1351,sqlite3Int64ToText,618,1208,8729321183.0,0.0,100301.0,6625367.0,1208.0,17219521.0,360000000.0,100301.0,999999999999,999999999999,999999999999
763,sqlite3VdbeChangeEncoding,297,1008,8735950520.0,0.0,100301.0,3880138.0,1008.0,17227211.0,290000000.0,100302.0,999999999999,999999999999,999999999999
809,sqlite3BtreeNext,491,1120,8739918328.0,0.0,202265.0,5094647.0,1120.0,20716510.0,2790000000.0,404389.0,999999999999,999999999999,999999999999
1473,btreeNext,1462,1776,8745015006.0,0.0,2129.0,11369594.0,1776.0,20720650.0,0.0,4257.0,999999999999,999999999999,999999999999
1315,sqlite3VdbeCloseStatement,173,976,8756401120.0,0.0,1.0,3207358.0,976.0,,,,999999999999,999999999999,999999999999
486,sqlite3BtreePager,56,544,8759624258.0,0.0,2.0,1987719.0,544.0,27114347.0,0.0,2.0,999999999999,999999999999,999999999999
661,sqlite3PagerGetJournalMode,61,544,8761614747.0,0.0,2.0,1969309.0,544.0,27115417.0,0.0,2.0,999999999999,999999999999,999999999999
662,sqlite3PagerIsMemdb,139,568,8763586586.0,0.0,2.0,2547769.0,568.0,38654612327.0,0.0,1.0,999999999999,999999999999,999999999999
1182,sqlite3PagerExclusiveLock,134,952,8766136445.0,0.0,5.0,2958759.0,952.0,15822445344.0,0.0,3.0,999999999999,999999999999,999999999999
673,sqlite3PagerCommitPhaseOne,883,1888,8769162854.0,0.0,2.0,8982426.0,1888.0,38654639787.0,0.0,1.0,999999999999,999999999999,999999999999
696,pagerFlushOnCommit,285,1000,8778148090.0,0.0,10.0,3763298.0,1000.0,38654329407.0,0.0,8.0,999999999999,999999999999,999999999999
698,pager_incr_changecounter,345,1248,8781913698.0,0.0,2.0,4671087.0,1248.0,38654646107.0,0.0,1.0,999999999999,999999999999,999999999999
1187,pager_write_changecounter,292,1160,8786590595.0,0.0,4.0,3934698.0,1160.0,38654661417.0,0.0,2.0,999999999999,999999999999,999999999999
699,writeSuperJournal,1643,2008,8790531004.0,0.0,2.0,12208934.0,2008.0,38654672917.0,0.0,1.0,999999999999,999999999999,999999999999
700,syncJournal,1728,2168,8802741798.0,0.0,3.0,12660824.0,2168.0,15822441364.0,0.0,2.0,999999999999,999999999999,999999999999
708,sqlite3OsSync,155,960,8815440502.0,0.0,8.0,3019288.0,960.0,15822597144.0,0.0,5.0,999999999999,999999999999,999999999999
1070,unixSync,573,1496,8818462280.0,0.0,8.0,6473487.0,1496.0,15822599024.0,0.0,5.0,999999999999,999999999999,999999999999
587,full_fsync,107,944,8824939427.0,0.0,10.0,2580049.0,944.0,15822602304.0,0.0,6.0,999999999999,999999999999,999999999999
2746,fsync,43,880,8827522696.0,0.0,10.0,2385599.0,880.0,15822604144.0,0.0,6.0,999999999999,999999999999,999999999999
2770,__wasi_fd_sync,16,824,8829911245.0,0.0,10.0,1902299.0,824.0,15822605094.0,0.0,6.0,999999999999,999999999999,999999999999
1088,openDirectory,797,1368,8832248844.0,0.0,2.0,8072026.0,1368.0,15822918394.0,0.0,1.0,999999999999,999999999999,999999999999
588,robust_close,232,1088,8840374610.0,0.0,5.0,3706578.0,1088.0,15823050894.0,0.0,3.0,999999999999,999999999999,999999999999
2754,close,40,936,8844082908.0,0.0,5.0,2462929.0,936.0,2004129.0,0.0,4.0,999999999999,999999999999,999999999999
2760,__wasi_fd_close,16,824,8846548467.0,0.0,5.0,1897249.0,824.0,2004959.0,0.0,4.0,999999999999,999999999999,999999999999
1185,sqlite3PcacheClearSyncFlags,198,608,8848687836.0,0.0,3.0,3543038.0,608.0,15823358763.0,0.0,2.0,999999999999,999999999999,999999999999
701,sqlite3PcacheDirtyList,206,968,8852234084.0,0.0,2.0,3915729.0,968.0,38655935647.0,0.0,1.0,999999999999,999999999999,999999999999
1269,pcacheSortDirtyList,1146,1504,8856153223.0,0.0,2.0,9527665.0,1504.0,38656058326.0,0.0,1.0,999999999999,999999999999,999999999999
1270,pcacheMergeDirtyList,395,696,8865684438.0,0.0,440.0,4589078.0,696.0,38656065926.0,0.0,439.0,999999999999,999999999999,999999999999
702,pager_write_pagelist,1377,1856,8870275715.0,0.0,625.0,12147645.0,1856.0,15823513563.0,10000000.0,631.0,999999999999,999999999999,999999999999
1078,fcntlSizeHint,882,1376,8882427350.0,0.0,4.0,8545806.0,1376.0,15860088606.0,0.0,3.0,999999999999,999999999999,999999999999
1188,sqlite3BackupUpdate,152,920,8891033896.0,0.0,1065.0,2948788.0,920.0,15823541313.0,0.0,1070.0,999999999999,999999999999,999999999999
703,sqlite3PcacheCleanAll,139,992,8894014804.0,0.0,4.0,3531229.0,992.0,38666886731.0,0.0,2.0,999999999999,999999999999,999999999999
1176,sqlite3PcacheMakeClean,254,1016,8897547943.0,0.0,1072.0,3388788.0,1016.0,15823543983.0,0.0,1077.0,999999999999,999999999999,999999999999
676,sqlite3PagerSync,339,1120,8900942231.0,0.0,2.0,4251168.0,1120.0,38669566820.0,0.0,1.0,999999999999,999999999999,999999999999
707,sqlite3OsFileControl,217,992,8905195939.0,0.0,5.0,3532739.0,992.0,42047969.0,0.0,3.0,999999999999,999999999999,999999999999
709,sqlite3PagerCommitPhaseTwo,437,1144,8909014577.0,0.0,2.0,4701968.0,1144.0,38671228379.0,0.0,1.0,999999999999,999999999999,999999999999
1205,sqlite3JournalIsInMemory,83,544,8913722585.0,0.0,8.0,2080919.0,544.0,38654321817.0,0.0,7.0,999999999999,999999999999,999999999999
1093,nolockClose,78,896,8915806934.0,0.0,2.0,2309719.0,896.0,38671243069.0,0.0,1.0,999999999999,999999999999,999999999999
1061,closeUnixFile,344,1120,8918118953.0,0.0,3.0,4116998.0,1120.0,38671244429.0,0.0,2.0,999999999999,999999999999,999999999999
1207,sqlite3OsDelete,201,976,8922251281.0,0.0,2.0,3257878.0,976.0,38671261779.0,0.0,1.0,999999999999,999999999999,999999999999
586,unixDelete,544,1456,8925510999.0,0.0,2.0,6256448.0,1456.0,38671263879.0,0.0,1.0,999999999999,999999999999,999999999999
2806,unlink,161,1016,8931770597.0,0.0,2.0,3033738.0,1016.0,38671266459.0,0.0,1.0,999999999999,999999999999,999999999999
2792,__wasilibc_nocwd___wasilibc_unlinkat,36,864,8934813615.0,0.0,2.0,2286749.0,864.0,38671295499.0,0.0,1.0,999999999999,999999999999,999999999999
2779,__wasi_path_unlink_file,26,928,8937102784.0,0.0,2.0,2224769.0,928.0,38671297129.0,0.0,1.0,999999999999,999999999999,999999999999
2702,pcache1Truncate,192,968,8939407563.0,0.0,12.0,3161928.0,968.0,38654338697.0,0.0,11.0,999999999999,999999999999,999999999999
1160,pager_error,245,1000,8942576051.0,0.0,625.0,3518198.0,1000.0,15823556923.0,0.0,631.0,999999999999,999999999999,999999999999
710,btreeClearHasContent,100,928,8946096759.0,0.0,5.0,2452059.0,928.0,38654352187.0,0.0,4.0,999999999999,999999999999,999999999999
271,explain_data_delete,140,968,8948631478.0,0.0,4.0,2683409.0,968.0,27266087.0,0.0,4.0,999999999999,999999999999,999999999999
267,eqp_render,551,1344,8951317807.0,0.0,4.0,5504778.0,1344.0,27268727.0,0.0,4.0,999999999999,999999999999,999999999999
639,sqlite3LeaveMutexAndCloseZombie,1974,2864,8956838514.0,0.0,5.0,18198041.0,2864.0,27312697.0,0.0,5.0,999999999999,999999999999,999999999999
474,endTimer,357,1448,8975040886.0,0.0,4.0,4081838.0,1448.0,27321337.0,0.0,4.0,999999999999,999999999999,999999999999
475,doAutoDetectRestore,1546,2720,8979125204.0,0.0,4.0,12683603.0,2720.0,27324537.0,0.0,4.0,999999999999,999999999999,999999999999
200,clearTempFile,265,1048,8991814677.0,0.0,5.0,3555109.0,1048.0,27336427.0,0.0,5.0,999999999999,999999999999,999999999999
1721,sqlite3IdListAppend,785,1464,8995422466.0,0.0,3.0,7017967.0,1464.0,28687926.0,0.0,3.0,999999999999,999999999999,999999999999
1737,parserAddExprIdListTerm,341,1312,9002457803.0,0.0,1.0,4899597.0,1312.0,29448056.0,0.0,1.0,999999999999,999999999999,999999999999
1702,sqlite3ExprListSetSpan,370,1072,9007372870.0,0.0,12.0,4391358.0,1072.0,30036845.0,0.0,12.0,999999999999,999999999999,999999999999
1806,sqlite3DbSpanDup,373,1040,9011767019.0,0.0,12.0,5476416.0,1040.0,30039576.0,0.0,12.0,999999999999,999999999999,999999999999
1762,sqlite3CteNew,383,1360,9017271325.0,0.0,1.0,4982688.0,1360.0,32144944.0,0.0,1.0,999999999999,999999999999,999999999999
1763,sqlite3WithAdd,989,1664,9022259933.0,0.0,1.0,10236145.0,1664.0,32208444.0,0.0,1.0,999999999999,999999999999,999999999999
1736,sqlite3ExprSetHeightAndFlags,141,1032,9032522748.0,0.0,1.0,3104779.0,1032.0,33605283.0,0.0,1.0,999999999999,999999999999,999999999999
1965,exprSetHeight,567,1216,9035629447.0,0.0,1.0,5457117.0,1216.0,33606823.0,0.0,1.0,999999999999,999999999999,999999999999
2280,heightOfExprList,275,1048,9041090304.0,0.0,7.0,4619378.0,1048.0,33611213.0,0.0,7.0,999999999999,999999999999,999999999999
2279,heightOfExpr,175,568,9045712242.0,0.0,17.0,2719269.0,568.0,33613743.0,0.0,17.0,999999999999,999999999999,999999999999
2433,sqlite3ExprListFlags,241,640,9048434261.0,0.0,1.0,4508827.0,640.0,33621203.0,0.0,1.0,999999999999,999999999999,999999999999
1694,attachWithToSelect,209,1016,9052967759.0,0.0,1.0,3517678.0,1016.0,35733692.0,0.0,1.0,999999999999,999999999999,999999999999
1719,sqlite3Insert,17231,15480,9056488857.0,0.0,1.0,130788737.0,15480.0,35825212.0,0.0,1.0,999999999999,999999999999,999999999999
1917,sqlite3VdbeCountChanges,67,544,9187309744.0,0.0,1.0,2192369.0,544.0,35921052.0,0.0,1.0,999999999999,999999999999,999999999999
1953,autoIncBegin,1262,1576,9189508353.0,0.0,1.0,10203795.0,1576.0,35928712.0,0.0,1.0,999999999999,999999999999,999999999999
1795,sqlite3SelectDestInit,161,648,9199717788.0,0.0,3.0,2630189.0,648.0,35972372.0,0.0,3.0,999999999999,999999999999,999999999999
2171,searchWith,472,1208,9202358387.0,0.0,1.0,6710567.0,1208.0,36035952.0,0.0,1.0,999999999999,999999999999,999999999999
1839,sqlite3ParserAddCleanup,381,1344,9209076974.0,0.0,3.0,5000518.0,1344.0,36058562.0,0.0,3.0,999999999999,999999999999,999999999999
1835,sqlite3SelectDup,1339,2544,9214085522.0,0.0,2.0,13821363.0,2544.0,36076072.0,0.0,2.0,999999999999,999999999999,999999999999
1836,sqlite3ExprListDup,1290,1904,9227909325.0,0.0,9.0,11550125.0,1904.0,36082142.0,0.0,9.0,999999999999,999999999999,999999999999
2004,sqlite3SrcListDup,1858,2424,9239470590.0,0.0,2.0,16158602.0,2424.0,36151672.0,0.0,2.0,999999999999,999999999999,999999999999
2103,sqlite3WithDup,874,1504,9255640402.0,0.0,2.0,8219946.0,1504.0,36224252.0,0.0,2.0,999999999999,999999999999,999999999999
2104,sqlite3WindowListDup,326,1120,9263863538.0,0.0,2.0,4560118.0,1120.0,36226772.0,0.0,2.0,999999999999,999999999999,999999999999
2092,findRightmost,120,560,9268440336.0,0.0,2.0,2599768.0,560.0,36332092.0,0.0,2.0,999999999999,999999999999,999999999999
2119,sqlite3ColumnsFromExprList,3611,3448,9271042294.0,0.0,1.0,27471597.0,3448.0,36337842.0,0.0,1.0,999999999999,999999999999,999999999999
1811,sqlite3IsTrueOrFalse,185,1056,9298521501.0,0.0,1.0,3442918.0,1056.0,36353972.0,0.0,1.0,999999999999,999999999999,999999999999
726,sqlite3HashClear,275,1136,9301983669.0,0.0,12.0,4344888.0,1136.0,36397562.0,0.0,12.0,999999999999,999999999999,999999999999
2133,resolveCompoundOrderBy,2890,2896,9306352727.0,0.0,1.0,24018398.0,2896.0,36722992.0,0.0,1.0,999999999999,999999999999,999999999999
2120,sqlite3SubqueryColumnTypes,3684,3224,9330389136.0,0.0,1.0,26895567.0,3224.0,37069721.0,0.0,1.0,999999999999,999999999999,999999999999
2177,sqlite3ExprDataType,980,3640,9357289903.0,0.0,1.0,11467005.0,3640.0,37084212.0,0.0,1.0,999999999999,999999999999,999999999999
1846,flattenSubquery,9196,6424,9368766228.0,0.0,1.0,66319118.0,6424.0,37123181.0,0.0,1.0,999999999999,999999999999,999999999999
1851,sqlite3SelectExprHeight,112,936,9435091506.0,0.0,2.0,2452699.0,936.0,37145352.0,0.0,2.0,999999999999,999999999999,999999999999
2217,heightOfSelect,338,1336,9437547755.0,0.0,2.0,5068868.0,1336.0,37146441.0,0.0,2.0,999999999999,999999999999,999999999999
1852,pushDownWhereTerms,2393,2872,9442622193.0,0.0,1.0,21813909.0,2872.0,37160721.0,0.0,1.0,999999999999,999999999999,999999999999
1853,disableUnusedSubqueryResultColumns,1877,1248,9464438462.0,0.0,1.0,14442143.0,1248.0,37164852.0,0.0,1.0,999999999999,999999999999,999999999999
1854,fromClauseTermCanBeCoroutine,1067,1384,9478882865.0,0.0,1.0,9794895.0,1384.0,37168941.0,0.0,1.0,999999999999,999999999999,999999999999
1857,isSelfJoinView,794,1360,9488679671.0,0.0,1.0,8693656.0,1360.0,37173712.0,0.0,1.0,999999999999,999999999999,999999999999
1855,sqlite3VdbeExplain,417,1256,9497379427.0,0.0,6.0,5014668.0,1256.0,37183201.0,0.0,6.0,999999999999,999999999999,999999999999
1847,multiSelect,7100,8304,9502400184.0,0.0,1.0,52499535.0,8304.0,37216532.0,0.0,1.0,999999999999,999999999999,999999999999
2208,hasAnchor,224,584,9554904659.0,0.0,1.0,3766518.0,584.0,37225781.0,0.0,1.0,999999999999,999999999999,999999999999
2209,generateWithRecursiveQuery,2949,4360,9558673847.0,0.0,1.0,25657028.0,4360.0,37229221.0,0.0,1.0,999999999999,999999999999,999999999999
1861,computeLimitRegisters,1015,2048,9584334725.0,0.0,3.0,9521695.0,2048.0,37236221.0,0.0,3.0,999999999999,999999999999,999999999999
2036,codeInteger,832,1592,9593889300.0,0.0,7.0,7774576.0,1592.0,37393691.0,0.0,7.0,999999999999,999999999999,999999999999
1884,sqlite3GetTempRange,396,1040,9601667956.0,0.0,2.0,4262218.0,1040.0,37402901.0,0.0,2.0,999999999999,999999999999,999999999999
1888,sqlite3ReleaseTempRange,242,960,9605935844.0,0.0,2.0,3331899.0,960.0,37418931.0,0.0,2.0,999999999999,999999999999,999999999999
1796,sqlite3VdbeEndCoroutine,149,976,9609338003.0,0.0,2.0,2757759.0,976.0,38174891.0,0.0,2.0,999999999999,999999999999,999999999999
1856,sqlite3ClearTempRegCache,69,560,9612100201.0,0.0,1.0,2074239.0,560.0,38182111.0,0.0,1.0,999999999999,999999999999,999999999999
2053,exprCodeVector,573,1392,9614194100.0,0.0,1.0,7232366.0,1392.0,38493011.0,0.0,1.0,999999999999,999999999999,999999999999
2054,exprToRegister,243,1008,9621437667.0,0.0,1.0,3538329.0,1008.0,38609121.0,0.0,1.0,999999999999,999999999999,999999999999
2055,setDoNotMergeFlagOnCopy,169,984,9625007766.0,0.0,1.0,2966468.0,984.0,38966851.0,0.0,1.0,999999999999,999999999999,999999999999
2060,sqlite3VdbeGetLastOp,106,912,9627975674.0,0.0,1.0,2445009.0,912.0,38967761.0,0.0,1.0,999999999999,999999999999,999999999999
2262,translateColumnToCopy,706,1376,9630439443.0,0.0,1.0,7327047.0,1376.0,39305980.0,0.0,1.0,999999999999,999999999999,999999999999
1954,readsTable,888,1528,9637776349.0,0.0,1.0,9503386.0,1528.0,39348771.0,0.0,1.0,999999999999,999999999999,999999999999
1959,autoIncStep,166,936,9647289155.0,0.0,1.0,3075868.0,936.0,39480700.0,0.0,1.0,999999999999,999999999999,999999999999
1938,sqlite3VdbeAppendP4,300,1024,9650376313.0,0.0,4.0,3856888.0,1024.0,39574400.0,0.0,4.0,999999999999,999999999999,999999999999
1930,sqlite3AutoincrementEnd,127,896,9654255351.0,0.0,1.0,2660459.0,896.0,39807750.0,0.0,1.0,999999999999,999999999999,999999999999
1649,sqlite3UpsertDelete,136,896,9656920370.0,0.0,1.0,2731889.0,896.0,39822840.0,0.0,1.0,999999999999,999999999999,999999999999
1544,sqlite3WithDelete,292,1112,9659667879.0,0.0,1.0,4998007.0,1112.0,39983440.0,0.0,1.0,999999999999,999999999999,999999999999
1546,cteClear,160,1088,9664668276.0,0.0,1.0,3078849.0,1088.0,39985890.0,0.0,1.0,999999999999,999999999999,999999999999
500,sqlite3IdListDelete,304,1120,9667755005.0,0.0,1.0,4968858.0,1120.0,40053490.0,0.0,1.0,999999999999,999999999999,999999999999
1385,sqlite3BtreeFakeValidCursor,17,520,9672932433.0,0.0,1.0,1629379.0,520.0,40936900.0,0.0,1.0,999999999999,999999999999,999999999999
813,sqlite3VdbeMemFromBtreeZeroOffset,295,1184,9674653142.0,10000000.0,233183.0,4173778.0,1184.0,41509919.0,290000000.0,366516.0,999999999999,999999999999,999999999999
756,vdbeMemAddTerminator,359,1088,9678832200.0,0.0,100000.0,4175277.0,1088.0,41519950.0,90000000.0,100000.0,999999999999,999999999999,999999999999
1399,sqlite3BtreeDelete,5061,4232,9683012247.0,0.0,233183.0,35726493.0,4232.0,41538779.0,1590000000.0,233331.0,999999999999,999999999999,999999999999
1483,balance,1992,2408,9718744941.0,0.0,105920.0,15904022.0,2408.0,41580699.0,350000000.0,105928.0,999999999999,999999999999,999999999999
1440,sqlite3MulInt64,832,744,9734669973.0,0.0,100000.0,5114148.0,744.0,41703699.0,470000000.0,100000.0,999999999999,999999999999,999999999999
1424,sqlite3AddInt64,465,656,9739786820.0,0.0,199999.0,3820949.0,656.0,41711850.0,2000000000.0,199999.0,999999999999,999999999999,999999999999
1262,pagerAddPageToRollbackJournal,759,1672,9743780629.0,0.0,2.0,7388616.0,1672.0,42472639.0,0.0,6.0,999999999999,999999999999,999999999999
1228,pager_cksum,250,672,9751171815.0,0.0,2.0,5273957.0,672.0,42474609.0,0.0,6.0,999999999999,999999999999,999999999999
1264,write32bits,161,1048,9756448352.0,0.0,4.0,2954679.0,1048.0,42485339.0,0.0,12.0,999999999999,999999999999,999999999999
1026,sqlite3BitvecSet,2202,1984,9759452631.0,0.0,2.0,16117453.0,1984.0,42540699.0,0.0,6.0,999999999999,999999999999,999999999999
1555,moveToRightmost,422,1232,9775606154.0,0.0,134241.0,5563226.0,1232.0,41793919.0,330000000.0,134394.0,999999999999,999999999999,999999999999
1563,anotherValidCursor,344,1032,9781484490.0,0.0,3.0,4746218.0,1032.0,38703997914.0,0.0,1.0,999999999999,999999999999,999999999999
1564,balance_deeper,875,1824,9786232548.0,0.0,3.0,8511306.0,1824.0,38704000884.0,0.0,1.0,999999999999,999999999999,999999999999
1568,copyNodeContent,814,1552,9794828144.0,0.0,3.0,7791927.0,1552.0,38704073184.0,0.0,1.0,999999999999,999999999999,999999999999
1149,btreeInitPage,896,1464,9802623241.0,0.0,2124.0,8384315.0,1464.0,16897881.0,10000000.0,4257.0,999999999999,999999999999,999999999999
1478,btreeComputeFreeSpace,1762,1680,9811011416.0,0.0,3.0,12832915.0,1680.0,41990179.0,0.0,6.0,999999999999,999999999999,999999999999
1565,balance_quick,1979,2368,9823852571.0,0.0,1057.0,16276401.0,2368.0,53253164.0,0.0,1062.0,999999999999,999999999999,999999999999
1235,cellSizePtrTableLeaf,1514,968,9840148832.0,0.0,1057.0,10481106.0,968.0,53405304.0,0.0,1062.0,999999999999,999999999999,999999999999
1569,rebuildPage,2658,2368,9850634308.0,0.0,1057.0,19798510.0,2368.0,53421294.0,0.0,1062.0,999999999999,999999999999,999999999999
1567,sqlite3PagerTempSpace,50,544,9870435028.0,0.0,1061.0,1854089.0,544.0,53426174.0,0.0,1066.0,999999999999,999999999999,999999999999
1485,insertCell,3376,2960,9872293997.0,0.0,5930.0,23522499.0,2960.0,53445524.0,20000000.0,5966.0,999999999999,999999999999,999999999999
1458,moveToChild,833,1480,9895865736.0,0.0,103629.0,7980637.0,1480.0,41797999.0,390000000.0,106340.0,999999999999,999999999999,999999999999
1455,putVarint64,805,848,9950111580.0,0.0,83617.0,7388987.0,848.0,42004549.0,650000000.0,100000.0,999999999999,999999999999,999999999999
1195,sqlite3PcacheFetchStress,1046,1392,10030550632.0,0.0,623.0,10292115.0,1392.0,15822085364.0,0.0,630.0,999999999999,999999999999,999999999999
495,sqlite3PcachePagecount,103,928,10040848007.0,0.0,623.0,2482758.0,928.0,15822088744.0,0.0,630.0,999999999999,999999999999,999999999999
2696,pcache1Pagecount,76,560,10043333795.0,0.0,623.0,2114790.0,560.0,15822090854.0,0.0,630.0,999999999999,999999999999,999999999999
942,pagerStress,573,1360,10045458034.0,0.0,623.0,6418338.0,1360.0,15822437074.0,0.0,630.0,999999999999,999999999999,999999999999
1566,balance_nonroot,24537,14120,10062864336.0,0.0,4872.0,180296624.0,14120.0,3630023356.0,90000000.0,4884.0,999999999999,999999999999,999999999999
1240,cellSizePtrNoPayload,259,624,10243192480.0,0.0,1035.0,4439828.0,624.0,3630077356.0,0.0,2346.0,999999999999,999999999999,999999999999
1570,cachedCellSize,281,968,10247637118.0,0.0,379738.0,3403539.0,968.0,3631332196.0,730000000.0,382874.0,999999999999,999999999999,999999999999
1573,computeCellSize,270,1064,10251043096.0,10000000.0,193635.0,3446278.0,1064.0,3631338136.0,130000000.0,195023.0,999999999999,999999999999,999999999999
1572,editPage,3081,3032,10254608615.0,0.0,9745.0,22912949.0,3032.0,3634793134.0,50000000.0,9788.0,999999999999,999999999999,999999999999
1575,pageInsertArray,1685,1936,10277524994.0,0.0,14619.0,14733313.0,1936.0,3634802404.0,30000000.0,14677.0,999999999999,999999999999,999999999999
1574,pageFreeArray,2284,2080,10292267567.0,0.0,4873.0,19375451.0,2080.0,3634979664.0,250000000.0,4903.0,999999999999,999999999999,999999999999
2700,pcache1RemoveFromHash,365,1056,10314863536.0,0.0,2696.0,4900318.0,1056.0,17569544420.0,10000000.0,4832.0,999999999999,999999999999,999999999999
1561,pageFindSlot,1574,1624,10380165915.0,0.0,220196.0,12717363.0,1624.0,3635125374.0,1190000000.0,221494.0,999999999999,999999999999,999999999999
724,sqlite3BtreeClose,645,1584,10491912192.0,0.0,4.0,7559326.0,1584.0,38654300027.0,0.0,4.0,999999999999,999999999999,999999999999
714,sqlite3BtreeRollback,564,1656,10499476838.0,0.0,5.0,7024327.0,1656.0,38654303507.0,0.0,5.0,999999999999,999999999999,999999999999
715,saveAllCursors,513,1096,10506504394.0,0.0,5.0,6096768.0,1096.0,38654306797.0,0.0,5.0,999999999999,999999999999,999999999999
717,sqlite3PagerRollback,679,1296,10512602862.0,0.0,3.0,5953297.0,1296.0,38654311837.0,0.0,3.0,999999999999,999999999999,999999999999
1208,sqlite3PcacheClearWritable,198,608,10518564699.0,0.0,6.0,3468358.0,608.0,38654332317.0,0.0,6.0,999999999999,999999999999,999999999999
1178,getPageError,88,592,10522040197.0,0.0,3.0,2246229.0,592.0,38654349417.0,0.0,3.0,999999999999,999999999999,999999999999
1133,sqlite3PagerClose,449,1592,10524299156.0,0.0,4.0,5511907.0,1592.0,38654387567.0,0.0,4.0,999999999999,999999999999,999999999999
1157,pagerFreeMapHdrs,182,1024,10529814223.0,0.0,4.0,3834639.0,1024.0,38654390227.0,0.0,4.0,999999999999,999999999999,999999999999
2703,pcache1TruncateUnsafe,724,1336,10533655962.0,0.0,4.0,8208946.0,1336.0,38654406937.0,0.0,4.0,999999999999,999999999999,999999999999
2706,pcache1FreePage,266,1000,10541868658.0,0.0,495.0,3571327.0,1000.0,38654413117.0,0.0,495.0,999999999999,999999999999,999999999999
1162,sqlite3PcacheClose,99,904,10545453535.0,0.0,4.0,2427339.0,904.0,38654466117.0,0.0,4.0,999999999999,999999999999,999999999999
2693,pcache1Destroy,356,1272,10547882525.0,0.0,4.0,4887118.0,1272.0,38654467037.0,0.0,4.0,999999999999,999999999999,999999999999
1013,freeTempSpace,184,952,10552777702.0,0.0,4.0,3013429.0,952.0,38654503767.0,0.0,4.0,999999999999,999999999999,999999999999
1316,sqlite3VdbeSetChanges,106,576,10565599306.0,0.0,1.0,2436268.0,576.0,38671507639.0,0.0,1.0,999999999999,999999999999,999999999999
2155,windowRemoveExprFromSelect,254,968,10568141555.0,0.0,2.0,3418688.0,968.0,38675287797.0,0.0,2.0,999999999999,999999999999,999999999999
2139,resolveAlias,1611,1928,10571563213.0,0.0,2.0,10699485.0,1928.0,38675296617.0,0.0,2.0,999999999999,999999999999,999999999999
2146,incrAggFunctionDepth,247,960,10582271868.0,0.0,2.0,3312909.0,960.0,38675325167.0,0.0,2.0,999999999999,999999999999,999999999999
1963,sqlite3ExprDeferredDelete,135,928,10585587767.0,0.0,2.0,2582839.0,928.0,38675331587.0,0.0,2.0,999999999999,999999999999,999999999999
2229,sqlite3WhereAddLimit,1572,1608,10588204376.0,0.0,2.0,12768343.0,1608.0,38675719297.0,0.0,2.0,999999999999,999999999999,999999999999
2300,whereSortingCost,951,1360,10600992739.0,0.0,2.0,7682647.0,1360.0,38676024487.0,0.0,2.0,999999999999,999999999999,999999999999
2260,pushOntoSorter,3049,4168,10608696516.0,0.0,2.0,23778508.0,4168.0,38676218517.0,0.0,2.0,999999999999,999999999999,999999999999
2389,makeSorterRecord,348,1232,10632487794.0,0.0,2.0,4766258.0,1232.0,38676294827.0,0.0,2.0,999999999999,999999999999,999999999999
1904,generateSortTail,4212,5656,10637272372.0,0.0,2.0,35162053.0,5656.0,38676436967.0,0.0,2.0,999999999999,999999999999,999999999999
2096,sqlite3ExprDeleteGeneric,136,896,10672476585.0,0.0,2.0,2873759.0,896.0,38676707567.0,0.0,2.0,999999999999,999999999999,999999999999
1198,readDbPage,551,1192,10675574953.0,0.0,2121.0,5243558.0,1192.0,12123644.0,0.0,4256.0,999999999999,999999999999,999999999999
1391,sqlite3BtreeIndexMoveto,4833,4064,10680845331.0,10000000.0,133333.0,35139064.0,4064.0,38677886706.0,570000000.0,133481.0,999999999999,999999999999,999999999999
1468,sqlite3VdbeFindCompare,660,816,10715988575.0,0.0,133333.0,5667377.0,816.0,38677891646.0,360000000.0,133481.0,999999999999,999999999999,999999999999
1556,vdbeRecordCompareInt,2142,2160,10721680032.0,0.0,798271.0,12730114.0,2160.0,38678057926.0,4560000000.0,799221.0,999999999999,999999999999,999999999999
1469,cursorOnLastPage,366,664,10734421836.0,0.0,33466.0,5202107.0,664.0,38678192036.0,80000000.0,33515.0,999999999999,999999999999,999999999999
1238,btreeParseCellPtrIndex,840,1240,10739745453.0,20000000.0,266516.0,8278116.0,1240.0,38693577658.0,1100000000.0,266812.0,999999999999,999999999999,999999999999
1407,sqlite3VdbeMemInit,107,608,10748027939.0,0.0,133183.0,2435999.0,608.0,38693584578.0,290000000.0,266516.0,999999999999,999999999999,999999999999
1408,sqlite3VdbeRecordCompareWithSkip,5548,4328,10750467708.0,0.0,133183.0,37724862.0,4328.0,38693591158.0,1840000000.0,266664.0,999999999999,999999999999,999999999999
1493,vdbeRecordDecodeInt,1420,1480,10788195250.0,0.0,133183.0,8492516.0,1480.0,38693601088.0,1130000000.0,266664.0,999999999999,999999999999,999999999999
1409,sqlite3VdbeMemReleaseMalloc,97,896,10796691406.0,0.0,133183.0,2591649.0,896.0,38693609038.0,1020000000.0,266516.0,999999999999,999999999999,999999999999
1457,moveToParent,317,1024,10799327245.0,0.0,2124.0,3814698.0,1024.0,38695051128.0,0.0,4252.0,999999999999,999999999999,999999999999
1562,defragmentPage,4579,3192,10803237152.0,0.0,13.0,28835986.0,3192.0,38700266245.0,0.0,13.0,999999999999,999999999999,999999999999
1237,cellSizePtrIdxLeaf,881,792,10832120019.0,20000000.0,192909.0,7899976.0,792.0,38703331664.0,890000000.0,193023.0,999999999999,999999999999,999999999999
1239,cellSizePtr,836,776,10840144975.0,0.0,4862.0,7543077.0,776.0,38709909990.0,0.0,4865.0,999999999999,999999999999,999999999999
632,sqlite3_column_type,134,1056,11144003750.0,0.0,550.0,3768509.0,1056.0,79246828624.0,0.0,550.0,999999999999,999999999999,999999999999
752,sqlite3_value_type,95,552,11147777328.0,0.0,550.0,2192799.0,552.0,79246834633.0,0.0,550.0,999999999999,999999999999,999999999999
433,shell_callback,20663,17320,11149984158.0,0.0,150.0,132284816.0,17320.0,79246950233.0,10000000.0,150.0,999999999999,999999999999,999999999999
230,oPutsUtf8,314,1368,11282276354.0,0.0,1100.0,4116828.0,1368.0,79246973893.0,0.0,1100.0,999999999999,999999999999,999999999999
2870,__stdout_write,61,1008,11286408052.0,0.0,1.0,2956738.0,1008.0,79247059213.0,0.0,1.0,999999999999,999999999999,999999999999
198,set_table_name,1060,1520,11384293026.0,0.0,1.0,9868225.0,1520.0,96056978004.0,0.0,1.0,999999999999,999999999999,999999999999
168,close_db,156,1088,11394166131.0,0.0,1.0,3151838.0,1088.0,96056982704.0,0.0,1.0,999999999999,999999999999,999999999999
951,sqlite3_close,85,904,11397320809.0,0.0,1.0,2169919.0,904.0,96056984064.0,0.0,1.0,999999999999,999999999999,999999999999
952,sqlite3Close,670,1704,11399493738.0,0.0,1.0,8392346.0,1704.0,96056985434.0,0.0,1.0,999999999999,999999999999,999999999999
953,disconnectAllVtab,681,1424,11407889484.0,0.0,1.0,8480216.0,1424.0,96056990784.0,0.0,1.0,999999999999,999999999999,999999999999
690,sqlite3VtabUnlockList,240,1056,11416374320.0,0.0,2.0,3794448.0,1056.0,96057004484.0,0.0,2.0,999999999999,999999999999,999999999999
954,sqlite3VtabRollback,88,904,11420172298.0,0.0,2.0,2193639.0,904.0,96057007564.0,0.0,2.0,999999999999,999999999999,999999999999
721,connectionIsBusy,377,1176,11422369087.0,0.0,2.0,5625978.0,1176.0,96057010714.0,0.0,2.0,999999999999,999999999999,999999999999
2439,sqlite3BtreeIsInBackup,79,552,11427998585.0,0.0,2.0,2104719.0,552.0,96057014424.0,0.0,2.0,999999999999,999999999999,999999999999
722,sqlite3RollbackAll,878,1744,11430109124.0,0.0,1.0,9680055.0,1744.0,96057025054.0,0.0,1.0,999999999999,999999999999,999999999999
723,sqlite3CloseSavepoints,249,1088,11439798829.0,0.0,1.0,4421728.0,1088.0,96057045374.0,0.0,1.0,999999999999,999999999999,999999999999
1097,dotlockClose,137,1048,11444381537.0,0.0,1.0,2843788.0,1048.0,96062282022.0,0.0,1.0,999999999999,999999999999,999999999999
689,sqlite3SchemaClear,859,1664,11447262745.0,0.0,2.0,8111257.0,1664.0,96062357542.0,0.0,2.0,999999999999,999999999999,999999999999
691,sqlite3CollapseDatabaseArray,884,1432,11455402212.0,0.0,1.0,8457085.0,1432.0,96062650252.0,0.0,1.0,999999999999,999999999999,999999999999
727,sqlite3VtabEponymousTableClear,209,984,11463880047.0,0.0,5.0,3283169.0,984.0,96063038571.0,0.0,5.0,999999999999,999999999999,999999999999
728,sqlite3VtabModuleUnref,235,1056,11467164886.0,0.0,5.0,3820128.0,1056.0,96063040311.0,0.0,5.0,999999999999,999999999999,999999999999
729,sqlite3ValueFree,155,992,11470994364.0,0.0,1.0,2947009.0,992.0,96063116731.0,0.0,1.0,999999999999,999999999999,999999999999
199,output_reset,439,1360,11473948303.0,0.0,1.0,4934957.0,1360.0,96063151541.0,0.0,1.0,999999999999,999999999999,999999999999
245,output_file_close,227,896,11478886910.0,0.0,1.0,2969629.0,896.0,96063153641.0,0.0,1.0,999999999999,999999999999,999999999999
283,setOutputStream,85,904,11481860169.0,0.0,1.0,2288599.0,904.0,96063157721.0,0.0,1.0,999999999999,999999999999,999999999999
459,designateEmitStream,446,1136,11484150898.0,0.0,1.0,4513407.0,1136.0,96063159461.0,0.0,1.0,999999999999,999999999999,999999999999
424,isKnownWritable,274,616,11488669875.0,0.0,1.0,3744658.0,616.0,96063162181.0,0.0,1.0,999999999999,999999999999,999999999999
2831,__wasm_call_dtors,15,864,11492419643.0,0.0,1.0,1898910.0,864.0,96063171561.0,0.0,1.0,999999999999,999999999999,999999999999
2828,__funcs_on_exit,183,1040,11494320543.0,0.0,1.0,4243868.0,1040.0,96063172261.0,0.0,1.0,999999999999,999999999999,999999999999
2830,call,12,824,11498565481.0,0.0,2.0,1917599.0,824.0,96063174181.0,0.0,2.0,999999999999,999999999999,999999999999
175,sayAbnormalExit,47,848,11500484760.0,0.0,1.0,2141839.0,848.0,96063174961.0,0.0,1.0,999999999999,999999999999,999999999999
174,consoleRestore,4,512,11502629349.0,0.0,1.0,1452309.0,512.0,96063176841.0,0.0,1.0,999999999999,999999999999,999999999999
2839,__stdio_exit,389,1712,11504083938.0,0.0,1.0,8419417.0,1712.0,96063178021.0,0.0,1.0,999999999999,999999999999,999999999999
2863,__ofl_lock,9,520,11512505585.0,10000000.0,1.0,1602559.0,520.0,1977119.0,10000000.0,3.0,999999999999,999999999999,999999999999
1426,sqlite3PagerOkToChangeJournalMode,258,592,,,,,,27117337.0,0.0,1.0,999999999999,999999999999,999999999999
1427,sqlite3PagerSetJournalMode,1172,1720,,,,,,27120807.0,0.0,1.0,999999999999,999999999999,999999999999
1428,sqlite3JournalModename,150,568,,,,,,27124697.0,0.0,1.0,999999999999,999999999999,999999999999
1782,sqlite3ForceNotReadOnly,232,1120,,,,,,24098528.0,0.0,1.0,999999999999,999999999999,999999999999
2836,dummy,4,512,,,,,,2012129.0,0.0,1.0,999999999999,999999999999,999999999999
2837,fclose,153,1288,,,,,,1998329.0,0.0,1.0,999999999999,999999999999,999999999999
2846,__stdio_seek,18,840,,,,,,1999589.0,0.0,1.0,999999999999,999999999999,999999999999
2849,readv,115,984,,,,,,1982709.0,0.0,1.0,999999999999,999999999999,999999999999
2851,__stdio_close,15,840,,,,,,2003789.0,0.0,1.0,999999999999,999999999999,999999999999
2852,__fdopen,390,1712,,,,,,1966529.0,0.0,1.0,999999999999,999999999999,999999999999
2856,fread,198,1288,,,,,,1979539.0,0.0,1.0,999999999999,999999999999,999999999999
2864,__ofl_unlock,3,512,,,,,,1977699.0,0.0,2.0,999999999999,999999999999,999999999999
2865,__ofl_add,53,944,,,,,,1976699.0,0.0,1.0,999999999999,999999999999,999999999999
