id,name,size.bytecode,size.static,start.jit,exec.jit,freq.jit,compilation.jit,size.dynamic.jit,start.interp,exec.interp,freq.interp,exec.spec,compilation.spec,size.dynamic.spec
28,_start,83,992,58170.0,0.0,0.0,4446054.0,992.0,60920.0,0.0,0.0,999999999999,999999999999,999999999999
27,__wasm_call_ctors,5,808,4505200.0,0.0,1.0,1800780.0,808.0,65570.0,0.0,1.0,999999999999,999999999999,999999999999
39,init,20,840,6306555.0,0.0,1.0,1969405.0,840.0,66080.0,0.0,1.0,999999999999,999999999999,999999999999
2759,__wasi_clock_time_get,20,824,8276544.0,0.0,2.0,1960075.0,824.0,67200.0,0.0,2.0,999999999999,999999999999,999999999999
2752,__main_void,214,1400,10242864.0,0.0,1.0,4940780.0,1400.0,73680.0,0.0,1.0,999999999999,999999999999,999999999999
2756,__wasi_args_sizes_get,18,824,15184439.0,0.0,1.0,1923385.0,824.0,74590.0,0.0,1.0,999999999999,999999999999,999999999999
2729,malloc,12,808,17111219.0,0.0,614.0,1786260.0,808.0,78480.0,0.0,654.0,999999999999,999999999999,999999999999
2730,dlmalloc,5377,8240,18898134.0,0.0,634.0,80335401.0,8240.0,78890.0,10000000.0,676.0,999999999999,999999999999,999999999999
2734,calloc,109,984,99242346.0,0.0,2.0,3594530.0,984.0,97370.0,0.0,2.0,999999999999,999999999999,999999999999
2900,memset,393,1200,102838161.0,5000000.0,100582.0,9258799.0,1200.0,100840.0,220000000.0,100570.0,999999999999,999999999999,999999999999
2755,__wasi_args_get,18,816,112097800.0,0.0,1.0,1797475.0,816.0,103060.0,0.0,1.0,999999999999,999999999999,999999999999
172,main,15217,17584,113896900.0,0.0,1.0,113743025.0,17584.0,104850.0,0.0,1.0,999999999999,999999999999,999999999999
2868,setvbuf,125,648,227644145.0,0.0,1.0,3653979.0,648.0,121520.0,0.0,1.0,999999999999,999999999999,999999999999
173,consoleClassifySetup,620,1304,231299165.0,0.0,1.0,6404555.0,1304.0,122890.0,0.0,1.0,999999999999,999999999999,999999999999
201,streamOfConsole,162,1024,237704575.0,0.0,3.0,2743020.0,1024.0,126380.0,0.0,3.0,999999999999,999999999999,999999999999
2844,fileno,35,552,240448410.0,0.0,3.0,1994350.0,552.0,128210.0,0.0,3.0,999999999999,999999999999,999999999999
2798,__isatty,104,968,242443715.0,0.0,4.0,2957454.0,968.0,129200.0,0.0,4.0,999999999999,999999999999,999999999999
2761,__wasi_fd_fdstat_get,18,824,245402229.0,0.0,11.0,1764490.0,824.0,129860.0,0.0,9.0,999999999999,999999999999,999999999999
2838,fflush,362,1648,247172169.0,0.0,24.0,8159280.0,1648.0,135960.0,0.0,25.0,999999999999,999999999999,999999999999
202,consoleRenewSetup,5,512,255336634.0,0.0,1.0,1340324.0,512.0,148880.0,0.0,1.0,999999999999,999999999999,999999999999
2829,atexit,162,984,256677939.0,0.0,2.0,3230390.0,984.0,153770.0,0.0,2.0,999999999999,999999999999,999999999999
2825,getenv,154,1120,259909209.0,0.0,5.0,4770365.0,1120.0,158170.0,0.0,5.0,999999999999,999999999999,999999999999
2823,__wasilibc_ensure_environ,27,824,264681129.0,0.0,5.0,1931510.0,824.0,158940.0,0.0,5.0,999999999999,999999999999,999999999999
2824,__wasilibc_initialize_environ,194,1360,266614334.0,0.0,1.0,4446514.0,1360.0,160200.0,0.0,1.0,999999999999,999999999999,999999999999
2758,__wasi_environ_sizes_get,18,824,271061608.0,0.0,1.0,1811485.0,824.0,161820.0,0.0,1.0,999999999999,999999999999,999999999999
2902,__strchrnul,358,1144,272874743.0,0.0,7.0,7174215.0,1144.0,164300.0,0.0,9.0,999999999999,999999999999,999999999999
34,signal,105,576,280050363.0,0.0,1.0,2485049.0,576.0,168230.0,0.0,1.0,999999999999,999999999999,999999999999
1048,sqlite3_sourceid,16,520,282536198.0,0.0,1.0,1591255.0,520.0,169940.0,0.0,1.0,999999999999,999999999999,999999999999
177,cli_strncmp,231,976,284128308.0,0.0,1.0,3349224.0,976.0,171090.0,0.0,1.0,999999999999,999999999999,999999999999
2909,strncmp,136,632,287478277.0,0.0,1.0,4475970.0,632.0,173400.0,0.0,1.0,999999999999,999999999999,999999999999
178,main_init,496,1696,291955382.0,0.0,1.0,4776395.0,1696.0,190470.0,0.0,1.0,999999999999,999999999999,999999999999
935,sqlite3_config,3089,3328,296733492.0,0.0,8.0,15200284.0,3328.0,193970.0,0.0,8.0,999999999999,999999999999,999999999999
179,verify_uninitialized,98,968,311934972.0,0.0,3.0,2589799.0,968.0,203190.0,0.0,3.0,999999999999,999999999999,999999999999
566,sqlite3_snprintf,290,1136,314527072.0,0.0,5.0,4073069.0,1136.0,216410.0,0.0,4.0,999999999999,999999999999,999999999999
562,sqlite3StrAccumInit,199,680,318601251.0,0.0,13.0,3146834.0,680.0,219249.0,0.0,8.0,999999999999,999999999999,999999999999
532,sqlite3_str_vappendf,24753,15472,321749011.0,0.0,13.0,195754491.0,15472.0,222189.0,0.0,8.0,999999999999,999999999999,999999999999
533,sqlite3_str_append,314,1024,517506343.0,0.0,46.0,4313455.0,1024.0,265580.0,0.0,17.0,999999999999,999999999999,999999999999
2898,memcpy,1008,1888,521821207.0,15000000.0,850833.0,15297835.0,1888.0,269069.0,4400000000.0,1100735.0,999999999999,999999999999,999999999999
505,sqlite3_initialize,962,1616,537123727.0,0.0,22.0,7542719.0,1616.0,314380.0,0.0,21.0,999999999999,999999999999,999999999999
506,sqlite3MallocInit,453,1072,544667562.0,0.0,1.0,4058859.0,1072.0,317029.0,0.0,1.0,999999999999,999999999999,999999999999
928,sqlite3MemSetDefault,82,880,548727462.0,0.0,1.0,2072279.0,880.0,318680.0,0.0,1.0,999999999999,999999999999,999999999999
2687,sqlite3MemInit,38,536,550801366.0,0.0,1.0,1719985.0,536.0,325320.0,0.0,1.0,999999999999,999999999999,999999999999
507,sqlite3RegisterBuiltinFunctions,53,984,552522971.0,0.0,1.0,2095870.0,984.0,329780.0,0.0,1.0,999999999999,999999999999,999999999999
929,sqlite3AlterFunctions,28,832,554619756.0,0.0,1.0,1744364.0,832.0,330220.0,0.0,1.0,999999999999,999999999999,999999999999
933,sqlite3InsertBuiltinFuncs,665,1424,556364851.0,0.0,5.0,7644160.0,1424.0,330949.0,0.0,5.0,999999999999,999999999999,999999999999
538,sqlite3Strlen30,169,936,564009926.0,0.0,308.0,2890809.0,936.0,333420.0,0.0,290.0,999999999999,999999999999,999999999999
2908,strlen,206,656,566901786.0,0.0,580.0,5015060.0,656.0,335380.0,0.0,514.0,999999999999,999999999999,999999999999
970,sqlite3FunctionSearch,264,1064,571918165.0,0.0,179.0,4506124.0,1064.0,339120.0,0.0,179.0,999999999999,999999999999,999999999999
573,sqlite3StrICmp,361,672,576426515.0,0.0,838.0,4463915.0,672.0,356340.0,0.0,818.0,999999999999,999999999999,999999999999
930,sqlite3WindowFunctions,28,832,580892600.0,0.0,1.0,1887889.0,832.0,370189.0,0.0,1.0,999999999999,999999999999,999999999999
931,sqlite3RegisterDateTimeFunctions,28,832,582784660.0,0.0,1.0,1857455.0,832.0,455449.0,0.0,1.0,999999999999,999999999999,999999999999
932,sqlite3RegisterJsonFunctions,29,832,584645710.0,0.0,1.0,1900395.0,832.0,517609.0,0.0,1.0,999999999999,999999999999,999999999999
508,sqlite3PcacheInitialize,111,936,586567305.0,0.0,1.0,2649585.0,936.0,1614469.0,0.0,1.0,999999999999,999999999999,999999999999
934,sqlite3PCacheSetDefault,83,880,589217905.0,0.0,1.0,2196630.0,880.0,1615719.0,0.0,1.0,999999999999,999999999999,999999999999
2689,pcache1Init,340,984,591416190.0,0.0,1.0,3245749.0,984.0,1621569.0,0.0,1.0,999999999999,999999999999,999999999999
509,sqlite3OsInit,174,1024,594663515.0,0.0,1.0,3181209.0,1024.0,1624619.0,0.0,1.0,999999999999,999999999999,999999999999
520,sqlite3_malloc,204,1000,597845629.0,0.0,1.0,3357775.0,1000.0,1625589.0,0.0,1.0,999999999999,999999999999,999999999999
512,hasHighPrecisionDouble,488,1720,601204840.0,0.0,8.0,4621844.0,1720.0,1630509.0,0.0,8.0,999999999999,999999999999,999999999999
2924,__extenddftf2,269,1128,605827764.0,0.0,16.0,4899019.0,1128.0,1633339.0,0.0,16.0,999999999999,999999999999,999999999999
2921,__addtf3,1437,3104,610728159.0,0.0,8.0,21654670.0,3104.0,1637299.0,0.0,8.0,999999999999,999999999999,999999999999
2930,__ashlti3,84,592,632384313.0,0.0,8.0,2977209.0,592.0,1640139.0,0.0,8.0,999999999999,999999999999,999999999999
2933,__lshrti3,85,592,635362643.0,0.0,8.0,2811829.0,592.0,1641089.0,0.0,8.0,999999999999,999999999999,999999999999
2931,__fe_getround,5,520,638175527.0,0.0,8.0,1582255.0,520.0,1643719.0,0.0,8.0,999999999999,999999999999,999999999999
2922,__letf2,226,712,639758658.0,0.0,8.0,4115609.0,712.0,1645309.0,0.0,8.0,999999999999,999999999999,999999999999
521,sqlite3Malloc,306,1032,643875607.0,0.0,609.0,3774270.0,1032.0,1648559.0,0.0,648.0,999999999999,999999999999,999999999999
522,mallocWithAlarm,747,1608,647652082.0,0.0,609.0,6569364.0,1608.0,1651479.0,0.0,648.0,999999999999,999999999999,999999999999
2686,sqlite3MemRoundup,63,544,654222952.0,0.0,634.0,1994760.0,544.0,1653539.0,0.0,669.0,999999999999,999999999999,999999999999
528,sqlite3StatusHighwater,204,576,656218757.0,0.0,1041.0,2675865.0,576.0,1654779.0,0.0,1144.0,999999999999,999999999999,999999999999
2682,sqlite3MemMalloc,250,1056,658895712.0,0.0,609.0,3509840.0,1056.0,1657639.0,0.0,648.0,999999999999,999999999999,999999999999
496,sqlite3MallocSize,97,920,662407822.0,0.0,2086.0,2402185.0,920.0,1662529.0,0.0,2292.0,999999999999,999999999999,999999999999
2685,sqlite3MemSize,96,552,664814712.0,0.0,2102.0,2138559.0,552.0,1663809.0,0.0,2310.0,999999999999,999999999999,999999999999
530,sqlite3StatusUp,317,592,666954316.0,0.0,1650.0,2981354.0,592.0,1664929.0,10000000.0,1792.0,999999999999,999999999999,999999999999
524,sqlite3_free,249,1128,669937286.0,0.0,673.0,3686960.0,1128.0,1671079.0,0.0,702.0,999999999999,999999999999,999999999999
525,sqlite3StatusDown,101,560,673625396.0,0.0,1625.0,2238795.0,560.0,1673899.0,10000000.0,1771.0,999999999999,999999999999,999999999999
2683,sqlite3MemFree,114,896,675865291.0,0.0,609.0,2396320.0,896.0,1675869.0,0.0,648.0,999999999999,999999999999,999999999999
2732,free,12,808,678262866.0,0.0,619.0,1811569.0,808.0,1676589.0,0.0,660.0,999999999999,999999999999,999999999999
2733,dlfree,1713,2216,680075396.0,0.0,634.0,23698319.0,2216.0,1677049.0,0.0,677.0,999999999999,999999999999,999999999999
575,sqlite3_os_init,305,1136,703775590.0,0.0,1.0,4190124.0,1136.0,1679229.0,0.0,1.0,999999999999,999999999999,999999999999
2903,strcmp,105,600,707966990.0,0.0,13.0,3578350.0,600.0,1681299.0,0.0,11.0,999999999999,999999999999,999999999999
513,sqlite3_vfs_register,339,1152,711546819.0,0.0,6.0,4424035.0,1152.0,1683199.0,0.0,6.0,999999999999,999999999999,999999999999
514,vfsUnlink,479,608,715974749.0,0.0,6.0,4227754.0,608.0,1698989.0,0.0,6.0,999999999999,999999999999,999999999999
576,unixTempFileInit,73,936,720207059.0,0.0,1.0,2119434.0,936.0,1756909.0,0.0,1.0,999999999999,999999999999,999999999999
510,sqlite3MemdbInit,296,1048,722329688.0,0.0,1.0,3732865.0,1048.0,1765419.0,0.0,1.0,999999999999,999999999999,999999999999
504,sqlite3_vfs_find,322,1112,726063464.0,0.0,4.0,5095949.0,1112.0,1767039.0,0.0,4.0,999999999999,999999999999,999999999999
511,sqlite3PCacheBufferSetup,570,784,731162813.0,0.0,1.0,5537055.0,784.0,1803659.0,0.0,1.0,999999999999,999999999999,999999999999
105,sqlite3_appendvfs_init,337,1128,736702763.0,0.0,1.0,4258595.0,1128.0,1818239.0,0.0,1.0,999999999999,999999999999,999999999999
2801,access,165,1040,740963388.0,0.0,1.0,3079984.0,1040.0,1831349.0,0.0,1.0,999999999999,999999999999,999999999999
2796,__wasilibc_find_relpath_alloc,513,1928,744044998.0,0.0,36.0,8541015.0,1928.0,1832279.0,0.0,30.0,999999999999,999999999999,999999999999
2816,__wasilibc_find_abspath,343,1408,752587323.0,0.0,36.0,9120729.0,1408.0,1833649.0,0.0,30.0,999999999999,999999999999,999999999999
2813,__wasilibc_populate_preopens,226,1296,761709217.0,0.0,41.0,5300635.0,1296.0,1834309.0,0.0,34.0,999999999999,999999999999,999999999999
2765,__wasi_fd_prestat_get,18,824,767010882.0,0.0,3.0,1936195.0,824.0,1835399.0,0.0,3.0,999999999999,999999999999,999999999999
2766,__wasi_fd_prestat_dir_name,20,824,768952227.0,0.0,2.0,1904400.0,824.0,1839829.0,0.0,2.0,999999999999,999999999999,999999999999
2814,internal_register_preopened_fd_unlocked,280,1320,770858557.0,0.0,2.0,5856844.0,1320.0,1840949.0,0.0,2.0,999999999999,999999999999,999999999999
2907,strdup,48,960,776718436.0,0.0,2.0,2579374.0,960.0,1849129.0,0.0,2.0,999999999999,999999999999,999999999999
2897,memcmp,75,584,779303526.0,15000000.0,705546.0,3495800.0,584.0,1871649.0,4060000000.0,1498543.0,999999999999,999999999999,999999999999
2735,realloc,1140,2192,782801266.0,0.0,35.0,17869154.0,2192.0,1884529.0,0.0,31.0,999999999999,999999999999,999999999999
2905,strcpy,17,840,800672341.0,0.0,36.0,1913089.0,840.0,1886939.0,0.0,30.0,999999999999,999999999999,999999999999
2904,__stpcpy,374,776,802586540.0,0.0,36.0,6596804.0,776.0,1887259.0,0.0,30.0,999999999999,999999999999,999999999999
2789,__wasilibc_nocwd_faccessat,220,1160,809184900.0,0.0,1.0,4849600.0,1160.0,1889839.0,0.0,1.0,999999999999,999999999999,999999999999
2773,__wasi_path_filestat_get,30,952,814035695.0,0.0,15.0,2356655.0,952.0,1890799.0,0.0,14.0,999999999999,999999999999,999999999999
185,process_sqliterc,838,1848,816429645.0,0.0,1.0,8085244.0,1848.0,7463816.0,0.0,1.0,999999999999,999999999999,999999999999
216,find_xdg_config,389,1240,824516530.0,0.0,1.0,4305745.0,1240.0,7466526.0,0.0,1.0,999999999999,999999999999,999999999999
194,find_home_dir,582,1224,828825234.0,0.0,2.0,4971244.0,1224.0,7473676.0,0.0,2.0,999999999999,999999999999,999999999999
190,ePutsUtf8,314,1368,833798349.0,0.0,1.0,3941030.0,1368.0,7479856.0,0.0,1.0,999999999999,999999999999,999999999999
170,getEmitStreamInfo,730,1416,837740459.0,0.0,17.0,6778854.0,1416.0,7481686.0,0.0,17.0,999999999999,999999999999,999999999999
423,isValidStreamInfo,97,552,844520379.0,0.0,34.0,2141800.0,552.0,7484286.0,0.0,34.0,999999999999,999999999999,999999999999
2855,fputs,38,944,846663624.0,0.0,17.0,2282925.0,944.0,7489536.0,0.0,17.0,999999999999,999999999999,999999999999
2862,fwrite,289,1368,848948379.0,0.0,17.0,7777914.0,1368.0,7493796.0,0.0,17.0,999999999999,999999999999,999999999999
2860,__towrite,94,624,856727263.0,0.0,2.0,3025444.0,624.0,7494656.0,0.0,2.0,999999999999,999999999999,999999999999
2848,__stdio_write,316,1368,859753633.0,0.0,4.0,7189620.0,1368.0,7496156.0,0.0,3.0,999999999999,999999999999,999999999999
2847,writev,115,984,866944143.0,0.0,4.0,3046534.0,984.0,7497206.0,0.0,3.0,999999999999,999999999999,999999999999
2771,__wasi_fd_write,22,824,869991882.0,0.0,439.0,1920390.0,824.0,7498096.0,0.0,443.0,999999999999,999999999999,999999999999
196,process_input,4214,4312,871942533.0,0.0,1.0,28609324.0,4312.0,7515076.0,0.0,1.0,999999999999,999999999999,999999999999
275,setLexemeOpen,219,624,900553791.0,0.0,6.0,3139725.0,624.0,7521516.0,0.0,6.0,999999999999,999999999999,999999999999
276,trackParenLevel,125,592,903695271.0,0.0,6.0,2484195.0,592.0,7524226.0,0.0,6.0,999999999999,999999999999,999999999999
277,one_input_line,501,1352,906181476.0,0.0,22.0,5922780.0,1352.0,7528276.0,0.0,22.0,999999999999,999999999999,999999999999
471,local_getline,966,1472,912105371.0,0.0,22.0,9329029.0,1472.0,7530096.0,0.0,22.0,999999999999,999999999999,999999999999
180,shell_check_oom,111,880,921437305.0,0.0,4.0,2547910.0,880.0,7536046.0,0.0,4.0,999999999999,999999999999,999999999999
426,fGetsUtf8,178,952,923986530.0,0.0,22.0,3056925.0,952.0,7538016.0,0.0,22.0,999999999999,999999999999,999999999999
2843,fgets,303,1384,927044860.0,0.0,22.0,8170704.0,1384.0,7539696.0,0.0,22.0,999999999999,999999999999,999999999999
2841,__uflow,85,1032,935217180.0,0.0,2.0,3281969.0,1032.0,7540806.0,0.0,2.0,999999999999,999999999999,999999999999
2840,__toread,134,1056,938500200.0,0.0,2.0,3997210.0,1056.0,1973869.0,0.0,3.0,999999999999,999999999999,999999999999
2850,__stdio_read,253,1232,942498430.0,0.0,2.0,5190369.0,1232.0,1975379.0,0.0,3.0,999999999999,999999999999,999999999999
2749,read,113,984,947689929.0,0.0,8.0,3103745.0,984.0,3151708.0,0.0,792.0,999999999999,999999999999,999999999999
2767,__wasi_fd_read,22,824,950795599.0,0.0,8.0,1923510.0,824.0,1977149.0,0.0,793.0,999999999999,999999999999,999999999999
2896,memchr,371,800,952740384.0,0.0,22.0,8022765.0,800.0,1918439.0,0.0,23.0,999999999999,999999999999,999999999999
278,line_is_command_terminator,534,1248,960766254.0,0.0,21.0,5943445.0,1248.0,7574466.0,0.0,21.0,999999999999,999999999999,999999999999
217,__isspace,143,552,966710879.0,0.0,556.0,2365325.0,552.0,7576126.0,0.0,556.0,999999999999,999999999999,999999999999
2822,tolower,20,528,969077484.0,0.0,21.0,1906925.0,528.0,7578776.0,0.0,21.0,999999999999,999999999999,999999999999
280,quickscan,2565,4360,970986728.0,0.0,21.0,20411070.0,4360.0,7581526.0,0.0,21.0,999999999999,999999999999,999999999999
925,sqlite3_complete,3248,4488,991411498.0,0.0,5.0,21489899.0,4488.0,7915856.0,0.0,5.0,999999999999,999999999999,999999999999
574,sqlite3_strnicmp,736,760,1012903792.0,0.0,64.0,7066140.0,760.0,7926436.0,0.0,55.0,999999999999,999999999999,999999999999
191,echo_group_input,134,920,1019973112.0,0.0,5.0,2832234.0,920.0,8051766.0,0.0,5.0,999999999999,999999999999,999999999999
281,runOneSqlLine,1279,2448,1022806686.0,0.0,5.0,11812084.0,2448.0,8053726.0,0.0,5.0,999999999999,999999999999,999999999999
184,open_db,4033,5408,1034620200.0,0.0,5.0,24478289.0,5408.0,1909389.0,0.0,6.0,999999999999,999999999999,999999999999
167,deduceDatabaseType,1043,2072,1059102990.0,0.0,1.0,8923005.0,2072.0,1915419.0,0.0,1.0,999999999999,999999999999,999999999999
2853,fopen,102,1112,1068028160.0,0.0,1.0,3354024.0,1112.0,1917849.0,0.0,1.0,999999999999,999999999999,999999999999
2845,__fmodeflags,102,1032,1071384899.0,0.0,1.0,2997405.0,1032.0,1919649.0,0.0,1.0,999999999999,999999999999,999999999999
2901,strchr,31,864,1074383585.0,0.0,2.0,2072195.0,864.0,1920279.0,0.0,4.0,999999999999,999999999999,999999999999
2800,__wasilibc_open_nomode,163,1032,1076458534.0,0.0,1.0,3068435.0,1032.0,1924089.0,0.0,1.0,999999999999,999999999999,999999999999
2783,__wasilibc_nocwd_openat_nomode,282,1240,1079531514.0,0.0,7.0,5191584.0,1240.0,1942409.0,0.0,5.0,999999999999,999999999999,999999999999
2775,__wasi_path_open,38,992,1084729513.0,0.0,7.0,2543290.0,992.0,1946359.0,0.0,5.0,999999999999,999999999999,999999999999
992,sqlite3_open_v2,127,952,1087297078.0,0.0,1.0,2660305.0,952.0,2011429.0,0.0,1.0,999999999999,999999999999,999999999999
979,openDatabase,3876,4672,1089958768.0,0.0,1.0,28522093.0,4672.0,2013079.0,0.0,1.0,999999999999,999999999999,999999999999
643,sqlite3MallocZero,182,1008,1118483362.0,0.0,15.0,3153965.0,1008.0,2021939.0,0.0,14.0,999999999999,999999999999,999999999999
980,sqlite3HashInit,105,584,1121646577.0,0.0,15.0,2104345.0,584.0,2041159.0,0.0,15.0,999999999999,999999999999,999999999999
982,createCollation,1392,1960,1123752522.0,0.0,7.0,11961505.0,1960.0,2043559.0,0.0,7.0,999999999999,999999999999,999999999999
995,sqlite3FindCollSeq,309,1040,1135715352.0,0.0,20.0,4053814.0,1040.0,2048229.0,0.0,18.0,999999999999,999999999999,999999999999
1609,findCollSeqEntry,681,1664,1139770361.0,0.0,15.0,7160499.0,1664.0,2050359.0,0.0,16.0,999999999999,999999999999,999999999999
870,sqlite3HashFind,108,952,1146932146.0,0.0,111.0,2552495.0,952.0,2052859.0,0.0,109.0,999999999999,999999999999,999999999999
1610,findElementWithHash,532,1368,1149486081.0,0.0,161.0,7181595.0,1368.0,2054099.0,0.0,159.0,999999999999,999999999999,999999999999
820,sqlite3DbMallocZero,198,1032,1156672051.0,0.0,56.0,3332955.0,1032.0,2068159.0,0.0,55.0,999999999999,999999999999,999999999999
550,sqlite3DbMallocRaw,204,992,1160006251.0,5000000.0,150165.0,3286915.0,992.0,2069729.0,140000000.0,150140.0,999999999999,999999999999,999999999999
873,sqlite3DbMallocRawNN,1019,1232,1163294906.0,10000000.0,150386.0,7355004.0,1232.0,2072289.0,350000000.0,150291.0,999999999999,999999999999,999999999999
1051,dbMallocRawFinish,164,1008,1170651110.0,0.0,118.0,3124030.0,1008.0,2076429.0,0.0,88.0,999999999999,999999999999,999999999999
971,sqlite3HashInsert,936,1608,1173781665.0,0.0,50.0,8551675.0,1608.0,2096959.0,0.0,50.0,999999999999,999999999999,999999999999
1614,insertElement,598,816,1182336725.0,0.0,54.0,5407755.0,816.0,2124719.0,0.0,54.0,999999999999,999999999999,999999999999
628,sqlite3Error,202,960,1187746400.0,0.0,11.0,3260720.0,960.0,2131849.0,0.0,10.0,999999999999,999999999999,999999999999
985,sqlite3ParseUri,6770,4616,1191019185.0,0.0,1.0,44126877.0,4616.0,2308929.0,0.0,1.0,999999999999,999999999999,999999999999
523,sqlite3_malloc64,129,992,1235149252.0,0.0,4.0,2996195.0,992.0,2336169.0,0.0,4.0,999999999999,999999999999,999999999999
986,sqlite3BtreeOpen,5773,4912,1238152327.0,0.0,2.0,41803483.0,4912.0,2357969.0,0.0,2.0,999999999999,999999999999,999999999999
1127,sqlite3PagerOpen,5024,5008,1279964870.0,0.0,2.0,35976498.0,5008.0,2393599.0,0.0,2.0,999999999999,999999999999,999999999999
1138,sqlite3PcacheSize,12,520,1315943329.0,0.0,2.0,1553470.0,520.0,2399629.0,0.0,2.0,999999999999,999999999999,999999999999
1139,sqlite3JournalSize,124,552,1317498234.0,0.0,2.0,2123150.0,552.0,2400829.0,0.0,2.0,999999999999,999999999999,999999999999
1125,sqlite3OsFullPathname,162,1000,1319625964.0,0.0,1.0,2866390.0,1000.0,2417339.0,0.0,1.0,999999999999,999999999999,999999999999
590,unixFullPathname,608,1520,1322493559.0,0.0,1.0,6421889.0,1520.0,2419299.0,0.0,1.0,999999999999,999999999999,999999999999
591,appendAllPathElements,506,1104,1328917483.0,0.0,1.0,5771330.0,1104.0,2422299.0,0.0,1.0,999999999999,999999999999,999999999999
1101,appendOnePathElement,1789,2064,1334692473.0,0.0,8.0,11848524.0,2064.0,2436209.0,0.0,8.0,999999999999,999999999999,999999999999
2804,lstat,165,1040,1346543983.0,0.0,8.0,3123220.0,1040.0,2445109.0,0.0,8.0,999999999999,999999999999,999999999999
2790,__wasilibc_nocwd_fstatat,425,1488,1349674778.0,0.0,14.0,7070809.0,1488.0,2459968.0,0.0,13.0,999999999999,999999999999,999999999999
498,sqlite3DbFree,136,896,1356803192.0,0.0,110.0,2713654.0,896.0,2749048.0,0.0,99.0,999999999999,999999999999,999999999999
556,sqlite3DbFreeNN,511,1072,1359518182.0,0.0,150120.0,4660534.0,1072.0,2750459.0,300000000.0,150108.0,999999999999,999999999999,999999999999
1140,sqlite3OsOpen,188,1024,1364182622.0,0.0,3.0,3186899.0,1024.0,2761188.0,0.0,2.0,999999999999,999999999999,999999999999
577,unixOpen,3419,3616,1367370641.0,0.0,3.0,25727174.0,3616.0,2762599.0,0.0,2.0,999999999999,999999999999,999999999999
569,sqlite3_randomness,1079,1824,1393099955.0,0.0,3.0,9423415.0,1824.0,2768208.0,0.0,2.0,999999999999,999999999999,999999999999
578,findReusableFd,850,1312,1402525860.0,0.0,1.0,7825549.0,1312.0,2773999.0,0.0,1.0,999999999999,999999999999,999999999999
1058,unixEnterMutex,5,512,1410352995.0,0.0,1.0,1453300.0,512.0,2776008.0,0.0,1.0,999999999999,999999999999,999999999999
1062,unixLeaveMutex,5,512,1411808150.0,0.0,1.0,1436615.0,512.0,2777199.0,0.0,1.0,999999999999,999999999999,999999999999
580,findCreateFileMode,868,1520,1413250710.0,0.0,3.0,8488329.0,1520.0,2797308.0,0.0,2.0,999999999999,999999999999,999999999999
581,robust_open,1077,1936,1421740499.0,0.0,6.0,10242424.0,1936.0,2801598.0,0.0,4.0,999999999999,999999999999,999999999999
1087,posixOpen,118,944,1431984324.0,0.0,6.0,2589930.0,944.0,2804188.0,0.0,4.0,999999999999,999999999999,999999999999
2799,open,163,1032,1434576389.0,0.0,6.0,3085010.0,1032.0,2805848.0,0.0,4.0,999999999999,999999999999,999999999999
2740,fcntl,276,1504,1437740884.0,0.0,10.0,4612689.0,1504.0,2840278.0,0.0,6.0,999999999999,999999999999,999999999999
585,fillInUnixFile,1118,2128,1442356123.0,0.0,3.0,10883884.0,2128.0,2847168.0,0.0,2.0,999999999999,999999999999,999999999999
1034,sqlite3_uri_boolean,272,1056,1453241513.0,0.0,5.0,3625130.0,1056.0,2850358.0,0.0,4.0,999999999999,999999999999,999999999999
1032,sqlite3_uri_parameter,238,1032,1456867948.0,0.0,5.0,3557975.0,1032.0,2852728.0,0.0,4.0,999999999999,999999999999,999999999999
1103,dotlockIoFinderImpl,50,544,1460428313.0,0.0,1.0,1951055.0,544.0,2860648.0,0.0,1.0,999999999999,999999999999,999999999999
1065,storeLastErrno,61,552,1462388487.0,0.0,7.0,2033385.0,552.0,2972488.0,0.0,3.0,999999999999,999999999999,999999999999
1056,verifyDbFile,541,1304,1464422827.0,0.0,3.0,5643515.0,1304.0,2974128.0,0.0,2.0,999999999999,999999999999,999999999999
2741,fstat,416,1456,1470067717.0,0.0,5.0,6928134.0,1456.0,2976468.0,0.0,5.0,999999999999,999999999999,999999999999
2763,__wasi_fd_filestat_get,18,824,1476997667.0,0.0,5.0,1911220.0,824.0,2977068.0,0.0,5.0,999999999999,999999999999,999999999999
1080,fileHasMoved,279,1040,1478920987.0,0.0,2.0,3684644.0,1040.0,2984388.0,0.0,2.0,999999999999,999999999999,999999999999
1141,sqlite3OsDeviceCharacteristics,185,952,1482607991.0,0.0,12.0,3173585.0,952.0,2990258.0,0.0,10.0,999999999999,999999999999,999999999999
1083,unixDeviceCharacteristics,104,936,1485782826.0,0.0,12.0,2444890.0,936.0,2991778.0,0.0,10.0,999999999999,999999999999,999999999999
1082,setDeviceCharacteristics,151,584,1488228792.0,0.0,12.0,2868344.0,584.0,2992948.0,0.0,10.0,999999999999,999999999999,999999999999
1142,setSectorSize,201,1040,1491098646.0,0.0,3.0,3682720.0,1040.0,2995448.0,0.0,3.0,999999999999,999999999999,999999999999
1031,databaseName,329,600,1494783886.0,0.0,3.0,3889640.0,600.0,3001768.0,0.0,3.0,999999999999,999999999999,999999999999
1033,uriParameter,436,1248,1498674681.0,0.0,2.0,5986034.0,1248.0,3004888.0,0.0,2.0,999999999999,999999999999,999999999999
1014,sqlite3PagerSetPagesize,1157,1936,1504664221.0,0.0,4.0,10359134.0,1936.0,3024368.0,0.0,4.0,999999999999,999999999999,999999999999
1153,sqlite3PcacheRefCount,50,544,1515024790.0,0.0,9.0,1927905.0,544.0,3027458.0,0.0,9.0,999999999999,999999999999,999999999999
1154,sqlite3PageMalloc,79,896,1516953950.0,0.0,4.0,2244034.0,896.0,3030768.0,0.0,7.0,999999999999,999999999999,999999999999
1244,pcache1Alloc,580,1392,1519198960.0,0.0,407.0,5427310.0,1392.0,3031748.0,0.0,475.0,999999999999,999999999999,999999999999
1155,pager_reset,137,1008,1524634645.0,0.0,4.0,2767819.0,1008.0,3055308.0,0.0,4.0,999999999999,999999999999,999999999999
697,sqlite3BackupRestart,136,576,1527404050.0,0.0,4.0,3084034.0,576.0,3056468.0,0.0,4.0,999999999999,999999999999,999999999999
1227,sqlite3PcacheClear,81,888,1530489820.0,0.0,4.0,2271609.0,888.0,3058398.0,0.0,4.0,999999999999,999999999999,999999999999
1209,sqlite3PcacheTruncate,584,1448,1532762524.0,0.0,8.0,7416700.0,1448.0,3059958.0,0.0,7.0,999999999999,999999999999,999999999999
1156,sqlite3PcacheSetPageSize,453,1320,1540180454.0,0.0,4.0,5451730.0,1320.0,3062908.0,0.0,4.0,999999999999,999999999999,999999999999
1145,sqlite3PageFree,75,880,1545633474.0,0.0,6.0,2233535.0,880.0,3065198.0,0.0,9.0,999999999999,999999999999,999999999999
1177,pcache1Free,482,1216,1547868219.0,0.0,409.0,4412534.0,1216.0,3066298.0,0.0,477.0,999999999999,999999999999,999999999999
1150,pagerFixMaplimit,33,536,1552282084.0,0.0,6.0,1841945.0,536.0,3070948.0,0.0,6.0,999999999999,999999999999,999999999999
1143,sqlite3PcacheOpen,410,1200,1554125404.0,0.0,2.0,4766184.0,1200.0,3073778.0,0.0,2.0,999999999999,999999999999,999999999999
2691,pcache1Create,808,1552,1558893093.0,0.0,2.0,7973759.0,1552.0,3077758.0,0.0,2.0,999999999999,999999999999,999999999999
2692,pcache1ResizeHash,724,1464,1566873403.0,0.0,3.0,9129310.0,1464.0,3095148.0,0.0,3.0,999999999999,999999999999,999999999999
1181,numberOfCachePages,308,624,1576007728.0,0.0,5.0,3448275.0,624.0,3113178.0,0.0,5.0,999999999999,999999999999,999999999999
2694,pcache1Cachesize,488,1152,1579457298.0,0.0,5.0,5201854.0,1152.0,3115458.0,0.0,5.0,999999999999,999999999999,999999999999
2695,pcache1EnforceMaxPage,407,1272,1584660442.0,0.0,7.0,5633989.0,1272.0,3118338.0,0.0,7.0,999999999999,999999999999,999999999999
1146,sqlite3PagerSetFlags,1009,840,1590296092.0,0.0,2.0,6812980.0,840.0,3123678.0,0.0,2.0,999999999999,999999999999,999999999999
1147,setGetterMethod,105,560,1597112322.0,0.0,4.0,2310315.0,560.0,3134438.0,0.0,4.0,999999999999,999999999999,999999999999
1128,sqlite3PagerSetMmapLimit,108,904,1599424172.0,0.0,2.0,2412945.0,904.0,3136618.0,0.0,2.0,999999999999,999999999999,999999999999
1129,sqlite3PagerReadFileheader,299,1144,1601838777.0,0.0,2.0,4064519.0,1144.0,3138238.0,0.0,2.0,999999999999,999999999999,999999999999
1151,sqlite3OsRead,155,992,1605904991.0,0.0,6.0,2942119.0,992.0,3140848.0,0.0,790.0,999999999999,999999999999,999999999999
1063,unixRead,455,1272,1608848556.0,0.0,6.0,5139370.0,1272.0,3142408.0,0.0,790.0,999999999999,999999999999,999999999999
1064,seekAndRead,849,1672,1613989416.0,0.0,6.0,8977274.0,1672.0,3144138.0,0.0,790.0,999999999999,999999999999,999999999999
2748,__lseek,101,976,1622968306.0,0.0,441.0,3010199.0,976.0,1993719.0,0.0,1231.0,999999999999,999999999999,999999999999
2769,__wasi_fd_seek,22,824,1625980740.0,0.0,441.0,1923740.0,824.0,1994719.0,0.0,1231.0,999999999999,999999999999,999999999999
1131,sqlite3PagerSetBusyHandler,180,984,1627937906.0,0.0,2.0,2957985.0,984.0,3162238.0,0.0,2.0,999999999999,999999999999,999999999999
1136,sqlite3OsFileControlHint,183,952,1630897010.0,0.0,5.0,3171380.0,952.0,3164158.0,0.0,4.0,999999999999,999999999999,999999999999
1077,unixFileControl,841,2904,1634069485.0,0.0,9.0,7582944.0,2904.0,3166218.0,0.0,6.0,999999999999,999999999999,999999999999
1132,sqlite3PagerIsreadonly,61,544,1641654269.0,0.0,2.0,1993050.0,544.0,3170488.0,0.0,2.0,999999999999,999999999999,999999999999
1134,sqlite3BtreeSchema,260,1120,1643650120.0,0.0,3.0,4094310.0,1120.0,3185998.0,0.0,3.0,999999999999,999999999999,999999999999
657,sqlite3BtreeEnter,68,552,1647746235.0,0.0,57.0,2048479.0,552.0,3187548.0,0.0,46.0,999999999999,999999999999,999999999999
1135,sqlite3BtreeSetCacheSize,140,1032,1649796959.0,0.0,3.0,2868069.0,1032.0,3190418.0,0.0,3.0,999999999999,999999999999,999999999999
1163,sqlite3PagerSetCachesize,99,912,1652666919.0,0.0,3.0,2456469.0,912.0,3192348.0,0.0,3.0,999999999999,999999999999,999999999999
1245,sqlite3PcacheSetCachesize,147,1032,1655124549.0,0.0,3.0,2982010.0,1032.0,3193398.0,0.0,3.0,999999999999,999999999999,999999999999
670,sqlite3PagerFile,48,544,1658109719.0,0.0,2.0,1963075.0,544.0,3201768.0,0.0,2.0,999999999999,999999999999,999999999999
987,sqlite3SchemaGet,450,1304,1660075519.0,0.0,2.0,5090489.0,1304.0,3207768.0,0.0,2.0,999999999999,999999999999,999999999999
988,sqlite3SetTextEncoding,177,1040,1665174994.0,0.0,1.0,3054439.0,1040.0,3231538.0,0.0,2.0,999999999999,999999999999,999999999999
889,sqlite3ExpirePreparedStatements,202,616,1668233368.0,0.0,3.0,3823330.0,616.0,3248108.0,0.0,4.0,999999999999,999999999999,999999999999
989,sqlite3RegisterPerConnectionBuiltinFunctions,161,1000,1672062358.0,0.0,1.0,3022665.0,1000.0,3269688.0,0.0,1.0,999999999999,999999999999,999999999999
967,sqlite3_overload_function,406,1480,1675086023.0,0.0,1.0,4862584.0,1480.0,3270818.0,0.0,1.0,999999999999,999999999999,999999999999
966,sqlite3FindFunction,1824,2304,1679949798.0,0.0,75.0,15485019.0,2304.0,3273218.0,0.0,75.0,999999999999,999999999999,999999999999
564,sqlite3_mprintf,155,1032,1695440067.0,0.0,1.0,3217999.0,1032.0,3295468.0,0.0,1.0,999999999999,999999999999,999999999999
563,sqlite3_vmprintf,260,1176,1698660422.0,0.0,1.0,3838160.0,1176.0,3298518.0,0.0,1.0,999999999999,999999999999,999999999999
558,sqlite3StrAccumFinish,310,1000,1702502667.0,0.0,8.0,3958979.0,1000.0,3347278.0,0.0,4.0,999999999999,999999999999,999999999999
559,strAccumFinishRealloc,347,1144,1706463442.0,0.0,5.0,4207030.0,1144.0,3349858.0,0.0,4.0,999999999999,999999999999,999999999999
964,sqlite3_create_function_v2,215,1104,1710676217.0,0.0,1.0,3736559.0,1104.0,3369968.0,0.0,1.0,999999999999,999999999999,999999999999
962,createFunctionApi,633,1840,1714413861.0,0.0,36.0,8582415.0,1840.0,3372058.0,0.0,36.0,999999999999,999999999999,999999999999
963,sqlite3CreateFunc,2419,2736,1722999856.0,0.0,36.0,17499399.0,2736.0,3388368.0,0.0,36.0,999999999999,999999999999,999999999999
725,functionDestroy,249,1064,1740511256.0,0.0,72.0,3737099.0,1064.0,3467318.0,0.0,72.0,999999999999,999999999999,999999999999
621,sqlite3ApiExit,173,960,1744251030.0,0.0,85.0,3218480.0,960.0,3472948.0,0.0,82.0,999999999999,999999999999,999999999999
975,sqlite3_errcode,297,1056,1747471780.0,0.0,4.0,3998464.0,1056.0,3476278.0,0.0,4.0,999999999999,999999999999,999999999999
895,sqlite3SafetyCheckSickOrOk,301,968,1751471425.0,0.0,5.0,3368440.0,968.0,3478078.0,0.0,5.0,999999999999,999999999999,999999999999
2712,sqlite3TestExtInit,77,896,1754842095.0,0.0,1.0,2255815.0,896.0,3482868.0,0.0,1.0,999999999999,999999999999,999999999999
695,sqlite3FaultSim,177,936,1757099894.0,0.0,429.0,2980145.0,936.0,3483728.0,0.0,854.0,999999999999,999999999999,999999999999
2713,sqlite3JsonTableFunctions,341,1064,1760081554.0,0.0,1.0,4608085.0,1064.0,3486848.0,0.0,1.0,999999999999,999999999999,999999999999
900,sqlite3_create_module,133,960,1764690774.0,0.0,5.0,2699095.0,960.0,3489018.0,0.0,5.0,999999999999,999999999999,999999999999
901,createModule,275,1224,1767391024.0,0.0,5.0,4439875.0,1224.0,3490488.0,0.0,5.0,999999999999,999999999999,999999999999
902,sqlite3VtabCreateModule,787,1776,1771834124.0,0.0,5.0,8128419.0,1776.0,3492008.0,0.0,5.0,999999999999,999999999999,999999999999
990,sqlite3AutoLoadExtensions,496,1440,1779974958.0,0.0,1.0,6827390.0,1440.0,3573038.0,0.0,1.0,999999999999,999999999999,999999999999
944,setupLookaside,2370,2392,1786804528.0,0.0,1.0,18524419.0,2392.0,3578578.0,0.0,1.0,999999999999,999999999999,999999999999
484,sqlite3LookasideUsed,356,1272,1805330803.0,0.0,1.0,4652104.0,1272.0,3582458.0,0.0,1.0,999999999999,999999999999,999999999999
494,countLookasideSlots,148,576,1809985082.0,0.0,4.0,3267055.0,576.0,3584018.0,0.0,4.0,999999999999,999999999999,999999999999
945,sqlite3BeginBenignMalloc,83,832,1813254127.0,0.0,833.0,2231730.0,832.0,3592448.0,0.0,843.0,999999999999,999999999999,999999999999
2817,sbrk,79,888,1815490872.0,0.0,34.0,2917984.0,888.0,3601008.0,0.0,38.0,999999999999,999999999999,999999999999
946,sqlite3EndBenignMalloc,83,832,1818417001.0,0.0,833.0,2259650.0,832.0,3615048.0,10000000.0,843.0,999999999999,999999999999,999999999999
973,sqlite3_wal_autocheckpoint,46,544,1820695261.0,0.0,1.0,1971465.0,544.0,3695338.0,0.0,1.0,999999999999,999999999999,999999999999
991,sqlite3_free_filename,159,976,1822668742.0,0.0,1.0,2973629.0,976.0,3700648.0,0.0,1.0,999999999999,999999999999,999999999999
943,sqlite3_db_config,1175,1960,1825648247.0,0.0,8.0,11348459.0,1960.0,3715478.0,0.0,9.0,999999999999,999999999999,999999999999
44,sqlite3_shathree_init,410,1712,1836999841.0,0.0,1.0,4754015.0,1712.0,3752638.0,0.0,1.0,999999999999,999999999999,999999999999
961,sqlite3_create_function,201,1088,1841755761.0,0.0,34.0,3535015.0,1088.0,3754428.0,0.0,34.0,999999999999,999999999999,999999999999
969,matchQuality,636,704,1845305206.0,0.0,14.0,5217479.0,704.0,3857238.0,0.0,14.0,999999999999,999999999999,999999999999
51,sqlite3_uint_init,125,1144,1850535410.0,0.0,1.0,2612255.0,1144.0,4074428.0,0.0,1.0,999999999999,999999999999,999999999999
993,sqlite3_create_collation,149,984,1853149030.0,0.0,2.0,2886475.0,984.0,4075758.0,0.0,2.0,999999999999,999999999999,999999999999
994,sqlite3_create_collation_v2,218,1128,1856037105.0,0.0,2.0,3477320.0,1128.0,4077148.0,0.0,2.0,999999999999,999999999999,999999999999
53,sqlite3_decimal_init,667,1664,1859523740.0,0.0,1.0,6923104.0,1664.0,4136938.0,0.0,1.0,999999999999,999999999999,999999999999
1612,rehash,706,1696,1866468494.0,0.0,1.0,8391930.0,1696.0,5080967.0,0.0,1.0,999999999999,999999999999,999999999999
1613,strHash,209,632,1874866105.0,5000000.0,84.0,3834859.0,632.0,5100587.0,0.0,84.0,999999999999,999999999999,999999999999
965,sqlite3_create_window_function,229,1144,1878704614.0,0.0,1.0,3907390.0,1144.0,5178717.0,0.0,1.0,999999999999,999999999999,999999999999
75,sqlite3_base64_init,138,1160,1882625164.0,0.0,1.0,2714030.0,1160.0,5337937.0,0.0,1.0,999999999999,999999999999,999999999999
79,sqlite3_base85_init,138,1160,1885347439.0,0.0,1.0,2699089.0,1160.0,5413497.0,0.0,1.0,999999999999,999999999999,999999999999
89,sqlite3_regexp_init,253,1320,1888054504.0,0.0,1.0,3761219.0,1320.0,5485927.0,0.0,1.0,999999999999,999999999999,999999999999
83,sqlite3_ieee_init,454,1144,1891826873.0,0.0,1.0,5137115.0,1144.0,5645127.0,0.0,1.0,999999999999,999999999999,999999999999
88,sqlite3_series_init,303,1168,1896983354.0,0.0,1.0,4089659.0,1168.0,6296347.0,0.0,1.0,999999999999,999999999999,999999999999
927,sqlite3_libversion_number,15,520,1901074268.0,0.0,1.0,1605760.0,520.0,6298197.0,0.0,1.0,999999999999,999999999999,999999999999
94,sqlite3_fileio_init,358,1608,1902688143.0,0.0,1.0,4624155.0,1608.0,6341237.0,0.0,1.0,999999999999,999999999999,999999999999
98,fsdirRegister,119,944,1907325858.0,0.0,1.0,2454370.0,944.0,6592177.0,0.0,1.0,999999999999,999999999999,999999999999
104,sqlite3_completion_init,118,952,1909786653.0,0.0,1.0,2578150.0,952.0,6636047.0,0.0,1.0,999999999999,999999999999,999999999999
103,sqlite3CompletionVtabInit,129,960,1912366118.0,0.0,1.0,2549874.0,960.0,6637197.0,0.0,1.0,999999999999,999999999999,999999999999
473,beginTimer,80,928,1914940913.0,0.0,5.0,2357319.0,928.0,8073876.0,0.0,5.0,999999999999,999999999999,999999999999
189,shell_exec,3936,4936,1917300207.0,0.0,5.0,31317534.0,4936.0,8075256.0,0.0,5.0,999999999999,999999999999,999999999999
603,sqlite3_prepare_v2,170,1016,1948620016.0,0.0,7.0,2973740.0,1016.0,8081616.0,0.0,6.0,999999999999,999999999999,999999999999
616,sqlite3LockAndPrepare,719,1632,1951595836.0,0.0,7.0,8710029.0,1632.0,8083396.0,0.0,6.0,999999999999,999999999999,999999999999
627,sqlite3SafetyCheckOk,290,1040,1960306881.0,0.0,9.0,3693310.0,1040.0,8085456.0,0.0,7.0,999999999999,999999999999,999999999999
485,sqlite3BtreeEnterAll,261,664,1964002465.0,0.0,9.0,4391450.0,664.0,8088656.0,0.0,8.0,999999999999,999999999999,999999999999
897,sqlite3Prepare,2882,3376,1968396750.0,0.0,10.0,23975144.0,3376.0,8092566.0,0.0,9.0,999999999999,999999999999,999999999999
1615,sqlite3BtreeSchemaLocked,132,1008,1992375359.0,0.0,10.0,2612775.0,1008.0,8101846.0,0.0,9.0,999999999999,999999999999,999999999999
1246,querySharedCacheTableLock,676,768,1994992400.0,0.0,15.0,6049784.0,768.0,8103916.0,0.0,14.0,999999999999,999999999999,999999999999
905,sqlite3RunParser,2748,3944,2001044579.0,0.0,11.0,20718779.0,3944.0,8109456.0,0.0,9.0,999999999999,999999999999,999999999999
908,sqlite3ParserInit,225,664,2021765853.0,0.0,11.0,2945490.0,664.0,8114046.0,0.0,9.0,999999999999,999999999999,999999999999
904,sqlite3GetToken,9763,4920,2024712823.0,0.0,363.0,56151872.0,4920.0,8116976.0,10000000.0,298.0,999999999999,999999999999,999999999999
907,keywordCode,1136,1104,2080867796.0,0.0,126.0,11340309.0,1104.0,8133686.0,0.0,106.0,999999999999,999999999999,999999999999
912,sqlite3Parser,916,1840,2092211830.0,0.0,232.0,9462140.0,1840.0,8146106.0,0.0,184.0,999999999999,999999999999,999999999999
1660,yy_find_shift_action,850,808,2101676090.0,0.0,653.0,7509789.0,808.0,8148936.0,0.0,543.0,999999999999,999999999999,999999999999
1664,yy_shift,455,1184,2109188374.0,0.0,231.0,5023644.0,1184.0,8155456.0,0.0,184.0,999999999999,999999999999,999999999999
1663,yy_reduce,47469,42664,2114215369.0,0.0,421.0,339204907.0,42664.0,8195386.0,10000000.0,359.0,999999999999,999999999999,999999999999
1676,disableLookaside,139,584,2453423406.0,0.0,4.0,2709890.0,584.0,8309726.0,0.0,4.0,999999999999,999999999999,999999999999
1768,yy_find_reduce_action,214,592,2456135425.0,0.0,421.0,2653459.0,592.0,8314026.0,0.0,359.0,999999999999,999999999999,999999999999
1675,sqlite3StartTable,3728,4504,2458798850.0,0.0,4.0,26050709.0,4504.0,8689876.0,0.0,4.0,999999999999,999999999999,999999999999
1779,sqlite3TwoPartName,506,1240,2484851035.0,0.0,2.0,5294049.0,1240.0,8695146.0,0.0,2.0,999999999999,999999999999,999999999999
1710,sqlite3NameFromToken,221,1064,2490146864.0,0.0,16.0,3450525.0,1064.0,8699156.0,0.0,12.0,999999999999,999999999999,999999999999
1616,sqlite3DbStrNDup,326,1128,2493598329.0,0.0,48.0,4047229.0,1128.0,8701036.0,0.0,32.0,999999999999,999999999999,999999999999
1803,sqlite3Dequote,715,728,2497655904.0,0.0,52.0,5596605.0,728.0,8729256.0,0.0,33.0,999999999999,999999999999,999999999999
1780,sqlite3CheckObjectName,763,1752,2503254304.0,0.0,4.0,8054854.0,1752.0,8734696.0,0.0,4.0,999999999999,999999999999,999999999999
1252,sqlite3WritableSchema,98,560,2511311648.0,0.0,5.0,2073470.0,560.0,8736416.0,0.0,4.0,999999999999,999999999999,999999999999
2002,sqlite3ReadOnlyShadowTables,311,632,2513388493.0,0.0,1.0,3328500.0,632.0,8744556.0,0.0,1.0,999999999999,999999999999,999999999999
1785,sqlite3ShadowTableName,420,1208,2516718063.0,0.0,5.0,4632260.0,1208.0,8747916.0,0.0,4.0,999999999999,999999999999,999999999999
2912,strrchr,25,912,2521351933.0,0.0,5.0,2015410.0,912.0,8749606.0,0.0,4.0,999999999999,999999999999,999999999999
2911,__memrchr,48,560,2523369843.0,0.0,5.0,2820705.0,560.0,8752036.0,0.0,4.0,999999999999,999999999999,999999999999
1778,sqlite3AuthCheck,551,1344,2526192213.0,0.0,25.0,5697074.0,1344.0,8756806.0,0.0,19.0,999999999999,999999999999,999999999999
868,sqlite3ReadSchema,386,1064,2531891538.0,0.0,9.0,4059729.0,1064.0,8762226.0,0.0,7.0,999999999999,999999999999,999999999999
999,sqlite3Init,696,1416,2535954422.0,0.0,4.0,8141905.0,1416.0,8765006.0,0.0,3.0,999999999999,999999999999,999999999999
1003,sqlite3InitOne,3656,4040,2544098417.0,0.0,2.0,27509358.0,4040.0,8768186.0,0.0,2.0,999999999999,999999999999,999999999999
1413,sqlite3InitCallback,2627,2432,2571609805.0,0.0,3.0,16335164.0,2432.0,8774226.0,0.0,3.0,999999999999,999999999999,999999999999
1499,sqlite3GetUInt32,513,728,2587947775.0,0.0,3.0,5721704.0,728.0,8781946.0,0.0,3.0,999999999999,999999999999,999999999999
620,sqlite3DbStrDup,311,1144,2593685600.0,0.0,20.0,4062594.0,1144.0,9313496.0,0.0,15.0,999999999999,999999999999,999999999999
572,sqlite3_stricmp,278,968,2597760929.0,0.0,19.0,3352765.0,968.0,9348056.0,0.0,14.0,999999999999,999999999999,999999999999
869,sqlite3FindTable,2007,2472,2601117465.0,0.0,12.0,16213684.0,2472.0,9382245.0,0.0,10.0,999999999999,999999999999,999999999999
1500,sqlite3FindIndex,517,1280,2617335854.0,0.0,4.0,6804274.0,1280.0,9406356.0,0.0,3.0,999999999999,999999999999,999999999999
1620,sqlite3DbIsNamed,252,1096,2624141603.0,0.0,8.0,3746065.0,1096.0,9409476.0,0.0,6.0,999999999999,999999999999,999999999999
1678,sqlite3AddColumn,3567,3280,2627905103.0,0.0,18.0,26377918.0,3280.0,9690305.0,0.0,18.0,999999999999,999999999999,999999999999
1802,sqlite3DequoteToken,430,664,2654285007.0,0.0,36.0,4900634.0,664.0,9696435.0,0.0,28.0,999999999999,999999999999,999999999999
1804,sqlite3StrIHash,319,640,2659194677.0,0.0,46.0,3947195.0,640.0,9741035.0,0.0,28.0,999999999999,999999999999,999999999999
555,sqlite3DbRealloc,553,1096,2663143812.0,0.0,46.0,4732220.0,1096.0,9747465.0,0.0,32.0,999999999999,999999999999,999999999999
1050,dbReallocFinish,422,1432,2667891017.0,0.0,20.0,5155570.0,1432.0,10169345.0,0.0,14.0,999999999999,999999999999,999999999999
1052,isLookaside,162,584,2673048496.0,0.0,20.0,2564569.0,584.0,10171055.0,0.0,14.0,999999999999,999999999999,999999999999
527,sqlite3Realloc,1065,1816,2675614526.0,0.0,26.0,8644794.0,1816.0,10173415.0,0.0,22.0,999999999999,999999999999,999999999999
517,sqlite3StatusValue,85,552,2684262781.0,0.0,25.0,2022280.0,552.0,10181725.0,0.0,21.0,999999999999,999999999999,999999999999
529,sqlite3MallocAlarm,138,888,2686287071.0,0.0,25.0,2524340.0,888.0,10183955.0,0.0,21.0,999999999999,999999999999,999999999999
2684,sqlite3MemRealloc,329,1200,2688812926.0,0.0,25.0,4016055.0,1200.0,10186595.0,0.0,21.0,999999999999,999999999999,999999999999
1677,sqlite3EndTable,7278,7240,2692857901.0,0.0,4.0,53956808.0,7240.0,11692035.0,0.0,4.0,999999999999,999999999999,999999999999
859,sqlite3SchemaToIndex,259,624,2746822274.0,0.0,16.0,4044110.0,624.0,11728544.0,0.0,10.0,999999999999,999999999999,999999999999
1790,estimateTableWidth,428,1112,2750869289.0,0.0,4.0,5990229.0,1112.0,11732564.0,0.0,3.0,999999999999,999999999999,999999999999
1024,sqlite3LogEst,685,744,2756861788.0,0.0,15.0,5876969.0,744.0,11738035.0,0.0,12.0,999999999999,999999999999,999999999999
1671,sqlite3FinishCoding,2803,3512,2762752113.0,0.0,11.0,22350304.0,3512.0,11861844.0,0.0,9.0,999999999999,999999999999,999999999999
913,sqlite3ParserFinalize,398,1088,2785106287.0,0.0,11.0,5202735.0,1088.0,11877054.0,0.0,9.0,999999999999,999999999999,999999999999
1619,sqlite3ErrorClear,172,928,2790312912.0,0.0,10.0,2888594.0,928.0,11888894.0,0.0,9.0,999999999999,999999999999,999999999999
654,sqlite3ParseObjectReset,683,1512,2793203351.0,0.0,10.0,7829375.0,1512.0,11891964.0,0.0,9.0,999999999999,999999999999,999999999999
612,sqlite3_finalize,400,1400,2801035651.0,0.0,8.0,5329770.0,1400.0,11898634.0,0.0,8.0,999999999999,999999999999,999999999999
655,sqlite3BtreeTxnState,127,552,2806367901.0,0.0,10.0,2410555.0,552.0,11903494.0,0.0,10.0,999999999999,999999999999,999999999999
659,sqlite3BtreeBeginTrans,475,1240,2808779786.0,0.0,7.0,5502779.0,1240.0,11905514.0,0.0,6.0,999999999999,999999999999,999999999999
680,btreeBeginTrans,3189,2984,2814284075.0,0.0,5.0,23716444.0,2984.0,11907774.0,0.0,5.0,999999999999,999999999999,999999999999
1247,lockBtree,2541,2928,2838003965.0,0.0,5.0,18826118.0,2928.0,11919714.0,0.0,5.0,999999999999,999999999999,999999999999
1251,sqlite3PagerSharedLock,1873,2768,2856832933.0,0.0,5.0,15265179.0,2768.0,11922994.0,0.0,5.0,999999999999,999999999999,999999999999
1189,pager_wait_on_lock,250,1136,2872100293.0,0.0,8.0,4579604.0,1136.0,11926214.0,0.0,6.0,999999999999,999999999999,999999999999
1190,pagerLockDb,451,1112,2876681243.0,0.0,11.0,4829654.0,1112.0,11927824.0,0.0,8.0,999999999999,999999999999,999999999999
1191,sqlite3OsLock,119,952,2881512377.0,0.0,8.0,2648509.0,952.0,11930414.0,0.0,6.0,999999999999,999999999999,999999999999
1099,dotlockLock,573,1344,2884162752.0,0.0,8.0,5813410.0,1344.0,11931874.0,0.0,6.0,999999999999,999999999999,999999999999
2808,mkdir,161,1016,2889979528.0,0.0,4.0,3025744.0,1016.0,11934644.0,0.0,4.0,999999999999,999999999999,999999999999
2786,__wasilibc_nocwd_mkdirat_nomode,37,864,2893012897.0,0.0,4.0,2269205.0,864.0,11956114.0,0.0,4.0,999999999999,999999999999,999999999999
2772,__wasi_path_create_directory,26,928,2895283807.0,0.0,4.0,2241675.0,928.0,11956994.0,0.0,4.0,999999999999,999999999999,999999999999
1254,hasHotJournal,1093,2136,2897607652.0,0.0,4.0,10371559.0,2136.0,12028754.0,0.0,4.0,999999999999,999999999999,999999999999
1212,sqlite3OsAccess,144,984,2907981087.0,0.0,4.0,2887225.0,984.0,12032014.0,0.0,4.0,999999999999,999999999999,999999999999
589,unixAccess,428,1136,2910871031.0,0.0,4.0,4654019.0,1136.0,12034034.0,0.0,4.0,999999999999,999999999999,999999999999
2803,stat,165,1040,2915528096.0,0.0,6.0,3107530.0,1040.0,12036064.0,0.0,5.0,999999999999,999999999999,999999999999
1255,pagerPagecount,450,1128,2918658146.0,0.0,4.0,4912700.0,1128.0,12068144.0,0.0,4.0,999999999999,999999999999,999999999999
705,sqlite3OsFileSize,118,952,2923572781.0,0.0,4.0,2654289.0,952.0,12070254.0,0.0,4.0,999999999999,999999999999,999999999999
1071,unixFileSize,323,1128,2926229886.0,0.0,4.0,4217444.0,1128.0,12072134.0,0.0,4.0,999999999999,999999999999,999999999999
718,btreeGetPage,250,1152,2930459890.0,0.0,428.0,4004030.0,1152.0,12084864.0,0.0,432.0,999999999999,999999999999,999999999999
609,sqlite3PagerGet,144,984,2934465645.0,0.0,1277.0,2871170.0,984.0,12086594.0,0.0,2090.0,999999999999,999999999999,999999999999
1179,getPageNormal,1590,2344,2937338870.0,0.0,1276.0,12760979.0,2344.0,12088514.0,0.0,2089.0,999999999999,999999999999,999999999999
1194,sqlite3PcacheFetch,197,1016,2950101555.0,0.0,1276.0,3203095.0,1016.0,12091824.0,0.0,2089.0,999999999999,999999999999,999999999999
2697,pcache1Fetch,111,936,2953307185.0,0.0,1276.0,2560715.0,936.0,12093774.0,0.0,2089.0,999999999999,999999999999,999999999999
2698,pcache1FetchNoMutex,536,1128,2955869759.0,0.0,1276.0,6165700.0,1128.0,12094624.0,0.0,2089.0,999999999999,999999999999,999999999999
2707,pcache1FetchStage2,1509,2096,2962037059.0,0.0,424.0,12219345.0,2096.0,12097554.0,10000000.0,1212.0,999999999999,999999999999,999999999999
2709,pcache1AllocPage,582,1424,2974258004.0,0.0,424.0,6607289.0,1424.0,12101844.0,0.0,489.0,999999999999,999999999999,999999999999
2710,pcache1InitBulk,965,1504,2980867308.0,0.0,2.0,9205885.0,1504.0,12103474.0,0.0,2.0,999999999999,999999999999,999999999999
1196,sqlite3PcacheFetchFinish,288,1024,2990117468.0,0.0,1700.0,3794514.0,1024.0,12182914.0,50000000.0,3301.0,999999999999,999999999999,999999999999
1201,pcacheFetchFinishWithInit,389,1120,2993914058.0,0.0,424.0,4203065.0,1120.0,12184964.0,0.0,1212.0,999999999999,999999999999,999999999999
1256,btreePageFromDbPage,324,1168,2998120653.0,0.0,427.0,4402284.0,1168.0,12214434.0,0.0,1216.0,999999999999,999999999999,999999999999
685,sqlite3PagerGetExtra,49,544,3002525433.0,0.0,1274.0,1958169.0,544.0,12215764.0,10000000.0,2873.0,999999999999,999999999999,999999999999
610,sqlite3PagerGetData,48,544,3004486567.0,0.0,424.0,1940015.0,544.0,12217314.0,0.0,1212.0,999999999999,999999999999,999999999999
681,sqlite3Get4byte,193,584,3006428657.0,0.0,1291.0,2624205.0,584.0,3174898.0,0.0,2108.0,999999999999,999999999999,999999999999
671,sqlite3PagerPagecount,68,560,3009054017.0,0.0,5.0,2085055.0,560.0,12222294.0,0.0,5.0,999999999999,999999999999,999999999999
1377,sqlite3BtreeGetMeta,300,1160,3011141567.0,0.0,6.0,4226034.0,1160.0,12246524.0,0.0,5.0,999999999999,999999999999,999999999999
1295,sqlite3AbsInt32,197,576,3015370437.0,0.0,1.0,2667549.0,576.0,12287684.0,0.0,1.0,999999999999,999999999999,999999999999
663,sqlite3BtreeLastPage,86,904,3018043391.0,0.0,2.0,2333065.0,904.0,12300824.0,0.0,1.0,999999999999,999999999999,999999999999
684,btreePagecount,48,544,3020377721.0,0.0,1276.0,1929925.0,544.0,12301734.0,0.0,2086.0,999999999999,999999999999,999999999999
860,sqlite3MPrintf,125,968,3022309392.0,0.0,6.0,2634450.0,968.0,12303664.0,0.0,3.0,999999999999,999999999999,999999999999
648,sqlite3VMPrintf,314,1200,3024945336.0,0.0,7.0,4219725.0,1200.0,12304734.0,0.0,3.0,999999999999,999999999999,999999999999
607,sqlite3_exec,2628,3432,3029179016.0,0.0,2.0,24049279.0,3432.0,12413884.0,0.0,1.0,999999999999,999999999999,999999999999
1703,sqlite3Expr,163,1048,3053243965.0,0.0,12.0,3136744.0,1048.0,12711424.0,0.0,6.0,999999999999,999999999999,999999999999
1723,sqlite3ExprAlloc,1042,1608,3056383100.0,0.0,21.0,9265985.0,1608.0,12714654.0,0.0,15.0,999999999999,999999999999,999999999999
1704,sqlite3ExprSetErrorOffset,146,568,3065656060.0,0.0,12.0,2715689.0,568.0,12739914.0,0.0,6.0,999999999999,999999999999,999999999999
1700,sqlite3ExprListAppend,447,1096,3068373484.0,0.0,45.0,4703615.0,1096.0,12742124.0,0.0,31.0,999999999999,999999999999,999999999999
1910,sqlite3ExprListAppendNew,332,1136,3073078619.0,0.0,16.0,4220275.0,1136.0,12744364.0,0.0,11.0,999999999999,999999999999,999999999999
1696,sqlite3SrcListAppendFromTerm,1498,1784,3077311204.0,0.0,5.0,10935919.0,1784.0,13172934.0,0.0,4.0,999999999999,999999999999,999999999999
1708,sqlite3SrcListAppend,1003,1688,3088248699.0,0.0,7.0,8664470.0,1688.0,13177764.0,0.0,5.0,999999999999,999999999999,999999999999
1705,sqlite3SrcListShiftJoinType,853,776,3096924179.0,0.0,5.0,7904244.0,776.0,13297694.0,0.0,4.0,999999999999,999999999999,999999999999
1681,tokenExpr,809,1560,3104835323.0,0.0,24.0,7739450.0,1560.0,13564474.0,0.0,14.0,999999999999,999999999999,999999999999
1712,sqlite3ExprListSetSortOrder,419,664,3112583038.0,0.0,2.0,4206785.0,664.0,13742123.0,0.0,1.0,999999999999,999999999999,999999999999
1697,sqlite3SelectNew,1029,1888,3116792668.0,0.0,6.0,9463234.0,1888.0,13883723.0,0.0,5.0,999999999999,999999999999,999999999999
1695,parserDoubleLinkSelect,748,1368,3126261857.0,0.0,5.0,7479759.0,1368.0,13951563.0,0.0,4.0,999999999999,999999999999,999999999999
1693,sqlite3Select,26465,24136,3133743946.0,0.0,7.0,206863166.0,24136.0,14000213.0,0.0,6.0,999999999999,999999999999,999999999999
1769,sqlite3GetVdbe,277,984,3340610503.0,0.0,16.0,4121600.0,984.0,14041783.0,0.0,12.0,999999999999,999999999999,999999999999
861,sqlite3VdbeCreate,510,1288,3344735993.0,0.0,7.0,5246664.0,1288.0,14044543.0,0.0,6.0,999999999999,999999999999,999999999999
874,sqlite3VdbeAddOp2,133,960,3349994382.0,0.0,49.0,2592510.0,960.0,14064043.0,0.0,42.0,999999999999,999999999999,999999999999
1631,sqlite3VdbeAddOp3,468,1272,3352588837.0,0.0,180.0,5326095.0,1272.0,14065343.0,0.0,138.0,999999999999,999999999999,999999999999
1632,growOp3,204,1120,3357916777.0,0.0,8.0,3690070.0,1120.0,14067973.0,0.0,7.0,999999999999,999999999999,999999999999
876,growOpArray,583,1304,3361608572.0,0.0,8.0,5920645.0,1304.0,14069623.0,0.0,7.0,999999999999,999999999999,999999999999
542,sqlite3DbMallocSize,384,1032,3367535712.0,10000000.0,150064.0,3984939.0,1032.0,14089533.0,340000000.0,150047.0,999999999999,999999999999,999999999999
1840,sqlite3SelectPrep,319,1184,3371525046.0,0.0,7.0,4225160.0,1184.0,14102533.0,0.0,6.0,999999999999,999999999999,999999999999
2150,sqlite3SelectExpand,297,1144,3375751921.0,0.0,4.0,3872955.0,1144.0,14105353.0,0.0,3.0,999999999999,999999999999,999999999999
2086,sqlite3WalkSelect,543,1376,3379626061.0,0.0,17.0,6821624.0,1376.0,14114403.0,0.0,14.0,999999999999,999999999999,999999999999
2160,selectExpander,12126,8896,3386449091.0,0.0,8.0,89220436.0,8896.0,14117783.0,0.0,7.0,999999999999,999999999999,999999999999
1761,sqlite3WithPush,379,1096,3475673372.0,0.0,6.0,4703935.0,1096.0,14156143.0,0.0,5.0,999999999999,999999999999,999999999999
2163,sqlite3SrcListAssignCursors,452,1160,3480380577.0,0.0,6.0,5608579.0,1160.0,14158913.0,0.0,5.0,999999999999,999999999999,999999999999
2165,resolveFromTermToCte,4333,3672,3485991557.0,0.0,4.0,29976333.0,3672.0,14164273.0,0.0,3.0,999999999999,999999999999,999999999999
1819,sqlite3LocateTableItem,311,1160,3515970650.0,0.0,5.0,4474880.0,1160.0,14170653.0,0.0,3.0,999999999999,999999999999,999999999999
858,sqlite3LocateTable,1121,1840,3520449241.0,0.0,5.0,10059104.0,1840.0,14173133.0,0.0,3.0,999999999999,999999999999,999999999999
2166,cannotBeFunction,219,984,3530516525.0,0.0,4.0,3275550.0,984.0,14207523.0,0.0,3.0,999999999999,999999999999,999999999999
2168,sqlite3ProcessJoin,3947,4400,3533793835.0,0.0,6.0,31694788.0,4400.0,14211983.0,0.0,5.0,999999999999,999999999999,999999999999
1911,sqlite3ExprListAppendGrow,483,1248,3565511798.0,0.0,5.0,5212379.0,1248.0,14460193.0,0.0,3.0,999999999999,999999999999,999999999999
885,sqlite3ExprListDelete,136,896,3570736053.0,0.0,57.0,2638735.0,896.0,14509123.0,0.0,45.0,999999999999,999999999999,999999999999
914,exprListDeleteNN,338,1200,3573378313.0,0.0,18.0,4649980.0,1200.0,14510803.0,0.0,13.0,999999999999,999999999999,999999999999
499,sqlite3ExprDelete,136,896,3578030243.0,0.0,93.0,2673495.0,896.0,14512373.0,0.0,65.0,999999999999,999999999999,999999999999
1539,sqlite3ExprDeleteNN,689,1480,3580706633.0,0.0,65.0,8390534.0,1480.0,14513833.0,0.0,45.0,999999999999,999999999999,999999999999
503,sqlite3DbNNFreeNN,466,1072,3589100327.0,0.0,278.0,4539515.0,1072.0,14519603.0,0.0,197.0,999999999999,999999999999,999999999999
2088,sqlite3WalkSelectExpr,759,1568,3593646527.0,0.0,12.0,7246250.0,1568.0,14540383.0,0.0,10.0,999999999999,999999999999,999999999999
2085,sqlite3WalkExprList,335,1112,3600894382.0,0.0,41.0,4989845.0,1112.0,14542213.0,0.0,35.0,999999999999,999999999999,999999999999
2082,sqlite3WalkExpr,161,920,3605885447.0,0.0,121.0,2892070.0,920.0,14544653.0,0.0,97.0,999999999999,999999999999,999999999999
2084,sqlite3WalkExprNN,693,1448,3608778741.0,0.0,153.0,8214384.0,1448.0,14546433.0,0.0,107.0,999999999999,999999999999,999999999999
2158,sqlite3ExprWalkNoop,46,544,3616994591.0,0.0,96.0,1976065.0,544.0,14548493.0,0.0,70.0,999999999999,999999999999,999999999999
2089,sqlite3WalkSelectFrom,524,1216,3618974381.0,0.0,12.0,6550579.0,1216.0,14579213.0,0.0,10.0,999999999999,999999999999,999999999999
2091,sqlite3SelectPopWith,294,1032,3625526800.0,0.0,6.0,3797850.0,1032.0,14583803.0,0.0,5.0,999999999999,999999999999,999999999999
2131,sqlite3ResolveSelectNames,176,968,3629326470.0,0.0,5.0,2964924.0,968.0,14587453.0,0.0,4.0,999999999999,999999999999,999999999999
2125,resolveSelectStep,4682,3984,3632292890.0,0.0,5.0,39607398.0,3984.0,14591113.0,0.0,4.0,999999999999,999999999999,999999999999
1919,sqlite3ResolveExprNames,709,1384,3671902684.0,0.0,21.0,6919069.0,1384.0,14598643.0,0.0,12.0,999999999999,999999999999,999999999999
1955,sqlite3ResolveExprListNames,966,1536,3678824203.0,0.0,6.0,9793114.0,1536.0,14604603.0,0.0,5.0,999999999999,999999999999,999999999999
1809,sqlite3ExprCheckHeight,216,1008,3688618753.0,0.0,43.0,3387210.0,1008.0,14609253.0,0.0,24.0,999999999999,999999999999,999999999999
2124,resolveExprStep,10140,10816,3692008398.0,0.0,56.0,67294677.0,10816.0,14612733.0,0.0,35.0,999999999999,999999999999,999999999999
2127,lookupName,13252,9864,3759306405.0,0.0,22.0,99916040.0,9864.0,14627863.0,0.0,13.0,999999999999,999999999999,999999999999
2141,sqlite3ExprColUsed,480,696,3859231085.0,0.0,19.0,4705190.0,696.0,14694573.0,0.0,12.0,999999999999,999999999999,999999999999
2132,resolveOrderGroupBy,1201,2128,3863946140.0,0.0,3.0,12874429.0,2128.0,14880963.0,0.0,2.0,999999999999,999999999999,999999999999
2028,sqlite3ExprSkipCollateAndLikely,334,616,3876821990.0,0.0,58.0,4216999.0,616.0,14884423.0,0.0,40.0,999999999999,999999999999,999999999999
2152,resolveAsName,459,1176,3881041610.0,0.0,2.0,6444694.0,1176.0,14888413.0,0.0,1.0,999999999999,999999999999,999999999999
2153,sqlite3ExprIsInteger,439,1192,3887489609.0,0.0,4.0,5100920.0,1192.0,14909863.0,0.0,2.0,999999999999,999999999999,999999999999
1000,sqlite3IsRowid,224,1104,3892595849.0,0.0,3.0,3719664.0,1104.0,14965003.0,0.0,1.0,999999999999,999999999999,999999999999
2057,sqlite3ExprCompare,4011,2736,3896319724.0,0.0,65.0,22094713.0,2736.0,14981113.0,0.0,49.0,999999999999,999999999999,999999999999
1858,sqlite3ExprListCompare,827,1264,3918416863.0,0.0,11.0,7864620.0,1264.0,15003673.0,0.0,6.0,999999999999,999999999999,999999999999
2156,sqlite3ResolveOrderGroupBy,878,1464,3926285673.0,0.0,3.0,8754919.0,1464.0,15084893.0,0.0,2.0,999999999999,999999999999,999999999999
2151,sqlite3SelectAddTypeInfo,159,944,3935043672.0,0.0,4.0,2744265.0,944.0,15094563.0,0.0,3.0,999999999999,999999999999,999999999999
2161,sqlite3SelectWalkNoop,46,544,3937789677.0,0.0,6.0,1967260.0,544.0,15097413.0,0.0,5.0,999999999999,999999999999,999999999999
2162,selectAddSubqueryTypeInfo,505,1248,3939760932.0,0.0,6.0,6582674.0,1248.0,15127663.0,0.0,5.0,999999999999,999999999999,999999999999
1842,sqlite3GenerateColumnNames,2019,2216,3946345582.0,0.0,3.0,16402799.0,2216.0,15133043.0,0.0,2.0,999999999999,999999999999,999999999999
1968,sqlite3VdbeSetNumCols,495,1304,3962750006.0,0.0,3.0,5395359.0,1304.0,15138763.0,0.0,2.0,999999999999,999999999999,999999999999
883,initMemArray,246,664,3968155531.0,0.0,17.0,3934654.0,664.0,15158843.0,0.0,14.0,999999999999,999999999999,999999999999
1969,sqlite3VdbeSetColName,367,1104,3972093051.0,0.0,24.0,4356850.0,1104.0,15167323.0,0.0,14.0,999999999999,999999999999,999999999999
760,sqlite3VdbeMemSetStr,2222,2256,3976452171.0,0.0,25.0,16381959.0,2256.0,15170353.0,0.0,14.0,999999999999,999999999999,999999999999
773,sqlite3VdbeMemClearAndResize,259,1000,3992838415.0,0.0,100035.0,3691465.0,1000.0,15180313.0,230000000.0,150024.0,999999999999,999999999999,999999999999
738,sqlite3VdbeMemGrow,1170,1840,3996531545.0,5000000.0,150049.0,10102875.0,1840.0,15182713.0,330000000.0,150037.0,999999999999,999999999999,999999999999
2193,generateColumnTypes,376,1256,4006650764.0,0.0,3.0,5673664.0,1256.0,15337383.0,0.0,2.0,999999999999,999999999999,999999999999
2178,columnTypeImpl,1434,1752,4012326939.0,0.0,13.0,12839169.0,1752.0,15340253.0,0.0,8.0,999999999999,999999999999,999999999999
1001,sqlite3ColumnType,339,1000,4025168798.0,0.0,11.0,4040690.0,1000.0,15347443.0,0.0,6.0,999999999999,999999999999,999999999999
1843,sqlite3WindowRewrite,4503,4888,4029225619.0,0.0,7.0,31082878.0,4888.0,15531993.0,0.0,6.0,999999999999,999999999999,999999999999
1850,countOfViewOptimization,2497,2384,4060311357.0,0.0,6.0,17516114.0,2384.0,15543023.0,0.0,5.0,999999999999,999999999999,999999999999
1859,sqlite3KeyInfoFromExprList,570,1400,4077829926.0,0.0,3.0,7078375.0,1400.0,15552243.0,0.0,2.0,999999999999,999999999999,999999999999
2030,sqlite3KeyInfoAlloc,519,1280,4084910461.0,0.0,3.0,5667080.0,1280.0,15554373.0,0.0,2.0,999999999999,999999999999,999999999999
2222,sqlite3ExprNNCollSeq,181,968,4090587976.0,0.0,3.0,3198444.0,968.0,15578003.0,0.0,2.0,999999999999,999999999999,999999999999
1651,sqlite3ExprCollSeq,1798,2400,4093788766.0,0.0,14.0,14558049.0,2400.0,15581973.0,0.0,10.0,999999999999,999999999999,999999999999
1653,sqlite3CheckCollSeq,353,1048,4108349645.0,0.0,14.0,4115904.0,1048.0,15590903.0,0.0,10.0,999999999999,999999999999,999999999999
1773,sqlite3VdbeAddOp4,213,1144,4112468160.0,0.0,24.0,3627985.0,1144.0,15597803.0,0.0,13.0,999999999999,999999999999,999999999999
866,sqlite3VdbeChangeP4,738,1216,4116098825.0,0.0,32.0,6287739.0,1216.0,15601983.0,0.0,18.0,999999999999,999999999999,999999999999
1860,sqlite3VdbeMakeLabel,67,552,4122389650.0,0.0,36.0,2029524.0,552.0,15609433.0,0.0,28.0,999999999999,999999999999,999999999999
1862,sqlite3VdbeChangeOpcode,114,960,4124420929.0,0.0,2.0,2645545.0,960.0,15612253.0,0.0,1.0,999999999999,999999999999,999999999999
1999,sqlite3VdbeGetOp,190,608,4127068059.0,0.0,64.0,2939719.0,608.0,15614063.0,0.0,61.0,999999999999,999999999999,999999999999
1864,sqlite3WhereBegin,12155,9888,4130009284.0,0.0,7.0,91430036.0,9888.0,15619303.0,0.0,5.0,999999999999,999999999999,999999999999
2223,whereLoopInit,119,592,4221454275.0,0.0,13.0,2416980.0,592.0,15651953.0,0.0,9.0,999999999999,999999999999,999999999999
2224,sqlite3WhereClauseInit,183,640,4223874205.0,0.0,7.0,2600725.0,640.0,15653473.0,0.0,5.0,999999999999,999999999999,999999999999
2225,sqlite3WhereSplit,397,1248,4226476180.0,0.0,9.0,4678775.0,1248.0,15655223.0,0.0,5.0,999999999999,999999999999,999999999999
2226,createMask,122,568,4231156930.0,0.0,6.0,2224405.0,568.0,15659423.0,0.0,4.0,999999999999,999999999999,999999999999
2227,sqlite3WhereTabFuncArgs,1320,1992,4233382850.0,0.0,6.0,13419379.0,1992.0,15661093.0,0.0,4.0,999999999999,999999999999,999999999999
2228,sqlite3WhereExprAnalyze,207,1032,4246804029.0,0.0,7.0,3900370.0,1032.0,15664313.0,0.0,5.0,999999999999,999999999999,999999999999
2232,whereShortCut,2769,2304,4250706049.0,0.0,6.0,19595844.0,2304.0,15668673.0,0.0,4.0,999999999999,999999999999,999999999999
2292,whereScanInit,1032,1520,4270303858.0,0.0,18.0,9074834.0,1520.0,15675483.0,0.0,13.0,999999999999,999999999999,999999999999
2293,whereScanNext,3270,2528,4279380548.0,0.0,18.0,25780969.0,2528.0,15679673.0,0.0,13.0,999999999999,999999999999,999999999999
2233,whereLoopAddAll,1669,2352,4305164277.0,0.0,6.0,15950534.0,2352.0,15690413.0,0.0,5.0,999999999999,999999999999,999999999999
2294,sqlite3WhereGetMask,364,680,4321116276.0,0.0,15.0,5187229.0,680.0,15694763.0,0.0,9.0,999999999999,999999999999,999999999999
2296,whereLoopAddBtree,7002,5280,4326305551.0,0.0,5.0,49915743.0,5280.0,15698153.0,0.0,4.0,999999999999,999999999999,999999999999
2350,estLog,237,912,4376225979.0,0.0,10.0,3196150.0,912.0,15710703.0,0.0,8.0,999999999999,999999999999,999999999999
2353,indexMightHelpWithOrderBy,1463,1632,4379426979.0,0.0,5.0,12209960.0,1632.0,15721583.0,0.0,4.0,999999999999,999999999999,999999999999
2354,whereLoopOutputAdjust,2336,1832,4391639594.0,0.0,5.0,17154503.0,1832.0,15731683.0,0.0,4.0,999999999999,999999999999,999999999999
2351,whereLoopInsert,1476,1984,4408796107.0,0.0,6.0,11848805.0,1984.0,15737853.0,0.0,4.0,999999999999,999999999999,999999999999
2365,whereLoopAdjustCost,1264,1368,4420646772.0,0.0,6.0,8816699.0,1368.0,15741173.0,0.0,4.0,999999999999,999999999999,999999999999
2366,whereLoopFindLesser,1358,992,4429465477.0,0.0,6.0,9316724.0,992.0,15745263.0,0.0,4.0,999999999999,999999999999,999999999999
2367,whereLoopXfer,820,1472,4438793621.0,0.0,6.0,7266875.0,1472.0,15767393.0,0.0,4.0,999999999999,999999999999,999999999999
2359,whereLoopClearUnion,459,1192,4446062281.0,0.0,18.0,4868900.0,1192.0,15769223.0,0.0,13.0,999999999999,999999999999,999999999999
2356,whereLoopAddBtreeIndex,10711,6472,4450934106.0,0.0,5.0,68140132.0,6472.0,15778203.0,0.0,4.0,999999999999,999999999999,999999999999
2298,whereLoopClear,274,1104,4519081648.0,0.0,12.0,3910735.0,1104.0,15825203.0,0.0,9.0,999999999999,999999999999,999999999999
2234,wherePathSolver,10018,5672,4522995603.0,0.0,9.0,69002672.0,5672.0,15829913.0,0.0,7.0,999999999999,999999999999,999999999999
2211,sqlite3LogEstAdd,901,696,4592017095.0,0.0,18.0,5521324.0,696.0,15873073.0,0.0,13.0,999999999999,999999999999,999999999999
2299,wherePathSatisfiesOrderBy,9718,5576,4597541990.0,0.0,7.0,74006352.0,5576.0,15898313.0,0.0,5.0,999999999999,999999999999,999999999999
2289,sqlite3WhereFindTerm,575,1280,4671552837.0,0.0,7.0,6749760.0,1280.0,15921382.0,0.0,5.0,999999999999,999999999999,999999999999
2235,whereInterstageHeuristic,582,832,4678315067.0,0.0,3.0,6738674.0,832.0,15966913.0,0.0,2.0,999999999999,999999999999,999999999999
1986,sqlite3OpenTable,545,1440,4685068991.0,0.0,5.0,6121705.0,1440.0,16071653.0,0.0,3.0,999999999999,999999999999,999999999999
1899,sqlite3TableLock,273,1152,4691193021.0,0.0,7.0,4151674.0,1152.0,16074422.0,0.0,3.0,999999999999,999999999999,999999999999
877,sqlite3BtreeSharable,61,544,4695347310.0,0.0,14.0,1959220.0,544.0,16076422.0,0.0,8.0,999999999999,999999999999,999999999999
862,sqlite3VdbeAddOp4Int,488,1312,4697310006.0,0.0,11.0,5701630.0,1312.0,16078753.0,0.0,7.0,999999999999,999999999999,999999999999
879,vdbeChangeP4Full,434,1248,4703014305.0,0.0,17.0,5344434.0,1248.0,16089213.0,0.0,9.0,999999999999,999999999999,999999999999
863,sqlite3VdbeChangeP5,163,584,4708360525.0,0.0,26.0,2791005.0,584.0,16095813.0,0.0,18.0,999999999999,999999999999,999999999999
1781,sqlite3CodeVerifySchema,176,920,4711153675.0,0.0,4.0,2822045.0,920.0,16098702.0,0.0,3.0,999999999999,999999999999,999999999999
2102,sqlite3CodeVerifySchemaAtToplevel,250,944,4713978210.0,0.0,7.0,3352520.0,944.0,16100593.0,0.0,4.0,999999999999,999999999999,999999999999
1793,sqlite3VdbeCurrentAddr,49,544,4717332690.0,0.0,35.0,1934854.0,544.0,16104482.0,0.0,27.0,999999999999,999999999999,999999999999
2244,sqlite3WhereExplainOneScan,2475,2632,4719268924.0,0.0,6.0,16767249.0,2632.0,16108742.0,0.0,4.0,999999999999,999999999999,999999999999
2245,sqlite3WhereCodeOneLoopStart,30791,25592,4736041254.0,0.0,6.0,250164094.0,25592.0,16114953.0,0.0,4.0,999999999999,999999999999,999999999999
1865,sqlite3WhereOutputRowCount,66,544,4986215133.0,0.0,10.0,2272390.0,544.0,16192993.0,0.0,8.0,999999999999,999999999999,999999999999
1867,sqlite3WhereIsOrdered,158,552,4988490668.0,0.0,3.0,2348059.0,552.0,16196182.0,0.0,2.0,999999999999,999999999999,999999999999
1868,sqlite3WhereOrderByLimitOptLabel,309,640,4990840327.0,0.0,2.0,3554330.0,640.0,16198113.0,0.0,1.0,999999999999,999999999999,999999999999
1869,sqlite3VdbeChangeToNoop,351,1072,4994395913.0,0.0,3.0,4056555.0,1072.0,16201282.0,0.0,1.0,999999999999,999999999999,999999999999
878,freeP4,581,1688,4998454218.0,0.0,24.0,4659254.0,1688.0,16203962.0,0.0,14.0,999999999999,999999999999,999999999999
1307,sqlite3KeyInfoUnref,188,912,5003117367.0,0.0,4.0,2907485.0,912.0,16206433.0,0.0,3.0,999999999999,999999999999,999999999999
1873,sqlite3WhereContinueLabel,48,544,5006036002.0,0.0,5.0,1805950.0,544.0,16218233.0,0.0,4.0,999999999999,999999999999,999999999999
1874,sqlite3WhereBreakLabel,49,544,5007843167.0,0.0,5.0,1804785.0,544.0,16219242.0,0.0,4.0,999999999999,999999999999,999999999999
1872,selectInnerLoop,7166,7384,5009649242.0,0.0,7.0,51366253.0,7384.0,16220332.0,0.0,6.0,999999999999,999999999999,999999999999
2257,codeOffset,165,936,5061018035.0,0.0,8.0,3009684.0,936.0,16229392.0,0.0,7.0,999999999999,999999999999,999999999999
2258,innerLoopLoadRow,156,952,5064030225.0,0.0,6.0,2723720.0,952.0,16236942.0,0.0,5.0,999999999999,999999999999,999999999999
1885,sqlite3ExprCodeExprList,1576,2016,5066755935.0,0.0,7.0,14378029.0,2016.0,16238792.0,0.0,6.0,999999999999,999999999999,999999999999
1958,sqlite3ExprCodeTarget,15921,19104,5081136094.0,0.0,51.0,117841470.0,19104.0,16245042.0,0.0,36.0,999999999999,999999999999,999999999999
2035,sqlite3ExprCodeGetColumn,461,1208,5198981469.0,0.0,18.0,5312140.0,1208.0,16262922.0,0.0,11.0,999999999999,999999999999,999999999999
1924,sqlite3ExprCodeGetColumnOfTable,1070,1896,5204296439.0,0.0,18.0,9483149.0,1896.0,16265152.0,0.0,11.0,999999999999,999999999999,999999999999
1942,sqlite3TableColumnToStorage,581,744,5213781459.0,0.0,20.0,6545634.0,744.0,16271002.0,0.0,13.0,999999999999,999999999999,999999999999
1993,sqlite3ColumnDefault,597,1488,5220330154.0,0.0,18.0,5969510.0,1488.0,16277112.0,0.0,11.0,999999999999,999999999999,999999999999
1875,sqlite3WhereEnd,7780,7664,5226308083.0,0.0,7.0,62652257.0,7664.0,16386782.0,0.0,5.0,999999999999,999999999999,999999999999
1871,sqlite3VdbeResolveLabel,284,992,5288964501.0,0.0,36.0,3788275.0,992.0,16397562.0,0.0,28.0,999999999999,999999999999,999999999999
2071,resizeResolveLabel,486,1232,5292755611.0,0.0,6.0,5532814.0,1232.0,16400002.0,0.0,4.0,999999999999,999999999999,999999999999
1347,sqlite3DbReallocOrFree,197,1056,5298295060.0,0.0,7.0,3307764.0,1056.0,16402562.0,0.0,4.0,999999999999,999999999999,999999999999
2246,whereInfoFree,385,1288,5301621210.0,0.0,7.0,5786985.0,1288.0,16440212.0,0.0,5.0,999999999999,999999999999,999999999999
2320,sqlite3WhereClauseClear,550,1192,5307410200.0,0.0,7.0,6399070.0,1192.0,16441722.0,0.0,5.0,999999999999,999999999999,999999999999
2321,whereLoopDelete,115,992,5313811125.0,0.0,6.0,2558915.0,992.0,16444772.0,0.0,4.0,999999999999,999999999999,999999999999
1848,sqlite3VdbeExplainPop,92,928,5316380155.0,0.0,7.0,2283815.0,928.0,16466642.0,0.0,6.0,999999999999,999999999999,999999999999
2214,sqlite3VdbeExplainParent,176,976,5318665960.0,0.0,7.0,3162819.0,976.0,16467902.0,0.0,6.0,999999999999,999999999999,999999999999
1538,sqlite3SelectDelete,142,904,5321831509.0,0.0,6.0,2754644.0,904.0,16470372.0,0.0,5.0,999999999999,999999999999,999999999999
1540,clearSelect,671,1776,5324588079.0,0.0,6.0,8725920.0,1776.0,16471772.0,0.0,5.0,999999999999,999999999999,999999999999
1543,sqlite3SrcListDelete,1037,1712,5333324078.0,0.0,10.0,10820310.0,1712.0,16563792.0,0.0,8.0,999999999999,999999999999,999999999999
491,sqlite3DeleteTable,262,952,5344149364.0,0.0,12.0,3522179.0,952.0,16580892.0,0.0,9.0,999999999999,999999999999,999999999999
1770,sqlite3VdbeAddOp0,104,928,5347684358.0,0.0,9.0,2492855.0,928.0,16698952.0,0.0,7.0,999999999999,999999999999,999999999999
1772,sqlite3VdbeJumpHere,107,912,5350180143.0,0.0,12.0,2545669.0,912.0,16703402.0,0.0,10.0,999999999999,999999999999,999999999999
2027,sqlite3VdbeChangeP2,114,960,5352727758.0,0.0,13.0,2622985.0,960.0,16704952.0,0.0,11.0,999999999999,999999999999,999999999999
865,sqlite3VdbeUsesBtree,276,1040,5355354393.0,0.0,8.0,3857325.0,1040.0,16708592.0,0.0,5.0,999999999999,999999999999,999999999999
1777,sqlite3VdbeGoto,109,928,5359215602.0,0.0,13.0,2499695.0,928.0,16718752.0,0.0,12.0,999999999999,999999999999,999999999999
867,sqlite3VdbeMakeReady,2567,2880,5361717602.0,0.0,7.0,17006409.0,2880.0,16722622.0,0.0,6.0,999999999999,999999999999,999999999999
881,resolveP2Values,1028,1880,5378726082.0,0.0,7.0,8976544.0,1880.0,16728912.0,0.0,6.0,999999999999,999999999999,999999999999
882,allocSpace,342,648,5387711457.0,0.0,40.0,3687914.0,648.0,16748792.0,0.0,32.0,999999999999,999999999999,999999999999
626,sqlite3VdbeRewind,205,672,5391403506.0,0.0,7.0,2816199.0,672.0,16765222.0,0.0,6.0,999999999999,999999999999,999999999999
604,sqlite3_step,751,1848,5394229736.0,0.0,12.0,9040765.0,1848.0,16794702.0,0.0,11.0,999999999999,999999999999,999999999999
617,vdbeSafetyNotNull,182,984,5403272241.0,0.0,12.0,3134335.0,984.0,16796512.0,0.0,11.0,999999999999,999999999999,999999999999
638,vdbeSafety,176,944,5406408186.0,0.0,17.0,2948774.0,944.0,16797922.0,0.0,16.0,999999999999,999999999999,999999999999
618,sqlite3Step,2011,2184,5409358480.0,0.0,12.0,14979820.0,2184.0,16800862.0,0.0,11.0,999999999999,999999999999,999999999999
798,sqlite3VdbeExec,103835,80248,5424340250.0,0.0,12.0,1357713440.0,80248.0,16808482.0,0.0,11.0,999999999999,999999999999,999999999999
1379,allocateCursor,1292,1824,6782061635.0,0.0,10.0,11596164.0,1824.0,16943832.0,0.0,7.0,999999999999,999999999999,999999999999
1460,sqlite3BtreeCursorSize,13,520,6793662030.0,0.0,7.0,1522300.0,520.0,16948182.0,0.0,4.0,999999999999,999999999999,999999999999
1461,sqlite3BtreeCursorZero,95,568,6795198330.0,0.0,7.0,1970035.0,568.0,16976132.0,0.0,4.0,999999999999,999999999999,999999999999
1380,sqlite3BtreeCursor,289,1056,6797170150.0,0.0,7.0,3665334.0,1056.0,16979522.0,0.0,4.0,999999999999,999999999999,999999999999
1463,btreeCursor,857,1496,6800836584.0,0.0,7.0,8981219.0,1496.0,16981632.0,0.0,4.0,999999999999,999999999999,999999999999
1381,sqlite3BtreeCursorHintFlags,61,552,6809821009.0,0.0,6.0,1980174.0,552.0,16989142.0,0.0,3.0,999999999999,999999999999,999999999999
810,sqlite3BtreeFirst,234,1056,6811803829.0,0.0,50004.0,3506330.0,1056.0,16995002.0,0.0,50003.0,999999999999,999999999999,999999999999
1456,moveToRoot,1683,1968,6815312984.0,5000000.0,200430.0,12579079.0,1968.0,16996542.0,1490000000.0,200428.0,999999999999,999999999999,999999999999
731,sqlite3VdbeHalt,4031,3400,6827895578.0,0.0,7.0,24508563.0,3400.0,20740590.0,0.0,6.0,999999999999,999999999999,999999999999
1311,closeAllCursors,552,1352,6852406932.0,0.0,7.0,6636790.0,1352.0,20745930.0,0.0,6.0,999999999999,999999999999,999999999999
1318,closeCursorsInFrame,328,1096,6859046162.0,0.0,7.0,4902145.0,1096.0,20748490.0,0.0,6.0,999999999999,999999999999,999999999999
1328,sqlite3VdbeFreeCursorNN,372,1080,6863949857.0,0.0,10.0,4372295.0,1080.0,20751060.0,0.0,7.0,999999999999,999999999999,999999999999
1331,sqlite3BtreeCloseCursor,637,1392,6868323627.0,0.0,7.0,6750039.0,1392.0,20753770.0,0.0,4.0,999999999999,999999999999,999999999999
1283,btreeReleaseAllCursorPages,344,1120,6875076891.0,0.0,7.0,4879219.0,1120.0,20757610.0,0.0,4.0,999999999999,999999999999,999999999999
1249,unlockBtreeIfUnused,196,928,6879957791.0,0.0,14.0,2997780.0,928.0,20767240.0,0.0,11.0,999999999999,999999999999,999999999999
1304,releaseMemArray,597,1280,6882960186.0,0.0,17.0,6816834.0,1280.0,20773470.0,0.0,14.0,999999999999,999999999999,999999999999
1312,sqlite3VdbeEnter,447,1160,6889785990.0,0.0,7.0,5826604.0,1160.0,20824430.0,0.0,6.0,999999999999,999999999999,999999999999
1313,sqlite3VdbeCheckFk,417,1144,6895614115.0,0.0,13.0,4435750.0,1144.0,20827460.0,0.0,12.0,999999999999,999999999999,999999999999
1314,vdbeCommit,4736,5120,6900051275.0,0.0,4.0,36944433.0,5120.0,20834950.0,0.0,4.0,999999999999,999999999999,999999999999
1322,sqlite3VtabSync,495,1376,6936998168.0,0.0,4.0,6838315.0,1376.0,20839620.0,0.0,4.0,999999999999,999999999999,999999999999
1040,sqlite3BtreeGetFilename,99,912,6943841908.0,0.0,4.0,2313174.0,912.0,20847400.0,0.0,4.0,999999999999,999999999999,999999999999
1041,sqlite3PagerFilename,206,1008,6946157698.0,0.0,4.0,3487500.0,1008.0,20848780.0,0.0,4.0,999999999999,999999999999,999999999999
1137,sqlite3IsMemdb,75,544,6949647193.0,0.0,4.0,1907115.0,544.0,20850360.0,0.0,4.0,999999999999,999999999999,999999999999
679,sqlite3BtreeCommitPhaseOne,479,1312,6951560533.0,0.0,5.0,5226600.0,1312.0,20858810.0,0.0,5.0,999999999999,999999999999,999999999999
678,sqlite3BtreeCommitPhaseTwo,389,1264,6956790113.0,0.0,5.0,4946124.0,1264.0,20863250.0,0.0,5.0,999999999999,999999999999,999999999999
711,btreeEndTransaction,456,1176,6961739332.0,0.0,7.0,4611765.0,1176.0,20866280.0,0.0,7.0,999999999999,999999999999,999999999999
1272,clearAllSharedCacheTableLocks,587,1168,6966353692.0,0.0,5.0,5963699.0,1168.0,20869320.0,0.0,5.0,999999999999,999999999999,999999999999
720,releasePageOne,82,888,6972320617.0,0.0,5.0,2183525.0,888.0,20875370.0,0.0,5.0,999999999999,999999999999,999999999999
1257,sqlite3PagerUnrefPageOne,110,992,6974506257.0,0.0,5.0,2485520.0,992.0,20876520.0,0.0,5.0,999999999999,999999999999,999999999999
1118,sqlite3PcacheRelease,275,960,6976994097.0,0.0,1276.0,3390554.0,960.0,20763630.0,0.0,2089.0,999999999999,999999999999,999999999999
1120,pcacheUnpin,204,944,6980386906.0,0.0,850.0,3009330.0,944.0,20879140.0,0.0,1281.0,999999999999,999999999999,999999999999
2699,pcache1Unpin,388,1072,6983398976.0,0.0,850.0,4208925.0,1072.0,20881210.0,10000000.0,1281.0,999999999999,999999999999,999999999999
1200,pagerUnlockIfUnused,142,984,6987611266.0,0.0,5.0,2799660.0,984.0,20884650.0,0.0,5.0,999999999999,999999999999,999999999999
1161,pagerUnlockAndRollback,703,1424,6990414956.0,0.0,7.0,5867629.0,1424.0,20887010.0,0.0,7.0,999999999999,999999999999,999999999999
1202,pager_end_transaction,2032,2496,6996284016.0,0.0,8.0,14940524.0,2496.0,20890650.0,0.0,7.0,999999999999,999999999999,999999999999
1158,pager_unlock,876,1600,7011226385.0,0.0,7.0,7903394.0,1600.0,20894960.0,0.0,7.0,999999999999,999999999999,999999999999
1030,sqlite3BitvecDestroy,292,1120,7019132975.0,0.0,15.0,4472130.0,1120.0,20897330.0,0.0,13.0,999999999999,999999999999,999999999999
1204,releaseAllSavepoints,407,1304,7023608575.0,0.0,11.0,5992094.0,1304.0,20899580.0,0.0,10.0,999999999999,999999999999,999999999999
1144,sqlite3OsClose,169,936,7029603095.0,0.0,21.0,2836664.0,936.0,20902580.0,0.0,19.0,999999999999,999999999999,999999999999
1210,pagerUnlockDb,354,1072,7032447019.0,0.0,9.0,4156449.0,1072.0,20910660.0,0.0,8.0,999999999999,999999999999,999999999999
1217,sqlite3OsUnlock,118,952,7036604929.0,0.0,7.0,2509230.0,952.0,20912600.0,0.0,6.0,999999999999,999999999999,999999999999
1098,dotlockUnlock,521,1184,7039115964.0,0.0,8.0,5059525.0,1184.0,20914090.0,0.0,7.0,999999999999,999999999999,999999999999
2807,rmdir,161,1016,7044179759.0,0.0,4.0,2900315.0,1016.0,20917120.0,0.0,4.0,999999999999,999999999999,999999999999
2793,__wasilibc_nocwd___wasilibc_rmdirat,36,864,7047088554.0,0.0,4.0,2119525.0,864.0,20940800.0,0.0,4.0,999999999999,999999999999,999999999999
2777,__wasi_path_remove_directory,26,928,7049209769.0,0.0,4.0,2102925.0,928.0,20941720.0,0.0,4.0,999999999999,999999999999,999999999999
1323,sqlite3VtabCommit,88,904,7051405444.0,0.0,4.0,2165220.0,904.0,21006030.0,0.0,4.0,999999999999,999999999999,999999999999
1339,callFinaliser,559,1400,7053572519.0,0.0,6.0,6950214.0,1400.0,21007360.0,0.0,6.0,999999999999,999999999999,999999999999
1004,sqlite3CommitInternalChanges,65,544,7060526683.0,0.0,8.0,1893290.0,544.0,21013400.0,0.0,7.0,999999999999,999999999999,999999999999
799,doWalCallbacks,53,552,7062424973.0,0.0,5.0,1824325.0,552.0,21024560.0,0.0,4.0,999999999999,999999999999,999999999999
634,sqlite3VdbeFinalize,184,1032,7064254038.0,0.0,2.0,3150915.0,1032.0,21029670.0,0.0,1.0,999999999999,999999999999,999999999999
625,sqlite3VdbeReset,523,1256,7067407388.0,0.0,7.0,5274284.0,1256.0,21031430.0,0.0,6.0,999999999999,999999999999,999999999999
492,sqlite3VdbeDelete,304,1096,7072684332.0,0.0,7.0,3924740.0,1096.0,21036830.0,0.0,6.0,999999999999,999999999999,999999999999
502,sqlite3VdbeClearObject,784,1784,7076612578.0,0.0,7.0,8438119.0,1784.0,21038320.0,0.0,6.0,999999999999,999999999999,999999999999
1305,vdbeFreeOpArray,410,1128,7085066607.0,0.0,7.0,5160870.0,1128.0,21125130.0,0.0,6.0,999999999999,999999999999,999999999999
1414,sqlite3AnalysisLoad,1057,1792,7090237337.0,0.0,1.0,10640944.0,1792.0,21174100.0,0.0,1.0,999999999999,999999999999,999999999999
1497,sqlite3BtreeCommit,158,1072,7100886101.0,0.0,1.0,3230960.0,1072.0,21214420.0,0.0,1.0,999999999999,999999999999,999999999999
1783,sqlite3BeginWriteOperation,290,1032,7104192252.0,0.0,3.0,3554360.0,1032.0,37205872.0,0.0,1.0,999999999999,999999999999,999999999999
1771,sqlite3VdbeAddOp1,118,944,7107751406.0,0.0,15.0,2493825.0,944.0,38806351.0,0.0,13.0,999999999999,999999999999,999999999999
1784,sqlite3OpenSchemaTable,238,1152,7110249786.0,0.0,1.0,3541224.0,1152.0,,,,999999999999,999999999999,999999999999
1684,sqlite3AddPrimaryKey,1948,2536,7113809375.0,0.0,2.0,16838980.0,2536.0,18532731.0,0.0,2.0,999999999999,999999999999,999999999999
1812,makeColumnPartOfPrimaryKey,190,936,7130650725.0,0.0,2.0,3048195.0,936.0,18538281.0,0.0,1.0,999999999999,999999999999,999999999999
1815,sqlite3HasExplicitNulls,545,1104,7133701535.0,0.0,2.0,6332929.0,1104.0,18544071.0,0.0,1.0,999999999999,999999999999,999999999999
1683,sqlite3AddNotNull,611,768,7140057800.0,0.0,4.0,6198270.0,768.0,19176381.0,0.0,4.0,999999999999,999999999999,999999999999
547,enlargeAndAppend,261,1096,7146283644.0,0.0,4.0,3619349.0,1096.0,,,,999999999999,999999999999,999999999999
541,sqlite3StrAccumEnlarge,1355,1744,7149905469.0,0.0,4.0,9944490.0,1744.0,,,,999999999999,999999999999,999999999999
1799,sqlite3NestedParse,683,1544,7159858074.0,0.0,1.0,6482660.0,1544.0,,,,999999999999,999999999999,999999999999
535,printfTempBuf,483,1160,7166352089.0,0.0,1.0,4648964.0,1160.0,,,,999999999999,999999999999,999999999999
1810,sqlite3DequoteExpr,202,936,7171029428.0,0.0,12.0,2868795.0,936.0,33985784.0,0.0,6.0,999999999999,999999999999,999999999999
1701,sqlite3ExprListSetName,420,1256,7173905828.0,0.0,6.0,4903879.0,1256.0,30344795.0,0.0,1.0,999999999999,999999999999,999999999999
1680,sqlite3PExpr,511,1408,7178827073.0,0.0,13.0,5598059.0,1408.0,31792455.0,0.0,7.0,999999999999,999999999999,999999999999
1726,sqlite3ExprAttachSubtrees,586,1240,7184430148.0,0.0,13.0,5540595.0,1240.0,31798675.0,0.0,7.0,999999999999,999999999999,999999999999
852,sqlite3GetInt32,2182,1536,7189974133.0,0.0,10.0,13835569.0,1536.0,30778125.0,0.0,8.0,999999999999,999999999999,999999999999
1706,sqlite3SrcListIndexedBy,474,1064,7203839392.0,0.0,1.0,4614249.0,1064.0,,,,999999999999,999999999999,999999999999
1715,sqlite3ExprListCheckLength,241,968,7208455496.0,0.0,1.0,3314300.0,968.0,,,,999999999999,999999999999,999999999999
1717,sqlite3Update,21493,19176,7211771052.0,0.0,1.0,171452268.0,19176.0,,,,999999999999,999999999999,999999999999
1816,sqlite3SrcListLookup,474,1224,7383227180.0,0.0,2.0,5533094.0,1224.0,37123042.0,0.0,1.0,999999999999,999999999999,999999999999
1913,sqlite3TriggersExist,355,1200,7388775684.0,0.0,2.0,4834635.0,1200.0,37163712.0,0.0,1.0,999999999999,999999999999,999999999999
2394,tempTriggersExist,207,608,7393614234.0,0.0,2.0,2913485.0,608.0,37165902.0,0.0,1.0,999999999999,999999999999,999999999999
1829,sqlite3ViewGetColumnNames,255,976,7396530519.0,0.0,2.0,3304530.0,976.0,37170222.0,0.0,1.0,999999999999,999999999999,999999999999
1915,sqlite3IsReadOnly,451,1176,7399836703.0,0.0,2.0,4904835.0,1176.0,37173692.0,0.0,1.0,999999999999,999999999999,999999999999
2398,tabIsReadOnly,407,1112,7404743008.0,0.0,2.0,4597510.0,1112.0,37175522.0,0.0,1.0,999999999999,999999999999,999999999999
1914,sqlite3FkRequired,966,1696,7409361398.0,0.0,1.0,10215379.0,1696.0,,,,999999999999,999999999999,999999999999
1950,sqlite3ExprVectorSize,339,648,7419581053.0,0.0,17.0,3570699.0,648.0,37939092.0,0.0,7.0,999999999999,999999999999,999999999999
2285,whereClauseInsert,1083,1760,7423167977.0,0.0,4.0,9735535.0,1760.0,38899502.0,0.0,1.0,999999999999,999999999999,999999999999
2286,exprAnalyze,11789,10736,7432907812.0,0.0,4.0,79678496.0,10736.0,38912231.0,0.0,1.0,999999999999,999999999999,999999999999
2322,sqlite3WhereExprUsage,165,920,7512591309.0,0.0,8.0,3022910.0,920.0,38923491.0,0.0,2.0,999999999999,999999999999,999999999999
2324,sqlite3WhereExprUsageNN,309,1000,7515617994.0,0.0,8.0,3941984.0,1000.0,38925062.0,0.0,2.0,999999999999,999999999999,999999999999
2335,sqlite3WhereExprUsageFull,1047,1616,7519562409.0,0.0,1.0,8643744.0,1616.0,,,,999999999999,999999999999,999999999999
2325,allowedOp,275,568,7528208133.0,0.0,4.0,2874360.0,568.0,38934991.0,0.0,1.0,999999999999,999999999999,999999999999
1813,sqlite3ExprSkipCollate,194,576,7531084743.0,0.0,6.0,3519710.0,576.0,38938071.0,0.0,2.0,999999999999,999999999999,999999999999
2326,exprMightBeIndexed,769,1264,7534606613.0,0.0,6.0,8136485.0,1264.0,38942922.0,0.0,2.0,999999999999,999999999999,999999999999
2327,operatorMask,276,640,7542745138.0,0.0,3.0,3188124.0,640.0,38947582.0,0.0,1.0,999999999999,999999999999,999999999999
2334,isAuxiliaryVtabOperator,2528,2040,7545936352.0,0.0,4.0,15729414.0,2040.0,38959002.0,0.0,1.0,999999999999,999999999999,999999999999
2308,codeEqualityTerm,4613,4192,7561680676.0,0.0,1.0,35512064.0,4192.0,,,,999999999999,999999999999,999999999999
2310,disableTerm,620,824,7597196790.0,0.0,1.0,6982275.0,824.0,,,,999999999999,999999999999,999999999999
1887,sqlite3ReleaseTempReg,207,584,7604182270.0,0.0,34.0,2942194.0,584.0,38762931.0,0.0,29.0,999999999999,999999999999,999999999999
1921,sqlite3WhereOkOnePass,111,576,7607130205.0,0.0,1.0,2273885.0,576.0,,,,999999999999,999999999999,999999999999
1923,sqlite3WhereUsesDeferredSeek,72,544,7609406275.0,0.0,1.0,2024685.0,544.0,,,,999999999999,999999999999,999999999999
1926,sqlite3OpenTableAndIndices,1465,2096,7611454745.0,0.0,2.0,14279519.0,2096.0,41047870.0,0.0,1.0,999999999999,999999999999,999999999999
1941,sqlite3TriggerColmask,765,1488,7625739549.0,0.0,1.0,8600540.0,1488.0,,,,999999999999,999999999999,999999999999
1776,sqlite3ExprCode,474,1232,7634342549.0,0.0,20.0,5955714.0,1232.0,40139961.0,0.0,13.0,999999999999,999999999999,999999999999
1987,sqlite3VdbeLoadString,128,960,7640302248.0,0.0,12.0,3156784.0,960.0,40155411.0,0.0,6.0,999999999999,999999999999,999999999999
1945,sqlite3GenerateConstraintChecks,17496,16056,7643483033.0,0.0,2.0,143941167.0,16056.0,41108910.0,0.0,1.0,999999999999,999999999999,999999999999
2429,indexIteratorFirst,178,624,7787429315.0,0.0,2.0,3303255.0,624.0,41284041.0,0.0,1.0,999999999999,999999999999,999999999999
1797,sqlite3TableAffinity,737,1648,7790739275.0,0.0,2.0,7278809.0,1648.0,41290901.0,0.0,1.0,999999999999,999999999999,999999999999
2121,sqlite3TableAffinityStr,692,1224,7798021594.0,0.0,2.0,7559530.0,1224.0,41293381.0,0.0,1.0,999999999999,999999999999,999999999999
1947,sqlite3GenerateRowIndexDelete,891,1696,7805602129.0,0.0,1.0,10511259.0,1696.0,,,,999999999999,999999999999,999999999999
1948,sqlite3CompleteInsertion,1648,2144,7816115594.0,0.0,2.0,15381094.0,2144.0,41340180.0,0.0,1.0,999999999999,999999999999,999999999999
1932,sqlite3AuthContextPop,139,576,7831501363.0,0.0,1.0,2463954.0,576.0,,,,999999999999,999999999999,999999999999
1665,yy_accept,75,552,7833992758.0,0.0,1.0,1959880.0,552.0,,,,999999999999,999999999999,999999999999
1800,sqlite3ChangeCookie,213,984,7835960928.0,0.0,1.0,2998405.0,984.0,,,,999999999999,999999999999,999999999999
1801,sqlite3VdbeAddParseSchemaOp,322,1272,7838971483.0,0.0,1.0,5342780.0,1272.0,,,,999999999999,999999999999,999999999999
1792,sqlite3MayAbort,149,568,7844318443.0,0.0,3.0,2405394.0,568.0,41132441.0,0.0,2.0,999999999999,999999999999,999999999999
501,deleteTable,707,1648,7846741897.0,0.0,5.0,7911310.0,1648.0,41481540.0,0.0,4.0,999999999999,999999999999,999999999999
1646,sqlite3FkDelete,661,1464,7854656387.0,0.0,5.0,7590909.0,1464.0,41484500.0,0.0,4.0,999999999999,999999999999,999999999999
1648,sqlite3DeleteColumnNames,531,1336,7862249872.0,0.0,5.0,6706139.0,1336.0,41487780.0,0.0,4.0,999999999999,999999999999,999999999999
1617,sqlite3VdbeSetSql,280,1048,7868966636.0,0.0,5.0,3858045.0,1048.0,26732307.0,0.0,5.0,999999999999,999999999999,999999999999
800,sqlite3_sql,129,568,7872835031.0,0.0,5.0,2438010.0,568.0,26763957.0,0.0,5.0,999999999999,999999999999,999999999999
846,sqlite3_stmt_isexplain,151,568,7875277171.0,0.0,10.0,2534005.0,568.0,26769707.0,0.0,10.0,999999999999,999999999999,999999999999
273,bind_prepared_stmt,978,2160,7877813166.0,0.0,5.0,10414899.0,2160.0,26775017.0,0.0,5.0,999999999999,999999999999,999999999999
838,sqlite3_bind_parameter_count,147,560,7888230361.0,0.0,5.0,2529954.0,560.0,26777507.0,0.0,5.0,999999999999,999999999999,999999999999
270,exec_prepared_stmt,2296,2376,7890762280.0,0.0,5.0,16322649.0,2376.0,26779927.0,0.0,5.0,999999999999,999999999999,999999999999
2705,pcache1PinPage,169,632,7907225895.0,0.0,850.0,2735950.0,632.0,27041277.0,0.0,1281.0,999999999999,999999999999,999999999999
1124,sqlite3TempInMemory,91,552,7909968090.0,0.0,5.0,2115070.0,552.0,42411040.0,0.0,4.0,999999999999,999999999999,999999999999
1248,sqlite3PagerBegin,465,1272,7912085975.0,0.0,3.0,5579544.0,1272.0,42412560.0,0.0,2.0,999999999999,999999999999,999999999999
2805,utimes,245,1152,7917669004.0,0.0,4.0,4081190.0,1152.0,42418180.0,0.0,2.0,999999999999,999999999999,999999999999
2791,__wasilibc_nocwd_utimensat,505,1712,7921755554.0,0.0,4.0,8758169.0,1712.0,42439800.0,0.0,2.0,999999999999,999999999999,999999999999
2774,__wasi_path_filestat_set_times,34,976,7930515899.0,0.0,4.0,2501835.0,976.0,42441380.0,0.0,2.0,999999999999,999999999999,999999999999
688,newDatabase,807,1600,7933058794.0,0.0,4.0,7476754.0,1600.0,42469650.0,0.0,3.0,999999999999,999999999999,999999999999
672,sqlite3PagerWrite,427,1160,7940538513.0,0.0,151275.0,4971565.0,1160.0,42992180.0,420000000.0,151287.0,999999999999,999999999999,999999999999
694,pager_write,790,1456,7945512318.0,0.0,426.0,7108534.0,1456.0,42995010.0,0.0,430.0,999999999999,999999999999,999999999999
1261,pager_open_journal,1017,1784,7952623248.0,0.0,3.0,9124825.0,1784.0,42997920.0,0.0,2.0,999999999999,999999999999,999999999999
1025,sqlite3BitvecCreate,161,960,7961752628.0,0.0,3.0,3011010.0,960.0,42515140.0,0.0,2.0,999999999999,999999999999,999999999999
1267,jrnlBufferSize,39,536,7964776913.0,0.0,2.0,1862429.0,536.0,43728019.0,0.0,1.0,999999999999,999999999999,999999999999
1268,databaseIsUnmoved,365,1064,7966641292.0,0.0,2.0,4300875.0,1064.0,43729269.0,0.0,1.0,999999999999,999999999999,999999999999
1265,sqlite3JournalOpen,541,1224,7970943642.0,0.0,2.0,5689540.0,1224.0,43740789.0,0.0,1.0,999999999999,999999999999,999999999999
1091,getFileMode,293,1144,7976640887.0,0.0,2.0,4124820.0,1144.0,43769459.0,0.0,1.0,999999999999,999999999999,999999999999
1184,writeJournalHdr,1408,2080,7980854257.0,0.0,2.0,13192909.0,2080.0,43885619.0,0.0,1.0,999999999999,999999999999,999999999999
1183,journalHdrOffset,235,616,7994049306.0,0.0,4.0,3148004.0,616.0,43890309.0,0.0,2.0,999999999999,999999999999,999999999999
570,sqlite3OsRandomness,303,1144,7997203581.0,0.0,1.0,4320669.0,1144.0,43905729.0,0.0,1.0,999999999999,999999999999,999999999999
592,unixRandomness,514,1408,8001527141.0,0.0,1.0,5869930.0,1408.0,43907899.0,0.0,1.0,999999999999,999999999999,999999999999
2745,time,93,976,8007428846.0,0.0,1.0,2922965.0,976.0,43935989.0,0.0,1.0,999999999999,999999999999,999999999999
571,chacha_block,4736,1648,8010357061.0,0.0,1.0,30351748.0,1648.0,43941939.0,0.0,1.0,999999999999,999999999999,999999999999
686,sqlite3Put4byte,156,600,8040713739.0,0.0,1296.0,2583745.0,600.0,43025280.0,0.0,1300.0,999999999999,999999999999,999999999999
674,sqlite3OsWrite,155,992,8043301639.0,0.0,435.0,2925865.0,992.0,44074629.0,0.0,440.0,999999999999,999999999999,999999999999
1066,unixWrite,578,1336,8046229789.0,0.0,435.0,6690509.0,1336.0,44076459.0,0.0,440.0,999999999999,999999999999,999999999999
1067,seekAndWrite,158,976,8052922738.0,0.0,435.0,2870685.0,976.0,44078719.0,0.0,440.0,999999999999,999999999999,999999999999
1089,seekAndWriteFd,571,1424,8055794998.0,0.0,435.0,6777845.0,1424.0,44080399.0,0.0,440.0,999999999999,999999999999,999999999999
2750,write,113,984,8062586733.0,0.0,435.0,3125179.0,984.0,44086669.0,0.0,440.0,999999999999,999999999999,999999999999
1230,sqlite3PcacheMakeDirty,275,952,8065774738.0,0.0,426.0,3444350.0,952.0,43002250.0,0.0,430.0,999999999999,999999999999,999999999999
1121,pcacheManageDirtyList,934,872,8069222353.0,0.0,1696.0,6917935.0,872.0,43005140.0,20000000.0,2091.0,999999999999,999999999999,999999999999
1231,sqlite3BitvecTestNotNull,815,824,8076143298.0,0.0,1823.0,8007414.0,824.0,44129039.0,10000000.0,1035.0,999999999999,999999999999,999999999999
1253,zeroPage,983,1536,8084154198.0,0.0,424.0,8653940.0,1536.0,43015400.0,0.0,427.0,999999999999,999999999999,999999999999
1233,decodeFlags,1226,1552,8092810512.0,0.0,425.0,8494734.0,1552.0,17021252.0,40000000.0,1213.0,999999999999,999999999999,999999999999
682,sqlite3PagerOpenSavepoint,211,968,8101309947.0,0.0,4.0,3377604.0,968.0,42479060.0,0.0,3.0,999999999999,999999999999,999999999999
1356,out2Prerelease,238,1000,8104694841.0,5000000.0,250045.0,3634065.0,1000.0,27078297.0,940000000.0,300028.0,999999999999,999999999999,999999999999
1364,sqlite3VdbeBooleanValue,303,992,8108332186.0,0.0,50001.0,3782189.0,992.0,32717381094.0,400000000.0,100000.0,999999999999,999999999999,999999999999
667,sqlite3BtreeUpdateMeta,325,1216,8112116431.0,0.0,3.0,4638930.0,1216.0,,,,999999999999,999999999999,999999999999
1383,sqlite3BtreeCreateTable,140,1056,8116760566.0,0.0,1.0,2905460.0,1056.0,,,,999999999999,999999999999,999999999999
1466,btreeCreateTable,2057,3056,8119669116.0,0.0,1.0,16948294.0,3056.0,,,,999999999999,999999999999,999999999999
1279,allocateBtreePage,6533,6184,8136620125.0,0.0,422.0,46984958.0,6184.0,75061154.0,10000000.0,426.0,999999999999,999999999999,999999999999
1294,btreeGetUnusedPage,354,1240,8183611703.0,0.0,422.0,4692504.0,1240.0,75167294.0,0.0,426.0,999999999999,999999999999,999999999999
2708,pcache1UnderMemoryPressure,215,968,8188314983.0,0.0,422.0,3180150.0,968.0,75183314.0,0.0,485.0,999999999999,999999999999,999999999999
1491,sqlite3HeapNearlyFull,57,536,8191498113.0,0.0,422.0,1755530.0,536.0,75185185.0,0.0,485.0,999999999999,999999999999,999999999999
1197,addToSavepointBitvecs,338,1176,8193260023.0,0.0,424.0,5661314.0,1176.0,44208759.0,0.0,429.0,999999999999,999999999999,999999999999
1148,sqlite3PagerPageRefcount,88,896,8198928832.0,0.0,842.0,2301220.0,896.0,74911495.0,0.0,858.0,999999999999,999999999999,999999999999
1232,sqlite3PcachePageRefcount,51,544,8201232658.0,0.0,842.0,1931220.0,544.0,74913055.0,0.0,858.0,999999999999,999999999999,999999999999
1280,releasePage,120,880,8203169073.0,0.0,1684.0,2541189.0,880.0,75229514.0,0.0,1714.0,999999999999,999999999999,999999999999
611,sqlite3PagerUnref,120,880,8205713412.0,0.0,3.0,2552180.0,880.0,20481683999.0,0.0,1.0,999999999999,999999999999,999999999999
637,sqlite3PagerUnrefNotNull,141,912,8208269342.0,0.0,1271.0,2784135.0,912.0,20761860.0,10000000.0,2084.0,999999999999,999999999999,999999999999
1547,allocateTempSpace,325,1112,8211064452.0,0.0,2.0,4123745.0,1112.0,42601540.0,0.0,2.0,999999999999,999999999999,999999999999
1387,sqlite3BtreeLast,249,976,8215199487.0,5000000.0,100001.0,3521969.0,976.0,43101910.0,110000000.0,100000.0,999999999999,999999999999,999999999999
1467,btreeLast,342,1112,8218723097.0,5000000.0,50423.0,4173815.0,1112.0,43103750.0,30000000.0,50425.0,999999999999,999999999999,999999999999
1472,getAndInitPage,520,1536,8222898907.0,0.0,847.0,6262590.0,1536.0,17001762.0,0.0,1657.0,999999999999,999999999999,999999999999
734,sqlite3VdbeMemRelease,144,904,8229170192.0,0.0,6.0,2920459.0,904.0,20500987571.0,0.0,5.0,999999999999,999999999999,999999999999
1397,sqlite3BtreeInsert,5857,4544,8232093571.0,0.0,100002.0,36699553.0,4544.0,43136970.0,650000000.0,100000.0,999999999999,999999999999,999999999999
1389,sqlite3BtreeTableMoveto,2904,2432,8268795605.0,0.0,100002.0,20815984.0,2432.0,43146830.0,370000000.0,100000.0,999999999999,999999999999,999999999999
1479,fillInCell,3155,3176,8289615954.0,0.0,100002.0,24114104.0,3176.0,43158960.0,360000000.0,100000.0,999999999999,999999999999,999999999999
1373,sqlite3PutVarint,392,1008,8313732768.0,0.0,100004.0,3940134.0,1008.0,43164810.0,170000000.0,100000.0,999999999999,999999999999,999999999999
1482,insertCellFast,3093,2752,8317678893.0,0.0,100002.0,21394119.0,2752.0,43175020.0,220000000.0,100000.0,999999999999,999999999999,999999999999
2899,memmove,1217,2192,8339078242.0,0.0,100422.0,23641493.0,2192.0,43189600.0,1400000000.0,100826.0,999999999999,999999999999,999999999999
1386,sqlite3VdbeFreeCursor,136,896,8362724401.0,0.0,2.0,2730634.0,896.0,,,,999999999999,999999999999,999999999999
1285,releasePageNotNull,81,888,8365461426.0,0.0,1268.0,2306980.0,888.0,20760670.0,0.0,2083.0,999999999999,999999999999,999999999999
769,sqlite3VdbeMemSetNull,146,904,8367778416.0,0.0,7.0,2790549.0,904.0,20501032131.0,0.0,6.0,999999999999,999999999999,999999999999
1243,sqlite3GetVarint,3210,1288,8370585165.0,0.0,1.0,14704554.0,1288.0,,,,999999999999,999999999999,999999999999
1402,sqlite3VdbeCursorRestore,141,1008,8385294865.0,0.0,1.0,3128460.0,1008.0,,,,999999999999,999999999999,999999999999
1366,sqlite3BtreeCursorHasMoved,91,544,8388424840.0,0.0,150008.0,2071815.0,544.0,17043412.0,330000000.0,200005.0,999999999999,999999999999,999999999999
1286,sqlite3BtreeIntegerKey,95,920,8390498735.0,0.0,50000.0,2395909.0,920.0,43584319.0,20000000.0,50000.0,999999999999,999999999999,999999999999
1288,getCellInfo,214,936,8392896234.0,5000000.0,150001.0,3158480.0,936.0,17046562.0,160000000.0,200001.0,999999999999,999999999999,999999999999
1289,btreeParseCell,306,1024,8396056135.0,5000000.0,150001.0,3569019.0,1024.0,17048702.0,230000000.0,200001.0,999999999999,999999999999,999999999999
1236,btreeParseCellPtr,2548,1656,8399626639.0,5000000.0,200002.0,14655084.0,1656.0,17051352.0,1700000000.0,250001.0,999999999999,999999999999,999999999999
1357,sqlite3VdbeMemShallowCopy,399,1040,8414290059.0,0.0,300009.0,4220329.0,1040.0,43335260.0,1050000000.0,300008.0,999999999999,999999999999,999999999999
755,sqlite3VdbeMemMakeWriteable,424,1104,8418513728.0,10000000.0,200009.0,4868735.0,1104.0,43234489.0,1460000000.0,200008.0,999999999999,999999999999,999999999999
1360,applyAffinity,670,1120,8423387489.0,5000000.0,200005.0,5635364.0,1120.0,43604809.0,820000000.0,200000.0,999999999999,999999999999,999999999999
1372,sqlite3VarintLen,150,600,8429025203.0,15000000.0,200004.0,3137350.0,600.0,43626499.0,1230000000.0,300000.0,999999999999,999999999999,999999999999
1481,dropCell,1188,1672,8432175413.0,0.0,50001.0,9827294.0,1672.0,43276800.0,150000000.0,50002.0,999999999999,999999999999,999999999999
1560,freeSpace,4242,2408,8442005238.0,5000000.0,50001.0,25063859.0,2408.0,43281149.0,590000000.0,50005.0,999999999999,999999999999,999999999999
1378,sqlite3FkClearTriggerCache,473,1312,8467079692.0,0.0,1.0,6645329.0,1312.0,,,,999999999999,999999999999,999999999999
1730,sqlite3ExprAnd,537,1256,8473775621.0,0.0,1.0,5241580.0,1256.0,,,,999999999999,999999999999,999999999999
1053,lookasideMallocSize,147,584,8479050316.0,0.0,3.0,2542785.0,584.0,34662053.0,0.0,2.0,999999999999,999999999999,999999999999
1849,propagateConstants,693,1584,8481631146.0,0.0,1.0,8231520.0,1584.0,,,,999999999999,999999999999,999999999999
2215,findConstInWhere,685,1472,8489865286.0,0.0,3.0,6766790.0,1472.0,,,,999999999999,999999999999,999999999999
1733,sqlite3ExprIsConstant,101,920,8496635141.0,0.0,1.0,2478214.0,920.0,,,,999999999999,999999999999,999999999999
1964,exprIsConst,187,1000,8499115345.0,0.0,21.0,3006564.0,1000.0,39226411.0,0.0,16.0,999999999999,999999999999,999999999999
2080,exprNodeIsConstant,1313,1376,8502124220.0,0.0,24.0,9174125.0,1376.0,39230401.0,0.0,19.0,999999999999,999999999999,999999999999
2277,constInsert,1019,1576,8511301920.0,0.0,1.0,9792875.0,1576.0,,,,999999999999,999999999999,999999999999
2058,sqlite3ExprAffinity,998,2736,8521097250.0,0.0,18.0,8983759.0,2736.0,38414632.0,0.0,10.0,999999999999,999999999999,999999999999
917,sqlite3ExprCompareCollSeq,227,1008,8530084159.0,0.0,1.0,3571000.0,1008.0,,,,999999999999,999999999999,999999999999
918,sqlite3BinaryCompareCollSeq,379,1168,8533657929.0,0.0,7.0,4733820.0,1168.0,39320391.0,0.0,4.0,999999999999,999999999999,999999999999
1002,sqlite3ColumnColl,386,632,8538395909.0,0.0,5.0,4588695.0,632.0,39327341.0,0.0,2.0,999999999999,999999999999,999999999999
2218,sqlite3IsBinary,143,568,8542989819.0,0.0,1.0,2442520.0,568.0,,,,999999999999,999999999999,999999999999
2032,sqlite3TableColumnAffinity,254,624,8545435694.0,0.0,5.0,3314600.0,624.0,39343761.0,0.0,1.0,999999999999,999999999999,999999999999
2216,propagateConstantExprRewrite,607,1320,8548757719.0,0.0,7.0,6014374.0,1320.0,,,,999999999999,999999999999,999999999999
2278,propagateConstantExprRewriteOne,1151,1520,8554774278.0,0.0,7.0,10368604.0,1520.0,,,,999999999999,999999999999,999999999999
2304,termCanDriveIndex,606,1288,8565175898.0,0.0,2.0,6442365.0,1288.0,,,,999999999999,999999999999,999999999999
2345,sqlite3IndexAffinityOk,372,1024,8571620523.0,0.0,1.0,4006314.0,1024.0,,,,999999999999,999999999999,999999999999
2346,comparisonAffinity,388,1152,8575628527.0,0.0,1.0,4892460.0,1152.0,,,,999999999999,999999999999,999999999999
2079,sqlite3CompareAffinity,551,1048,8580523238.0,0.0,7.0,4745524.0,1048.0,39339861.0,0.0,4.0,999999999999,999999999999,999999999999
2111,sqlite3ProgressCheck,496,1184,8585278912.0,0.0,3.0,5155325.0,1184.0,39016602.0,0.0,1.0,999999999999,999999999999,999999999999
1895,sqlite3ExprIfFalse,2579,3856,8590457777.0,0.0,7.0,20415114.0,3856.0,39211651.0,0.0,5.0,999999999999,999999999999,999999999999
2039,sqlite3ExprIsVector,109,904,8610875931.0,0.0,6.0,2343925.0,904.0,39216831.0,0.0,4.0,999999999999,999999999999,999999999999
2041,sqlite3ExprCodeTemp,520,1456,8613222731.0,0.0,23.0,5897125.0,1456.0,39220821.0,0.0,19.0,999999999999,999999999999,999999999999
2043,sqlite3ExprIsConstantNotJoin,101,920,8619121661.0,0.0,20.0,2375879.0,920.0,39224941.0,0.0,16.0,999999999999,999999999999,999999999999
1886,sqlite3GetTempReg,207,600,8621500845.0,0.0,19.0,3162670.0,600.0,38750402.0,0.0,17.0,999999999999,999999999999,999999999999
2044,sqlite3ExprCodeRunJustOnce,1367,2040,8624670061.0,0.0,11.0,13258654.0,2040.0,39291181.0,0.0,9.0,999999999999,999999999999,999999999999
1807,sqlite3ExprDup,183,952,8637931215.0,0.0,27.0,2966894.0,952.0,37375122.0,0.0,25.0,999999999999,999999999999,999999999999
2072,exprDup,2769,2968,8640900470.0,0.0,21.0,19549154.0,2968.0,37376722.0,0.0,19.0,999999999999,999999999999,999999999999
2113,dupedExprStructSize,278,624,8660457039.0,0.0,21.0,3366605.0,624.0,37385282.0,0.0,19.0,999999999999,999999999999,999999999999
2114,exprStructSize,152,608,8663826324.0,0.0,21.0,2791755.0,608.0,37388982.0,0.0,19.0,999999999999,999999999999,999999999999
2042,codeCompare,474,1480,8666623744.0,0.0,6.0,6273119.0,1480.0,39317971.0,0.0,4.0,999999999999,999999999999,999999999999
2064,binaryCompareP5,208,1056,8672904503.0,0.0,6.0,3239080.0,1056.0,39334671.0,0.0,4.0,999999999999,999999999999,999999999999
1474,moveToLeftmost,487,1208,8676233783.0,5000000.0,50422.0,5616190.0,1208.0,17034012.0,400000000.0,50846.0,999999999999,999999999999,999999999999
812,sqlite3BtreePayloadSize,91,920,8681854893.0,5000000.0,100001.0,2387395.0,920.0,17045392.0,20000000.0,150001.0,999999999999,999999999999,999999999999
1368,sqlite3BtreePayloadFetch,94,912,8684247958.0,0.0,100001.0,2391959.0,912.0,17060592.0,90000000.0,150001.0,999999999999,999999999999,999999999999
1449,fetchPayload,344,640,8686642142.0,0.0,100001.0,3577355.0,640.0,17061822.0,450000000.0,150001.0,999999999999,999999999999,999999999999
1369,sqlite3VdbeOneByteSerialTypeLen,77,544,8690221858.0,20000000.0,200007.0,2066820.0,544.0,17068622.0,1390000000.0,350007.0,999999999999,999999999999,999999999999
1363,sqlite3MemCompare,1471,1488,8692295703.0,5000000.0,50002.0,10463659.0,1488.0,32717294934.0,260000000.0,100000.0,999999999999,999999999999,999999999999
1446,vdbeCompareMemString,879,1824,8702761262.0,0.0,50001.0,8538145.0,1824.0,32717448854.0,170000000.0,99999.0,999999999999,999999999999,999999999999
981,binCollFunc,267,1040,8711302072.0,5000000.0,50001.0,3905655.0,1040.0,32717453034.0,90000000.0,99999.0,999999999999,999999999999,999999999999
815,sqlite3VdbeSerialGet,1427,1888,8715218427.0,10000000.0,150000.0,8697764.0,1888.0,17177322.0,1060000000.0,150000.0,999999999999,999999999999,999999999999
814,sqlite3GetVarint32,630,1160,8723920191.0,0.0,1.0,5435150.0,1160.0,17187602.0,0.0,1.0,999999999999,999999999999,999999999999
884,sqlite3VdbeSerialTypeLen,166,568,8729357431.0,0.0,1.0,2667205.0,568.0,17191512.0,0.0,1.0,999999999999,999999999999,999999999999
629,sqlite3_column_count,151,576,8732031881.0,0.0,2.0,2685034.0,576.0,17231932.0,0.0,2.0,999999999999,999999999999,999999999999
630,sqlite3_column_name,103,920,8734719820.0,0.0,7.0,2476145.0,920.0,17249452.0,0.0,7.0,999999999999,999999999999,999999999999
826,columnName,1206,1408,8737197526.0,0.0,7.0,8829054.0,1408.0,17250632.0,0.0,7.0,999999999999,999999999999,999999999999
553,sqlite3_value_text,97,904,8746029510.0,0.0,20.0,2291239.0,904.0,17255472.0,0.0,20.0,999999999999,999999999999,999999999999
739,sqlite3ValueText,416,1008,8748323840.0,0.0,20.0,4416440.0,1008.0,17256952.0,0.0,20.0,999999999999,999999999999,999999999999
631,sqlite3_column_text,134,1056,8752745095.0,0.0,13.0,2880950.0,1056.0,17287092.0,0.0,13.0,999999999999,999999999999,999999999999
622,columnMem,423,1120,8755628035.0,0.0,21.0,4682760.0,1120.0,17288052.0,0.0,21.0,999999999999,999999999999,999999999999
623,columnMallocFailure,173,960,8760313210.0,0.0,21.0,3028680.0,960.0,17293752.0,0.0,21.0,999999999999,999999999999,999999999999
750,valueToText,752,1360,8763346320.0,0.0,5.0,7072844.0,1360.0,17315192.0,0.0,5.0,999999999999,999999999999,999999999999
1349,sqlite3VdbeMemStringify,414,1232,8770421309.0,0.0,50005.0,4944015.0,1232.0,17318322.0,60000000.0,50005.0,999999999999,999999999999,999999999999
1350,vdbeMemRenderNum,422,1224,8775372189.0,0.0,50005.0,4834639.0,1224.0,17342202.0,10000000.0,50005.0,999999999999,999999999999,999999999999
1351,sqlite3Int64ToText,618,1208,8780208418.0,5000000.0,50005.0,6511240.0,1208.0,17344522.0,220000000.0,50005.0,999999999999,999999999999,999999999999
763,sqlite3VdbeChangeEncoding,297,1008,8786723444.0,0.0,50009.0,3805374.0,1008.0,17352822.0,210000000.0,50010.0,999999999999,999999999999,999999999999
809,sqlite3BtreeNext,491,1120,8790622889.0,0.0,50421.0,5028089.0,1120.0,20723130.0,630000000.0,100845.0,999999999999,999999999999,999999999999
1473,btreeNext,1462,1776,8795653383.0,0.0,423.0,11303084.0,1776.0,20726860.0,0.0,849.0,999999999999,999999999999,999999999999
1315,sqlite3VdbeCloseStatement,173,976,8806972373.0,0.0,3.0,3269139.0,976.0,27892787.0,0.0,2.0,999999999999,999999999999,999999999999
486,sqlite3BtreePager,56,544,8810257708.0,0.0,2.0,1941130.0,544.0,27082117.0,0.0,2.0,999999999999,999999999999,999999999999
661,sqlite3PagerGetJournalMode,61,544,8812201253.0,0.0,2.0,1964309.0,544.0,27083107.0,0.0,2.0,999999999999,999999999999,999999999999
662,sqlite3PagerIsMemdb,139,568,8814167843.0,0.0,2.0,2509619.0,568.0,20481534699.0,0.0,1.0,999999999999,999999999999,999999999999
1182,sqlite3PagerExclusiveLock,134,952,8816679928.0,0.0,4.0,2923805.0,952.0,20481536779.0,0.0,2.0,999999999999,999999999999,999999999999
673,sqlite3PagerCommitPhaseOne,883,1888,8819668867.0,0.0,2.0,8967969.0,1888.0,20481651099.0,0.0,1.0,999999999999,999999999999,999999999999
696,pagerFlushOnCommit,285,1000,8828639327.0,0.0,6.0,3734850.0,1000.0,20480366860.0,0.0,4.0,999999999999,999999999999,999999999999
698,pager_incr_changecounter,345,1248,8832376897.0,0.0,2.0,4647305.0,1248.0,20481658359.0,0.0,1.0,999999999999,999999999999,999999999999
1187,pager_write_changecounter,292,1160,8837031231.0,0.0,4.0,3912610.0,1160.0,20481676430.0,0.0,2.0,999999999999,999999999999,999999999999
699,writeSuperJournal,1643,2008,8840949216.0,0.0,2.0,12156639.0,2008.0,20481688090.0,0.0,1.0,999999999999,999999999999,999999999999
700,syncJournal,1728,2168,8853107991.0,0.0,2.0,12528754.0,2168.0,20481691750.0,0.0,1.0,999999999999,999999999999,999999999999
708,sqlite3OsSync,155,960,8865667245.0,0.0,6.0,2962005.0,960.0,20481741799.0,0.0,3.0,999999999999,999999999999,999999999999
1070,unixSync,573,1496,8868631085.0,0.0,6.0,6425350.0,1496.0,20481743830.0,0.0,3.0,999999999999,999999999999,999999999999
587,full_fsync,107,944,8875059925.0,0.0,8.0,2544094.0,944.0,20481747059.0,0.0,4.0,999999999999,999999999999,999999999999
2746,fsync,43,880,8877607110.0,0.0,8.0,2365954.0,880.0,20481748399.0,0.0,4.0,999999999999,999999999999,999999999999
2770,__wasi_fd_sync,16,824,8879975424.0,0.0,8.0,1947355.0,824.0,20481749490.0,0.0,4.0,999999999999,999999999999,999999999999
1088,openDirectory,797,1368,8882344425.0,0.0,2.0,8130414.0,1368.0,20481985939.0,0.0,1.0,999999999999,999999999999,999999999999
588,robust_close,232,1088,8890540354.0,0.0,5.0,3745945.0,1088.0,20482115399.0,0.0,3.0,999999999999,999999999999,999999999999
2754,close,40,936,8894287979.0,0.0,5.0,2495294.0,936.0,1998189.0,0.0,4.0,999999999999,999999999999,999999999999
2760,__wasi_fd_close,16,824,8896785709.0,0.0,5.0,1936215.0,824.0,1999149.0,0.0,4.0,999999999999,999999999999,999999999999
1185,sqlite3PcacheClearSyncFlags,198,608,8899029719.0,0.0,2.0,3599080.0,608.0,20482400739.0,0.0,1.0,999999999999,999999999999,999999999999
701,sqlite3PcacheDirtyList,206,968,8902632474.0,0.0,2.0,3993530.0,968.0,20482546569.0,0.0,1.0,999999999999,999999999999,999999999999
1269,pcacheSortDirtyList,1146,1504,8906629884.0,0.0,2.0,9595154.0,1504.0,20482693339.0,0.0,1.0,999999999999,999999999999,999999999999
1270,pcacheMergeDirtyList,395,696,8916228538.0,0.0,423.0,4542625.0,696.0,20482700089.0,10000000.0,428.0,999999999999,999999999999,999999999999
702,pager_write_pagelist,1377,1856,8920773588.0,0.0,2.0,12121489.0,1856.0,20484893868.0,0.0,1.0,999999999999,999999999999,999999999999
1078,fcntlSizeHint,882,1376,8932899233.0,0.0,2.0,8479695.0,1376.0,20484903468.0,0.0,1.0,999999999999,999999999999,999999999999
1188,sqlite3BackupUpdate,152,920,8941432847.0,0.0,425.0,2920354.0,920.0,20484940658.0,0.0,429.0,999999999999,999999999999,999999999999
703,sqlite3PcacheCleanAll,139,992,8944384427.0,0.0,4.0,3522759.0,992.0,20493700224.0,0.0,2.0,999999999999,999999999999,999999999999
1176,sqlite3PcacheMakeClean,254,1016,8947909362.0,0.0,426.0,3389615.0,1016.0,20480439880.0,0.0,430.0,999999999999,999999999999,999999999999
676,sqlite3PagerSync,339,1120,8951305227.0,0.0,2.0,4249335.0,1120.0,20496360633.0,0.0,1.0,999999999999,999999999999,999999999999
707,sqlite3OsFileControl,217,992,8955557062.0,0.0,5.0,3515869.0,992.0,43731529.0,0.0,3.0,999999999999,999999999999,999999999999
709,sqlite3PagerCommitPhaseTwo,437,1144,8959373177.0,0.0,2.0,4670185.0,1144.0,20497970812.0,0.0,1.0,999999999999,999999999999,999999999999
1205,sqlite3JournalIsInMemory,83,544,8964049072.0,0.0,4.0,2064460.0,544.0,20480359260.0,0.0,3.0,999999999999,999999999999,999999999999
1093,nolockClose,78,896,8966116827.0,0.0,2.0,2263130.0,896.0,20497995302.0,0.0,1.0,999999999999,999999999999,999999999999
1061,closeUnixFile,344,1120,8968382587.0,0.0,3.0,4123839.0,1120.0,20497996562.0,0.0,2.0,999999999999,999999999999,999999999999
1207,sqlite3OsDelete,201,976,8972521026.0,0.0,2.0,3265214.0,976.0,20498008392.0,0.0,1.0,999999999999,999999999999,999999999999
586,unixDelete,544,1456,8975788001.0,0.0,2.0,6204680.0,1456.0,20498010232.0,0.0,1.0,999999999999,999999999999,999999999999
2806,unlink,161,1016,8981995896.0,0.0,2.0,3000885.0,1016.0,20498012492.0,0.0,1.0,999999999999,999999999999,999999999999
2792,__wasilibc_nocwd___wasilibc_unlinkat,36,864,8985006236.0,0.0,2.0,2278360.0,864.0,20498037002.0,0.0,1.0,999999999999,999999999999,999999999999
2779,__wasi_path_unlink_file,26,928,8987287141.0,0.0,2.0,2231074.0,928.0,20498037972.0,0.0,1.0,999999999999,999999999999,999999999999
2702,pcache1Truncate,192,968,8989600275.0,0.0,6.0,3158045.0,968.0,20480376900.0,0.0,5.0,999999999999,999999999999,999999999999
1160,pager_error,245,1000,8992764945.0,0.0,2.0,3538670.0,1000.0,20498135662.0,0.0,1.0,999999999999,999999999999,999999999999
710,btreeClearHasContent,100,928,8996306170.0,0.0,3.0,2440044.0,928.0,20480390880.0,0.0,2.0,999999999999,999999999999,999999999999
271,explain_data_delete,140,968,8998821525.0,0.0,5.0,2680515.0,968.0,27241537.0,0.0,5.0,999999999999,999999999999,999999999999
267,eqp_render,551,1344,9001504865.0,0.0,5.0,5491640.0,1344.0,27244247.0,0.0,5.0,999999999999,999999999999,999999999999
639,sqlite3LeaveMutexAndCloseZombie,1974,2864,9007011615.0,0.0,6.0,18190469.0,2864.0,27289197.0,0.0,6.0,999999999999,999999999999,999999999999
474,endTimer,357,1448,9025206559.0,0.0,5.0,4014415.0,1448.0,27297427.0,0.0,5.0,999999999999,999999999999,999999999999
475,doAutoDetectRestore,1546,2720,9029223379.0,0.0,5.0,12696855.0,2720.0,27300707.0,0.0,5.0,999999999999,999999999999,999999999999
200,clearTempFile,265,1048,9041925674.0,0.0,6.0,3472654.0,1048.0,27313367.0,0.0,6.0,999999999999,999999999999,999999999999
1672,sqlite3BeginTransaction,647,1720,9045429913.0,0.0,1.0,7721625.0,1720.0,27622807.0,0.0,1.0,999999999999,999999999999,999999999999
723,sqlite3CloseSavepoints,249,1088,9053196283.0,0.0,3.0,4443619.0,1088.0,27897056.0,0.0,3.0,999999999999,999999999999,999999999999
1721,sqlite3IdListAppend,785,1464,9057691427.0,0.0,3.0,7038995.0,1464.0,29531586.0,0.0,3.0,999999999999,999999999999,999999999999
1737,parserAddExprIdListTerm,341,1312,9064746652.0,0.0,1.0,4949105.0,1312.0,30334875.0,0.0,1.0,999999999999,999999999999,999999999999
1702,sqlite3ExprListSetSpan,370,1072,9069709957.0,0.0,7.0,4407765.0,1072.0,30938985.0,0.0,7.0,999999999999,999999999999,999999999999
1806,sqlite3DbSpanDup,373,1040,9074120567.0,0.0,7.0,5485009.0,1040.0,30941615.0,0.0,7.0,999999999999,999999999999,999999999999
1762,sqlite3CteNew,383,1360,9079631227.0,0.0,1.0,5054099.0,1360.0,33095004.0,0.0,1.0,999999999999,999999999999,999999999999
1763,sqlite3WithAdd,989,1664,9084690526.0,0.0,1.0,10337370.0,1664.0,33159174.0,0.0,1.0,999999999999,999999999999,999999999999
1736,sqlite3ExprSetHeightAndFlags,141,1032,9095053356.0,0.0,2.0,3111949.0,1032.0,34921143.0,0.0,2.0,999999999999,999999999999,999999999999
1965,exprSetHeight,567,1216,9098167381.0,0.0,2.0,5445715.0,1216.0,34922893.0,0.0,2.0,999999999999,999999999999,999999999999
2280,heightOfExprList,275,1048,9103616896.0,0.0,7.0,4624769.0,1048.0,34927093.0,0.0,7.0,999999999999,999999999999,999999999999
2279,heightOfExpr,175,568,9108244231.0,0.0,19.0,2695694.0,568.0,34929853.0,0.0,19.0,999999999999,999999999999,999999999999
2433,sqlite3ExprListFlags,241,640,9110943130.0,0.0,1.0,4475865.0,640.0,34939853.0,0.0,1.0,999999999999,999999999999,999999999999
1694,attachWithToSelect,209,1016,9115445935.0,0.0,1.0,3555200.0,1016.0,37011522.0,0.0,1.0,999999999999,999999999999,999999999999
1719,sqlite3Insert,17231,15480,9119004810.0,0.0,1.0,130966415.0,15480.0,37107292.0,0.0,1.0,999999999999,999999999999,999999999999
1917,sqlite3VdbeCountChanges,67,544,9250005220.0,0.0,1.0,2175559.0,544.0,37203942.0,0.0,1.0,999999999999,999999999999,999999999999
1953,autoIncBegin,1262,1576,9252186730.0,0.0,1.0,10275839.0,1576.0,37211582.0,0.0,1.0,999999999999,999999999999,999999999999
1795,sqlite3SelectDestInit,161,648,9262467644.0,0.0,3.0,2629210.0,648.0,37256572.0,0.0,3.0,999999999999,999999999999,999999999999
2171,searchWith,472,1208,9265108454.0,0.0,1.0,6747960.0,1208.0,37319022.0,0.0,1.0,999999999999,999999999999,999999999999
1839,sqlite3ParserAddCleanup,381,1344,9271865099.0,0.0,3.0,5042899.0,1344.0,37341882.0,0.0,3.0,999999999999,999999999999,999999999999
1835,sqlite3SelectDup,1339,2544,9276915989.0,0.0,2.0,13753139.0,2544.0,37359842.0,0.0,2.0,999999999999,999999999999,999999999999
1836,sqlite3ExprListDup,1290,1904,9290671923.0,0.0,9.0,11448789.0,1904.0,37365872.0,0.0,9.0,999999999999,999999999999,999999999999
2004,sqlite3SrcListDup,1858,2424,9302132703.0,0.0,2.0,16135894.0,2424.0,37436242.0,0.0,2.0,999999999999,999999999999,999999999999
2103,sqlite3WithDup,874,1504,9318279667.0,0.0,2.0,8240534.0,1504.0,37508752.0,0.0,2.0,999999999999,999999999999,999999999999
2104,sqlite3WindowListDup,326,1120,9326522777.0,0.0,2.0,4620525.0,1120.0,37511632.0,0.0,2.0,999999999999,999999999999,999999999999
2092,findRightmost,120,560,9331159982.0,0.0,2.0,2616010.0,560.0,37617302.0,0.0,2.0,999999999999,999999999999,999999999999
2119,sqlite3ColumnsFromExprList,3611,3448,9333777682.0,0.0,1.0,27587853.0,3448.0,37623062.0,0.0,1.0,999999999999,999999999999,999999999999
1811,sqlite3IsTrueOrFalse,185,1056,9361374845.0,0.0,1.0,3520655.0,1056.0,37638592.0,0.0,1.0,999999999999,999999999999,999999999999
726,sqlite3HashClear,275,1136,9364915005.0,0.0,12.0,4448670.0,1136.0,37683242.0,0.0,12.0,999999999999,999999999999,999999999999
2133,resolveCompoundOrderBy,2890,2896,9369389770.0,0.0,1.0,23932684.0,2896.0,38015192.0,0.0,1.0,999999999999,999999999999,999999999999
2120,sqlite3SubqueryColumnTypes,3684,3224,9393339194.0,0.0,1.0,26982549.0,3224.0,38406972.0,0.0,1.0,999999999999,999999999999,999999999999
2177,sqlite3ExprDataType,980,3640,9420326918.0,0.0,1.0,11576629.0,3640.0,38421902.0,0.0,1.0,999999999999,999999999999,999999999999
1846,flattenSubquery,9196,6424,9431912327.0,0.0,1.0,65896692.0,6424.0,38462092.0,0.0,1.0,999999999999,999999999999,999999999999
1851,sqlite3SelectExprHeight,112,936,9497815070.0,0.0,2.0,2452169.0,936.0,38484912.0,0.0,2.0,999999999999,999999999999,999999999999
2217,heightOfSelect,338,1336,9500270909.0,0.0,2.0,5161314.0,1336.0,38486062.0,0.0,2.0,999999999999,999999999999,999999999999
1852,pushDownWhereTerms,2393,2872,9505437769.0,0.0,1.0,21810689.0,2872.0,38500432.0,0.0,1.0,999999999999,999999999999,999999999999
1853,disableUnusedSubqueryResultColumns,1877,1248,9527251069.0,0.0,1.0,14585464.0,1248.0,38504772.0,0.0,1.0,999999999999,999999999999,999999999999
1854,fromClauseTermCanBeCoroutine,1067,1384,9541838858.0,0.0,1.0,9951635.0,1384.0,38509432.0,0.0,1.0,999999999999,999999999999,999999999999
1857,isSelfJoinView,794,1360,9551792833.0,0.0,1.0,8756064.0,1360.0,38513862.0,0.0,1.0,999999999999,999999999999,999999999999
1855,sqlite3VdbeExplain,417,1256,9560554787.0,0.0,5.0,5013025.0,1256.0,38523672.0,0.0,5.0,999999999999,999999999999,999999999999
1847,multiSelect,7100,8304,9565573692.0,0.0,1.0,52016832.0,8304.0,38557802.0,0.0,1.0,999999999999,999999999999,999999999999
2208,hasAnchor,224,584,9617595380.0,0.0,1.0,3723760.0,584.0,38567402.0,0.0,1.0,999999999999,999999999999,999999999999
2209,generateWithRecursiveQuery,2949,4360,9621322215.0,0.0,1.0,25338719.0,4360.0,38570972.0,0.0,1.0,999999999999,999999999999,999999999999
1861,computeLimitRegisters,1015,2048,9646664689.0,0.0,1.0,9478720.0,2048.0,38577862.0,0.0,1.0,999999999999,999999999999,999999999999
2036,codeInteger,832,1592,9656176364.0,0.0,7.0,7780134.0,1592.0,38739622.0,0.0,7.0,999999999999,999999999999,999999999999
1884,sqlite3GetTempRange,396,1040,9663960518.0,0.0,3.0,4310275.0,1040.0,38748612.0,0.0,3.0,999999999999,999999999999,999999999999
1888,sqlite3ReleaseTempRange,242,960,9668276328.0,0.0,4.0,3407510.0,960.0,38765222.0,0.0,4.0,999999999999,999999999999,999999999999
1796,sqlite3VdbeEndCoroutine,149,976,9671751178.0,0.0,2.0,2754234.0,976.0,39541091.0,0.0,2.0,999999999999,999999999999,999999999999
1856,sqlite3ClearTempRegCache,69,560,9674510312.0,0.0,1.0,2049160.0,560.0,39548471.0,0.0,1.0,999999999999,999999999999,999999999999
2053,exprCodeVector,573,1392,9676579807.0,0.0,1.0,7229925.0,1392.0,39882261.0,0.0,1.0,999999999999,999999999999,999999999999
2054,exprToRegister,243,1008,9683827552.0,0.0,1.0,3500524.0,1008.0,40013821.0,0.0,1.0,999999999999,999999999999,999999999999
2055,setDoNotMergeFlagOnCopy,169,984,9687359107.0,0.0,1.0,2966320.0,984.0,40556691.0,0.0,1.0,999999999999,999999999999,999999999999
2060,sqlite3VdbeGetLastOp,106,912,9690326747.0,0.0,3.0,2417580.0,912.0,40557601.0,0.0,3.0,999999999999,999999999999,999999999999
2262,translateColumnToCopy,706,1376,9692762737.0,0.0,1.0,7304689.0,1376.0,40922881.0,0.0,1.0,999999999999,999999999999,999999999999
1954,readsTable,888,1528,9700077601.0,0.0,1.0,9424449.0,1528.0,40969151.0,0.0,1.0,999999999999,999999999999,999999999999
1959,autoIncStep,166,936,9709512216.0,0.0,1.0,3031405.0,936.0,41104881.0,0.0,1.0,999999999999,999999999999,999999999999
1938,sqlite3VdbeAppendP4,300,1024,9712554276.0,0.0,5.0,3835460.0,1024.0,41200910.0,0.0,5.0,999999999999,999999999999,999999999999
1930,sqlite3AutoincrementEnd,127,896,9716408996.0,0.0,1.0,2619505.0,896.0,41361680.0,0.0,1.0,999999999999,999999999999,999999999999
1649,sqlite3UpsertDelete,136,896,9719033276.0,0.0,1.0,2710165.0,896.0,41376590.0,0.0,1.0,999999999999,999999999999,999999999999
1544,sqlite3WithDelete,292,1112,9721757691.0,0.0,1.0,4907504.0,1112.0,41545490.0,0.0,1.0,999999999999,999999999999,999999999999
1546,cteClear,160,1088,9726668170.0,0.0,1.0,3052830.0,1088.0,41547840.0,0.0,1.0,999999999999,999999999999,999999999999
500,sqlite3IdListDelete,304,1120,9729729555.0,0.0,1.0,4922225.0,1120.0,41615810.0,0.0,1.0,999999999999,999999999999,999999999999
1343,sqlite3VtabSavepoint,893,1624,9734857375.0,0.0,2.0,9913950.0,1624.0,42484000.0,0.0,2.0,999999999999,999999999999,999999999999
1376,sqlite3BtreeBeginStmt,152,1040,9744774580.0,0.0,1.0,2942464.0,1040.0,42487680.0,0.0,1.0,999999999999,999999999999,999999999999
1250,pagerOpenSavepoint,1018,1576,9747719544.0,0.0,1.0,9604789.0,1576.0,42491230.0,0.0,1.0,999999999999,999999999999,999999999999
1385,sqlite3BtreeFakeValidCursor,17,520,9757344444.0,0.0,2.0,1617870.0,520.0,42652000.0,0.0,2.0,999999999999,999999999999,999999999999
813,sqlite3VdbeMemFromBtreeZeroOffset,295,1184,9759052409.0,5000000.0,50000.0,4168124.0,1184.0,43227960.0,80000000.0,50000.0,999999999999,999999999999,999999999999
756,vdbeMemAddTerminator,359,1088,9763225779.0,0.0,50004.0,4188560.0,1088.0,43237569.0,40000000.0,50004.0,999999999999,999999999999,999999999999
1399,sqlite3BtreeDelete,5061,4232,9767418569.0,5000000.0,50000.0,35481653.0,4232.0,43257440.0,390000000.0,50000.0,999999999999,999999999999,999999999999
1483,balance,1992,2408,9802907642.0,0.0,50420.0,15714419.0,2408.0,43297740.0,280000000.0,50424.0,999999999999,999999999999,999999999999
1424,sqlite3AddInt64,465,656,9818644456.0,0.0,99999.0,3821794.0,656.0,43442340.0,1020000000.0,99999.0,999999999999,999999999999,999999999999
1262,pagerAddPageToRollbackJournal,759,1672,9822637276.0,0.0,2.0,7325525.0,1672.0,44133799.0,0.0,3.0,999999999999,999999999999,999999999999
1228,pager_cksum,250,672,9829965521.0,0.0,2.0,5219744.0,672.0,44135809.0,0.0,3.0,999999999999,999999999999,999999999999
1264,write32bits,161,1048,9835187971.0,0.0,4.0,2931540.0,1048.0,44146359.0,0.0,6.0,999999999999,999999999999,999999999999
1026,sqlite3BitvecSet,2202,1984,9838175931.0,0.0,4.0,15958334.0,1984.0,44202399.0,0.0,6.0,999999999999,999999999999,999999999999
692,subjournalPageIfRequired,134,992,9854140170.0,5000000.0,51263.0,3086575.0,992.0,44216619.0,0.0,51285.0,999999999999,999999999999,999999999999
1259,subjRequiresPage,563,1272,9857229920.0,0.0,51263.0,7529724.0,1272.0,44217959.0,210000000.0,51285.0,999999999999,999999999999,999999999999
1555,moveToRightmost,422,1232,9864795675.0,0.0,421.0,5634829.0,1232.0,43527409.0,0.0,425.0,999999999999,999999999999,999999999999
1563,anotherValidCursor,344,1032,9870863724.0,0.0,1.0,4693905.0,1032.0,2450560256.0,0.0,1.0,999999999999,999999999999,999999999999
1564,balance_deeper,875,1824,9875559164.0,0.0,1.0,8420134.0,1824.0,2450564556.0,0.0,1.0,999999999999,999999999999,999999999999
1568,copyNodeContent,814,1552,9884060769.0,0.0,1.0,7755640.0,1552.0,2450667166.0,0.0,1.0,999999999999,999999999999,999999999999
1149,btreeInitPage,896,1464,9891819369.0,0.0,1.0,8216189.0,1464.0,17018672.0,0.0,786.0,999999999999,999999999999,999999999999
1478,btreeComputeFreeSpace,1762,1680,9900039438.0,0.0,1.0,12702044.0,1680.0,43672759.0,0.0,3.0,999999999999,999999999999,999999999999
1565,balance_quick,1979,2368,9912751333.0,0.0,420.0,16238624.0,2368.0,75057005.0,0.0,424.0,999999999999,999999999999,999999999999
1235,cellSizePtrTableLeaf,1514,968,9929009492.0,0.0,420.0,10464964.0,968.0,75233145.0,10000000.0,424.0,999999999999,999999999999,999999999999
1569,rebuildPage,2658,2368,9939478546.0,0.0,420.0,19844209.0,2368.0,75249885.0,10000000.0,424.0,999999999999,999999999999,999999999999
1567,sqlite3PagerTempSpace,50,544,9959325156.0,0.0,420.0,1847800.0,544.0,75254554.0,0.0,424.0,999999999999,999999999999,999999999999
1485,insertCell,3376,2960,9961177451.0,0.0,420.0,23363769.0,2960.0,75274265.0,0.0,427.0,999999999999,999999999999,999999999999
1458,moveToChild,833,1480,9984591870.0,0.0,841.0,7878559.0,1480.0,43531620.0,0.0,1648.0,999999999999,999999999999,999999999999
1455,putVarint64,805,848,10041364172.0,0.0,33617.0,7529720.0,848.0,43687659.0,360000000.0,50000.0,999999999999,999999999999,999999999999
724,sqlite3BtreeClose,645,1584,10151686132.0,0.0,2.0,7585064.0,1584.0,20480335370.0,0.0,2.0,999999999999,999999999999,999999999999
714,sqlite3BtreeRollback,564,1656,10159276362.0,0.0,3.0,7074565.0,1656.0,20480339360.0,0.0,3.0,999999999999,999999999999,999999999999
715,saveAllCursors,513,1096,10166353697.0,0.0,3.0,6152709.0,1096.0,20480342570.0,0.0,3.0,999999999999,999999999999,999999999999
717,sqlite3PagerRollback,679,1296,10172508196.0,0.0,1.0,6103635.0,1296.0,20480348130.0,0.0,1.0,999999999999,999999999999,999999999999
1208,sqlite3PcacheClearWritable,198,608,10178620036.0,0.0,2.0,3541879.0,608.0,20480369720.0,0.0,2.0,999999999999,999999999999,999999999999
1178,getPageError,88,592,10182170446.0,0.0,1.0,2361035.0,592.0,20480388020.0,0.0,1.0,999999999999,999999999999,999999999999
1133,sqlite3PagerClose,449,1592,10184543116.0,0.0,2.0,5708020.0,1592.0,20480429460.0,0.0,2.0,999999999999,999999999999,999999999999
1157,pagerFreeMapHdrs,182,1024,10190254026.0,0.0,2.0,3780615.0,1024.0,20480432210.0,0.0,2.0,999999999999,999999999999,999999999999
2703,pcache1TruncateUnsafe,724,1336,10194041346.0,0.0,2.0,8215039.0,1336.0,20480453650.0,0.0,2.0,999999999999,999999999999,999999999999
2706,pcache1FreePage,266,1000,10202259635.0,0.0,424.0,3529354.0,1000.0,20480460260.0,0.0,489.0,999999999999,999999999999,999999999999
1162,sqlite3PcacheClose,99,904,10205805070.0,0.0,2.0,2405035.0,904.0,20480514220.0,0.0,2.0,999999999999,999999999999,999999999999
2693,pcache1Destroy,356,1272,10208211955.0,0.0,2.0,4827785.0,1272.0,20480515330.0,0.0,2.0,999999999999,999999999999,999999999999
1013,freeTempSpace,184,952,10213047710.0,0.0,2.0,2999205.0,952.0,20480553220.0,0.0,2.0,999999999999,999999999999,999999999999
1327,vdbeCloseStatement,824,1680,10216065149.0,0.0,1.0,9822035.0,1680.0,20480650350.0,0.0,1.0,999999999999,999999999999,999999999999
1342,sqlite3BtreeSavepoint,551,1456,10225890304.0,0.0,1.0,6396095.0,1456.0,20480654550.0,0.0,1.0,999999999999,999999999999,999999999999
1344,sqlite3PagerSavepoint,952,1624,10232289949.0,0.0,1.0,9711760.0,1624.0,20480658420.0,0.0,1.0,999999999999,999999999999,999999999999
719,btreeSetNPage,182,1048,10242010739.0,0.0,1.0,3411145.0,1048.0,20480673610.0,0.0,1.0,999999999999,999999999999,999999999999
1316,sqlite3VdbeSetChanges,106,576,10245427184.0,0.0,1.0,2248035.0,576.0,20480684910.0,0.0,1.0,999999999999,999999999999,999999999999
1673,sqlite3EndTransaction,288,1128,10247725888.0,0.0,1.0,3917084.0,1128.0,20481187970.0,0.0,1.0,999999999999,999999999999,999999999999
1727,sqlite3ExprFunction,677,1472,10258666223.0,0.0,1.0,7031140.0,1472.0,20499224822.0,0.0,1.0,999999999999,999999999999,999999999999
2130,sqlite3ReferencesSrcList,751,1472,10265745138.0,0.0,1.0,7022424.0,1472.0,20500718311.0,0.0,1.0,999999999999,999999999999,999999999999
2155,windowRemoveExprFromSelect,254,968,10272776517.0,0.0,1.0,3363005.0,968.0,20500824971.0,0.0,1.0,999999999999,999999999999,999999999999
2139,resolveAlias,1611,1928,10276142937.0,0.0,1.0,10854784.0,1928.0,20500840971.0,0.0,1.0,999999999999,999999999999,999999999999
2146,incrAggFunctionDepth,247,960,10287005151.0,0.0,1.0,3199930.0,960.0,20500870921.0,0.0,1.0,999999999999,999999999999,999999999999
1963,sqlite3ExprDeferredDelete,135,928,10290206751.0,0.0,1.0,2558050.0,928.0,20500877621.0,0.0,1.0,999999999999,999999999999,999999999999
1877,sqlite3ExprAnalyzeAggList,289,1096,10292789821.0,0.0,3.0,4577260.0,1096.0,20501078001.0,0.0,3.0,999999999999,999999999999,999999999999
1879,sqlite3ExprAnalyzeAggregates,181,1168,10297369576.0,0.0,2.0,2881509.0,1168.0,20501080461.0,0.0,2.0,999999999999,999999999999,999999999999
2265,analyzeAggregate,3790,3776,10300254031.0,0.0,2.0,29407804.0,3776.0,20501084711.0,0.0,2.0,999999999999,999999999999,999999999999
2390,findOrCreateAggInfoColumn,1720,1664,10329666410.0,0.0,1.0,13816034.0,1664.0,20501092421.0,0.0,1.0,999999999999,999999999999,999999999999
2392,addAggInfoColumn,166,1016,10343485984.0,0.0,1.0,2792500.0,1016.0,20501096511.0,0.0,1.0,999999999999,999999999999,999999999999
2393,sqlite3ArrayAllocate,626,1264,10346280429.0,0.0,2.0,5984015.0,1264.0,20501098101.0,0.0,2.0,999999999999,999999999999,999999999999
2391,addAggInfoFunc,166,1016,10352275959.0,0.0,1.0,2861719.0,1016.0,20501125701.0,0.0,1.0,999999999999,999999999999,999999999999
1881,analyzeAggFuncArgs,479,1320,10355151949.0,0.0,1.0,6806964.0,1320.0,20501172521.0,0.0,1.0,999999999999,999999999999,999999999999
2300,whereSortingCost,951,1360,10361992048.0,0.0,1.0,7714074.0,1360.0,20501572761.0,0.0,1.0,999999999999,999999999999,999999999999
1883,assignAggregateRegisters,142,600,10369723983.0,0.0,1.0,2571530.0,600.0,20501735661.0,0.0,1.0,999999999999,999999999999,999999999999
1866,sqlite3WhereIsDistinct,61,544,10372297063.0,0.0,1.0,1954540.0,544.0,20501737401.0,0.0,1.0,999999999999,999999999999,999999999999
1891,sqlite3KeyInfoRef,119,552,10374270778.0,0.0,1.0,2432980.0,552.0,20501873050.0,0.0,1.0,999999999999,999999999999,999999999999
1892,sqlite3ExprCodeMove,138,952,10376706948.0,0.0,1.0,2714530.0,952.0,20501883830.0,0.0,1.0,999999999999,999999999999,999999999999
1893,updateAccumulator,4313,4864,10379425308.0,0.0,1.0,37470178.0,4864.0,20501899361.0,0.0,1.0,999999999999,999999999999,999999999999
1927,sqlite3VdbeJumpHereOrPopInst,210,928,10416905176.0,0.0,1.0,3075009.0,928.0,20501946430.0,0.0,1.0,999999999999,999999999999,999999999999
1894,finalizeAggFunctions,1917,2928,10419990371.0,0.0,1.0,18019739.0,2928.0,20501976780.0,0.0,1.0,999999999999,999999999999,999999999999
1896,resetAccumulator,1712,2272,10438021425.0,0.0,1.0,14306179.0,2272.0,20502064550.0,0.0,1.0,999999999999,999999999999,999999999999
1876,agginfoFree,167,1104,10452366085.0,0.0,1.0,3093475.0,1104.0,20502306290.0,0.0,1.0,999999999999,999999999999,999999999999
2096,sqlite3ExprDeleteGeneric,136,896,10455465334.0,0.0,1.0,2737010.0,896.0,20502316670.0,0.0,1.0,999999999999,999999999999,999999999999
1384,sqlite3VdbeSorterInit,1887,2080,10458361329.0,0.0,1.0,14238619.0,2080.0,20502670600.0,0.0,1.0,999999999999,999999999999,999999999999
602,sqlite3BtreeGetPageSize,56,552,10472608714.0,0.0,1.0,1955294.0,552.0,20502683680.0,0.0,1.0,999999999999,999999999999,999999999999
1405,sqlite3VdbeSorterWrite,3090,2248,10474600048.0,0.0,50000.0,20484584.0,2248.0,20502984920.0,440000000.0,100000.0,999999999999,999999999999,999999999999
1457,moveToParent,317,1024,10495156643.0,0.0,421.0,3765770.0,1024.0,20509904136.0,0.0,847.0,999999999999,999999999999,999999999999
2736,dispose_chunk,1638,2120,10498983383.0,0.0,4.0,23013244.0,2120.0,,,,999999999999,999999999999,999999999999
1403,sqlite3VdbeSorterRewind,417,1232,10543484785.0,0.0,1.0,5161340.0,1232.0,25786447969.0,0.0,1.0,999999999999,999999999999,999999999999
1487,vdbeSorterSort,1377,1728,10548650305.0,0.0,1.0,11444644.0,1728.0,25786451818.0,0.0,1.0,999999999999,999999999999,999999999999
1577,vdbeSortAllocUnpacked,319,1072,10560098325.0,0.0,1.0,4151539.0,1072.0,25786455158.0,0.0,1.0,999999999999,999999999999,999999999999
1395,sqlite3VdbeAllocUnpackedRecord,368,1056,10564252674.0,0.0,1.0,4074630.0,1056.0,25786457749.0,0.0,1.0,999999999999,999999999999,999999999999
1578,vdbeSorterGetCompare,222,584,10568336214.0,0.0,1.0,2713870.0,584.0,25786491049.0,0.0,1.0,999999999999,999999999999,999999999999
1579,vdbeSorterMerge,596,1312,10571052759.0,0.0,49999.0,6426099.0,1312.0,25786499089.0,120000000.0,99999.0,999999999999,999999999999,999999999999
1584,vdbeSorterCompareText,933,1592,10577480664.0,15000000.0,655500.0,8811369.0,1592.0,25786501878.0,3450000000.0,1398500.0,999999999999,999999999999,999999999999
1401,sqlite3VdbeSorterRowkey,325,1216,10617244347.0,0.0,50000.0,5091944.0,1216.0,32717225994.0,40000000.0,100000.0,999999999999,999999999999,999999999999
1486,vdbeSorterRowkey,312,688,10622340602.0,0.0,50000.0,3792150.0,688.0,32717230034.0,130000000.0,100000.0,999999999999,999999999999,999999999999
843,sqlite3VdbeMemMove,293,1056,10626147882.0,0.0,4.0,3387929.0,1056.0,32717307234.0,0.0,4.0,999999999999,999999999999,999999999999
1407,sqlite3VdbeMemInit,107,608,10629542657.0,0.0,1.0,2432720.0,608.0,32717349464.0,0.0,1.0,999999999999,999999999999,999999999999
2502,countStep,259,1064,10631978617.0,0.0,50000.0,3835679.0,1064.0,32717357074.0,50000000.0,100000.0,999999999999,999999999999,999999999999
816,sqlite3_aggregate_context,196,984,10635818827.0,5000000.0,50004.0,3329725.0,984.0,32717360444.0,250000000.0,100004.0,999999999999,999999999999,999999999999
817,createAggContext,350,1176,10639151576.0,0.0,4.0,4344804.0,1176.0,32717362454.0,0.0,4.0,999999999999,999999999999,999999999999
1404,sqlite3VdbeSorterNext,479,1240,10643505121.0,5000000.0,50000.0,5403145.0,1240.0,32717406604.0,490000000.0,100000.0,999999999999,999999999999,999999999999
735,vdbeMemClear,219,1048,10654261641.0,0.0,3.0,3862090.0,1048.0,33966174240.0,0.0,3.0,999999999999,999999999999,999999999999
1346,sqlite3VdbeMemFinalize,626,1320,10658128601.0,0.0,4.0,6036844.0,1320.0,33966199000.0,0.0,4.0,999999999999,999999999999,999999999999
2503,countFinalize,191,1000,10664168575.0,0.0,4.0,3190490.0,1000.0,33966203620.0,0.0,4.0,999999999999,999999999999,999999999999
778,sqlite3_result_int64,101,896,10667362165.0,0.0,4.0,2386474.0,896.0,33966207720.0,0.0,4.0,999999999999,999999999999,999999999999
776,sqlite3VdbeMemSetInt64,186,936,10669750850.0,0.0,4.0,3115865.0,936.0,33966209140.0,0.0,4.0,999999999999,999999999999,999999999999
632,sqlite3_column_type,134,1056,10672886955.0,0.0,8.0,2887065.0,1056.0,33966325470.0,0.0,8.0,999999999999,999999999999,999999999999
752,sqlite3_value_type,95,552,10675777690.0,0.0,8.0,2150670.0,552.0,33966330930.0,0.0,8.0,999999999999,999999999999,999999999999
433,shell_callback,20663,17320,10677947250.0,0.0,4.0,132809154.0,17320.0,33966389500.0,0.0,4.0,999999999999,999999999999,999999999999
230,oPutsUtf8,314,1368,10810762814.0,0.0,16.0,4173709.0,1368.0,33966416630.0,0.0,16.0,999999999999,999999999999,999999999999
2870,__stdout_write,61,1008,10814949144.0,0.0,1.0,2958675.0,1008.0,33966464350.0,0.0,1.0,999999999999,999999999999,999999999999
1330,sqlite3VdbeSorterClose,221,1128,10834246088.0,0.0,1.0,3657944.0,1128.0,37698754766.0,0.0,1.0,999999999999,999999999999,999999999999
1332,sqlite3VdbeSorterReset,535,1480,10837907278.0,0.0,1.0,7066905.0,1480.0,37698757726.0,0.0,1.0,999999999999,999999999999,999999999999
1333,vdbeMergeEngineFree,263,1056,10844975648.0,0.0,1.0,4511930.0,1056.0,37698759075.0,0.0,1.0,999999999999,999999999999,999999999999
1334,vdbeSortSubtaskCleanup,303,1184,10849490583.0,0.0,1.0,4108174.0,1184.0,37698762595.0,0.0,1.0,999999999999,999999999999,999999999999
1335,vdbeSorterRecordFree,190,1032,10853606282.0,0.0,1.0,3823590.0,1032.0,37698780226.0,0.0,1.0,999999999999,999999999999,999999999999
1308,freeEphemeralFunction,124,912,10857558682.0,0.0,2.0,2727030.0,912.0,37699142955.0,0.0,2.0,999999999999,999999999999,999999999999
1306,freeP4FuncCtx,122,1000,10860288992.0,0.0,1.0,2606499.0,1000.0,37699153025.0,0.0,1.0,999999999999,999999999999,999999999999
198,set_table_name,1060,1520,10862923587.0,0.0,1.0,8893410.0,1520.0,37699270205.0,0.0,1.0,999999999999,999999999999,999999999999
168,close_db,156,1088,10871820897.0,0.0,1.0,3160014.0,1088.0,37699275275.0,0.0,1.0,999999999999,999999999999,999999999999
951,sqlite3_close,85,904,10874983857.0,0.0,1.0,2343999.0,904.0,37699276885.0,0.0,1.0,999999999999,999999999999,999999999999
952,sqlite3Close,670,1704,10877330941.0,0.0,1.0,8481279.0,1704.0,37699278145.0,0.0,1.0,999999999999,999999999999,999999999999
953,disconnectAllVtab,681,1424,10885815091.0,0.0,1.0,8551234.0,1424.0,37699283525.0,0.0,1.0,999999999999,999999999999,999999999999
690,sqlite3VtabUnlockList,240,1056,10894371940.0,0.0,2.0,3880915.0,1056.0,37699296965.0,0.0,2.0,999999999999,999999999999,999999999999
954,sqlite3VtabRollback,88,904,10898256180.0,0.0,2.0,2292085.0,904.0,37699300065.0,0.0,2.0,999999999999,999999999999,999999999999
721,connectionIsBusy,377,1176,10900551995.0,0.0,2.0,5630915.0,1176.0,37699303045.0,0.0,2.0,999999999999,999999999999,999999999999
2439,sqlite3BtreeIsInBackup,79,552,10906186150.0,0.0,2.0,2102685.0,552.0,37699306475.0,0.0,2.0,999999999999,999999999999,999999999999
722,sqlite3RollbackAll,878,1744,10908293775.0,0.0,1.0,9720114.0,1744.0,37699316545.0,0.0,1.0,999999999999,999999999999,999999999999
1097,dotlockClose,137,1048,10918162995.0,0.0,1.0,2886044.0,1048.0,37704692393.0,0.0,1.0,999999999999,999999999999,999999999999
689,sqlite3SchemaClear,859,1664,10921086364.0,0.0,2.0,8218425.0,1664.0,37704769253.0,0.0,2.0,999999999999,999999999999,999999999999
691,sqlite3CollapseDatabaseArray,884,1432,10929332134.0,0.0,1.0,8512185.0,1432.0,37705062923.0,0.0,1.0,999999999999,999999999999,999999999999
727,sqlite3VtabEponymousTableClear,209,984,10937865804.0,0.0,5.0,3304979.0,984.0,37705443392.0,0.0,5.0,999999999999,999999999999,999999999999
728,sqlite3VtabModuleUnref,235,1056,10941174208.0,0.0,5.0,3810715.0,1056.0,37705445223.0,0.0,5.0,999999999999,999999999999,999999999999
729,sqlite3ValueFree,155,992,10944994508.0,0.0,1.0,2970079.0,992.0,37705522952.0,0.0,1.0,999999999999,999999999999,999999999999
199,output_reset,439,1360,10947972333.0,0.0,1.0,4950900.0,1360.0,37705558022.0,0.0,1.0,999999999999,999999999999,999999999999
245,output_file_close,227,896,10952927273.0,0.0,1.0,2949500.0,896.0,37705560312.0,0.0,1.0,999999999999,999999999999,999999999999
283,setOutputStream,85,904,10955880178.0,0.0,1.0,2294525.0,904.0,37705563582.0,0.0,1.0,999999999999,999999999999,999999999999
459,designateEmitStream,446,1136,10958177123.0,0.0,1.0,4540965.0,1136.0,37705565222.0,0.0,1.0,999999999999,999999999999,999999999999
424,isKnownWritable,274,616,10962720128.0,0.0,1.0,3725894.0,616.0,37705567902.0,0.0,1.0,999999999999,999999999999,999999999999
2831,__wasm_call_dtors,15,864,10966451492.0,0.0,1.0,1893720.0,864.0,37705579282.0,0.0,1.0,999999999999,999999999999,999999999999
2828,__funcs_on_exit,183,1040,10968347177.0,0.0,1.0,4251930.0,1040.0,37705580302.0,0.0,1.0,999999999999,999999999999,999999999999
2830,call,12,824,10972600387.0,0.0,2.0,1896045.0,824.0,37705582242.0,0.0,2.0,999999999999,999999999999,999999999999
175,sayAbnormalExit,47,848,10974498362.0,0.0,1.0,2131005.0,848.0,37705582982.0,0.0,1.0,999999999999,999999999999,999999999999
174,consoleRestore,4,512,10976631297.0,0.0,1.0,1460340.0,512.0,37705584742.0,0.0,1.0,999999999999,999999999999,999999999999
2839,__stdio_exit,389,1712,10978093622.0,0.0,1.0,8297274.0,1712.0,37705585802.0,0.0,1.0,999999999999,999999999999,999999999999
2863,__ofl_lock,9,520,10986393711.0,10000000.0,1.0,1603235.0,520.0,1970479.0,10000000.0,3.0,999999999999,999999999999,999999999999
1198,readDbPage,551,1192,,,,,,12193254.0,0.0,785.0,999999999999,999999999999,999999999999
1240,cellSizePtrNoPayload,259,624,,,,,,2451218146.0,10000000.0,573.0,999999999999,999999999999,999999999999
1426,sqlite3PagerOkToChangeJournalMode,258,592,,,,,,27085237.0,0.0,1.0,999999999999,999999999999,999999999999
1427,sqlite3PagerSetJournalMode,1172,1720,,,,,,27088577.0,0.0,1.0,999999999999,999999999999,999999999999
1428,sqlite3JournalModename,150,568,,,,,,27093267.0,0.0,1.0,999999999999,999999999999,999999999999
1561,pageFindSlot,1574,1624,,,,,,13408502480.0,10000000.0,148.0,999999999999,999999999999,999999999999
1566,balance_nonroot,24537,14120,,,,,,2450738756.0,0.0,3.0,999999999999,999999999999,999999999999
1570,cachedCellSize,281,968,,,,,,2451225736.0,0.0,1081.0,999999999999,999999999999,999999999999
1572,editPage,3081,3032,,,,,,2452767975.0,0.0,6.0,999999999999,999999999999,999999999999
1573,computeCellSize,270,1064,,,,,,2451227676.0,0.0,568.0,999999999999,999999999999,999999999999
1574,pageFreeArray,2284,2080,,,,,,2453403075.0,0.0,3.0,999999999999,999999999999,999999999999
1575,pageInsertArray,1685,1936,,,,,,2452777775.0,0.0,9.0,999999999999,999999999999,999999999999
1782,sqlite3ForceNotReadOnly,232,1120,,,,,,24196198.0,0.0,1.0,999999999999,999999999999,999999999999
2700,pcache1RemoveFromHash,365,1056,,,,,,20890361975.0,0.0,723.0,999999999999,999999999999,999999999999
2836,dummy,4,512,,,,,,2006249.0,0.0,1.0,999999999999,999999999999,999999999999
2837,fclose,153,1288,,,,,,1991819.0,0.0,1.0,999999999999,999999999999,999999999999
2846,__stdio_seek,18,840,,,,,,1993039.0,0.0,1.0,999999999999,999999999999,999999999999
2849,readv,115,984,,,,,,1976389.0,0.0,1.0,999999999999,999999999999,999999999999
2851,__stdio_close,15,840,,,,,,1997849.0,0.0,1.0,999999999999,999999999999,999999999999
2852,__fdopen,390,1712,,,,,,1959209.0,0.0,1.0,999999999999,999999999999,999999999999
2856,fread,198,1288,,,,,,1972819.0,0.0,1.0,999999999999,999999999999,999999999999
2864,__ofl_unlock,3,512,,,,,,1970979.0,0.0,2.0,999999999999,999999999999,999999999999
2865,__ofl_add,53,944,,,,,,1970089.0,0.0,1.0,999999999999,999999999999,999999999999
