id,name,size.bytecode,size.static,start.jit,exec.jit,freq.jit,compilation.jit,size.dynamic.jit,start.interp,exec.interp,freq.interp,exec.spec,compilation.spec,size.dynamic.spec
28,_start,83,992,62310.0,0.0,0.0,4428358.0,992.0,64410.0,0.0,0.0,999999999999,999999999999,999999999999
27,__wasm_call_ctors,5,808,4491578.0,0.0,1.0,1810659.0,808.0,68910.0,0.0,1.0,999999999999,999999999999,999999999999
39,init,20,840,6302787.0,0.0,1.0,1997869.0,840.0,69550.0,0.0,1.0,999999999999,999999999999,999999999999
2759,__wasi_clock_time_get,20,824,8301246.0,0.0,2.0,1978200.0,824.0,70820.0,0.0,2.0,999999999999,999999999999,999999999999
2752,__main_void,214,1400,10285416.0,0.0,1.0,4954768.0,1400.0,76780.0,0.0,1.0,999999999999,999999999999,999999999999
2756,__wasi_args_sizes_get,18,824,15240923.0,0.0,1.0,1926170.0,824.0,77850.0,0.0,1.0,999999999999,999999999999,999999999999
2729,malloc,12,808,17170653.0,0.0,10306.0,1802139.0,808.0,81850.0,0.0,10292.0,999999999999,999999999999,999999999999
2730,dlmalloc,5377,8240,18973492.0,0.0,10328.0,80277831.0,8240.0,82280.0,50000000.0,10313.0,999999999999,999999999999,999999999999
2734,calloc,109,984,99259903.0,0.0,2.0,3658288.0,984.0,100010.0,0.0,2.0,999999999999,999999999999,999999999999
2900,memset,393,1200,102919411.0,10000000.0,22621.0,9297356.0,1200.0,103340.0,30000000.0,22579.0,999999999999,999999999999,999999999999
2755,__wasi_args_get,18,816,112217807.0,0.0,1.0,1804889.0,816.0,105480.0,0.0,1.0,999999999999,999999999999,999999999999
172,main,15217,17584,114024396.0,0.0,1.0,113605546.0,17584.0,106750.0,0.0,1.0,999999999999,999999999999,999999999999
2868,setvbuf,125,648,227633642.0,0.0,1.0,3623118.0,648.0,122190.0,0.0,1.0,999999999999,999999999999,999999999999
173,consoleClassifySetup,620,1304,231258100.0,0.0,1.0,6407097.0,1304.0,123430.0,0.0,1.0,999999999999,999999999999,999999999999
201,streamOfConsole,162,1024,237666477.0,0.0,3.0,2742819.0,1024.0,126950.0,0.0,3.0,999999999999,999999999999,999999999999
2844,fileno,35,552,240410086.0,0.0,3.0,1960429.0,552.0,128550.0,0.0,3.0,999999999999,999999999999,999999999999
2798,__isatty,104,968,242371415.0,0.0,4.0,2983658.0,968.0,129320.0,0.0,4.0,999999999999,999999999999,999999999999
2761,__wasi_fd_fdstat_get,18,824,245356044.0,0.0,15.0,1770230.0,824.0,130050.0,0.0,11.0,999999999999,999999999999,999999999999
2838,fflush,362,1648,247132283.0,0.0,27.0,8226086.0,1648.0,135700.0,0.0,28.0,999999999999,999999999999,999999999999
202,consoleRenewSetup,5,512,255363609.0,0.0,1.0,1338729.0,512.0,147150.0,0.0,1.0,999999999999,999999999999,999999999999
2829,atexit,162,984,256703268.0,0.0,2.0,3273329.0,984.0,149040.0,0.0,2.0,999999999999,999999999999,999999999999
2825,getenv,154,1120,259977507.0,0.0,5.0,4826467.0,1120.0,150680.0,0.0,5.0,999999999999,999999999999,999999999999
2823,__wasilibc_ensure_environ,27,824,264804904.0,0.0,5.0,1940409.0,824.0,151130.0,0.0,5.0,999999999999,999999999999,999999999999
2824,__wasilibc_initialize_environ,194,1360,266746123.0,0.0,1.0,4535588.0,1360.0,151650.0,0.0,1.0,999999999999,999999999999,999999999999
2758,__wasi_environ_sizes_get,18,824,271282681.0,0.0,1.0,1822289.0,824.0,152330.0,0.0,1.0,999999999999,999999999999,999999999999
2902,__strchrnul,358,1144,273106910.0,0.0,7.0,7164707.0,1144.0,153630.0,0.0,9.0,999999999999,999999999999,999999999999
34,signal,105,576,280272807.0,0.0,1.0,2516329.0,576.0,157830.0,0.0,1.0,999999999999,999999999999,999999999999
1048,sqlite3_sourceid,16,520,282790016.0,0.0,1.0,1578389.0,520.0,159900.0,0.0,1.0,999999999999,999999999999,999999999999
177,cli_strncmp,231,976,284369455.0,0.0,1.0,3336989.0,976.0,161120.0,0.0,1.0,999999999999,999999999999,999999999999
2909,strncmp,136,632,287707164.0,0.0,1.0,4439277.0,632.0,163720.0,0.0,1.0,999999999999,999999999999,999999999999
178,main_init,496,1696,292147601.0,0.0,1.0,4774388.0,1696.0,178830.0,0.0,1.0,999999999999,999999999999,999999999999
935,sqlite3_config,3089,3328,296923779.0,0.0,8.0,15142743.0,3328.0,182800.0,0.0,8.0,999999999999,999999999999,999999999999
179,verify_uninitialized,98,968,312067662.0,0.0,3.0,2565348.0,968.0,189880.0,0.0,3.0,999999999999,999999999999,999999999999
566,sqlite3_snprintf,290,1136,314634910.0,0.0,7.0,4004208.0,1136.0,201570.0,0.0,5.0,999999999999,999999999999,999999999999
562,sqlite3StrAccumInit,199,680,318640058.0,10000000.0,10041.0,3122689.0,680.0,203810.0,10000000.0,10031.0,999999999999,999999999999,999999999999
532,sqlite3_str_vappendf,24753,15472,321763947.0,0.0,10041.0,195412577.0,15472.0,206610.0,320000000.0,10031.0,999999999999,999999999999,999999999999
533,sqlite3_str_append,314,1024,517179294.0,0.0,10102.0,4359358.0,1024.0,250350.0,0.0,10044.0,999999999999,999999999999,999999999999
2898,memcpy,1008,1888,521540632.0,0.0,104496.0,15431463.0,1888.0,253720.0,380000000.0,127596.0,999999999999,999999999999,999999999999
505,sqlite3_initialize,962,1616,536977505.0,0.0,20024.0,7561936.0,1616.0,298680.0,30000000.0,20022.0,999999999999,999999999999,999999999999
506,sqlite3MallocInit,453,1072,544540371.0,0.0,1.0,4096238.0,1072.0,301220.0,0.0,1.0,999999999999,999999999999,999999999999
928,sqlite3MemSetDefault,82,880,548637519.0,0.0,1.0,2083570.0,880.0,302790.0,0.0,1.0,999999999999,999999999999,999999999999
2687,sqlite3MemInit,38,536,550722719.0,0.0,1.0,1729030.0,536.0,308970.0,0.0,1.0,999999999999,999999999999,999999999999
507,sqlite3RegisterBuiltinFunctions,53,984,552453058.0,0.0,1.0,2071249.0,984.0,313190.0,0.0,1.0,999999999999,999999999999,999999999999
929,sqlite3AlterFunctions,28,832,554525157.0,0.0,1.0,1767399.0,832.0,313670.0,0.0,1.0,999999999999,999999999999,999999999999
933,sqlite3InsertBuiltinFuncs,665,1424,556293306.0,0.0,5.0,7608336.0,1424.0,314210.0,0.0,5.0,999999999999,999999999999,999999999999
538,sqlite3Strlen30,169,936,563902532.0,0.0,10335.0,2878478.0,936.0,316680.0,20000000.0,10297.0,999999999999,999999999999,999999999999
2908,strlen,206,656,566781971.0,0.0,10850.0,5050757.0,656.0,318350.0,10000000.0,10716.0,999999999999,999999999999,999999999999
970,sqlite3FunctionSearch,264,1064,571834388.0,0.0,181.0,4530858.0,1064.0,322360.0,0.0,181.0,999999999999,999999999999,999999999999
573,sqlite3StrICmp,361,672,576367646.0,0.0,924.0,4466178.0,672.0,339790.0,0.0,876.0,999999999999,999999999999,999999999999
930,sqlite3WindowFunctions,28,832,580835984.0,0.0,1.0,1899979.0,832.0,354090.0,0.0,1.0,999999999999,999999999999,999999999999
931,sqlite3RegisterDateTimeFunctions,28,832,582739963.0,0.0,1.0,1872089.0,832.0,439870.0,0.0,1.0,999999999999,999999999999,999999999999
932,sqlite3RegisterJsonFunctions,29,832,584615742.0,0.0,1.0,1893689.0,832.0,502600.0,0.0,1.0,999999999999,999999999999,999999999999
508,sqlite3PcacheInitialize,111,936,586530901.0,0.0,1.0,2679539.0,936.0,1614929.0,0.0,1.0,999999999999,999999999999,999999999999
934,sqlite3PCacheSetDefault,83,880,589211550.0,0.0,1.0,2250319.0,880.0,1616069.0,0.0,1.0,999999999999,999999999999,999999999999
2689,pcache1Init,340,984,591463859.0,0.0,1.0,3241038.0,984.0,1622259.0,0.0,1.0,999999999999,999999999999,999999999999
509,sqlite3OsInit,174,1024,594706277.0,0.0,1.0,3231169.0,1024.0,1625539.0,0.0,1.0,999999999999,999999999999,999999999999
520,sqlite3_malloc,204,1000,597938596.0,0.0,1.0,3388368.0,1000.0,1626439.0,0.0,1.0,999999999999,999999999999,999999999999
512,hasHighPrecisionDouble,488,1720,601328194.0,0.0,8.0,4670038.0,1720.0,1631329.0,0.0,8.0,999999999999,999999999999,999999999999
2924,__extenddftf2,269,1128,605999412.0,0.0,10036.0,4918957.0,1128.0,1634139.0,20000000.0,10036.0,999999999999,999999999999,999999999999
2921,__addtf3,1437,3104,610919949.0,0.0,8.0,21554251.0,3104.0,1638269.0,0.0,8.0,999999999999,999999999999,999999999999
2930,__ashlti3,84,592,632475129.0,0.0,10009.0,2976548.0,592.0,1641329.0,20000000.0,10009.0,999999999999,999999999999,999999999999
2933,__lshrti3,85,592,635452598.0,0.0,10028.0,2817248.0,592.0,1642289.0,280000000.0,10028.0,999999999999,999999999999,999999999999
2931,__fe_getround,5,520,638270806.0,0.0,8.0,1587189.0,520.0,1644909.0,0.0,8.0,999999999999,999999999999,999999999999
2922,__letf2,226,712,639858885.0,0.0,91278.0,4121019.0,712.0,1646569.0,50000000.0,91258.0,999999999999,999999999999,999999999999
521,sqlite3Malloc,306,1032,643981294.0,0.0,10301.0,3764108.0,1032.0,1649889.0,0.0,10286.0,999999999999,999999999999,999999999999
522,mallocWithAlarm,747,1608,647747302.0,0.0,10301.0,6562997.0,1608.0,1652539.0,0.0,10286.0,999999999999,999999999999,999999999999
2686,sqlite3MemRoundup,63,544,654311729.0,0.0,10327.0,2001399.0,544.0,1654569.0,30000000.0,10305.0,999999999999,999999999999,999999999999
528,sqlite3StatusHighwater,204,576,656314218.0,0.0,10371.0,2680559.0,576.0,1655799.0,20000000.0,10402.0,999999999999,999999999999,999999999999
2682,sqlite3MemMalloc,250,1056,658996037.0,0.0,10301.0,3519648.0,1056.0,1658649.0,10000000.0,10286.0,999999999999,999999999999,999999999999
496,sqlite3MallocSize,97,920,662517795.0,0.0,20748.0,2414078.0,920.0,1663439.0,10000000.0,20810.0,999999999999,999999999999,999999999999
2685,sqlite3MemSize,96,552,664932913.0,0.0,20768.0,2094139.0,552.0,1664709.0,0.0,20830.0,999999999999,999999999999,999999999999
530,sqlite3StatusUp,317,592,667028252.0,0.0,20672.0,2966938.0,592.0,1666099.0,20000000.0,20688.0,999999999999,999999999999,999999999999
524,sqlite3_free,249,1128,669996991.0,0.0,10404.0,3674039.0,1128.0,1672299.0,10000000.0,10368.0,999999999999,999999999999,999999999999
525,sqlite3StatusDown,101,560,673672240.0,0.0,20646.0,2228059.0,560.0,1674979.0,10000000.0,20669.0,999999999999,999999999999,999999999999
2683,sqlite3MemFree,114,896,675901449.0,0.0,10301.0,2396039.0,896.0,1676879.0,0.0,10286.0,999999999999,999999999999,999999999999
2732,free,12,808,678298598.0,0.0,10311.0,1795279.0,808.0,1677789.0,0.0,10298.0,999999999999,999999999999,999999999999
2733,dlfree,1713,2216,680095017.0,0.0,10328.0,23897868.0,2216.0,1678129.0,70000000.0,10314.0,999999999999,999999999999,999999999999
575,sqlite3_os_init,305,1136,703994915.0,0.0,1.0,4183358.0,1136.0,1680079.0,0.0,1.0,999999999999,999999999999,999999999999
2903,strcmp,105,600,708179433.0,0.0,16.0,3587569.0,600.0,1682119.0,0.0,12.0,999999999999,999999999999,999999999999
513,sqlite3_vfs_register,339,1152,711768342.0,0.0,6.0,4429447.0,1152.0,1684109.0,0.0,6.0,999999999999,999999999999,999999999999
514,vfsUnlink,479,608,716201520.0,0.0,6.0,4227708.0,608.0,1699789.0,0.0,6.0,999999999999,999999999999,999999999999
576,unixTempFileInit,73,936,720433257.0,0.0,1.0,2130469.0,936.0,1756299.0,0.0,1.0,999999999999,999999999999,999999999999
510,sqlite3MemdbInit,296,1048,722573646.0,0.0,1.0,3686789.0,1048.0,1763809.0,0.0,1.0,999999999999,999999999999,999999999999
504,sqlite3_vfs_find,322,1112,726261375.0,0.0,4.0,5082508.0,1112.0,1765079.0,0.0,4.0,999999999999,999999999999,999999999999
511,sqlite3PCacheBufferSetup,570,784,731347262.0,0.0,1.0,5539218.0,784.0,1795129.0,0.0,1.0,999999999999,999999999999,999999999999
105,sqlite3_appendvfs_init,337,1128,736889390.0,0.0,1.0,4246847.0,1128.0,1808959.0,0.0,1.0,999999999999,999999999999,999999999999
2801,access,165,1040,741138637.0,0.0,1.0,3099269.0,1040.0,1821529.0,0.0,1.0,999999999999,999999999999,999999999999
2796,__wasilibc_find_relpath_alloc,513,1928,744239066.0,0.0,54.0,8542836.0,1928.0,1822379.0,0.0,42.0,999999999999,999999999999,999999999999
2816,__wasilibc_find_abspath,343,1408,752782962.0,0.0,54.0,9256976.0,1408.0,1824079.0,0.0,42.0,999999999999,999999999999,999999999999
2813,__wasilibc_populate_preopens,226,1296,762040988.0,0.0,63.0,5392177.0,1296.0,1824959.0,0.0,48.0,999999999999,999999999999,999999999999
2765,__wasi_fd_prestat_get,18,824,767434235.0,0.0,3.0,1922639.0,824.0,1826089.0,0.0,3.0,999999999999,999999999999,999999999999
2766,__wasi_fd_prestat_dir_name,20,824,769361984.0,0.0,2.0,1929009.0,824.0,1830409.0,0.0,2.0,999999999999,999999999999,999999999999
2814,internal_register_preopened_fd_unlocked,280,1320,771293193.0,0.0,2.0,5896057.0,1320.0,1831419.0,0.0,2.0,999999999999,999999999999,999999999999
2907,strdup,48,960,777192390.0,0.0,2.0,2592029.0,960.0,1839479.0,0.0,2.0,999999999999,999999999999,999999999999
2897,memcmp,75,584,779789779.0,0.0,10074.0,3520838.0,584.0,1860819.0,120000000.0,20062.0,999999999999,999999999999,999999999999
2735,realloc,1140,2192,783312577.0,0.0,35.0,17997992.0,2192.0,1872079.0,0.0,28.0,999999999999,999999999999,999999999999
2905,strcpy,17,840,801312689.0,0.0,54.0,1922469.0,840.0,1874519.0,0.0,42.0,999999999999,999999999999,999999999999
2904,__stpcpy,374,776,803236588.0,0.0,54.0,6585847.0,776.0,1874969.0,0.0,42.0,999999999999,999999999999,999999999999
2789,__wasilibc_nocwd_faccessat,220,1160,809823815.0,0.0,1.0,4857878.0,1160.0,1877259.0,0.0,1.0,999999999999,999999999999,999999999999
2773,__wasi_path_filestat_get,30,952,814682973.0,0.0,19.0,2331879.0,952.0,1878189.0,0.0,17.0,999999999999,999999999999,999999999999
185,process_sqliterc,838,1848,817055462.0,0.0,1.0,8102555.0,1848.0,7401987.0,0.0,1.0,999999999999,999999999999,999999999999
216,find_xdg_config,389,1240,825159957.0,0.0,1.0,4319338.0,1240.0,7404727.0,0.0,1.0,999999999999,999999999999,999999999999
194,find_home_dir,582,1224,829482145.0,0.0,2.0,4984898.0,1224.0,7411987.0,0.0,2.0,999999999999,999999999999,999999999999
190,ePutsUtf8,314,1368,834468643.0,0.0,1.0,3984178.0,1368.0,7418627.0,0.0,1.0,999999999999,999999999999,999999999999
170,getEmitStreamInfo,730,1416,838453901.0,0.0,81.0,6894217.0,1416.0,7420397.0,0.0,81.0,999999999999,999999999999,999999999999
423,isValidStreamInfo,97,552,845349278.0,0.0,162.0,2164929.0,552.0,7423317.0,0.0,162.0,999999999999,999999999999,999999999999
2855,fputs,38,944,847515847.0,0.0,81.0,2312058.0,944.0,7428447.0,0.0,81.0,999999999999,999999999999,999999999999
2862,fwrite,289,1368,849829676.0,0.0,81.0,7936016.0,1368.0,7432687.0,0.0,81.0,999999999999,999999999999,999999999999
2860,__towrite,94,624,857766762.0,0.0,2.0,3064118.0,624.0,7433536.0,0.0,2.0,999999999999,999999999999,999999999999
2848,__stdio_write,316,1368,860832031.0,0.0,3.0,7224477.0,1368.0,7435036.0,0.0,3.0,999999999999,999999999999,999999999999
2847,writev,115,984,868057407.0,0.0,3.0,3086639.0,984.0,7436196.0,0.0,3.0,999999999999,999999999999,999999999999
2771,__wasi_fd_write,22,824,871145246.0,0.0,87.0,1910089.0,824.0,7437107.0,0.0,84.0,999999999999,999999999999,999999999999
196,process_input,4214,4312,873076955.0,0.0,1.0,28469146.0,4312.0,7455387.0,0.0,1.0,999999999999,999999999999,999999999999
275,setLexemeOpen,219,624,901548031.0,0.0,6.0,3127148.0,624.0,7461647.0,0.0,6.0,999999999999,999999999999,999999999999
276,trackParenLevel,125,592,904676869.0,0.0,6.0,2485469.0,592.0,7463956.0,0.0,6.0,999999999999,999999999999,999999999999
277,one_input_line,501,1352,907164448.0,0.0,25.0,5958168.0,1352.0,7467876.0,0.0,25.0,999999999999,999999999999,999999999999
471,local_getline,966,1472,913123866.0,0.0,25.0,9349875.0,1472.0,7469767.0,0.0,25.0,999999999999,999999999999,999999999999
180,shell_check_oom,111,880,922476571.0,0.0,3.0,2562959.0,880.0,7475816.0,0.0,3.0,999999999999,999999999999,999999999999
426,fGetsUtf8,178,952,925040630.0,0.0,25.0,3099959.0,952.0,7477607.0,0.0,25.0,999999999999,999999999999,999999999999
2843,fgets,303,1384,928141899.0,0.0,25.0,8256136.0,1384.0,7479416.0,0.0,25.0,999999999999,999999999999,999999999999
2841,__uflow,85,1032,936400134.0,0.0,2.0,3343609.0,1032.0,7480276.0,0.0,2.0,999999999999,999999999999,999999999999
2840,__toread,134,1056,939744983.0,0.0,2.0,4030338.0,1056.0,1961429.0,0.0,3.0,999999999999,999999999999,999999999999
2850,__stdio_read,253,1232,943776721.0,0.0,2.0,5240468.0,1232.0,1962889.0,0.0,3.0,999999999999,999999999999,999999999999
2749,read,113,984,949018549.0,0.0,12.0,3097098.0,984.0,3110449.0,0.0,66.0,999999999999,999999999999,999999999999
2767,__wasi_fd_read,22,824,952117527.0,0.0,12.0,1916580.0,824.0,1964919.0,0.0,67.0,999999999999,999999999999,999999999999
2896,memchr,371,800,954055596.0,0.0,25.0,8041986.0,800.0,1906899.0,0.0,26.0,999999999999,999999999999,999999999999
278,line_is_command_terminator,534,1248,962101192.0,0.0,24.0,5978918.0,1248.0,7512496.0,0.0,24.0,999999999999,999999999999,999999999999
217,__isspace,143,552,968081169.0,0.0,827.0,2368138.0,552.0,7514207.0,10000000.0,827.0,999999999999,999999999999,999999999999
2822,tolower,20,528,970450638.0,0.0,25.0,1899519.0,528.0,7516996.0,0.0,25.0,999999999999,999999999999,999999999999
280,quickscan,2565,4360,972352947.0,0.0,24.0,20343610.0,4360.0,7519427.0,0.0,24.0,999999999999,999999999999,999999999999
925,sqlite3_complete,3248,4488,992710778.0,0.0,5.0,21618779.0,4488.0,7798556.0,0.0,5.0,999999999999,999999999999,999999999999
574,sqlite3_strnicmp,736,760,1014331527.0,0.0,68.0,7201557.0,760.0,7806956.0,0.0,55.0,999999999999,999999999999,999999999999
191,echo_group_input,134,920,1021536454.0,0.0,5.0,2877559.0,920.0,7906466.0,0.0,5.0,999999999999,999999999999,999999999999
281,runOneSqlLine,1279,2448,1024415573.0,0.0,5.0,11825634.0,2448.0,7908576.0,0.0,5.0,999999999999,999999999999,999999999999
184,open_db,4033,5408,1036243267.0,0.0,5.0,24532879.0,5408.0,1897909.0,0.0,6.0,999999999999,999999999999,999999999999
167,deduceDatabaseType,1043,2072,1060780216.0,0.0,1.0,8944195.0,2072.0,1903929.0,0.0,1.0,999999999999,999999999999,999999999999
2853,fopen,102,1112,1069726681.0,0.0,1.0,3362319.0,1112.0,1906329.0,0.0,1.0,999999999999,999999999999,999999999999
2845,__fmodeflags,102,1032,1073091579.0,0.0,1.0,2986369.0,1032.0,1908189.0,0.0,1.0,999999999999,999999999999,999999999999
2901,strchr,31,864,1076079208.0,0.0,2.0,2126929.0,864.0,1908799.0,0.0,4.0,999999999999,999999999999,999999999999
2800,__wasilibc_open_nomode,163,1032,1078208757.0,0.0,1.0,3079529.0,1032.0,1912549.0,0.0,1.0,999999999999,999999999999,999999999999
2783,__wasilibc_nocwd_openat_nomode,282,1240,1081293686.0,0.0,11.0,5182737.0,1240.0,1930389.0,0.0,7.0,999999999999,999999999999,999999999999
2775,__wasi_path_open,38,992,1086482553.0,0.0,11.0,2576068.0,992.0,1934109.0,0.0,7.0,999999999999,999999999999,999999999999
992,sqlite3_open_v2,127,952,1089087512.0,0.0,1.0,2693338.0,952.0,1998739.0,0.0,1.0,999999999999,999999999999,999999999999
979,openDatabase,3876,4672,1091781790.0,0.0,1.0,28688807.0,4672.0,2000369.0,0.0,1.0,999999999999,999999999999,999999999999
643,sqlite3MallocZero,182,1008,1120473567.0,0.0,25.0,3164878.0,1008.0,2009089.0,0.0,23.0,999999999999,999999999999,999999999999
980,sqlite3HashInit,105,584,1123648475.0,0.0,16.0,2115789.0,584.0,2029029.0,0.0,16.0,999999999999,999999999999,999999999999
982,createCollation,1392,1960,1125765604.0,0.0,7.0,11956145.0,1960.0,2031509.0,0.0,7.0,999999999999,999999999999,999999999999
995,sqlite3FindCollSeq,309,1040,1137722989.0,0.0,28.0,4164858.0,1040.0,2035579.0,0.0,23.0,999999999999,999999999999,999999999999
1609,findCollSeqEntry,681,1664,1141888867.0,0.0,15.0,7183666.0,1664.0,2037889.0,0.0,16.0,999999999999,999999999999,999999999999
870,sqlite3HashFind,108,952,1149073733.0,0.0,124.0,2549049.0,952.0,2040069.0,0.0,119.0,999999999999,999999999999,999999999999
1610,findElementWithHash,532,1368,1151623882.0,0.0,180.0,7100537.0,1368.0,2041379.0,0.0,173.0,999999999999,999999999999,999999999999
820,sqlite3DbMallocZero,198,1032,1158728939.0,0.0,67.0,3362078.0,1032.0,2054809.0,0.0,64.0,999999999999,999999999999,999999999999
550,sqlite3DbMallocRaw,204,992,1162092397.0,0.0,22565.0,3281889.0,992.0,2056369.0,20000000.0,22506.0,999999999999,999999999999,999999999999
873,sqlite3DbMallocRawNN,1019,1232,1165375576.0,0.0,12963.0,7444946.0,1232.0,2058339.0,40000000.0,12769.0,999999999999,999999999999,999999999999
1051,dbMallocRawFinish,164,1008,1172821642.0,0.0,157.0,3161438.0,1008.0,2062389.0,0.0,93.0,999999999999,999999999999,999999999999
971,sqlite3HashInsert,936,1608,1175989180.0,0.0,56.0,8554286.0,1608.0,2082229.0,0.0,54.0,999999999999,999999999999,999999999999
1614,insertElement,598,816,1184546586.0,0.0,58.0,5451328.0,816.0,2100859.0,0.0,57.0,999999999999,999999999999,999999999999
628,sqlite3Error,202,960,1189999414.0,0.0,12.0,3341388.0,960.0,2107429.0,0.0,10.0,999999999999,999999999999,999999999999
985,sqlite3ParseUri,6770,4616,1193352853.0,0.0,1.0,44223309.0,4616.0,2278229.0,0.0,1.0,999999999999,999999999999,999999999999
523,sqlite3_malloc64,129,992,1237580041.0,0.0,4.0,2966349.0,992.0,2304829.0,0.0,4.0,999999999999,999999999999,999999999999
986,sqlite3BtreeOpen,5773,4912,1240552890.0,0.0,4.0,42041119.0,4912.0,2326129.0,0.0,4.0,999999999999,999999999999,999999999999
1127,sqlite3PagerOpen,5024,5008,1282603319.0,0.0,4.0,36072224.0,5008.0,2361859.0,0.0,4.0,999999999999,999999999999,999999999999
1138,sqlite3PcacheSize,12,520,1318677323.0,0.0,4.0,1528679.0,520.0,2368279.0,0.0,4.0,999999999999,999999999999,999999999999
1139,sqlite3JournalSize,124,552,1320207472.0,0.0,4.0,2133199.0,552.0,2369289.0,0.0,4.0,999999999999,999999999999,999999999999
1125,sqlite3OsFullPathname,162,1000,1322345191.0,0.0,1.0,2857419.0,1000.0,2384899.0,0.0,1.0,999999999999,999999999999,999999999999
590,unixFullPathname,608,1520,1325204000.0,0.0,1.0,6425006.0,1520.0,2386739.0,0.0,1.0,999999999999,999999999999,999999999999
591,appendAllPathElements,506,1104,1331630846.0,0.0,1.0,5776348.0,1104.0,2389479.0,0.0,1.0,999999999999,999999999999,999999999999
1101,appendOnePathElement,1789,2064,1337410433.0,0.0,8.0,11930365.0,2064.0,2400059.0,0.0,8.0,999999999999,999999999999,999999999999
2804,lstat,165,1040,1349343218.0,0.0,8.0,3135609.0,1040.0,2408139.0,0.0,8.0,999999999999,999999999999,999999999999
2790,__wasilibc_nocwd_fstatat,425,1488,1352488137.0,0.0,18.0,7122576.0,1488.0,2422749.0,0.0,16.0,999999999999,999999999999,999999999999
498,sqlite3DbFree,136,896,1359674323.0,0.0,145.0,2742119.0,896.0,2706749.0,0.0,118.0,999999999999,999999999999,999999999999
556,sqlite3DbFreeNN,511,1072,1362418192.0,0.0,12496.0,4702198.0,1072.0,2708279.0,20000000.0,12468.0,999999999999,999999999999,999999999999
1140,sqlite3OsOpen,188,1024,1367124239.0,0.0,5.0,3220718.0,1024.0,2718949.0,0.0,3.0,999999999999,999999999999,999999999999
577,unixOpen,3419,3616,1370345888.0,0.0,5.0,25679218.0,3616.0,2720249.0,0.0,3.0,999999999999,999999999999,999999999999
569,sqlite3_randomness,1079,1824,1396026756.0,0.0,5.0,9410805.0,1824.0,2726029.0,0.0,3.0,999999999999,999999999999,999999999999
578,findReusableFd,850,1312,1405440652.0,0.0,1.0,7867116.0,1312.0,2732379.0,0.0,1.0,999999999999,999999999999,999999999999
1058,unixEnterMutex,5,512,1413309297.0,0.0,1.0,1462480.0,512.0,2734309.0,0.0,1.0,999999999999,999999999999,999999999999
1062,unixLeaveMutex,5,512,1414773597.0,0.0,1.0,1437569.0,512.0,2735569.0,0.0,1.0,999999999999,999999999999,999999999999
580,findCreateFileMode,868,1520,1416217216.0,0.0,5.0,8500596.0,1520.0,2754839.0,0.0,3.0,999999999999,999999999999,999999999999
581,robust_open,1077,1936,1424718972.0,0.0,10.0,10274365.0,1936.0,2758859.0,0.0,6.0,999999999999,999999999999,999999999999
1087,posixOpen,118,944,1434994718.0,0.0,10.0,2634448.0,944.0,2761489.0,0.0,6.0,999999999999,999999999999,999999999999
2799,open,163,1032,1437630886.0,0.0,10.0,3101518.0,1032.0,2763229.0,0.0,6.0,999999999999,999999999999,999999999999
2740,fcntl,276,1504,1440812254.0,0.0,18.0,4622808.0,1504.0,2797219.0,0.0,10.0,999999999999,999999999999,999999999999
585,fillInUnixFile,1118,2128,1445437812.0,0.0,5.0,11022515.0,2128.0,2804209.0,0.0,3.0,999999999999,999999999999,999999999999
1034,sqlite3_uri_boolean,272,1056,1456461697.0,0.0,7.0,3630249.0,1056.0,2807369.0,0.0,5.0,999999999999,999999999999,999999999999
1032,sqlite3_uri_parameter,238,1032,1460093086.0,0.0,7.0,3595009.0,1032.0,2808929.0,0.0,5.0,999999999999,999999999999,999999999999
1103,dotlockIoFinderImpl,50,544,1463689844.0,0.0,1.0,1957389.0,544.0,2815139.0,0.0,1.0,999999999999,999999999999,999999999999
1065,storeLastErrno,61,552,1465656232.0,0.0,11.0,2030659.0,552.0,2924079.0,0.0,5.0,999999999999,999999999999,999999999999
1056,verifyDbFile,541,1304,1467688091.0,0.0,5.0,5634758.0,1304.0,2925769.0,0.0,3.0,999999999999,999999999999,999999999999
2741,fstat,416,1456,1473324409.0,0.0,7.0,6922837.0,1456.0,2928109.0,0.0,7.0,999999999999,999999999999,999999999999
2763,__wasi_fd_filestat_get,18,824,1480248736.0,0.0,7.0,1903839.0,824.0,2928689.0,0.0,7.0,999999999999,999999999999,999999999999
1080,fileHasMoved,279,1040,1482162855.0,0.0,4.0,3693638.0,1040.0,2935329.0,0.0,3.0,999999999999,999999999999,999999999999
1141,sqlite3OsDeviceCharacteristics,185,952,1485858853.0,0.0,18.0,3187169.0,952.0,2940929.0,0.0,14.0,999999999999,999999999999,999999999999
1083,unixDeviceCharacteristics,104,936,1489047222.0,0.0,18.0,2447029.0,936.0,2942389.0,0.0,14.0,999999999999,999999999999,999999999999
1082,setDeviceCharacteristics,151,584,1491495451.0,0.0,18.0,2881288.0,584.0,2943479.0,0.0,14.0,999999999999,999999999999,999999999999
1142,setSectorSize,201,1040,1494378349.0,0.0,5.0,3669358.0,1040.0,2946029.0,0.0,5.0,999999999999,999999999999,999999999999
1031,databaseName,329,600,1498050147.0,0.0,3.0,3910928.0,600.0,2952269.0,0.0,3.0,999999999999,999999999999,999999999999
1033,uriParameter,436,1248,1501962525.0,0.0,2.0,6002988.0,1248.0,2955509.0,0.0,2.0,999999999999,999999999999,999999999999
1014,sqlite3PagerSetPagesize,1157,1936,1507968803.0,0.0,8.0,10464044.0,1936.0,2973738.0,0.0,8.0,999999999999,999999999999,999999999999
1153,sqlite3PcacheRefCount,50,544,1518434217.0,0.0,17.0,1945759.0,544.0,2976878.0,0.0,17.0,999999999999,999999999999,999999999999
1154,sqlite3PageMalloc,79,896,1520381186.0,0.0,8.0,2226879.0,896.0,2980698.0,0.0,8.0,999999999999,999999999999,999999999999
1244,pcache1Alloc,580,1392,1522609085.0,0.0,44.0,5504818.0,1392.0,2981658.0,0.0,97.0,999999999999,999999999999,999999999999
1155,pager_reset,137,1008,1528122533.0,0.0,8.0,2835119.0,1008.0,3005149.0,0.0,8.0,999999999999,999999999999,999999999999
697,sqlite3BackupRestart,136,576,1530959401.0,0.0,8.0,3108009.0,576.0,3006389.0,0.0,8.0,999999999999,999999999999,999999999999
1227,sqlite3PcacheClear,81,888,1534068760.0,0.0,8.0,2294069.0,888.0,3008458.0,0.0,8.0,999999999999,999999999999,999999999999
1209,sqlite3PcacheTruncate,584,1448,1536363879.0,0.0,18.0,7495846.0,1448.0,3017209.0,0.0,16.0,999999999999,999999999999,999999999999
1156,sqlite3PcacheSetPageSize,453,1320,1543861206.0,0.0,8.0,5480037.0,1320.0,3021038.0,0.0,8.0,999999999999,999999999999,999999999999
1145,sqlite3PageFree,75,880,1549342612.0,0.0,12.0,2240770.0,880.0,3023258.0,0.0,12.0,999999999999,999999999999,999999999999
1177,pcache1Free,482,1216,1551584822.0,0.0,48.0,4448139.0,1216.0,3024429.0,0.0,101.0,999999999999,999999999999,999999999999
1150,pagerFixMaplimit,33,536,1556034140.0,0.0,12.0,1851309.0,536.0,3029569.0,0.0,12.0,999999999999,999999999999,999999999999
1143,sqlite3PcacheOpen,410,1200,1557886559.0,0.0,4.0,4749768.0,1200.0,3032569.0,0.0,4.0,999999999999,999999999999,999999999999
2691,pcache1Create,808,1552,1562637947.0,0.0,4.0,8017496.0,1552.0,3036649.0,0.0,4.0,999999999999,999999999999,999999999999
2692,pcache1ResizeHash,724,1464,1570663113.0,0.0,4.0,9114725.0,1464.0,3054438.0,0.0,4.0,999999999999,999999999999,999999999999
1181,numberOfCachePages,308,624,1579783358.0,0.0,9.0,3440709.0,624.0,3072569.0,0.0,9.0,999999999999,999999999999,999999999999
2694,pcache1Cachesize,488,1152,1583225427.0,0.0,9.0,5205257.0,1152.0,3075089.0,0.0,9.0,999999999999,999999999999,999999999999
2695,pcache1EnforceMaxPage,407,1272,1588431884.0,0.0,13.0,5708198.0,1272.0,3077669.0,0.0,13.0,999999999999,999999999999,999999999999
1146,sqlite3PagerSetFlags,1009,840,1594141852.0,0.0,4.0,6901386.0,840.0,3082938.0,0.0,4.0,999999999999,999999999999,999999999999
1147,setGetterMethod,105,560,1601046318.0,0.0,10.0,2304899.0,560.0,3093678.0,0.0,10.0,999999999999,999999999999,999999999999
1128,sqlite3PagerSetMmapLimit,108,904,1603352707.0,0.0,4.0,2422589.0,904.0,3095798.0,0.0,4.0,999999999999,999999999999,999999999999
1129,sqlite3PagerReadFileheader,299,1144,1605776776.0,0.0,4.0,4101248.0,1144.0,3097558.0,0.0,4.0,999999999999,999999999999,999999999999
1151,sqlite3OsRead,155,992,1609879824.0,0.0,10.0,2940719.0,992.0,3100169.0,0.0,64.0,999999999999,999999999999,999999999999
1063,unixRead,455,1272,1612821673.0,0.0,10.0,5241057.0,1272.0,3101589.0,0.0,64.0,999999999999,999999999999,999999999999
1064,seekAndRead,849,1672,1618063990.0,0.0,10.0,9025676.0,1672.0,3103469.0,0.0,64.0,999999999999,999999999999,999999999999
2748,__lseek,101,976,1627091475.0,0.0,94.0,3016909.0,976.0,1981469.0,0.0,146.0,999999999999,999999999999,999999999999
2769,__wasi_fd_seek,22,824,1630110634.0,0.0,94.0,1916789.0,824.0,1982279.0,0.0,146.0,999999999999,999999999999,999999999999
1131,sqlite3PagerSetBusyHandler,180,984,1632060323.0,0.0,4.0,2970679.0,984.0,3120369.0,0.0,4.0,999999999999,999999999999,999999999999
1136,sqlite3OsFileControlHint,183,952,1635032452.0,0.0,9.0,3172449.0,952.0,3121829.0,0.0,7.0,999999999999,999999999999,999999999999
1077,unixFileControl,841,2904,1638206130.0,0.0,17.0,7576097.0,2904.0,3123778.0,0.0,10.0,999999999999,999999999999,999999999999
1132,sqlite3PagerIsreadonly,61,544,1645783787.0,0.0,4.0,1990559.0,544.0,3128189.0,0.0,4.0,999999999999,999999999999,999999999999
1134,sqlite3BtreeSchema,260,1120,1647776996.0,0.0,5.0,4071948.0,1120.0,3143229.0,0.0,5.0,999999999999,999999999999,999999999999
657,sqlite3BtreeEnter,68,552,1651850814.0,0.0,86.0,2043999.0,552.0,3145038.0,0.0,66.0,999999999999,999999999999,999999999999
1135,sqlite3BtreeSetCacheSize,140,1032,1653896463.0,0.0,5.0,2874418.0,1032.0,3147749.0,0.0,5.0,999999999999,999999999999,999999999999
1163,sqlite3PagerSetCachesize,99,912,1656772912.0,0.0,5.0,2432719.0,912.0,3149549.0,0.0,5.0,999999999999,999999999999,999999999999
1245,sqlite3PcacheSetCachesize,147,1032,1659206680.0,0.0,5.0,2958649.0,1032.0,3150698.0,0.0,5.0,999999999999,999999999999,999999999999
670,sqlite3PagerFile,48,544,1662168749.0,0.0,4.0,1935909.0,544.0,3159158.0,0.0,4.0,999999999999,999999999999,999999999999
987,sqlite3SchemaGet,450,1304,1664107548.0,0.0,2.0,5062038.0,1304.0,3165329.0,0.0,2.0,999999999999,999999999999,999999999999
988,sqlite3SetTextEncoding,177,1040,1669178836.0,0.0,1.0,3076589.0,1040.0,3189718.0,0.0,2.0,999999999999,999999999999,999999999999
889,sqlite3ExpirePreparedStatements,202,616,1672259225.0,0.0,3.0,3858318.0,616.0,3206049.0,0.0,4.0,999999999999,999999999999,999999999999
989,sqlite3RegisterPerConnectionBuiltinFunctions,161,1000,1676123283.0,0.0,1.0,3050819.0,1000.0,3227958.0,0.0,1.0,999999999999,999999999999,999999999999
967,sqlite3_overload_function,406,1480,1679175161.0,0.0,1.0,4893628.0,1480.0,3229049.0,0.0,1.0,999999999999,999999999999,999999999999
966,sqlite3FindFunction,1824,2304,1684069908.0,0.0,77.0,15546633.0,2304.0,3231029.0,0.0,77.0,999999999999,999999999999,999999999999
564,sqlite3_mprintf,155,1032,1699621441.0,0.0,10001.0,3332118.0,1032.0,3252198.0,0.0,10001.0,999999999999,999999999999,999999999999
563,sqlite3_vmprintf,260,1176,1702956000.0,0.0,10001.0,3818647.0,1176.0,3255449.0,0.0,10001.0,999999999999,999999999999,999999999999
558,sqlite3StrAccumFinish,310,1000,1706778717.0,0.0,10014.0,3919979.0,1000.0,3307358.0,20000000.0,10006.0,999999999999,999999999999,999999999999
559,strAccumFinishRealloc,347,1144,1710700286.0,0.0,10008.0,4186388.0,1144.0,3309878.0,0.0,10006.0,999999999999,999999999999,999999999999
964,sqlite3_create_function_v2,215,1104,1714892224.0,0.0,1.0,3721588.0,1104.0,3329158.0,0.0,1.0,999999999999,999999999999,999999999999
962,createFunctionApi,633,1840,1718615142.0,0.0,36.0,8607966.0,1840.0,3331118.0,0.0,36.0,999999999999,999999999999,999999999999
963,sqlite3CreateFunc,2419,2736,1727226838.0,0.0,36.0,17324032.0,2736.0,3346128.0,0.0,36.0,999999999999,999999999999,999999999999
725,functionDestroy,249,1064,1744563140.0,0.0,72.0,3717898.0,1064.0,3422248.0,0.0,72.0,999999999999,999999999999,999999999999
621,sqlite3ApiExit,173,960,1748283408.0,0.0,157.0,3203949.0,960.0,3427498.0,0.0,151.0,999999999999,999999999999,999999999999
975,sqlite3_errcode,297,1056,1751489327.0,0.0,4.0,3982988.0,1056.0,3430788.0,0.0,4.0,999999999999,999999999999,999999999999
895,sqlite3SafetyCheckSickOrOk,301,968,1755473615.0,0.0,5.0,3400128.0,968.0,3432718.0,0.0,5.0,999999999999,999999999999,999999999999
2712,sqlite3TestExtInit,77,896,1758875643.0,0.0,1.0,2249249.0,896.0,3437288.0,0.0,1.0,999999999999,999999999999,999999999999
695,sqlite3FaultSim,177,936,1761127002.0,0.0,120.0,2982138.0,936.0,3438148.0,0.0,204.0,999999999999,999999999999,999999999999
2713,sqlite3JsonTableFunctions,341,1064,1764110970.0,0.0,1.0,4645198.0,1064.0,3441058.0,0.0,1.0,999999999999,999999999999,999999999999
900,sqlite3_create_module,133,960,1768757708.0,0.0,5.0,2704589.0,960.0,3443118.0,0.0,5.0,999999999999,999999999999,999999999999
901,createModule,275,1224,1771463647.0,0.0,5.0,4508428.0,1224.0,3444478.0,0.0,5.0,999999999999,999999999999,999999999999
902,sqlite3VtabCreateModule,787,1776,1775975185.0,0.0,5.0,8203746.0,1776.0,3445998.0,0.0,5.0,999999999999,999999999999,999999999999
990,sqlite3AutoLoadExtensions,496,1440,1784190771.0,0.0,1.0,6865236.0,1440.0,3527058.0,0.0,1.0,999999999999,999999999999,999999999999
944,setupLookaside,2370,2392,1791058308.0,0.0,1.0,18548782.0,2392.0,3532528.0,0.0,1.0,999999999999,999999999999,999999999999
484,sqlite3LookasideUsed,356,1272,1809608609.0,0.0,1.0,4663197.0,1272.0,3536508.0,0.0,1.0,999999999999,999999999999,999999999999
494,countLookasideSlots,148,576,1814273937.0,0.0,4.0,3224169.0,576.0,3538358.0,0.0,4.0,999999999999,999999999999,999999999999
945,sqlite3BeginBenignMalloc,83,832,1817499965.0,0.0,103.0,2253429.0,832.0,3546638.0,0.0,103.0,999999999999,999999999999,999999999999
2817,sbrk,79,888,1819758134.0,0.0,8.0,2909519.0,888.0,3554808.0,0.0,12.0,999999999999,999999999999,999999999999
946,sqlite3EndBenignMalloc,83,832,1822674453.0,0.0,103.0,2234379.0,832.0,3568428.0,0.0,103.0,999999999999,999999999999,999999999999
973,sqlite3_wal_autocheckpoint,46,544,1824925132.0,0.0,1.0,1949589.0,544.0,3651138.0,0.0,1.0,999999999999,999999999999,999999999999
991,sqlite3_free_filename,159,976,1826876671.0,0.0,1.0,2935519.0,976.0,3656598.0,0.0,1.0,999999999999,999999999999,999999999999
943,sqlite3_db_config,1175,1960,1829818090.0,0.0,8.0,11335625.0,1960.0,3671288.0,0.0,9.0,999999999999,999999999999,999999999999
44,sqlite3_shathree_init,410,1712,1841156734.0,0.0,1.0,4713227.0,1712.0,3706388.0,0.0,1.0,999999999999,999999999999,999999999999
961,sqlite3_create_function,201,1088,1845871771.0,0.0,34.0,3504358.0,1088.0,3708128.0,0.0,34.0,999999999999,999999999999,999999999999
969,matchQuality,636,704,1849389860.0,0.0,16.0,5240788.0,704.0,3808048.0,0.0,16.0,999999999999,999999999999,999999999999
51,sqlite3_uint_init,125,1144,1854643538.0,0.0,1.0,2642619.0,1144.0,4024518.0,0.0,1.0,999999999999,999999999999,999999999999
993,sqlite3_create_collation,149,984,1857287256.0,0.0,2.0,2922229.0,984.0,4025858.0,0.0,2.0,999999999999,999999999999,999999999999
994,sqlite3_create_collation_v2,218,1128,1860211195.0,0.0,2.0,3540598.0,1128.0,4027088.0,0.0,2.0,999999999999,999999999999,999999999999
53,sqlite3_decimal_init,667,1664,1863760953.0,0.0,1.0,7039517.0,1664.0,4086638.0,0.0,1.0,999999999999,999999999999,999999999999
1612,rehash,706,1696,1870821039.0,0.0,1.0,8500076.0,1696.0,5018608.0,0.0,1.0,999999999999,999999999999,999999999999
1613,strHash,209,632,1879326666.0,0.0,86.0,3822218.0,632.0,5037608.0,0.0,86.0,999999999999,999999999999,999999999999
965,sqlite3_create_window_function,229,1144,1883152904.0,0.0,1.0,3913878.0,1144.0,5114978.0,0.0,1.0,999999999999,999999999999,999999999999
75,sqlite3_base64_init,138,1160,1887080652.0,0.0,1.0,2706839.0,1160.0,5275497.0,0.0,1.0,999999999999,999999999999,999999999999
79,sqlite3_base85_init,138,1160,1889796281.0,0.0,1.0,2690379.0,1160.0,5350337.0,0.0,1.0,999999999999,999999999999,999999999999
89,sqlite3_regexp_init,253,1320,1892494789.0,0.0,1.0,3749949.0,1320.0,5422568.0,0.0,1.0,999999999999,999999999999,999999999999
83,sqlite3_ieee_init,454,1144,1896256147.0,0.0,1.0,5133238.0,1144.0,5582787.0,0.0,1.0,999999999999,999999999999,999999999999
88,sqlite3_series_init,303,1168,1901409525.0,0.0,1.0,4067058.0,1168.0,6229627.0,0.0,1.0,999999999999,999999999999,999999999999
927,sqlite3_libversion_number,15,520,1905478043.0,0.0,1.0,1596600.0,520.0,6231157.0,0.0,1.0,999999999999,999999999999,999999999999
94,sqlite3_fileio_init,358,1608,1907081983.0,0.0,1.0,4637548.0,1608.0,6275497.0,0.0,1.0,999999999999,999999999999,999999999999
98,fsdirRegister,119,944,1911733160.0,0.0,1.0,2440719.0,944.0,6524277.0,0.0,1.0,999999999999,999999999999,999999999999
104,sqlite3_completion_init,118,952,1914180569.0,0.0,1.0,2586649.0,952.0,6567557.0,0.0,1.0,999999999999,999999999999,999999999999
103,sqlite3CompletionVtabInit,129,960,1916768688.0,0.0,1.0,2562549.0,960.0,6568687.0,0.0,1.0,999999999999,999999999999,999999999999
473,beginTimer,80,928,1919355757.0,0.0,5.0,2363608.0,928.0,7927856.0,0.0,5.0,999999999999,999999999999,999999999999
189,shell_exec,3936,4936,1921721435.0,0.0,5.0,31503364.0,4936.0,7929326.0,10000000.0,5.0,999999999999,999999999999,999999999999
603,sqlite3_prepare_v2,170,1016,1953227620.0,0.0,8.0,3017219.0,1016.0,7935826.0,0.0,6.0,999999999999,999999999999,999999999999
616,sqlite3LockAndPrepare,719,1632,1956246619.0,0.0,8.0,8709566.0,1632.0,7937776.0,0.0,6.0,999999999999,999999999999,999999999999
627,sqlite3SafetyCheckOk,290,1040,1964957435.0,0.0,11.0,3729108.0,1040.0,7939836.0,0.0,7.0,999999999999,999999999999,999999999999
485,sqlite3BtreeEnterAll,261,664,1968688604.0,0.0,10.0,4370387.0,664.0,7942816.0,0.0,8.0,999999999999,999999999999,999999999999
897,sqlite3Prepare,2882,3376,1973061511.0,0.0,12.0,24098769.0,3376.0,7947066.0,0.0,10.0,999999999999,999999999999,999999999999
1615,sqlite3BtreeSchemaLocked,132,1008,1997164610.0,0.0,12.0,2609479.0,1008.0,7955716.0,0.0,10.0,999999999999,999999999999,999999999999
1246,querySharedCacheTableLock,676,768,1999777839.0,0.0,21.0,6131826.0,768.0,7957576.0,0.0,19.0,999999999999,999999999999,999999999999
905,sqlite3RunParser,2748,3944,2005911935.0,0.0,14.0,20883770.0,3944.0,7963166.0,0.0,10.0,999999999999,999999999999,999999999999
908,sqlite3ParserInit,225,664,2026798335.0,0.0,14.0,3013139.0,664.0,7968106.0,0.0,10.0,999999999999,999999999999,999999999999
904,sqlite3GetToken,9763,4920,2029812734.0,0.0,623.0,56361873.0,4920.0,7971026.0,30000000.0,493.0,999999999999,999999999999,999999999999
907,keywordCode,1136,1104,2086178537.0,0.0,211.0,11326995.0,1104.0,7985276.0,0.0,171.0,999999999999,999999999999,999999999999
912,sqlite3Parser,916,1840,2097508242.0,0.0,398.0,9537105.0,1840.0,7998396.0,0.0,302.0,999999999999,999999999999,999999999999
1660,yy_find_shift_action,850,808,2107047727.0,0.0,1088.0,7554607.0,808.0,8001086.0,0.0,868.0,999999999999,999999999999,999999999999
1664,yy_shift,455,1184,2114605104.0,0.0,396.0,5011887.0,1184.0,8007826.0,0.0,302.0,999999999999,999999999999,999999999999
1663,yy_reduce,47469,42664,2119619701.0,0.0,690.0,340017868.0,42664.0,8046906.0,0.0,566.0,999999999999,999999999999,999999999999
1676,disableLookaside,139,584,2459641049.0,0.0,6.0,2701259.0,584.0,8161456.0,0.0,6.0,999999999999,999999999999,999999999999
1768,yy_find_reduce_action,214,592,2462344688.0,0.0,690.0,2665319.0,592.0,8167336.0,0.0,566.0,999999999999,999999999999,999999999999
1675,sqlite3StartTable,3728,4504,2465020457.0,0.0,6.0,25956958.0,4504.0,8543126.0,0.0,6.0,999999999999,999999999999,999999999999
1779,sqlite3TwoPartName,506,1240,2490979004.0,0.0,4.0,5242987.0,1240.0,8548426.0,0.0,4.0,999999999999,999999999999,999999999999
1710,sqlite3NameFromToken,221,1064,2496223792.0,0.0,30.0,3421349.0,1064.0,8552326.0,0.0,22.0,999999999999,999999999999,999999999999
1616,sqlite3DbStrNDup,326,1128,2499646301.0,0.0,80.0,4070048.0,1128.0,8554206.0,0.0,48.0,999999999999,999999999999,999999999999
1803,sqlite3Dequote,715,728,2503726749.0,0.0,86.0,5539307.0,728.0,8582146.0,0.0,49.0,999999999999,999999999999,999999999999
1780,sqlite3CheckObjectName,763,1752,2509267506.0,0.0,6.0,8021326.0,1752.0,8587186.0,0.0,6.0,999999999999,999999999999,999999999999
1252,sqlite3WritableSchema,98,560,2517291142.0,0.0,8.0,2057339.0,560.0,8589246.0,0.0,6.0,999999999999,999999999999,999999999999
2002,sqlite3ReadOnlyShadowTables,311,632,2519351741.0,0.0,2.0,3334038.0,632.0,8596766.0,0.0,2.0,999999999999,999999999999,999999999999
1785,sqlite3ShadowTableName,420,1208,2522687120.0,0.0,8.0,4690809.0,1208.0,8599926.0,0.0,6.0,999999999999,999999999999,999999999999
2912,strrchr,25,912,2527379498.0,0.0,8.0,2008959.0,912.0,8601556.0,0.0,6.0,999999999999,999999999999,999999999999
2911,__memrchr,48,560,2529390846.0,0.0,8.0,2853858.0,560.0,8603886.0,0.0,6.0,999999999999,999999999999,999999999999
1778,sqlite3AuthCheck,551,1344,2532246405.0,0.0,40.0,5700747.0,1344.0,8608756.0,0.0,28.0,999999999999,999999999999,999999999999
868,sqlite3ReadSchema,386,1064,2537949512.0,0.0,15.0,4046648.0,1064.0,8613956.0,0.0,11.0,999999999999,999999999999,999999999999
999,sqlite3Init,696,1416,2541999110.0,0.0,8.0,8107766.0,1416.0,8616536.0,0.0,6.0,999999999999,999999999999,999999999999
1003,sqlite3InitOne,3656,4040,2550109267.0,0.0,2.0,27335867.0,4040.0,8619656.0,0.0,2.0,999999999999,999999999999,999999999999
1413,sqlite3InitCallback,2627,2432,2577447523.0,0.0,4.0,16183252.0,2432.0,8625476.0,0.0,4.0,999999999999,999999999999,999999999999
1499,sqlite3GetUInt32,513,728,2593633786.0,0.0,4.0,5714128.0,728.0,8633106.0,0.0,4.0,999999999999,999999999999,999999999999
620,sqlite3DbStrDup,311,1144,2599363623.0,0.0,32.0,4095878.0,1144.0,9162646.0,0.0,22.0,999999999999,999999999999,999999999999
572,sqlite3_stricmp,278,968,2603473061.0,0.0,28.0,3395079.0,968.0,9201396.0,0.0,18.0,999999999999,999999999999,999999999999
869,sqlite3FindTable,2007,2472,2606871660.0,0.0,18.0,16313142.0,2472.0,9236286.0,0.0,14.0,999999999999,999999999999,999999999999
1500,sqlite3FindIndex,517,1280,2623190032.0,0.0,6.0,6807457.0,1280.0,9259686.0,0.0,4.0,999999999999,999999999999,999999999999
1620,sqlite3DbIsNamed,252,1096,2629999189.0,0.0,12.0,3729689.0,1096.0,9263126.0,0.0,8.0,999999999999,999999999999,999999999999
1678,sqlite3AddColumn,3567,3280,2633741057.0,0.0,22.0,26298297.0,3280.0,9538356.0,0.0,22.0,999999999999,999999999999,999999999999
1802,sqlite3DequoteToken,430,664,2660041184.0,10000000.0,44.0,4790498.0,664.0,9544096.0,0.0,32.0,999999999999,999999999999,999999999999
1804,sqlite3StrIHash,319,640,2664839992.0,0.0,72.0,3821458.0,640.0,9587606.0,0.0,38.0,999999999999,999999999999,999999999999
555,sqlite3DbRealloc,553,1096,2668663390.0,0.0,65.0,4652907.0,1096.0,9594106.0,0.0,39.0,999999999999,999999999999,999999999999
1050,dbReallocFinish,422,1432,2673331608.0,0.0,26.0,5107797.0,1432.0,9999886.0,0.0,16.0,999999999999,999999999999,999999999999
1052,isLookaside,162,584,2678441245.0,0.0,26.0,2518379.0,584.0,10001615.0,0.0,16.0,999999999999,999999999999,999999999999
527,sqlite3Realloc,1065,1816,2680961254.0,0.0,26.0,8613426.0,1816.0,10003746.0,0.0,19.0,999999999999,999999999999,999999999999
517,sqlite3StatusValue,85,552,2689578560.0,0.0,26.0,1977989.0,552.0,10011526.0,0.0,19.0,999999999999,999999999999,999999999999
529,sqlite3MallocAlarm,138,888,2691558429.0,0.0,26.0,2448009.0,888.0,10013525.0,0.0,19.0,999999999999,999999999999,999999999999
2684,sqlite3MemRealloc,329,1200,2694008078.0,0.0,26.0,4014318.0,1200.0,10015525.0,0.0,19.0,999999999999,999999999999,999999999999
1677,sqlite3EndTable,7278,7240,2698050356.0,0.0,6.0,53904344.0,7240.0,11500285.0,0.0,6.0,999999999999,999999999999,999999999999
859,sqlite3SchemaToIndex,259,624,2751962910.0,0.0,28.0,3956948.0,624.0,11535855.0,0.0,16.0,999999999999,999999999999,999999999999
1790,estimateTableWidth,428,1112,2755922748.0,0.0,6.0,5845558.0,1112.0,11540025.0,0.0,4.0,999999999999,999999999999,999999999999
1024,sqlite3LogEst,685,744,2761770686.0,0.0,26.0,5761967.0,744.0,11545285.0,0.0,20.0,999999999999,999999999999,999999999999
1671,sqlite3FinishCoding,2803,3512,2767545803.0,0.0,14.0,22486109.0,3512.0,11666365.0,0.0,10.0,999999999999,999999999999,999999999999
913,sqlite3ParserFinalize,398,1088,2790036702.0,0.0,14.0,5222478.0,1088.0,11681945.0,0.0,10.0,999999999999,999999999999,999999999999
1619,sqlite3ErrorClear,172,928,2795262820.0,0.0,12.0,2824139.0,928.0,11693285.0,0.0,10.0,999999999999,999999999999,999999999999
654,sqlite3ParseObjectReset,683,1512,2798088879.0,0.0,12.0,7763875.0,1512.0,11695625.0,0.0,10.0,999999999999,999999999999,999999999999
612,sqlite3_finalize,400,1400,2805855225.0,0.0,9.0,5198548.0,1400.0,11702115.0,0.0,9.0,999999999999,999999999999,999999999999
655,sqlite3BtreeTxnState,127,552,2811056442.0,0.0,14.0,2238219.0,552.0,11706955.0,0.0,14.0,999999999999,999999999999,999999999999
659,sqlite3BtreeBeginTrans,475,1240,2813296351.0,0.0,12.0,5381508.0,1240.0,11709075.0,0.0,10.0,999999999999,999999999999,999999999999
680,btreeBeginTrans,3189,2984,2818679119.0,0.0,9.0,23449079.0,2984.0,11711295.0,0.0,9.0,999999999999,999999999999,999999999999
1247,lockBtree,2541,2928,2842131477.0,0.0,9.0,18807530.0,2928.0,11723115.0,0.0,9.0,999999999999,999999999999,999999999999
1251,sqlite3PagerSharedLock,1873,2768,2860941358.0,0.0,9.0,15361933.0,2768.0,11726385.0,0.0,9.0,999999999999,999999999999,999999999999
1189,pager_wait_on_lock,250,1136,2876305761.0,0.0,14.0,4640138.0,1136.0,11729745.0,0.0,10.0,999999999999,999999999999,999999999999
1190,pagerLockDb,451,1112,2880947849.0,0.0,21.0,4817807.0,1112.0,11731275.0,0.0,15.0,999999999999,999999999999,999999999999
1191,sqlite3OsLock,119,952,2885767256.0,0.0,14.0,2656719.0,952.0,11734345.0,0.0,10.0,999999999999,999999999999,999999999999
1099,dotlockLock,573,1344,2888425575.0,0.0,14.0,5758218.0,1344.0,11735765.0,0.0,10.0,999999999999,999999999999,999999999999
2808,mkdir,161,1016,2894187173.0,0.0,6.0,3029798.0,1016.0,11738705.0,0.0,6.0,999999999999,999999999999,999999999999
2786,__wasilibc_nocwd_mkdirat_nomode,37,864,2897224901.0,0.0,6.0,2247289.0,864.0,11762235.0,0.0,6.0,999999999999,999999999999,999999999999
2772,__wasi_path_create_directory,26,928,2899474110.0,0.0,6.0,2218899.0,928.0,11762845.0,0.0,6.0,999999999999,999999999999,999999999999
1254,hasHotJournal,1093,2136,2901779179.0,0.0,6.0,10256045.0,2136.0,11833395.0,0.0,6.0,999999999999,999999999999,999999999999
1212,sqlite3OsAccess,144,984,2912037344.0,0.0,6.0,2862739.0,984.0,11836775.0,0.0,6.0,999999999999,999999999999,999999999999
589,unixAccess,428,1136,2914902893.0,0.0,6.0,4626607.0,1136.0,11838705.0,0.0,6.0,999999999999,999999999999,999999999999
2803,stat,165,1040,2919532280.0,0.0,10.0,3072539.0,1040.0,11840545.0,0.0,8.0,999999999999,999999999999,999999999999
1255,pagerPagecount,450,1128,2922632189.0,0.0,6.0,4899188.0,1128.0,11872775.0,0.0,6.0,999999999999,999999999999,999999999999
705,sqlite3OsFileSize,118,952,2927533217.0,0.0,6.0,2623449.0,952.0,11875055.0,0.0,6.0,999999999999,999999999999,999999999999
1071,unixFileSize,323,1128,2930159106.0,0.0,6.0,4205397.0,1128.0,11876735.0,0.0,6.0,999999999999,999999999999,999999999999
718,btreeGetPage,250,1152,2934379903.0,0.0,68.0,4001798.0,1152.0,11889835.0,0.0,66.0,999999999999,999999999999,999999999999
609,sqlite3PagerGet,144,984,2938383191.0,0.0,244.0,2840459.0,984.0,11891515.0,0.0,346.0,999999999999,999999999999,999999999999
1179,getPageNormal,1590,2344,2941225630.0,0.0,241.0,12756504.0,2344.0,11893355.0,0.0,343.0,999999999999,999999999999,999999999999
1194,sqlite3PcacheFetch,197,1016,2953984084.0,0.0,241.0,3229599.0,1016.0,11896755.0,0.0,343.0,999999999999,999999999999,999999999999
2697,pcache1Fetch,111,936,2957216903.0,0.0,241.0,2553609.0,936.0,11898675.0,0.0,343.0,999999999999,999999999999,999999999999
2698,pcache1FetchNoMutex,536,1128,2959772761.0,0.0,241.0,6120356.0,1128.0,11899855.0,0.0,343.0,999999999999,999999999999,999999999999
2707,pcache1FetchStage2,1509,2096,2965894558.0,0.0,60.0,12173135.0,2096.0,11902625.0,0.0,113.0,999999999999,999999999999,999999999999
2709,pcache1AllocPage,582,1424,2978069543.0,0.0,60.0,6577667.0,1424.0,11906594.0,0.0,113.0,999999999999,999999999999,999999999999
2710,pcache1InitBulk,965,1504,2984648700.0,0.0,4.0,9105805.0,1504.0,11908214.0,0.0,4.0,999999999999,999999999999,999999999999
1196,sqlite3PcacheFetchFinish,288,1024,2993802265.0,0.0,301.0,3823808.0,1024.0,11986785.0,0.0,456.0,999999999999,999999999999,999999999999
1201,pcacheFetchFinishWithInit,389,1120,2997627873.0,0.0,60.0,4166568.0,1120.0,11988765.0,0.0,113.0,999999999999,999999999999,999999999999
1256,btreePageFromDbPage,324,1168,3001797612.0,0.0,65.0,4393738.0,1168.0,12016094.0,0.0,119.0,999999999999,999999999999,999999999999
685,sqlite3PagerGetExtra,49,544,3006193699.0,0.0,237.0,1972769.0,544.0,12017314.0,0.0,397.0,999999999999,999999999999,999999999999
610,sqlite3PagerGetData,48,544,3008169589.0,0.0,60.0,1904989.0,544.0,12018914.0,0.0,113.0,999999999999,999999999999,999999999999
681,sqlite3Get4byte,193,584,3010076958.0,0.0,262.0,2608338.0,584.0,3132178.0,0.0,367.0,999999999999,999999999999,999999999999
671,sqlite3PagerPagecount,68,560,3012686406.0,0.0,9.0,2077809.0,560.0,12023874.0,0.0,9.0,999999999999,999999999999,999999999999
1377,sqlite3BtreeGetMeta,300,1160,3014766535.0,0.0,7.0,4240368.0,1160.0,12046914.0,0.0,5.0,999999999999,999999999999,999999999999
1295,sqlite3AbsInt32,197,576,3019009873.0,0.0,1.0,2640809.0,576.0,12086305.0,0.0,1.0,999999999999,999999999999,999999999999
663,sqlite3BtreeLastPage,86,904,3021655662.0,0.0,3.0,2353829.0,904.0,12100814.0,0.0,1.0,999999999999,999999999999,999999999999
684,btreePagecount,48,544,3024011001.0,0.0,240.0,1928209.0,544.0,12101785.0,0.0,336.0,999999999999,999999999999,999999999999
860,sqlite3MPrintf,125,968,3025940760.0,0.0,11.0,2652519.0,968.0,12103765.0,0.0,5.0,999999999999,999999999999,999999999999
648,sqlite3VMPrintf,314,1200,3028594889.0,0.0,13.0,4226108.0,1200.0,12104845.0,0.0,5.0,999999999999,999999999999,999999999999
607,sqlite3_exec,2628,3432,3032834767.0,0.0,3.0,24143168.0,3432.0,12216025.0,0.0,1.0,999999999999,999999999999,999999999999
1703,sqlite3Expr,163,1048,3056992705.0,0.0,18.0,3128439.0,1048.0,12509544.0,0.0,6.0,999999999999,999999999999,999999999999
1723,sqlite3ExprAlloc,1042,1608,3060123674.0,0.0,34.0,9117295.0,1608.0,12513274.0,0.0,22.0,999999999999,999999999999,999999999999
1704,sqlite3ExprSetErrorOffset,146,568,3069246839.0,0.0,18.0,2668279.0,568.0,12537334.0,0.0,6.0,999999999999,999999999999,999999999999
1700,sqlite3ExprListAppend,447,1096,3071916458.0,0.0,70.0,4661438.0,1096.0,12539474.0,0.0,42.0,999999999999,999999999999,999999999999
1910,sqlite3ExprListAppendNew,332,1136,3076579376.0,0.0,32.0,4175538.0,1136.0,12541814.0,0.0,22.0,999999999999,999999999999,999999999999
1696,sqlite3SrcListAppendFromTerm,1498,1784,3080767404.0,0.0,9.0,10871045.0,1784.0,12971864.0,0.0,7.0,999999999999,999999999999,999999999999
1708,sqlite3SrcListAppend,1003,1688,3091639879.0,0.0,13.0,8634835.0,1688.0,12975804.0,0.0,9.0,999999999999,999999999999,999999999999
1705,sqlite3SrcListShiftJoinType,853,776,3100285444.0,0.0,8.0,7925137.0,776.0,13096314.0,0.0,6.0,999999999999,999999999999,999999999999
1681,tokenExpr,809,1560,3108217181.0,0.0,48.0,7745596.0,1560.0,13363764.0,0.0,28.0,999999999999,999999999999,999999999999
1712,sqlite3ExprListSetSortOrder,419,664,3115971667.0,0.0,4.0,4223828.0,664.0,13542164.0,0.0,2.0,999999999999,999999999999,999999999999
1697,sqlite3SelectNew,1029,1888,3120198495.0,0.0,10.0,9478075.0,1888.0,13682394.0,0.0,8.0,999999999999,999999999999,999999999999
1695,parserDoubleLinkSelect,748,1368,3129682680.0,0.0,8.0,7455657.0,1368.0,13750044.0,0.0,6.0,999999999999,999999999999,999999999999
1693,sqlite3Select,26465,24136,3137140247.0,0.0,12.0,206778431.0,24136.0,13797564.0,0.0,10.0,999999999999,999999999999,999999999999
1769,sqlite3GetVdbe,277,984,3343921928.0,0.0,27.0,4076879.0,984.0,13839624.0,0.0,19.0,999999999999,999999999999,999999999999
861,sqlite3VdbeCreate,510,1288,3348002747.0,0.0,8.0,5267937.0,1288.0,13841984.0,0.0,6.0,999999999999,999999999999,999999999999
874,sqlite3VdbeAddOp2,133,960,3353282884.0,0.0,73.0,2585879.0,960.0,13860674.0,0.0,59.0,999999999999,999999999999,999999999999
1631,sqlite3VdbeAddOp3,468,1272,3355870583.0,0.0,283.0,5350057.0,1272.0,13861974.0,0.0,199.0,999999999999,999999999999,999999999999
1632,growOp3,204,1120,3361222380.0,0.0,9.0,3693568.0,1120.0,13864664.0,0.0,7.0,999999999999,999999999999,999999999999
876,growOpArray,583,1304,3364917588.0,0.0,9.0,5929388.0,1304.0,13866164.0,0.0,7.0,999999999999,999999999999,999999999999
542,sqlite3DbMallocSize,384,1032,3370853826.0,0.0,12432.0,4007258.0,1032.0,13886154.0,10000000.0,12394.0,999999999999,999999999999,999999999999
1840,sqlite3SelectPrep,319,1184,3374865594.0,0.0,12.0,4252978.0,1184.0,13899254.0,0.0,10.0,999999999999,999999999999,999999999999
2150,sqlite3SelectExpand,297,1144,3379120282.0,0.0,6.0,3924428.0,1144.0,13902004.0,0.0,4.0,999999999999,999999999999,999999999999
2086,sqlite3WalkSelect,543,1376,3383046000.0,0.0,28.0,6810916.0,1376.0,13904524.0,0.0,22.0,999999999999,999999999999,999999999999
2160,selectExpander,12126,8896,3389858356.0,0.0,14.0,89030407.0,8896.0,13907214.0,0.0,12.0,999999999999,999999999999,999999999999
1761,sqlite3WithPush,379,1096,3478892824.0,0.0,10.0,4713428.0,1096.0,13946104.0,0.0,8.0,999999999999,999999999999,999999999999
2163,sqlite3SrcListAssignCursors,452,1160,3483609482.0,0.0,10.0,5609778.0,1160.0,13948824.0,0.0,8.0,999999999999,999999999999,999999999999
2165,resolveFromTermToCte,4333,3672,3489221090.0,0.0,7.0,29636496.0,3672.0,13954484.0,0.0,5.0,999999999999,999999999999,999999999999
1819,sqlite3LocateTableItem,311,1160,3518860266.0,0.0,9.0,4534467.0,1160.0,13960924.0,0.0,5.0,999999999999,999999999999,999999999999
858,sqlite3LocateTable,1121,1840,3523397663.0,0.0,9.0,10154695.0,1840.0,13963354.0,0.0,5.0,999999999999,999999999999,999999999999
2166,cannotBeFunction,219,984,3533560018.0,0.0,7.0,3306939.0,984.0,13993194.0,0.0,5.0,999999999999,999999999999,999999999999
2168,sqlite3ProcessJoin,3947,4400,3536868827.0,0.0,10.0,31608745.0,4400.0,13997214.0,0.0,8.0,999999999999,999999999999,999999999999
1911,sqlite3ExprListAppendGrow,483,1248,3568499932.0,0.0,8.0,5227498.0,1248.0,14241884.0,0.0,4.0,999999999999,999999999999,999999999999
885,sqlite3ExprListDelete,136,896,3573738049.0,0.0,105.0,2684289.0,896.0,14290633.0,0.0,81.0,999999999999,999999999999,999999999999
914,exprListDeleteNN,338,1200,3576425388.0,0.0,37.0,4665348.0,1200.0,14292164.0,0.0,27.0,999999999999,999999999999,999999999999
499,sqlite3ExprDelete,136,896,3581092335.0,0.0,163.0,2757209.0,896.0,14294033.0,0.0,107.0,999999999999,999999999999,999999999999
1539,sqlite3ExprDeleteNN,689,1480,3583852514.0,0.0,123.0,8388376.0,1480.0,14295664.0,0.0,83.0,999999999999,999999999999,999999999999
503,sqlite3DbNNFreeNN,466,1072,3592243940.0,0.0,480.0,4565108.0,1072.0,14301324.0,0.0,313.0,999999999999,999999999999,999999999999
2088,sqlite3WalkSelectExpr,759,1568,3596816208.0,0.0,20.0,7313886.0,1568.0,14322364.0,0.0,16.0,999999999999,999999999999,999999999999
2085,sqlite3WalkExprList,335,1112,3604131794.0,0.0,72.0,5021208.0,1112.0,14324233.0,0.0,60.0,999999999999,999999999999,999999999999
2082,sqlite3WalkExpr,161,920,3609154422.0,0.0,197.0,2886679.0,920.0,14326744.0,0.0,149.0,999999999999,999999999999,999999999999
2084,sqlite3WalkExprNN,693,1448,3612042161.0,0.0,285.0,8283826.0,1448.0,14328313.0,0.0,193.0,999999999999,999999999999,999999999999
2158,sqlite3ExprWalkNoop,46,544,3620327227.0,0.0,181.0,1974409.0,544.0,14330393.0,0.0,129.0,999999999999,999999999999,999999999999
2089,sqlite3WalkSelectFrom,524,1216,3622305286.0,0.0,20.0,6615167.0,1216.0,14360544.0,0.0,16.0,999999999999,999999999999,999999999999
2091,sqlite3SelectPopWith,294,1032,3628922443.0,0.0,10.0,3787368.0,1032.0,14365213.0,0.0,8.0,999999999999,999999999999,999999999999
2131,sqlite3ResolveSelectNames,176,968,3632711541.0,0.0,8.0,2977268.0,968.0,14368993.0,0.0,6.0,999999999999,999999999999,999999999999
2125,resolveSelectStep,4682,3984,3635690299.0,0.0,8.0,39186162.0,3984.0,14372313.0,0.0,6.0,999999999999,999999999999,999999999999
1919,sqlite3ResolveExprNames,709,1384,3674878291.0,0.0,36.0,6820237.0,1384.0,14380044.0,0.0,18.0,999999999999,999999999999,999999999999
1955,sqlite3ResolveExprListNames,966,1536,3681700438.0,0.0,10.0,9766655.0,1536.0,14386493.0,0.0,8.0,999999999999,999999999999,999999999999
1809,sqlite3ExprCheckHeight,216,1008,3691468223.0,0.0,83.0,3380708.0,1008.0,14391093.0,0.0,45.0,999999999999,999999999999,999999999999
2124,resolveExprStep,10140,10816,3694850791.0,0.0,99.0,66902878.0,10816.0,14394993.0,0.0,57.0,999999999999,999999999999,999999999999
2127,lookupName,13252,9864,3761757210.0,0.0,38.0,99220852.0,9864.0,14411353.0,0.0,20.0,999999999999,999999999999,999999999999
2141,sqlite3ExprColUsed,480,696,3860986672.0,0.0,31.0,4687078.0,696.0,14480193.0,0.0,17.0,999999999999,999999999999,999999999999
2132,resolveOrderGroupBy,1201,2128,3865683090.0,0.0,5.0,12879253.0,2128.0,14666873.0,0.0,3.0,999999999999,999999999999,999999999999
2028,sqlite3ExprSkipCollateAndLikely,334,616,3878564064.0,0.0,99.0,4216448.0,616.0,14670293.0,0.0,63.0,999999999999,999999999999,999999999999
2152,resolveAsName,459,1176,3882788872.0,0.0,4.0,6404637.0,1176.0,14673743.0,0.0,2.0,999999999999,999999999999,999999999999
2153,sqlite3ExprIsInteger,439,1192,3889197069.0,0.0,9.0,5052228.0,1192.0,14695213.0,0.0,5.0,999999999999,999999999999,999999999999
1000,sqlite3IsRowid,224,1104,3894254287.0,0.0,5.0,3701648.0,1104.0,14750773.0,0.0,1.0,999999999999,999999999999,999999999999
2057,sqlite3ExprCompare,4011,2736,3897959935.0,0.0,81.0,22037030.0,2736.0,14766433.0,0.0,49.0,999999999999,999999999999,999999999999
1858,sqlite3ExprListCompare,827,1264,3919999115.0,0.0,19.0,7868155.0,1264.0,14788943.0,0.0,9.0,999999999999,999999999999,999999999999
2156,sqlite3ResolveOrderGroupBy,878,1464,3927870740.0,0.0,5.0,8682136.0,1464.0,14872243.0,0.0,3.0,999999999999,999999999999,999999999999
2151,sqlite3SelectAddTypeInfo,159,944,3936555796.0,0.0,6.0,2736018.0,944.0,14882103.0,0.0,4.0,999999999999,999999999999,999999999999
2161,sqlite3SelectWalkNoop,46,544,3939293285.0,0.0,10.0,1927929.0,544.0,14884973.0,0.0,8.0,999999999999,999999999999,999999999999
2162,selectAddSubqueryTypeInfo,505,1248,3941225054.0,0.0,10.0,6514687.0,1248.0,14914983.0,0.0,8.0,999999999999,999999999999,999999999999
1842,sqlite3GenerateColumnNames,2019,2216,3947741611.0,0.0,4.0,16402092.0,2216.0,14920473.0,0.0,2.0,999999999999,999999999999,999999999999
1968,sqlite3VdbeSetNumCols,495,1304,3964145633.0,0.0,4.0,5427248.0,1304.0,14926533.0,0.0,2.0,999999999999,999999999999,999999999999
883,initMemArray,246,664,3969584841.0,0.0,20.0,3898998.0,664.0,14946153.0,0.0,14.0,999999999999,999999999999,999999999999
1969,sqlite3VdbeSetColName,367,1104,3973486769.0,0.0,34.0,4373587.0,1104.0,14955093.0,0.0,14.0,999999999999,999999999999,999999999999
760,sqlite3VdbeMemSetStr,2222,2256,3977862307.0,0.0,36.0,16291953.0,2256.0,14958003.0,0.0,14.0,999999999999,999999999999,999999999999
773,sqlite3VdbeMemClearAndResize,259,1000,3994158579.0,0.0,4725.0,3662279.0,1000.0,14967753.0,10000000.0,8033.0,999999999999,999999999999,999999999999
738,sqlite3VdbeMemGrow,1170,1840,3997822627.0,0.0,12410.0,10054825.0,1840.0,14969843.0,10000000.0,12382.0,999999999999,999999999999,999999999999
2193,generateColumnTypes,376,1256,4007892432.0,0.0,4.0,5598478.0,1256.0,15155163.0,0.0,2.0,999999999999,999999999999,999999999999
2178,columnTypeImpl,1434,1752,4013493000.0,0.0,19.0,12792544.0,1752.0,15157853.0,0.0,9.0,999999999999,999999999999,999999999999
1001,sqlite3ColumnType,339,1000,4026288084.0,0.0,16.0,4048018.0,1000.0,15165263.0,0.0,6.0,999999999999,999999999999,999999999999
1843,sqlite3WindowRewrite,4503,4888,4030352702.0,0.0,12.0,30970656.0,4888.0,15366383.0,0.0,10.0,999999999999,999999999999,999999999999
1850,countOfViewOptimization,2497,2384,4061326067.0,0.0,10.0,17493322.0,2384.0,15376813.0,0.0,8.0,999999999999,999999999999,999999999999
1859,sqlite3KeyInfoFromExprList,570,1400,4078821439.0,0.0,5.0,6956166.0,1400.0,15385053.0,0.0,3.0,999999999999,999999999999,999999999999
2030,sqlite3KeyInfoAlloc,519,1280,4085779295.0,0.0,5.0,5646847.0,1280.0,15387263.0,0.0,3.0,999999999999,999999999999,999999999999
2222,sqlite3ExprNNCollSeq,181,968,4091435442.0,0.0,5.0,3152469.0,968.0,15409553.0,0.0,3.0,999999999999,999999999999,999999999999
1651,sqlite3ExprCollSeq,1798,2400,4094590431.0,0.0,25.0,14473473.0,2400.0,15411143.0,0.0,17.0,999999999999,999999999999,999999999999
1653,sqlite3CheckCollSeq,353,1048,4109066364.0,0.0,25.0,4095258.0,1048.0,15417043.0,0.0,17.0,999999999999,999999999999,999999999999
1773,sqlite3VdbeAddOp4,213,1144,4113163772.0,0.0,38.0,3606989.0,1144.0,15423033.0,0.0,16.0,999999999999,999999999999,999999999999
866,sqlite3VdbeChangeP4,738,1216,4116773750.0,0.0,52.0,6291247.0,1216.0,15427253.0,0.0,24.0,999999999999,999999999999,999999999999
1860,sqlite3VdbeMakeLabel,67,552,4123068308.0,0.0,60.0,2014779.0,552.0,15434403.0,0.0,44.0,999999999999,999999999999,999999999999
1862,sqlite3VdbeChangeOpcode,114,960,4125084587.0,0.0,3.0,2640439.0,960.0,15437333.0,0.0,1.0,999999999999,999999999999,999999999999
1999,sqlite3VdbeGetOp,190,608,4127726905.0,0.0,101.0,2952478.0,608.0,15438863.0,0.0,95.0,999999999999,999999999999,999999999999
1864,sqlite3WhereBegin,12155,9888,4130680884.0,0.0,12.0,91047726.0,9888.0,15443993.0,0.0,8.0,999999999999,999999999999,999999999999
2223,whereLoopInit,119,592,4221744320.0,0.0,26.0,2511138.0,592.0,15477213.0,0.0,18.0,999999999999,999999999999,999999999999
2224,sqlite3WhereClauseInit,183,640,4224258459.0,0.0,12.0,2593559.0,640.0,15478693.0,0.0,8.0,999999999999,999999999999,999999999999
2225,sqlite3WhereSplit,397,1248,4226853238.0,0.0,18.0,4695558.0,1248.0,15480453.0,0.0,10.0,999999999999,999999999999,999999999999
2226,createMask,122,568,4231550986.0,0.0,11.0,2225069.0,568.0,15484453.0,0.0,7.0,999999999999,999999999999,999999999999
2227,sqlite3WhereTabFuncArgs,1320,1992,4233777195.0,0.0,11.0,13337563.0,1992.0,15486143.0,0.0,7.0,999999999999,999999999999,999999999999
2228,sqlite3WhereExprAnalyze,207,1032,4247116258.0,0.0,12.0,3886329.0,1032.0,15489693.0,0.0,8.0,999999999999,999999999999,999999999999
2232,whereShortCut,2769,2304,4251004107.0,0.0,9.0,19601450.0,2304.0,15494373.0,0.0,5.0,999999999999,999999999999,999999999999
2292,whereScanInit,1032,1520,4270607857.0,0.0,26.0,9051956.0,1520.0,15501173.0,0.0,16.0,999999999999,999999999999,999999999999
2293,whereScanNext,3270,2528,4279661283.0,0.0,29.0,25912908.0,2528.0,15505113.0,0.0,19.0,999999999999,999999999999,999999999999
2233,whereLoopAddAll,1669,2352,4305577491.0,0.0,10.0,15994773.0,2352.0,15515953.0,0.0,8.0,999999999999,999999999999,999999999999
2294,sqlite3WhereGetMask,364,680,4321573993.0,0.0,32.0,5196697.0,680.0,15519993.0,0.0,20.0,999999999999,999999999999,999999999999
2296,whereLoopAddBtree,7002,5280,4326772260.0,0.0,9.0,49874987.0,5280.0,15523143.0,0.0,7.0,999999999999,999999999999,999999999999
2350,estLog,237,912,4376651657.0,0.0,17.0,3230058.0,912.0,15535733.0,0.0,13.0,999999999999,999999999999,999999999999
2353,indexMightHelpWithOrderBy,1463,1632,4379886855.0,0.0,9.0,12238535.0,1632.0,15547833.0,0.0,7.0,999999999999,999999999999,999999999999
2354,whereLoopOutputAdjust,2336,1832,4392127980.0,0.0,10.0,17095681.0,1832.0,15556853.0,0.0,8.0,999999999999,999999999999,999999999999
2351,whereLoopInsert,1476,1984,4409225531.0,0.0,14.0,11847035.0,1984.0,15562433.0,0.0,10.0,999999999999,999999999999,999999999999
2365,whereLoopAdjustCost,1264,1368,4421074176.0,0.0,14.0,8735855.0,1368.0,15565633.0,0.0,10.0,999999999999,999999999999,999999999999
2366,whereLoopFindLesser,1358,992,4429812231.0,0.0,14.0,9291406.0,992.0,15569253.0,0.0,10.0,999999999999,999999999999,999999999999
2367,whereLoopXfer,820,1472,4439115897.0,0.0,14.0,7296097.0,1472.0,15590953.0,0.0,10.0,999999999999,999999999999,999999999999
2359,whereLoopClearUnion,459,1192,4446413744.0,0.0,38.0,4895168.0,1192.0,15592583.0,0.0,28.0,999999999999,999999999999,999999999999
2356,whereLoopAddBtreeIndex,10711,6472,4451311702.0,0.0,9.0,68067917.0,6472.0,15601383.0,0.0,7.0,999999999999,999999999999,999999999999
2298,whereLoopClear,274,1104,4519386299.0,0.0,24.0,3904918.0,1104.0,15646993.0,0.0,18.0,999999999999,999999999999,999999999999
2234,wherePathSolver,10018,5672,4523294427.0,0.0,14.0,68900808.0,5672.0,15651413.0,0.0,10.0,999999999999,999999999999,999999999999
2211,sqlite3LogEstAdd,901,696,4592208335.0,0.0,57.0,5467006.0,696.0,15685073.0,0.0,47.0,999999999999,999999999999,999999999999
2299,wherePathSatisfiesOrderBy,9718,5576,4597678581.0,0.0,8.0,73655145.0,5576.0,15709343.0,0.0,4.0,999999999999,999999999999,999999999999
2289,sqlite3WhereFindTerm,575,1280,4671337777.0,0.0,8.0,6720166.0,1280.0,15732403.0,0.0,4.0,999999999999,999999999999,999999999999
2235,whereInterstageHeuristic,582,832,4678070393.0,0.0,4.0,6721867.0,832.0,15774453.0,0.0,2.0,999999999999,999999999999,999999999999
1986,sqlite3OpenTable,545,1440,4684807940.0,0.0,9.0,6148697.0,1440.0,15878813.0,0.0,5.0,999999999999,999999999999,999999999999
1899,sqlite3TableLock,273,1152,4690958788.0,0.0,13.0,4157238.0,1152.0,15881933.0,0.0,5.0,999999999999,999999999999,999999999999
877,sqlite3BtreeSharable,61,544,4695118135.0,0.0,25.0,1950068.0,544.0,15884013.0,0.0,13.0,999999999999,999999999999,999999999999
862,sqlite3VdbeAddOp4Int,488,1312,4697071724.0,0.0,21.0,5710267.0,1312.0,15886223.0,0.0,13.0,999999999999,999999999999,999999999999
879,vdbeChangeP4Full,434,1248,4702784422.0,0.0,26.0,5359547.0,1248.0,15896573.0,0.0,10.0,999999999999,999999999999,999999999999
863,sqlite3VdbeChangeP5,163,584,4708145599.0,0.0,45.0,2813149.0,584.0,15902773.0,0.0,29.0,999999999999,999999999999,999999999999
1781,sqlite3CodeVerifySchema,176,920,4710960898.0,0.0,7.0,2851119.0,920.0,15905493.0,0.0,5.0,999999999999,999999999999,999999999999
2102,sqlite3CodeVerifySchemaAtToplevel,250,944,4713814886.0,0.0,13.0,3362199.0,944.0,15907363.0,0.0,7.0,999999999999,999999999999,999999999999
1793,sqlite3VdbeCurrentAddr,49,544,4717179015.0,0.0,62.0,1952049.0,544.0,15911273.0,0.0,46.0,999999999999,999999999999,999999999999
2244,sqlite3WhereExplainOneScan,2475,2632,4719132704.0,0.0,11.0,16847422.0,2632.0,15915493.0,0.0,7.0,999999999999,999999999999,999999999999
2245,sqlite3WhereCodeOneLoopStart,30791,25592,4735984766.0,0.0,11.0,251281290.0,25592.0,15921533.0,0.0,7.0,999999999999,999999999999,999999999999
1865,sqlite3WhereOutputRowCount,66,544,4987276016.0,0.0,18.0,2282039.0,544.0,16000183.0,0.0,14.0,999999999999,999999999999,999999999999
1867,sqlite3WhereIsOrdered,158,552,4989561015.0,0.0,4.0,2317479.0,552.0,16003233.0,0.0,2.0,999999999999,999999999999,999999999999
1868,sqlite3WhereOrderByLimitOptLabel,309,640,4991880164.0,0.0,3.0,3532708.0,640.0,16005013.0,0.0,1.0,999999999999,999999999999,999999999999
1869,sqlite3VdbeChangeToNoop,351,1072,4995414442.0,0.0,5.0,4038268.0,1072.0,16008153.0,0.0,1.0,999999999999,999999999999,999999999999
878,freeP4,581,1688,4999454190.0,0.0,39.0,4685288.0,1688.0,16010593.0,0.0,19.0,999999999999,999999999999,999999999999
1307,sqlite3KeyInfoUnref,188,912,5004143048.0,0.0,6.0,2928239.0,912.0,16013223.0,0.0,4.0,999999999999,999999999999,999999999999
1873,sqlite3WhereContinueLabel,48,544,5007082637.0,0.0,9.0,1791509.0,544.0,16025543.0,0.0,7.0,999999999999,999999999999,999999999999
1874,sqlite3WhereBreakLabel,49,544,5008875566.0,0.0,9.0,1794409.0,544.0,16026643.0,0.0,7.0,999999999999,999999999999,999999999999
1872,selectInnerLoop,7166,7384,5010671275.0,0.0,12.0,51784536.0,7384.0,16027763.0,0.0,10.0,999999999999,999999999999,999999999999
2257,codeOffset,165,936,5062458871.0,0.0,14.0,3049378.0,936.0,16036553.0,0.0,12.0,999999999999,999999999999,999999999999
2258,innerLoopLoadRow,156,952,5065510049.0,0.0,10.0,2725849.0,952.0,16043363.0,0.0,8.0,999999999999,999999999999,999999999999
1885,sqlite3ExprCodeExprList,1576,2016,5068237508.0,0.0,14.0,14407153.0,2016.0,16045003.0,0.0,12.0,999999999999,999999999999,999999999999
1958,sqlite3ExprCodeTarget,15921,19104,5082646971.0,0.0,80.0,118008594.0,19104.0,16050453.0,0.0,50.0,999999999999,999999999999,999999999999
2035,sqlite3ExprCodeGetColumn,461,1208,5200660255.0,0.0,32.0,5314077.0,1208.0,16069943.0,0.0,18.0,999999999999,999999999999,999999999999
1924,sqlite3ExprCodeGetColumnOfTable,1070,1896,5205977552.0,0.0,32.0,9598016.0,1896.0,16072013.0,0.0,18.0,999999999999,999999999999,999999999999
1942,sqlite3TableColumnToStorage,581,744,5215577318.0,0.0,35.0,6600937.0,744.0,16077623.0,0.0,21.0,999999999999,999999999999,999999999999
1993,sqlite3ColumnDefault,597,1488,5222181384.0,0.0,31.0,6054647.0,1488.0,16083583.0,0.0,17.0,999999999999,999999999999,999999999999
1875,sqlite3WhereEnd,7780,7664,5228244952.0,0.0,12.0,62758379.0,7664.0,16192773.0,0.0,8.0,999999999999,999999999999,999999999999
1871,sqlite3VdbeResolveLabel,284,992,5291007511.0,0.0,60.0,3778499.0,992.0,16203453.0,0.0,44.0,999999999999,999999999999,999999999999
2071,resizeResolveLabel,486,1232,5294788160.0,0.0,9.0,5594077.0,1232.0,16205733.0,0.0,5.0,999999999999,999999999999,999999999999
1347,sqlite3DbReallocOrFree,197,1056,5300384917.0,0.0,12.0,3342959.0,1056.0,16208633.0,0.0,6.0,999999999999,999999999999,999999999999
2246,whereInfoFree,385,1288,5303746596.0,0.0,12.0,5864297.0,1288.0,16245993.0,0.0,8.0,999999999999,999999999999,999999999999
2320,sqlite3WhereClauseClear,550,1192,5309613303.0,0.0,12.0,6424617.0,1192.0,16247343.0,0.0,8.0,999999999999,999999999999,999999999999
2321,whereLoopDelete,115,992,5316040250.0,0.0,14.0,2571518.0,992.0,16250573.0,0.0,10.0,999999999999,999999999999,999999999999
1848,sqlite3VdbeExplainPop,92,928,5318622198.0,0.0,12.0,2311389.0,928.0,16272683.0,0.0,10.0,999999999999,999999999999,999999999999
2214,sqlite3VdbeExplainParent,176,976,5320935147.0,0.0,12.0,3182069.0,976.0,16273833.0,0.0,10.0,999999999999,999999999999,999999999999
1538,sqlite3SelectDelete,142,904,5324119646.0,0.0,10.0,2773249.0,904.0,16276693.0,0.0,8.0,999999999999,999999999999,999999999999
1540,clearSelect,671,1776,5326894995.0,0.0,10.0,8732616.0,1776.0,16278483.0,0.0,8.0,999999999999,999999999999,999999999999
1543,sqlite3SrcListDelete,1037,1712,5335637550.0,0.0,18.0,10781484.0,1712.0,16371733.0,0.0,14.0,999999999999,999999999999,999999999999
491,sqlite3DeleteTable,262,952,5346424645.0,0.0,21.0,3537278.0,952.0,16389743.0,0.0,15.0,999999999999,999999999999,999999999999
1770,sqlite3VdbeAddOp0,104,928,5349974483.0,0.0,10.0,2500589.0,928.0,16509143.0,0.0,6.0,999999999999,999999999999,999999999999
1772,sqlite3VdbeJumpHere,107,912,5352477552.0,0.0,17.0,2476579.0,912.0,16512623.0,0.0,13.0,999999999999,999999999999,999999999999
2027,sqlite3VdbeChangeP2,114,960,5354955781.0,0.0,19.0,2601569.0,960.0,16513923.0,0.0,15.0,999999999999,999999999999,999999999999
865,sqlite3VdbeUsesBtree,276,1040,5357561520.0,0.0,14.0,3891478.0,1040.0,16517543.0,0.0,8.0,999999999999,999999999999,999999999999
1777,sqlite3VdbeGoto,109,928,5361457238.0,0.0,15.0,2504629.0,928.0,16527903.0,0.0,13.0,999999999999,999999999999,999999999999
867,sqlite3VdbeMakeReady,2567,2880,5363963487.0,0.0,8.0,17132652.0,2880.0,16531583.0,0.0,6.0,999999999999,999999999999,999999999999
881,resolveP2Values,1028,1880,5381098199.0,0.0,8.0,9084956.0,1880.0,16537243.0,0.0,6.0,999999999999,999999999999,999999999999
882,allocSpace,342,648,5390190665.0,0.0,52.0,3681328.0,648.0,16557932.0,0.0,36.0,999999999999,999999999999,999999999999
626,sqlite3VdbeRewind,205,672,5393876233.0,0.0,8.0,2833048.0,672.0,16574683.0,0.0,6.0,999999999999,999999999999,999999999999
604,sqlite3_step,751,1848,5396719191.0,0.0,30.0,9087956.0,1848.0,16607643.0,0.0,28.0,999999999999,999999999999,999999999999
617,vdbeSafetyNotNull,182,984,5405808977.0,0.0,30.0,3149959.0,984.0,16609303.0,0.0,28.0,999999999999,999999999999,999999999999
638,vdbeSafety,176,944,5408960336.0,0.0,35.0,2963138.0,944.0,16610623.0,0.0,33.0,999999999999,999999999999,999999999999
618,sqlite3Step,2011,2184,5411925144.0,0.0,30.0,15053363.0,2184.0,16613452.0,0.0,28.0,999999999999,999999999999,999999999999
798,sqlite3VdbeExec,103835,80248,5426980547.0,0.0,30.0,1353234776.0,80248.0,16621003.0,0.0,28.0,999999999999,999999999999,999999999999
1379,allocateCursor,1292,1824,6780222713.0,0.0,18.0,12231854.0,1824.0,16753212.0,0.0,12.0,999999999999,999999999999,999999999999
1460,sqlite3BtreeCursorSize,13,520,6792459257.0,0.0,14.0,1536089.0,520.0,16757952.0,0.0,8.0,999999999999,999999999999,999999999999
1461,sqlite3BtreeCursorZero,95,568,6794009686.0,0.0,14.0,1980349.0,568.0,16785852.0,0.0,8.0,999999999999,999999999999,999999999999
1380,sqlite3BtreeCursor,289,1056,6795992105.0,0.0,14.0,3677019.0,1056.0,16788892.0,0.0,8.0,999999999999,999999999999,999999999999
1463,btreeCursor,857,1496,6799670574.0,0.0,14.0,8953825.0,1496.0,16791022.0,0.0,8.0,999999999999,999999999999,999999999999
1381,sqlite3BtreeCursorHintFlags,61,552,6808627169.0,0.0,11.0,1961839.0,552.0,16798722.0,0.0,5.0,999999999999,999999999999,999999999999
810,sqlite3BtreeFirst,234,1056,6810591828.0,0.0,11007.0,3492218.0,1056.0,16804232.0,0.0,11005.0,999999999999,999999999999,999999999999
1456,moveToRoot,1683,1968,6814087306.0,0.0,44083.0,12633555.0,1968.0,16805912.0,360000000.0,44084.0,999999999999,999999999999,999999999999
731,sqlite3VdbeHalt,4031,3400,6826724871.0,0.0,8.0,24292108.0,3400.0,23812919.0,0.0,6.0,999999999999,999999999999,999999999999
1311,closeAllCursors,552,1352,6851019389.0,0.0,8.0,6558857.0,1352.0,23818739.0,0.0,6.0,999999999999,999999999999,999999999999
1318,closeCursorsInFrame,328,1096,6857580816.0,0.0,8.0,4841597.0,1096.0,23821099.0,0.0,6.0,999999999999,999999999999,999999999999
1328,sqlite3VdbeFreeCursorNN,372,1080,6862423953.0,0.0,18.0,4336758.0,1080.0,23823439.0,0.0,12.0,999999999999,999999999999,999999999999
1331,sqlite3BtreeCloseCursor,637,1392,6866762181.0,0.0,14.0,6711597.0,1392.0,23826139.0,0.0,8.0,999999999999,999999999999,999999999999
1283,btreeReleaseAllCursorPages,344,1120,6873476948.0,0.0,14.0,4881218.0,1120.0,23829548.0,0.0,8.0,999999999999,999999999999,999999999999
1249,unlockBtreeIfUnused,196,928,6878359346.0,0.0,25.0,2970639.0,928.0,23838948.0,0.0,19.0,999999999999,999999999999,999999999999
1304,releaseMemArray,597,1280,6881334665.0,0.0,20.0,6888676.0,1280.0,23845299.0,0.0,14.0,999999999999,999999999999,999999999999
1312,sqlite3VdbeEnter,447,1160,6888232301.0,0.0,8.0,5840577.0,1160.0,23896319.0,0.0,6.0,999999999999,999999999999,999999999999
1313,sqlite3VdbeCheckFk,417,1144,6894074378.0,0.0,14.0,4441208.0,1144.0,23899759.0,0.0,12.0,999999999999,999999999999,999999999999
1314,vdbeCommit,4736,5120,6898517636.0,0.0,6.0,36827583.0,5120.0,23907279.0,0.0,6.0,999999999999,999999999999,999999999999
1322,sqlite3VtabSync,495,1376,6935347129.0,0.0,6.0,6730306.0,1376.0,23912199.0,0.0,6.0,999999999999,999999999999,999999999999
1040,sqlite3BtreeGetFilename,99,912,6942082605.0,0.0,6.0,2330599.0,912.0,23919879.0,0.0,6.0,999999999999,999999999999,999999999999
1041,sqlite3PagerFilename,206,1008,6944415814.0,0.0,6.0,3462029.0,1008.0,23921268.0,0.0,6.0,999999999999,999999999999,999999999999
1137,sqlite3IsMemdb,75,544,6947879683.0,0.0,6.0,1863769.0,544.0,23922939.0,0.0,6.0,999999999999,999999999999,999999999999
679,sqlite3BtreeCommitPhaseOne,479,1312,6949749702.0,0.0,7.0,5220398.0,1312.0,23932119.0,0.0,7.0,999999999999,999999999999,999999999999
678,sqlite3BtreeCommitPhaseTwo,389,1264,6954973090.0,0.0,7.0,4920187.0,1264.0,23936339.0,0.0,7.0,999999999999,999999999999,999999999999
711,btreeEndTransaction,456,1176,6959895917.0,0.0,11.0,4618228.0,1176.0,23939338.0,0.0,11.0,999999999999,999999999999,999999999999
1272,clearAllSharedCacheTableLocks,587,1168,6964516655.0,0.0,9.0,5962677.0,1168.0,23942608.0,0.0,9.0,999999999999,999999999999,999999999999
720,releasePageOne,82,888,6970482782.0,0.0,9.0,2176519.0,888.0,23948498.0,0.0,9.0,999999999999,999999999999,999999999999
1257,sqlite3PagerUnrefPageOne,110,992,6972661201.0,0.0,9.0,2504399.0,992.0,23949558.0,0.0,9.0,999999999999,999999999999,999999999999
1118,sqlite3PcacheRelease,275,960,6975168130.0,0.0,241.0,3405298.0,960.0,23835888.0,0.0,343.0,999999999999,999999999999,999999999999
1120,pcacheUnpin,204,944,6978575178.0,0.0,177.0,2969479.0,944.0,23952018.0,0.0,284.0,999999999999,999999999999,999999999999
2699,pcache1Unpin,388,1072,6981547277.0,0.0,177.0,4243928.0,1072.0,23954238.0,0.0,284.0,999999999999,999999999999,999999999999
1200,pagerUnlockIfUnused,142,984,6985794825.0,0.0,9.0,2787359.0,984.0,23958298.0,0.0,9.0,999999999999,999999999999,999999999999
1161,pagerUnlockAndRollback,703,1424,6988586364.0,0.0,13.0,5847956.0,1424.0,23960468.0,0.0,13.0,999999999999,999999999999,999999999999
1202,pager_end_transaction,2032,2496,6994435860.0,0.0,16.0,14856554.0,2496.0,23964058.0,0.0,14.0,999999999999,999999999999,999999999999
1158,pager_unlock,876,1600,7009294044.0,0.0,13.0,7848336.0,1600.0,23968358.0,0.0,13.0,999999999999,999999999999,999999999999
1030,sqlite3BitvecDestroy,292,1120,7017145330.0,0.0,30.0,4395128.0,1120.0,23970418.0,0.0,26.0,999999999999,999999999999,999999999999
1204,releaseAllSavepoints,407,1304,7021543358.0,0.0,23.0,5968837.0,1304.0,23972548.0,0.0,21.0,999999999999,999999999999,999999999999
1144,sqlite3OsClose,169,936,7027514455.0,0.0,39.0,2790798.0,936.0,23975398.0,0.0,35.0,999999999999,999999999999,999999999999
1210,pagerUnlockDb,354,1072,7030311763.0,0.0,17.0,4115988.0,1072.0,23983518.0,0.0,15.0,999999999999,999999999999,999999999999
1217,sqlite3OsUnlock,118,952,7034429512.0,0.0,11.0,2497909.0,952.0,23985688.0,0.0,9.0,999999999999,999999999999,999999999999
1098,dotlockUnlock,521,1184,7036929241.0,0.0,12.0,5086847.0,1184.0,23987138.0,0.0,10.0,999999999999,999999999999,999999999999
2807,rmdir,161,1016,7042020128.0,0.0,6.0,2900059.0,1016.0,23990198.0,0.0,6.0,999999999999,999999999999,999999999999
2793,__wasilibc_nocwd___wasilibc_rmdirat,36,864,7044929507.0,0.0,6.0,2116918.0,864.0,24013588.0,0.0,6.0,999999999999,999999999999,999999999999
2777,__wasi_path_remove_directory,26,928,7047047835.0,0.0,6.0,2102859.0,928.0,24014838.0,0.0,6.0,999999999999,999999999999,999999999999
1323,sqlite3VtabCommit,88,904,7049242684.0,0.0,6.0,2164639.0,904.0,24073368.0,0.0,6.0,999999999999,999999999999,999999999999
1339,callFinaliser,559,1400,7051409473.0,0.0,8.0,6949867.0,1400.0,24074388.0,0.0,8.0,999999999999,999999999999,999999999999
1004,sqlite3CommitInternalChanges,65,544,7058362990.0,0.0,14.0,1894149.0,544.0,24079578.0,0.0,12.0,999999999999,999999999999,999999999999
799,doWalCallbacks,53,552,7060262219.0,0.0,8.0,1811819.0,552.0,24090488.0,0.0,6.0,999999999999,999999999999,999999999999
634,sqlite3VdbeFinalize,184,1032,7062078888.0,0.0,3.0,3150309.0,1032.0,24095428.0,0.0,1.0,999999999999,999999999999,999999999999
625,sqlite3VdbeReset,523,1256,7065231167.0,0.0,8.0,5260128.0,1256.0,24097098.0,0.0,6.0,999999999999,999999999999,999999999999
492,sqlite3VdbeDelete,304,1096,7070494085.0,0.0,8.0,3885417.0,1096.0,24101958.0,0.0,6.0,999999999999,999999999999,999999999999
502,sqlite3VdbeClearObject,784,1784,7074382452.0,0.0,8.0,8402296.0,1784.0,24103598.0,0.0,6.0,999999999999,999999999999,999999999999
1305,vdbeFreeOpArray,410,1128,7082797878.0,0.0,8.0,5166947.0,1128.0,24191778.0,0.0,6.0,999999999999,999999999999,999999999999
1414,sqlite3AnalysisLoad,1057,1792,7087974136.0,0.0,1.0,10565616.0,1792.0,24238998.0,0.0,1.0,999999999999,999999999999,999999999999
1497,sqlite3BtreeCommit,158,1072,7098547091.0,0.0,1.0,3170378.0,1072.0,24279058.0,0.0,1.0,999999999999,999999999999,999999999999
1783,sqlite3BeginWriteOperation,290,1032,7101791149.0,0.0,6.0,3523739.0,1032.0,41945290.0,0.0,2.0,999999999999,999999999999,999999999999
1771,sqlite3VdbeAddOp1,118,944,7105318858.0,0.0,28.0,2470559.0,944.0,43424400.0,0.0,24.0,999999999999,999999999999,999999999999
1784,sqlite3OpenSchemaTable,238,1152,7107794577.0,0.0,2.0,3523348.0,1152.0,,,,999999999999,999999999999,999999999999
1684,sqlite3AddPrimaryKey,1948,2536,7111336075.0,0.0,4.0,16693032.0,2536.0,18324912.0,0.0,4.0,999999999999,999999999999,999999999999
1812,makeColumnPartOfPrimaryKey,190,936,7128031257.0,0.0,4.0,3040108.0,936.0,18329932.0,0.0,2.0,999999999999,999999999999,999999999999
1815,sqlite3HasExplicitNulls,545,1104,7131073935.0,0.0,4.0,6341387.0,1104.0,18335462.0,0.0,2.0,999999999999,999999999999,999999999999
1683,sqlite3AddNotNull,611,768,7137439012.0,0.0,8.0,6187208.0,768.0,18961901.0,0.0,8.0,999999999999,999999999999,999999999999
547,enlargeAndAppend,261,1096,7143649180.0,0.0,8.0,3648348.0,1096.0,,,,999999999999,999999999999,999999999999
541,sqlite3StrAccumEnlarge,1355,1744,7147300028.0,0.0,8.0,9981865.0,1744.0,,,,999999999999,999999999999,999999999999
1799,sqlite3NestedParse,683,1544,7157290133.0,0.0,2.0,6431627.0,1544.0,,,,999999999999,999999999999,999999999999
535,printfTempBuf,483,1160,7163732320.0,0.0,2.0,4629258.0,1160.0,,,,999999999999,999999999999,999999999999
1810,sqlite3DequoteExpr,202,936,7168389428.0,0.0,17.0,2856759.0,936.0,39185772.0,0.0,5.0,999999999999,999999999999,999999999999
1701,sqlite3ExprListSetName,420,1256,7171253297.0,0.0,15.0,4853087.0,1256.0,22411479.0,0.0,5.0,999999999999,999999999999,999999999999
1680,sqlite3PExpr,511,1408,7176122734.0,0.0,33.0,5560596.0,1408.0,37551252.0,0.0,21.0,999999999999,999999999999,999999999999
1726,sqlite3ExprAttachSubtrees,586,1240,7181687641.0,0.0,33.0,5491108.0,1240.0,37557232.0,0.0,21.0,999999999999,999999999999,999999999999
852,sqlite3GetInt32,2182,1536,7187181689.0,0.0,18.0,13604964.0,1536.0,36544743.0,0.0,14.0,999999999999,999999999999,999999999999
1706,sqlite3SrcListIndexedBy,474,1064,7200820573.0,0.0,2.0,4599077.0,1064.0,,,,999999999999,999999999999,999999999999
1715,sqlite3ExprListCheckLength,241,968,7205421730.0,0.0,2.0,3311518.0,968.0,,,,999999999999,999999999999,999999999999
1717,sqlite3Update,21493,19176,7208734848.0,0.0,2.0,170045290.0,19176.0,,,,999999999999,999999999999,999999999999
1816,sqlite3SrcListLookup,474,1224,7378783908.0,0.0,4.0,5457447.0,1224.0,41857610.0,0.0,2.0,999999999999,999999999999,999999999999
1913,sqlite3TriggersExist,355,1200,7384256715.0,0.0,4.0,4914568.0,1200.0,41902090.0,0.0,2.0,999999999999,999999999999,999999999999
2394,tempTriggersExist,207,608,7389174203.0,0.0,4.0,2930709.0,608.0,41904210.0,0.0,2.0,999999999999,999999999999,999999999999
1829,sqlite3ViewGetColumnNames,255,976,7392107802.0,0.0,4.0,3307409.0,976.0,41908580.0,0.0,2.0,999999999999,999999999999,999999999999
1915,sqlite3IsReadOnly,451,1176,7395417069.0,0.0,4.0,4939327.0,1176.0,41911720.0,0.0,2.0,999999999999,999999999999,999999999999
2398,tabIsReadOnly,407,1112,7400358337.0,0.0,4.0,4615338.0,1112.0,41913690.0,0.0,2.0,999999999999,999999999999,999999999999
1914,sqlite3FkRequired,966,1696,7404993615.0,0.0,2.0,10218386.0,1696.0,,,,999999999999,999999999999,999999999999
1950,sqlite3ExprVectorSize,339,648,7415216521.0,0.0,36.0,3571718.0,648.0,42656400.0,0.0,16.0,999999999999,999999999999,999999999999
2285,whereClauseInsert,1083,1760,7418803889.0,0.0,11.0,9738775.0,1760.0,43522400.0,0.0,5.0,999999999999,999999999999,999999999999
2286,exprAnalyze,11789,10736,7428546564.0,0.0,10.0,79635422.0,10736.0,43534830.0,0.0,4.0,999999999999,999999999999,999999999999
2322,sqlite3WhereExprUsage,165,920,7508186516.0,0.0,20.0,3044559.0,920.0,43548960.0,0.0,8.0,999999999999,999999999999,999999999999
2324,sqlite3WhereExprUsageNN,309,1000,7511234305.0,0.0,20.0,3882268.0,1000.0,43550650.0,0.0,8.0,999999999999,999999999999,999999999999
2335,sqlite3WhereExprUsageFull,1047,1616,7515119083.0,0.0,2.0,8692596.0,1616.0,,,,999999999999,999999999999,999999999999
2325,allowedOp,275,568,7523813839.0,0.0,10.0,2847758.0,568.0,43561090.0,0.0,4.0,999999999999,999999999999,999999999999
1813,sqlite3ExprSkipCollate,194,576,7526664047.0,0.0,16.0,3516148.0,576.0,43563880.0,0.0,8.0,999999999999,999999999999,999999999999
2326,exprMightBeIndexed,769,1264,7530182455.0,0.0,16.0,8173097.0,1264.0,43568560.0,0.0,8.0,999999999999,999999999999,999999999999
2327,operatorMask,276,640,7538357932.0,0.0,9.0,3207348.0,640.0,43572910.0,0.0,5.0,999999999999,999999999999,999999999999
2334,isAuxiliaryVtabOperator,2528,2040,7541568120.0,0.0,10.0,15755292.0,2040.0,43584120.0,0.0,4.0,999999999999,999999999999,999999999999
2308,codeEqualityTerm,4613,4192,7557338543.0,0.0,3.0,35514694.0,4192.0,5618257245.0,0.0,1.0,999999999999,999999999999,999999999999
2310,disableTerm,620,824,7592857396.0,0.0,3.0,6960327.0,824.0,5618303145.0,0.0,1.0,999999999999,999999999999,999999999999
1887,sqlite3ReleaseTempReg,207,584,7599820533.0,0.0,50.0,2919528.0,584.0,43379250.0,0.0,40.0,999999999999,999999999999,999999999999
1921,sqlite3WhereOkOnePass,111,576,7602746111.0,0.0,2.0,2237399.0,576.0,,,,999999999999,999999999999,999999999999
1923,sqlite3WhereUsesDeferredSeek,72,544,7604985370.0,0.0,2.0,2033629.0,544.0,,,,999999999999,999999999999,999999999999
1926,sqlite3OpenTableAndIndices,1465,2096,7607042709.0,0.0,4.0,14215703.0,2096.0,45162069.0,0.0,2.0,999999999999,999999999999,999999999999
1941,sqlite3TriggerColmask,765,1488,7621263502.0,0.0,2.0,8622297.0,1488.0,,,,999999999999,999999999999,999999999999
1776,sqlite3ExprCode,474,1232,7629887658.0,0.0,31.0,5334017.0,1232.0,44816339.0,0.0,17.0,999999999999,999999999999,999999999999
1987,sqlite3VdbeLoadString,128,960,7635225395.0,0.0,17.0,2680989.0,960.0,44831329.0,0.0,5.0,999999999999,999999999999,999999999999
1945,sqlite3GenerateConstraintChecks,17496,16056,7637927034.0,0.0,4.0,139285354.0,16056.0,45216059.0,0.0,2.0,999999999999,999999999999,999999999999
2429,indexIteratorFirst,178,624,7777217228.0,0.0,4.0,3284349.0,624.0,45372739.0,0.0,2.0,999999999999,999999999999,999999999999
1797,sqlite3TableAffinity,737,1648,7780507206.0,0.0,4.0,7260656.0,1648.0,45379159.0,0.0,2.0,999999999999,999999999999,999999999999
2121,sqlite3TableAffinityStr,692,1224,7787771663.0,0.0,3.0,7604516.0,1224.0,45381499.0,0.0,2.0,999999999999,999999999999,999999999999
1947,sqlite3GenerateRowIndexDelete,891,1696,7795396899.0,0.0,2.0,10543525.0,1696.0,,,,999999999999,999999999999,999999999999
1948,sqlite3CompleteInsertion,1648,2144,7805942664.0,0.0,4.0,15400933.0,2144.0,45419379.0,0.0,2.0,999999999999,999999999999,999999999999
1932,sqlite3AuthContextPop,139,576,7821348207.0,0.0,2.0,2493559.0,576.0,,,,999999999999,999999999999,999999999999
1665,yy_accept,75,552,7823869005.0,0.0,2.0,1943939.0,552.0,,,,999999999999,999999999999,999999999999
1800,sqlite3ChangeCookie,213,984,7825821175.0,0.0,2.0,3040148.0,984.0,,,,999999999999,999999999999,999999999999
1801,sqlite3VdbeAddParseSchemaOp,322,1272,7828873163.0,0.0,2.0,5360218.0,1272.0,,,,999999999999,999999999999,999999999999
1792,sqlite3MayAbort,149,568,7834236961.0,0.0,7.0,2375759.0,568.0,45239959.0,0.0,5.0,999999999999,999999999999,999999999999
501,deleteTable,707,1648,7836629810.0,0.0,8.0,7839306.0,1648.0,45536479.0,0.0,6.0,999999999999,999999999999,999999999999
1646,sqlite3FkDelete,661,1464,7844471986.0,0.0,8.0,7584886.0,1464.0,45539379.0,0.0,6.0,999999999999,999999999999,999999999999
1648,sqlite3DeleteColumnNames,531,1336,7852059352.0,0.0,8.0,6674907.0,1336.0,45542599.0,0.0,6.0,999999999999,999999999999,999999999999
1617,sqlite3VdbeSetSql,280,1048,7858744039.0,0.0,5.0,3866018.0,1048.0,29403336.0,0.0,5.0,999999999999,999999999999,999999999999
800,sqlite3_sql,129,568,7862620167.0,0.0,5.0,2428908.0,568.0,29434926.0,0.0,5.0,999999999999,999999999999,999999999999
846,sqlite3_stmt_isexplain,151,568,7865052906.0,0.0,10.0,2503719.0,568.0,29441196.0,0.0,10.0,999999999999,999999999999,999999999999
273,bind_prepared_stmt,978,2160,7867558745.0,0.0,5.0,10423265.0,2160.0,29446506.0,0.0,5.0,999999999999,999999999999,999999999999
838,sqlite3_bind_parameter_count,147,560,7877984780.0,0.0,5.0,2549649.0,560.0,29449006.0,0.0,5.0,999999999999,999999999999,999999999999
270,exec_prepared_stmt,2296,2376,7880536109.0,0.0,5.0,16421332.0,2376.0,29451696.0,0.0,5.0,999999999999,999999999999,999999999999
2705,pcache1PinPage,169,632,7897099261.0,0.0,177.0,2752669.0,632.0,29715796.0,0.0,284.0,999999999999,999999999999,999999999999
1124,sqlite3TempInMemory,91,552,7899857270.0,0.0,11.0,2118378.0,552.0,46281769.0,0.0,9.0,999999999999,999999999999,999999999999
1248,sqlite3PagerBegin,465,1272,7901978188.0,0.0,7.0,5585128.0,1272.0,46283249.0,0.0,5.0,999999999999,999999999999,999999999999
2805,utimes,245,1152,7907567106.0,0.0,8.0,4094398.0,1152.0,46288789.0,0.0,4.0,999999999999,999999999999,999999999999
2791,__wasilibc_nocwd_utimensat,505,1712,7911667844.0,0.0,8.0,8747786.0,1712.0,46310468.0,0.0,4.0,999999999999,999999999999,999999999999
2774,__wasi_path_filestat_set_times,34,976,7920417450.0,0.0,8.0,2512149.0,976.0,46311788.0,0.0,4.0,999999999999,999999999999,999999999999
688,newDatabase,807,1600,7922969649.0,0.0,7.0,7434626.0,1600.0,46338498.0,0.0,5.0,999999999999,999999999999,999999999999
672,sqlite3PagerWrite,427,1160,7930406985.0,0.0,33203.0,5028968.0,1160.0,46810638.0,120000000.0,33186.0,999999999999,999999999999,999999999999
694,pager_write,790,1456,7935438032.0,0.0,65.0,7074416.0,1456.0,46813418.0,0.0,63.0,999999999999,999999999999,999999999999
1261,pager_open_journal,1017,1784,7942514719.0,0.0,7.0,9125496.0,1784.0,46816238.0,0.0,5.0,999999999999,999999999999,999999999999
1025,sqlite3BitvecCreate,161,960,7951644495.0,0.0,4.0,3009868.0,960.0,47475648.0,0.0,2.0,999999999999,999999999999,999999999999
1267,jrnlBufferSize,39,536,7954666513.0,0.0,4.0,1874159.0,536.0,47495688.0,0.0,2.0,999999999999,999999999999,999999999999
1268,databaseIsUnmoved,365,1064,7956542742.0,0.0,4.0,4221519.0,1064.0,47496828.0,0.0,2.0,999999999999,999999999999,999999999999
1265,sqlite3JournalOpen,541,1224,7960765640.0,0.0,4.0,5720488.0,1224.0,47508048.0,0.0,2.0,999999999999,999999999999,999999999999
1091,getFileMode,293,1144,7966492788.0,0.0,4.0,4118288.0,1144.0,47538068.0,0.0,2.0,999999999999,999999999999,999999999999
1184,writeJournalHdr,1408,2080,7970702486.0,0.0,4.0,13146883.0,2080.0,47652098.0,0.0,2.0,999999999999,999999999999,999999999999
1183,journalHdrOffset,235,616,7983851629.0,0.0,8.0,3124739.0,616.0,47655678.0,0.0,4.0,999999999999,999999999999,999999999999
570,sqlite3OsRandomness,303,1144,7986982618.0,0.0,1.0,4269718.0,1144.0,47671908.0,0.0,1.0,999999999999,999999999999,999999999999
592,unixRandomness,514,1408,7991255056.0,0.0,1.0,5837748.0,1408.0,47674218.0,0.0,1.0,999999999999,999999999999,999999999999
2745,time,93,976,7997126554.0,0.0,1.0,2867108.0,976.0,47702618.0,0.0,1.0,999999999999,999999999999,999999999999
571,chacha_block,4736,1648,7999998752.0,0.0,1.0,30061086.0,1648.0,47707968.0,0.0,1.0,999999999999,999999999999,999999999999
686,sqlite3Put4byte,156,600,8030064428.0,0.0,226.0,2616778.0,600.0,46844468.0,0.0,200.0,999999999999,999999999999,999999999999
674,sqlite3OsWrite,155,992,8032684876.0,0.0,84.0,2992909.0,992.0,47840918.0,0.0,81.0,999999999999,999999999999,999999999999
1066,unixWrite,578,1336,8035680875.0,0.0,84.0,6669247.0,1336.0,47842657.0,0.0,81.0,999999999999,999999999999,999999999999
1067,seekAndWrite,158,976,8042352712.0,0.0,84.0,2896648.0,976.0,47844848.0,0.0,81.0,999999999999,999999999999,999999999999
1089,seekAndWriteFd,571,1424,8045250490.0,0.0,84.0,6797387.0,1424.0,47846357.0,0.0,81.0,999999999999,999999999999,999999999999
2750,write,113,984,8052056857.0,0.0,84.0,3158969.0,984.0,47852677.0,0.0,81.0,999999999999,999999999999,999999999999
1230,sqlite3PcacheMakeDirty,275,952,8055277916.0,0.0,65.0,3452868.0,952.0,46820508.0,0.0,63.0,999999999999,999999999999,999999999999
1121,pcacheManageDirtyList,934,872,8058733874.0,0.0,243.0,6948037.0,872.0,46823558.0,0.0,241.0,999999999999,999999999999,999999999999
1231,sqlite3BitvecTestNotNull,815,824,8065684641.0,0.0,61.0,8066107.0,824.0,48170757.0,0.0,59.0,999999999999,999999999999,999999999999
1253,zeroPage,983,1536,8073754257.0,0.0,60.0,8697736.0,1536.0,46833748.0,0.0,57.0,999999999999,999999999999,999999999999
1233,decodeFlags,1226,1552,8082454143.0,0.0,62.0,8553485.0,1552.0,16832132.0,0.0,113.0,999999999999,999999999999,999999999999
682,sqlite3PagerOpenSavepoint,211,968,8091011668.0,0.0,7.0,3385849.0,968.0,46346898.0,0.0,5.0,999999999999,999999999999,999999999999
1356,out2Prerelease,238,1000,8094404837.0,0.0,41718.0,3637778.0,1000.0,29752446.0,140000000.0,48344.0,999999999999,999999999999,999999999999
1364,sqlite3VdbeBooleanValue,303,992,8098045875.0,0.0,3332.0,3796558.0,992.0,8019999001.0,50000000.0,6660.0,999999999999,999999999999,999999999999
667,sqlite3BtreeUpdateMeta,325,1216,8101844333.0,0.0,4.0,4643138.0,1216.0,,,,999999999999,999999999999,999999999999
1383,sqlite3BtreeCreateTable,140,1056,8106492762.0,0.0,3.0,2888759.0,1056.0,5620108764.0,0.0,1.0,999999999999,999999999999,999999999999
1466,btreeCreateTable,2057,3056,8109384600.0,0.0,3.0,16935232.0,3056.0,5620110894.0,0.0,1.0,999999999999,999999999999,999999999999
1279,allocateBtreePage,6533,6184,8126322692.0,0.0,56.0,47465817.0,6184.0,74445394.0,0.0,54.0,999999999999,999999999999,999999999999
1294,btreeGetUnusedPage,354,1240,8173794649.0,0.0,56.0,4739858.0,1240.0,74541764.0,0.0,54.0,999999999999,999999999999,999999999999
2708,pcache1UnderMemoryPressure,215,968,8178544407.0,0.0,110.0,3157539.0,968.0,74557244.0,0.0,154.0,999999999999,999999999999,999999999999
1491,sqlite3HeapNearlyFull,57,536,8181704706.0,0.0,110.0,1760739.0,536.0,74558774.0,0.0,154.0,999999999999,999999999999,999999999999
1197,addToSavepointBitvecs,338,1176,8183471335.0,0.0,61.0,5641317.0,1176.0,48255307.0,0.0,60.0,999999999999,999999999999,999999999999
1148,sqlite3PagerPageRefcount,88,896,8189120022.0,0.0,107.0,2310079.0,896.0,74312895.0,0.0,107.0,999999999999,999999999999,999999999999
1232,sqlite3PcachePageRefcount,51,544,8191432281.0,0.0,107.0,1934769.0,544.0,74314335.0,0.0,107.0,999999999999,999999999999,999999999999
1280,releasePage,120,880,8193372190.0,0.0,214.0,2570778.0,880.0,74600024.0,0.0,214.0,999999999999,999999999999,999999999999
611,sqlite3PagerUnref,120,880,8195945888.0,0.0,7.0,2541759.0,880.0,396221841.0,0.0,3.0,999999999999,999999999999,999999999999
637,sqlite3PagerUnrefNotNull,141,912,8198491507.0,0.0,232.0,2768329.0,912.0,23833928.0,0.0,334.0,999999999999,999999999999,999999999999
1547,allocateTempSpace,325,1112,8201271576.0,0.0,4.0,4171348.0,1112.0,46405118.0,0.0,4.0,999999999999,999999999999,999999999999
1387,sqlite3BtreeLast,249,976,8205459424.0,0.0,22315.0,3512518.0,976.0,46920888.0,50000000.0,22313.0,999999999999,999999999999,999999999999
1467,btreeLast,342,1112,8208973722.0,0.0,11058.0,4157219.0,1112.0,46923028.0,40000000.0,11056.0,999999999999,999999999999,999999999999
1472,getAndInitPage,520,1536,8213132921.0,0.0,172.0,6281807.0,1536.0,16811262.0,0.0,278.0,999999999999,999999999999,999999999999
734,sqlite3VdbeMemRelease,144,904,8219422158.0,0.0,335.0,2889148.0,904.0,8019872861.0,0.0,333.0,999999999999,999999999999,999999999999
1397,sqlite3BtreeInsert,5857,4544,8222314756.0,0.0,22024.0,37061643.0,4544.0,46955068.0,90000000.0,22020.0,999999999999,999999999999,999999999999
1389,sqlite3BtreeTableMoveto,2904,2432,8259379038.0,0.0,32004.0,21020059.0,2432.0,46964868.0,170000000.0,42000.0,999999999999,999999999999,999999999999
1479,fillInCell,3155,3176,8280403398.0,0.0,22024.0,24244759.0,3176.0,46977438.0,120000000.0,22020.0,999999999999,999999999999,999999999999
1373,sqlite3PutVarint,392,1008,8304650947.0,0.0,22008.0,3999818.0,1008.0,46983478.0,50000000.0,22000.0,999999999999,999999999999,999999999999
1482,insertCellFast,3093,2752,8308656635.0,0.0,22024.0,21519249.0,2752.0,46993938.0,70000000.0,22020.0,999999999999,999999999999,999999999999
2899,memmove,1217,2192,8330181844.0,10000000.0,22076.0,23657569.0,2192.0,47009478.0,270000000.0,22073.0,999999999999,999999999999,999999999999
1386,sqlite3VdbeFreeCursor,136,896,8353843853.0,0.0,4.0,2731489.0,896.0,,,,999999999999,999999999999,999999999999
1285,releasePageNotNull,81,888,8356581282.0,0.0,225.0,2307709.0,888.0,23832448.0,0.0,331.0,999999999999,999999999999,999999999999
769,sqlite3VdbeMemSetNull,146,904,8358899021.0,0.0,11004.0,2773099.0,904.0,411338324.0,20000000.0,11002.0,999999999999,999999999999,999999999999
1243,sqlite3GetVarint,3210,1288,8361689290.0,0.0,101.0,14703933.0,1288.0,5620526994.0,0.0,209.0,999999999999,999999999999,999999999999
1402,sqlite3VdbeCursorRestore,141,1008,8376398013.0,0.0,3332.0,3143519.0,1008.0,5620811734.0,10000000.0,6660.0,999999999999,999999999999,999999999999
1366,sqlite3BtreeCursorHasMoved,91,544,8379542932.0,0.0,55708.0,2074309.0,544.0,16856002.0,120000000.0,89021.0,999999999999,999999999999,999999999999
1286,sqlite3BtreeIntegerKey,95,920,8381619580.0,0.0,14331.0,2370159.0,920.0,47371098.0,0.0,17660.0,999999999999,999999999999,999999999999
1288,getCellInfo,214,936,8383991159.0,0.0,55656.0,3188929.0,936.0,16859422.0,60000000.0,88974.0,999999999999,999999999999,999999999999
1289,btreeParseCell,306,1024,8387181368.0,0.0,42025.0,3599889.0,1024.0,16861792.0,140000000.0,62023.0,999999999999,999999999999,999999999999
1236,btreeParseCellPtr,2548,1656,8390783156.0,0.0,53006.0,14826063.0,1656.0,16864452.0,610000000.0,73002.0,999999999999,999999999999,999999999999
1357,sqlite3VdbeMemShallowCopy,399,1040,8405616709.0,0.0,44355.0,4258377.0,1040.0,47162878.0,150000000.0,44353.0,999999999999,999999999999,999999999999
755,sqlite3VdbeMemMakeWriteable,424,1104,8409878526.0,0.0,33355.0,4899297.0,1104.0,47060968.0,220000000.0,33353.0,999999999999,999999999999,999999999999
1360,applyAffinity,670,1120,8414782704.0,0.0,33010.0,5632368.0,1120.0,47390678.0,120000000.0,33000.0,999999999999,999999999999,999999999999
1372,sqlite3VarintLen,150,600,8420417142.0,0.0,8688.0,3107978.0,600.0,47405448.0,90000000.0,15340.0,999999999999,999999999999,999999999999
1481,dropCell,1188,1672,8423538011.0,0.0,11002.0,9835735.0,1672.0,47104108.0,20000000.0,11000.0,999999999999,999999999999,999999999999
1560,freeSpace,4242,2408,8433376495.0,0.0,11002.0,25101379.0,2408.0,47108428.0,110000000.0,11000.0,999999999999,999999999999,999999999999
1378,sqlite3FkClearTriggerCache,473,1312,8458487344.0,0.0,2.0,6618836.0,1312.0,,,,999999999999,999999999999,999999999999
1730,sqlite3ExprAnd,537,1256,8465157890.0,0.0,3.0,5266958.0,1256.0,5615621736.0,0.0,1.0,999999999999,999999999999,999999999999
1053,lookasideMallocSize,147,584,8470458128.0,0.0,5.0,2557099.0,584.0,40854711.0,0.0,3.0,999999999999,999999999999,999999999999
1849,propagateConstants,693,1584,8473053357.0,0.0,3.0,8210616.0,1584.0,5616598146.0,0.0,1.0,999999999999,999999999999,999999999999
2215,findConstInWhere,685,1472,8481266203.0,0.0,9.0,6789206.0,1472.0,5616602076.0,0.0,3.0,999999999999,999999999999,999999999999
1733,sqlite3ExprIsConstant,101,920,8488058259.0,0.0,7.0,2496959.0,920.0,408659816.0,0.0,5.0,999999999999,999999999999,999999999999
1964,exprIsConst,187,1000,8490557458.0,0.0,43.0,2999979.0,1000.0,43866039.0,0.0,33.0,999999999999,999999999999,999999999999
2080,exprNodeIsConstant,1313,1376,8493559947.0,0.0,53.0,9187476.0,1376.0,43870099.0,0.0,43.0,999999999999,999999999999,999999999999
2277,constInsert,1019,1576,8502751093.0,0.0,3.0,9828185.0,1576.0,5616635996.0,0.0,1.0,999999999999,999999999999,999999999999
2058,sqlite3ExprAffinity,998,2736,8512581478.0,0.0,38.0,8971756.0,2736.0,43022890.0,0.0,22.0,999999999999,999999999999,999999999999
917,sqlite3ExprCompareCollSeq,227,1008,8521556513.0,0.0,4.0,3530329.0,1008.0,5616645956.0,0.0,2.0,999999999999,999999999999,999999999999
918,sqlite3BinaryCompareCollSeq,379,1168,8525089652.0,0.0,15.0,4746028.0,1168.0,43961139.0,0.0,9.0,999999999999,999999999999,999999999999
1002,sqlite3ColumnColl,386,632,8529839620.0,0.0,13.0,4571888.0,632.0,43967559.0,0.0,7.0,999999999999,999999999999,999999999999
2218,sqlite3IsBinary,143,568,8534415928.0,0.0,4.0,2438139.0,568.0,5616664976.0,0.0,2.0,999999999999,999999999999,999999999999
2032,sqlite3TableColumnAffinity,254,624,8536857237.0,0.0,17.0,3354488.0,624.0,43984730.0,0.0,9.0,999999999999,999999999999,999999999999
2216,propagateConstantExprRewrite,607,1320,8540218795.0,0.0,21.0,6001687.0,1320.0,5616686605.0,0.0,7.0,999999999999,999999999999,999999999999
2278,propagateConstantExprRewriteOne,1151,1520,8546222542.0,0.0,21.0,10391625.0,1520.0,5616688736.0,0.0,7.0,999999999999,999999999999,999999999999
2304,termCanDriveIndex,606,1288,8556644877.0,0.0,8.0,6475357.0,1288.0,5617331065.0,0.0,4.0,999999999999,999999999999,999999999999
2345,sqlite3IndexAffinityOk,372,1024,8563122454.0,0.0,4.0,3992988.0,1024.0,5617336145.0,0.0,2.0,999999999999,999999999999,999999999999
2346,comparisonAffinity,388,1152,8567117212.0,0.0,4.0,4933617.0,1152.0,5617337685.0,0.0,2.0,999999999999,999999999999,999999999999
2079,sqlite3CompareAffinity,551,1048,8572053129.0,0.0,13.0,4725228.0,1048.0,43980519.0,0.0,7.0,999999999999,999999999999,999999999999
2111,sqlite3ProgressCheck,496,1184,8576788597.0,0.0,8.0,5202598.0,1184.0,43642880.0,0.0,4.0,999999999999,999999999999,999999999999
1895,sqlite3ExprIfFalse,2579,3856,8582014285.0,0.0,10.0,20503630.0,3856.0,43851859.0,0.0,6.0,999999999999,999999999999,999999999999
2039,sqlite3ExprIsVector,109,904,8602520775.0,0.0,9.0,2342179.0,904.0,43856839.0,0.0,5.0,999999999999,999999999999,999999999999
2041,sqlite3ExprCodeTemp,520,1456,8604865494.0,0.0,35.0,5931567.0,1456.0,43860670.0,0.0,27.0,999999999999,999999999999,999999999999
2043,sqlite3ExprIsConstantNotJoin,101,920,8610798791.0,0.0,36.0,2412159.0,920.0,43864790.0,0.0,28.0,999999999999,999999999999,999999999999
1886,sqlite3GetTempReg,207,600,8613214540.0,0.0,29.0,3145349.0,600.0,43366370.0,0.0,25.0,999999999999,999999999999,999999999999
2044,sqlite3ExprCodeRunJustOnce,1367,2040,8616367559.0,0.0,18.0,13266833.0,2040.0,43932799.0,0.0,14.0,999999999999,999999999999,999999999999
1807,sqlite3ExprDup,183,952,8629636482.0,0.0,51.0,2966349.0,952.0,42103270.0,0.0,47.0,999999999999,999999999999,999999999999
2072,exprDup,2769,2968,8632604881.0,0.0,37.0,19552950.0,2968.0,42105070.0,0.0,33.0,999999999999,999999999999,999999999999
2113,dupedExprStructSize,278,624,8652164241.0,0.0,37.0,3380169.0,624.0,42113940.0,0.0,33.0,999999999999,999999999999,999999999999
2114,exprStructSize,152,608,8655546470.0,0.0,37.0,2742678.0,608.0,42117740.0,0.0,33.0,999999999999,999999999999,999999999999
2042,codeCompare,474,1480,8658294468.0,0.0,9.0,6283338.0,1480.0,43958630.0,0.0,5.0,999999999999,999999999999,999999999999
2064,binaryCompareP5,208,1056,8664585866.0,0.0,9.0,3285338.0,1056.0,43975179.0,0.0,5.0,999999999999,999999999999,999999999999
1474,moveToLeftmost,487,1208,8667952764.0,0.0,11100.0,5727647.0,1208.0,16845872.0,100000000.0,11196.0,999999999999,999999999999,999999999999
812,sqlite3BtreePayloadSize,91,920,8673685381.0,0.0,31336.0,2366279.0,920.0,16858262.0,10000000.0,51335.0,999999999999,999999999999,999999999999
1368,sqlite3BtreePayloadFetch,94,912,8676057140.0,0.0,31336.0,2401059.0,912.0,16873902.0,40000000.0,51335.0,999999999999,999999999999,999999999999
1449,fetchPayload,344,640,8678460469.0,0.0,31336.0,3614298.0,640.0,16875382.0,120000000.0,51335.0,999999999999,999999999999,999999999999
1369,sqlite3VdbeOneByteSerialTypeLen,77,544,8682077107.0,0.0,74391.0,2081779.0,544.0,16882132.0,380000000.0,137708.0,999999999999,999999999999,999999999999
1363,sqlite3MemCompare,1471,1488,8684165216.0,0.0,13335.0,10539175.0,1488.0,5620704884.0,70000000.0,26660.0,999999999999,999999999999,999999999999
1446,vdbeCompareMemString,879,1824,8694706302.0,0.0,10005.0,8546845.0,1824.0,5620710234.0,30000000.0,20000.0,999999999999,999999999999,999999999999
981,binCollFunc,267,1040,8703255587.0,0.0,10005.0,3853868.0,1040.0,5620713764.0,10000000.0,20000.0,999999999999,999999999999,999999999999
815,sqlite3VdbeSerialGet,1427,1888,8707120125.0,0.0,53010.0,8777166.0,1888.0,16991632.0,560000000.0,73000.0,999999999999,999999999999,999999999999
814,sqlite3GetVarint32,630,1160,8715900341.0,0.0,2.0,5464068.0,1160.0,17001042.0,0.0,2.0,999999999999,999999999999,999999999999
884,sqlite3VdbeSerialTypeLen,166,568,8721365989.0,0.0,2.0,2715548.0,568.0,17004882.0,0.0,2.0,999999999999,999999999999,999999999999
629,sqlite3_column_count,151,576,8724088647.0,0.0,3.0,2671259.0,576.0,17046542.0,0.0,2.0,999999999999,999999999999,999999999999
630,sqlite3_column_name,103,920,8726762626.0,0.0,12.0,2478959.0,920.0,17066342.0,0.0,7.0,999999999999,999999999999,999999999999
826,columnName,1206,1408,8729242945.0,0.0,12.0,8903167.0,1408.0,17067422.0,0.0,7.0,999999999999,999999999999,999999999999
553,sqlite3_value_text,97,904,8738149370.0,0.0,62.0,2325359.0,904.0,17072662.0,0.0,57.0,999999999999,999999999999,999999999999
739,sqlite3ValueText,416,1008,8740477729.0,0.0,62.0,4429089.0,1008.0,17074212.0,10000000.0,57.0,999999999999,999999999999,999999999999
631,sqlite3_column_text,134,1056,8744911378.0,0.0,50.0,2881969.0,1056.0,17104412.0,0.0,50.0,999999999999,999999999999,999999999999
622,columnMem,423,1120,8747795286.0,0.0,90.0,4741638.0,1120.0,17105502.0,0.0,90.0,999999999999,999999999999,999999999999
623,columnMallocFailure,173,960,8752539474.0,0.0,90.0,3047668.0,960.0,17110852.0,0.0,90.0,999999999999,999999999999,999999999999
750,valueToText,752,1360,8755591522.0,0.0,22.0,7102477.0,1360.0,17132642.0,0.0,22.0,999999999999,999999999999,999999999999
1349,sqlite3VdbeMemStringify,414,1232,8762696109.0,0.0,1022.0,4951537.0,1232.0,17135712.0,0.0,1022.0,999999999999,999999999999,999999999999
1350,vdbeMemRenderNum,422,1224,8767653276.0,0.0,1022.0,4876068.0,1224.0,17160062.0,10000000.0,1022.0,999999999999,999999999999,999999999999
1351,sqlite3Int64ToText,618,1208,8772530694.0,0.0,1002.0,6556907.0,1208.0,17162132.0,0.0,1002.0,999999999999,999999999999,999999999999
763,sqlite3VdbeChangeEncoding,297,1008,8779091091.0,0.0,1355.0,3837678.0,1008.0,17169802.0,10000000.0,1357.0,999999999999,999999999999,999999999999
809,sqlite3BtreeNext,491,1120,8783012839.0,0.0,20108.0,5021208.0,1120.0,20102091.0,180000000.0,40194.0,999999999999,999999999999,999999999999
1473,btreeNext,1462,1776,8788035837.0,0.0,111.0,11288665.0,1776.0,23799908.0,0.0,197.0,999999999999,999999999999,999999999999
1315,sqlite3VdbeCloseStatement,173,976,8799339532.0,0.0,2.0,3280738.0,976.0,,,,999999999999,999999999999,999999999999
486,sqlite3BtreePager,56,544,8802635500.0,0.0,4.0,1992489.0,544.0,29755886.0,0.0,4.0,999999999999,999999999999,999999999999
661,sqlite3PagerGetJournalMode,61,544,8804630329.0,0.0,4.0,1970208.0,544.0,29757096.0,0.0,4.0,999999999999,999999999999,999999999999
662,sqlite3PagerIsMemdb,139,568,8806602497.0,0.0,4.0,2504870.0,568.0,396077881.0,0.0,2.0,999999999999,999999999999,999999999999
1182,sqlite3PagerExclusiveLock,134,952,8809109456.0,0.0,8.0,2944348.0,952.0,396080111.0,0.0,4.0,999999999999,999999999999,999999999999
673,sqlite3PagerCommitPhaseOne,883,1888,8812119425.0,0.0,4.0,9016306.0,1888.0,396191081.0,0.0,2.0,999999999999,999999999999,999999999999
696,pagerFlushOnCommit,285,1000,8821138371.0,0.0,14.0,3803218.0,1000.0,395790741.0,0.0,10.0,999999999999,999999999999,999999999999
698,pager_incr_changecounter,345,1248,8824944249.0,0.0,4.0,4669608.0,1248.0,396197961.0,0.0,2.0,999999999999,999999999999,999999999999
1187,pager_write_changecounter,292,1160,8829621337.0,0.0,8.0,3949598.0,1160.0,396214571.0,0.0,4.0,999999999999,999999999999,999999999999
699,writeSuperJournal,1643,2008,8833576365.0,0.0,4.0,12183424.0,2008.0,396225951.0,0.0,2.0,999999999999,999999999999,999999999999
700,syncJournal,1728,2168,8845761699.0,0.0,4.0,12667665.0,2168.0,396229621.0,0.0,2.0,999999999999,999999999999,999999999999
708,sqlite3OsSync,155,960,8858462944.0,0.0,12.0,2967108.0,960.0,396278371.0,0.0,6.0,999999999999,999999999999,999999999999
1070,unixSync,573,1496,8861431892.0,0.0,12.0,6406747.0,1496.0,396280291.0,0.0,6.0,999999999999,999999999999,999999999999
587,full_fsync,107,944,8867842549.0,0.0,16.0,2529998.0,944.0,396283111.0,0.0,8.0,999999999999,999999999999,999999999999
2746,fsync,43,880,8870375027.0,0.0,16.0,2390588.0,880.0,396284751.0,0.0,8.0,999999999999,999999999999,999999999999
2770,__wasi_fd_sync,16,824,8872767857.0,0.0,16.0,1891749.0,824.0,396285941.0,0.0,8.0,999999999999,999999999999,999999999999
1088,openDirectory,797,1368,8875105055.0,0.0,4.0,8050897.0,1368.0,397079351.0,0.0,2.0,999999999999,999999999999,999999999999
588,robust_close,232,1088,8883209852.0,0.0,9.0,3735087.0,1088.0,397212751.0,0.0,5.0,999999999999,999999999999,999999999999
2754,close,40,936,8886946369.0,0.0,9.0,2453589.0,936.0,1985869.0,0.0,6.0,999999999999,999999999999,999999999999
2760,__wasi_fd_close,16,824,8889402048.0,0.0,9.0,1934699.0,824.0,1986709.0,0.0,6.0,999999999999,999999999999,999999999999
1185,sqlite3PcacheClearSyncFlags,198,608,8891658927.0,0.0,4.0,3551019.0,608.0,397407571.0,0.0,2.0,999999999999,999999999999,999999999999
701,sqlite3PcacheDirtyList,206,968,8895213646.0,0.0,4.0,3931598.0,968.0,397414041.0,0.0,2.0,999999999999,999999999999,999999999999
1269,pcacheSortDirtyList,1146,1504,8899148374.0,0.0,4.0,9627056.0,1504.0,397418491.0,0.0,2.0,999999999999,999999999999,999999999999
1270,pcacheMergeDirtyList,395,696,8908779029.0,0.0,57.0,4569677.0,696.0,397424961.0,0.0,57.0,999999999999,999999999999,999999999999
702,pager_write_pagelist,1377,1856,8913351387.0,0.0,4.0,12203364.0,1856.0,397474521.0,0.0,2.0,999999999999,999999999999,999999999999
1078,fcntlSizeHint,882,1376,8925558331.0,0.0,4.0,8465097.0,1376.0,397484141.0,0.0,2.0,999999999999,999999999999,999999999999
1188,sqlite3BackupUpdate,152,920,8934075017.0,0.0,61.0,2920039.0,920.0,397518801.0,0.0,59.0,999999999999,999999999999,999999999999
703,sqlite3PcacheCleanAll,139,992,8937025146.0,0.0,8.0,3502848.0,992.0,397695650.0,0.0,4.0,999999999999,999999999999,999999999999
1176,sqlite3PcacheMakeClean,254,1016,8940530504.0,0.0,65.0,3384368.0,1016.0,395862741.0,0.0,63.0,999999999999,999999999999,999999999999
676,sqlite3PagerSync,339,1120,8943920782.0,0.0,4.0,4248338.0,1120.0,397753830.0,0.0,2.0,999999999999,999999999999,999999999999
707,sqlite3OsFileControl,217,992,8948172060.0,0.0,11.0,3495179.0,992.0,47499198.0,0.0,6.0,999999999999,999999999999,999999999999
709,sqlite3PagerCommitPhaseTwo,437,1144,8952012489.0,0.0,4.0,4694688.0,1144.0,397933940.0,0.0,2.0,999999999999,999999999999,999999999999
1205,sqlite3JournalIsInMemory,83,544,8956712927.0,0.0,10.0,2054159.0,544.0,395782981.0,0.0,8.0,999999999999,999999999999,999999999999
1093,nolockClose,78,896,8958770336.0,0.0,4.0,2246409.0,896.0,397947660.0,0.0,2.0,999999999999,999999999999,999999999999
1061,closeUnixFile,344,1120,8961019245.0,0.0,5.0,4173867.0,1120.0,397949010.0,0.0,3.0,999999999999,999999999999,999999999999
1207,sqlite3OsDelete,201,976,8965208562.0,0.0,4.0,3275238.0,976.0,397959470.0,0.0,2.0,999999999999,999999999999,999999999999
586,unixDelete,544,1456,8968485651.0,0.0,4.0,6265268.0,1456.0,397961360.0,0.0,2.0,999999999999,999999999999,999999999999
2806,unlink,161,1016,8974753898.0,0.0,4.0,3017248.0,1016.0,397963210.0,0.0,2.0,999999999999,999999999999,999999999999
2792,__wasilibc_nocwd___wasilibc_unlinkat,36,864,8977780046.0,0.0,4.0,2282319.0,864.0,397994200.0,0.0,2.0,999999999999,999999999999,999999999999
2779,__wasi_path_unlink_file,26,928,8980064455.0,0.0,4.0,2259979.0,928.0,397994950.0,0.0,2.0,999999999999,999999999999,999999999999
2702,pcache1Truncate,192,968,8982412464.0,0.0,14.0,3164899.0,968.0,395799691.0,0.0,12.0,999999999999,999999999999,999999999999
1160,pager_error,245,1000,8985584043.0,0.0,4.0,3560838.0,1000.0,398074840.0,0.0,2.0,999999999999,999999999999,999999999999
710,btreeClearHasContent,100,928,8989147391.0,0.0,7.0,2445589.0,928.0,395814031.0,0.0,5.0,999999999999,999999999999,999999999999
271,explain_data_delete,140,968,8991665060.0,0.0,5.0,2717488.0,968.0,29912746.0,0.0,5.0,999999999999,999999999999,999999999999
267,eqp_render,551,1344,8994385598.0,0.0,5.0,5513768.0,1344.0,29915376.0,0.0,5.0,999999999999,999999999999,999999999999
639,sqlite3LeaveMutexAndCloseZombie,1974,2864,8999914576.0,0.0,6.0,18255112.0,2864.0,29958676.0,0.0,6.0,999999999999,999999999999,999999999999
474,endTimer,357,1448,9018173348.0,0.0,5.0,4044308.0,1448.0,29966326.0,0.0,5.0,999999999999,999999999999,999999999999
475,doAutoDetectRestore,1546,2720,9022219845.0,0.0,5.0,12719284.0,2720.0,29969816.0,0.0,5.0,999999999999,999999999999,999999999999
200,clearTempFile,265,1048,9034944919.0,0.0,6.0,3394909.0,1048.0,29981916.0,0.0,6.0,999999999999,999999999999,999999999999
1737,parserAddExprIdListTerm,341,1312,9038441048.0,0.0,4.0,4862897.0,1312.0,22389319.0,0.0,4.0,999999999999,999999999999,999999999999
1687,sqlite3CreateForeignKey,3999,3704,9043317545.0,0.0,2.0,29505046.0,3704.0,22587509.0,0.0,2.0,999999999999,999999999999,999999999999
1611,removeElementGivenHash,577,1176,9072980141.0,0.0,2.0,5729377.0,1176.0,8537875594.0,0.0,1.0,999999999999,999999999999,999999999999
726,sqlite3HashClear,275,1136,9078714188.0,0.0,15.0,4348768.0,1136.0,42415830.0,0.0,14.0,999999999999,999999999999,999999999999
1459,fkTriggerDelete,280,1280,9083067626.0,0.0,4.0,4108338.0,1280.0,8537890325.0,0.0,2.0,999999999999,999999999999,999999999999
1262,pagerAddPageToRollbackJournal,759,1672,9087422574.0,0.0,5.0,7519107.0,1672.0,48175577.0,0.0,6.0,999999999999,999999999999,999999999999
1228,pager_cksum,250,672,9094944081.0,0.0,5.0,5269227.0,672.0,48177757.0,0.0,6.0,999999999999,999999999999,999999999999
1264,write32bits,161,1048,9100215758.0,0.0,10.0,2976439.0,1048.0,48188277.0,0.0,12.0,999999999999,999999999999,999999999999
1026,sqlite3BitvecSet,2202,1984,9103242347.0,0.0,5.0,16251603.0,1984.0,48249327.0,0.0,6.0,999999999999,999999999999,999999999999
1555,moveToRightmost,422,1232,9119526759.0,0.0,55.0,5530087.0,1232.0,47314228.0,0.0,56.0,999999999999,999999999999,999999999999
2736,dispose_chunk,1638,2120,9125303266.0,0.0,1.0,22817630.0,2120.0,,,,999999999999,999999999999,999999999999
1721,sqlite3IdListAppend,785,1464,9149237425.0,0.0,4.0,7023026.0,1464.0,35472123.0,0.0,4.0,999999999999,999999999999,999999999999
1702,sqlite3ExprListSetSpan,370,1072,9156281381.0,0.0,10.0,4311948.0,1072.0,36702733.0,0.0,10.0,999999999999,999999999999,999999999999
1806,sqlite3DbSpanDup,373,1040,9160595599.0,0.0,9.0,5472228.0,1040.0,36705613.0,0.0,9.0,999999999999,999999999999,999999999999
1762,sqlite3CteNew,383,1360,9166090417.0,0.0,2.0,5049988.0,1360.0,38851932.0,0.0,2.0,999999999999,999999999999,999999999999
1763,sqlite3WithAdd,989,1664,9171146015.0,0.0,2.0,10378635.0,1664.0,38916112.0,0.0,2.0,999999999999,999999999999,999999999999
1736,sqlite3ExprSetHeightAndFlags,141,1032,9181550589.0,0.0,3.0,3128979.0,1032.0,40862741.0,0.0,3.0,999999999999,999999999999,999999999999
1965,exprSetHeight,567,1216,9184681438.0,0.0,3.0,5456297.0,1216.0,40864041.0,0.0,3.0,999999999999,999999999999,999999999999
2280,heightOfExprList,275,1048,9190140975.0,0.0,15.0,4638908.0,1048.0,40868411.0,0.0,15.0,999999999999,999999999999,999999999999
2279,heightOfExpr,175,568,9194782413.0,0.0,28.0,2663979.0,568.0,40871471.0,0.0,28.0,999999999999,999999999999,999999999999
2433,sqlite3ExprListFlags,241,640,9197449192.0,0.0,3.0,4460748.0,640.0,40879351.0,0.0,3.0,999999999999,999999999999,999999999999
1694,attachWithToSelect,209,1016,9201925490.0,0.0,2.0,3526408.0,1016.0,41747011.0,0.0,2.0,999999999999,999999999999,999999999999
1719,sqlite3Insert,17231,15480,9205455228.0,0.0,2.0,131289158.0,15480.0,41841870.0,0.0,2.0,999999999999,999999999999,999999999999
1917,sqlite3VdbeCountChanges,67,544,9336777516.0,0.0,2.0,2204069.0,544.0,41943360.0,0.0,2.0,999999999999,999999999999,999999999999
1953,autoIncBegin,1262,1576,9338986905.0,0.0,2.0,10263565.0,1576.0,41950960.0,0.0,2.0,999999999999,999999999999,999999999999
1795,sqlite3SelectDestInit,161,648,9349255670.0,0.0,6.0,2644198.0,648.0,41984320.0,0.0,6.0,999999999999,999999999999,999999999999
2171,searchWith,472,1208,9351910788.0,0.0,2.0,6670767.0,1208.0,42047340.0,0.0,2.0,999999999999,999999999999,999999999999
1839,sqlite3ParserAddCleanup,381,1344,9358589675.0,0.0,4.0,5007948.0,1344.0,42070220.0,0.0,4.0,999999999999,999999999999,999999999999
1835,sqlite3SelectDup,1339,2544,9363605313.0,0.0,4.0,13750203.0,2544.0,42088600.0,0.0,4.0,999999999999,999999999999,999999999999
1836,sqlite3ExprListDup,1290,1904,9377358166.0,0.0,19.0,11467455.0,1904.0,42094710.0,0.0,19.0,999999999999,999999999999,999999999999
2004,sqlite3SrcListDup,1858,2424,9388836981.0,0.0,4.0,16206522.0,2424.0,42164490.0,0.0,4.0,999999999999,999999999999,999999999999
2103,sqlite3WithDup,874,1504,9405054073.0,0.0,4.0,8333316.0,1504.0,42237110.0,0.0,4.0,999999999999,999999999999,999999999999
2104,sqlite3WindowListDup,326,1120,9413390319.0,0.0,4.0,4697658.0,1120.0,42239950.0,0.0,4.0,999999999999,999999999999,999999999999
2092,findRightmost,120,560,9418104547.0,0.0,4.0,2594689.0,560.0,42347320.0,0.0,4.0,999999999999,999999999999,999999999999
2119,sqlite3ColumnsFromExprList,3611,3448,9420700876.0,0.0,2.0,27570706.0,3448.0,42353120.0,0.0,2.0,999999999999,999999999999,999999999999
1811,sqlite3IsTrueOrFalse,185,1056,9448279612.0,0.0,2.0,3385929.0,1056.0,42369860.0,0.0,2.0,999999999999,999999999999,999999999999
2133,resolveCompoundOrderBy,2890,2896,9451704161.0,0.0,2.0,23975638.0,2896.0,42732100.0,0.0,2.0,999999999999,999999999999,999999999999
2120,sqlite3SubqueryColumnTypes,3684,3224,9475695919.0,0.0,2.0,27098777.0,3224.0,43005410.0,0.0,2.0,999999999999,999999999999,999999999999
2177,sqlite3ExprDataType,980,3640,9502799386.0,0.0,2.0,11585525.0,3640.0,43030340.0,0.0,2.0,999999999999,999999999999,999999999999
1846,flattenSubquery,9196,6424,9514393181.0,0.0,2.0,65862949.0,6424.0,43070220.0,0.0,2.0,999999999999,999999999999,999999999999
1851,sqlite3SelectExprHeight,112,936,9580261700.0,0.0,4.0,2510098.0,936.0,43092650.0,0.0,4.0,999999999999,999999999999,999999999999
2217,heightOfSelect,338,1336,9582775548.0,0.0,4.0,5130028.0,1336.0,43093730.0,0.0,4.0,999999999999,999999999999,999999999999
1852,pushDownWhereTerms,2393,2872,9587910956.0,0.0,2.0,21903519.0,2872.0,43106630.0,0.0,2.0,999999999999,999999999999,999999999999
1853,disableUnusedSubqueryResultColumns,1877,1248,9609816925.0,0.0,2.0,14280914.0,1248.0,43111180.0,0.0,2.0,999999999999,999999999999,999999999999
1854,fromClauseTermCanBeCoroutine,1067,1384,9624099559.0,0.0,2.0,9855795.0,1384.0,43115580.0,0.0,2.0,999999999999,999999999999,999999999999
1857,isSelfJoinView,794,1360,9633957684.0,0.0,2.0,8705616.0,1360.0,43120370.0,0.0,2.0,999999999999,999999999999,999999999999
1855,sqlite3VdbeExplain,417,1256,9642668350.0,0.0,10.0,5006287.0,1256.0,43131310.0,0.0,10.0,999999999999,999999999999,999999999999
1847,multiSelect,7100,8304,9647680248.0,0.0,2.0,52358976.0,8304.0,43164960.0,0.0,2.0,999999999999,999999999999,999999999999
2208,hasAnchor,224,584,9700044833.0,0.0,2.0,3680488.0,584.0,43173930.0,0.0,2.0,999999999999,999999999999,999999999999
2209,generateWithRecursiveQuery,2949,4360,9703728371.0,0.0,2.0,25268848.0,4360.0,43177490.0,0.0,2.0,999999999999,999999999999,999999999999
1861,computeLimitRegisters,1015,2048,9729000799.0,0.0,3.0,9468946.0,2048.0,43184270.0,0.0,3.0,999999999999,999999999999,999999999999
2036,codeInteger,832,1592,9738502515.0,0.0,10.0,7769865.0,1592.0,43355830.0,0.0,10.0,999999999999,999999999999,999999999999
1884,sqlite3GetTempRange,396,1040,9746276110.0,0.0,6.0,4274828.0,1040.0,43364630.0,0.0,6.0,999999999999,999999999999,999999999999
1888,sqlite3ReleaseTempRange,242,960,9750556748.0,0.0,6.0,3393939.0,960.0,43381780.0,0.0,6.0,999999999999,999999999999,999999999999
1796,sqlite3VdbeEndCoroutine,149,976,9754019897.0,0.0,4.0,2777729.0,976.0,44180069.0,0.0,4.0,999999999999,999999999999,999999999999
1856,sqlite3ClearTempRegCache,69,560,9756801786.0,0.0,2.0,2056899.0,560.0,44187069.0,0.0,2.0,999999999999,999999999999,999999999999
2053,exprCodeVector,573,1392,9758882385.0,0.0,1.0,7262016.0,1392.0,44580289.0,0.0,1.0,999999999999,999999999999,999999999999
2054,exprToRegister,243,1008,9766154261.0,0.0,1.0,3510998.0,1008.0,44696709.0,0.0,1.0,999999999999,999999999999,999999999999
2055,setDoNotMergeFlagOnCopy,169,984,9769689319.0,0.0,1.0,2947779.0,984.0,45018259.0,0.0,1.0,999999999999,999999999999,999999999999
2060,sqlite3VdbeGetLastOp,106,912,9772638368.0,0.0,3.0,2406699.0,912.0,45019089.0,0.0,3.0,999999999999,999999999999,999999999999
2262,translateColumnToCopy,706,1376,9775051587.0,0.0,2.0,7252166.0,1376.0,45050339.0,0.0,2.0,999999999999,999999999999,999999999999
1954,readsTable,888,1528,9782313833.0,0.0,2.0,9328525.0,1528.0,45091069.0,0.0,2.0,999999999999,999999999999,999999999999
1959,autoIncStep,166,936,9791652829.0,0.0,2.0,3021438.0,936.0,45212129.0,0.0,2.0,999999999999,999999999999,999999999999
1938,sqlite3VdbeAppendP4,300,1024,9794685177.0,0.0,8.0,3821939.0,1024.0,45304919.0,0.0,8.0,999999999999,999999999999,999999999999
1930,sqlite3AutoincrementEnd,127,896,9798528725.0,0.0,2.0,2702928.0,896.0,45439539.0,0.0,2.0,999999999999,999999999999,999999999999
1649,sqlite3UpsertDelete,136,896,9801236534.0,0.0,2.0,2713489.0,896.0,45453209.0,0.0,2.0,999999999999,999999999999,999999999999
1544,sqlite3WithDelete,292,1112,9803963823.0,0.0,2.0,4924388.0,1112.0,45600429.0,0.0,2.0,999999999999,999999999999,999999999999
1546,cteClear,160,1088,9808890611.0,0.0,2.0,3111219.0,1088.0,45602889.0,0.0,2.0,999999999999,999999999999,999999999999
500,sqlite3IdListDelete,304,1120,9812010030.0,0.0,2.0,4967407.0,1120.0,45671619.0,0.0,2.0,999999999999,999999999999,999999999999
1385,sqlite3BtreeFakeValidCursor,17,520,9817176957.0,0.0,3.0,1622129.0,520.0,46463858.0,0.0,3.0,999999999999,999999999999,999999999999
813,sqlite3VdbeMemFromBtreeZeroOffset,295,1184,9818890696.0,0.0,11313.0,4205978.0,1184.0,47054258.0,10000000.0,11313.0,999999999999,999999999999,999999999999
756,vdbeMemAddTerminator,359,1088,9823100944.0,0.0,11020.0,4209438.0,1088.0,47064198.0,0.0,11020.0,999999999999,999999999999,999999999999
1399,sqlite3BtreeDelete,5061,4232,9827314392.0,0.0,11000.0,35684033.0,4232.0,47083978.0,120000000.0,11000.0,999999999999,999999999999,999999999999
1483,balance,1992,2408,9863005675.0,0.0,11051.0,15539482.0,2408.0,47124848.0,50000000.0,11053.0,999999999999,999999999999,999999999999
1424,sqlite3AddInt64,465,656,9878745667.0,10000000.0,20998.0,3844749.0,656.0,48304987.0,140000000.0,20998.0,999999999999,999999999999,999999999999
1563,anotherValidCursor,344,1032,9883086145.0,0.0,2.0,4540848.0,1032.0,,,,999999999999,999999999999,999999999999
1564,balance_deeper,875,1824,9887628933.0,0.0,2.0,8354176.0,1824.0,,,,999999999999,999999999999,999999999999
1568,copyNodeContent,814,1552,9896056609.0,0.0,2.0,7774826.0,1552.0,,,,999999999999,999999999999,999999999999
1149,btreeInitPage,896,1464,9903833985.0,0.0,2.0,8261317.0,1464.0,16829462.0,0.0,56.0,999999999999,999999999999,999999999999
1478,btreeComputeFreeSpace,1762,1680,9912098882.0,0.0,2.0,12700813.0,1680.0,47447658.0,0.0,4.0,999999999999,999999999999,999999999999
1565,balance_quick,1979,2368,9924808345.0,0.0,51.0,16347953.0,2368.0,74441014.0,0.0,53.0,999999999999,999999999999,999999999999
1235,cellSizePtrTableLeaf,1514,968,9941175398.0,0.0,51.0,10507785.0,968.0,74603234.0,0.0,53.0,999999999999,999999999999,999999999999
1569,rebuildPage,2658,2368,9951687593.0,0.0,51.0,19620691.0,2368.0,74619244.0,0.0,53.0,999999999999,999999999999,999999999999
1567,sqlite3PagerTempSpace,50,544,9971310894.0,0.0,51.0,1835219.0,544.0,74623964.0,0.0,53.0,999999999999,999999999999,999999999999
1485,insertCell,3376,2960,9973149813.0,0.0,51.0,23405068.0,2960.0,74642524.0,0.0,53.0,999999999999,999999999999,999999999999
1458,moveToChild,833,1480,9996602031.0,0.0,159.0,8024116.0,1480.0,47318788.0,0.0,270.0,999999999999,999999999999,999999999999
724,sqlite3BtreeClose,645,1584,10006732246.0,0.0,4.0,6681597.0,1584.0,395759691.0,0.0,4.0,999999999999,999999999999,999999999999
714,sqlite3BtreeRollback,564,1656,10013418233.0,0.0,5.0,7047327.0,1656.0,395763491.0,0.0,5.0,999999999999,999999999999,999999999999
715,saveAllCursors,513,1096,10020468390.0,0.0,5.0,6252257.0,1096.0,395767071.0,0.0,5.0,999999999999,999999999999,999999999999
717,sqlite3PagerRollback,679,1296,10026722337.0,0.0,3.0,6093397.0,1296.0,395772081.0,0.0,3.0,999999999999,999999999999,999999999999
1208,sqlite3PcacheClearWritable,198,608,10032823204.0,0.0,6.0,3503988.0,608.0,395793641.0,0.0,6.0,999999999999,999999999999,999999999999
1178,getPageError,88,592,10036334742.0,0.0,3.0,2356589.0,592.0,395810741.0,0.0,3.0,999999999999,999999999999,999999999999
1133,sqlite3PagerClose,449,1592,10038701831.0,0.0,4.0,5682448.0,1592.0,395852301.0,0.0,4.0,999999999999,999999999999,999999999999
1157,pagerFreeMapHdrs,182,1024,10044386749.0,0.0,4.0,3782908.0,1024.0,395855351.0,0.0,4.0,999999999999,999999999999,999999999999
2703,pcache1TruncateUnsafe,724,1336,10048175667.0,0.0,4.0,8242086.0,1336.0,395874961.0,0.0,4.0,999999999999,999999999999,999999999999
2706,pcache1FreePage,266,1000,10056420853.0,0.0,60.0,3519248.0,1000.0,395881361.0,0.0,113.0,999999999999,999999999999,999999999999
1162,sqlite3PcacheClose,99,904,10059955191.0,0.0,4.0,2459589.0,904.0,395937751.0,0.0,4.0,999999999999,999999999999,999999999999
2693,pcache1Destroy,356,1272,10062416560.0,0.0,4.0,4851278.0,1272.0,395938731.0,0.0,4.0,999999999999,999999999999,999999999999
1013,freeTempSpace,184,952,10067275468.0,0.0,4.0,2987768.0,952.0,395976571.0,0.0,4.0,999999999999,999999999999,999999999999
1316,sqlite3VdbeSetChanges,106,576,10071440476.0,0.0,2.0,2308329.0,576.0,398184730.0,0.0,2.0,999999999999,999999999999,999999999999
1727,sqlite3ExprFunction,677,1472,10073846685.0,0.0,2.0,7025276.0,1472.0,404727137.0,0.0,2.0,999999999999,999999999999,999999999999
2047,sqlite3VtabOverloadFunction,1243,1776,10081034122.0,0.0,1.0,10126144.0,1776.0,408897905.0,0.0,1.0,999999999999,999999999999,999999999999
2048,sqlite3VdbeAddFunctionCall,622,1640,10091163666.0,0.0,1.0,7146567.0,1640.0,408903336.0,0.0,1.0,999999999999,999999999999,999999999999
2038,codeReal,296,1400,10098360903.0,0.0,1.0,4314488.0,1400.0,409723675.0,0.0,1.0,999999999999,999999999999,999999999999
855,sqlite3AtoF,8944,5600,10102677941.0,10000000.0,10001.0,58759212.0,5600.0,409728115.0,170000000.0,10001.0,999999999999,999999999999,999999999999
2927,__floatunditf,138,1008,10161441823.0,0.0,10001.0,3551788.0,1008.0,409752435.0,10000000.0,10001.0,999999999999,999999999999,999999999999
2928,__multf3,1474,2808,10164997041.0,0.0,71211.0,22501910.0,2808.0,409759465.0,290000000.0,71191.0,999999999999,999999999999,999999999999
2923,__getf2,218,704,10187501011.0,0.0,20021.0,4094528.0,704.0,409767215.0,20000000.0,20021.0,999999999999,999999999999,999999999999
2929,__trunctfdf2,548,1472,10191597669.0,0.0,10001.0,7883626.0,1472.0,409770065.0,60000000.0,10001.0,999999999999,999999999999,999999999999
2061,sqlite3VdbeAddOp4Dup8,296,1240,10199485375.0,0.0,1.0,4658857.0,1240.0,409775685.0,0.0,1.0,999999999999,999999999999,999999999999
801,sqlite3VdbeDb,48,536,10204149783.0,0.0,1.0,1908730.0,536.0,409777675.0,0.0,1.0,999999999999,999999999999,999999999999
1358,numericType,202,936,10206325271.0,0.0,20000.0,3107499.0,936.0,411092135.0,30000000.0,20000.0,999999999999,999999999999,999999999999
744,sqlite3VdbeRealValue,321,992,10209436070.0,0.0,33330.0,3766208.0,992.0,411096615.0,40000000.0,36660.0,999999999999,999999999999,999999999999
770,sqlite3IsNaN,216,600,10213204779.0,0.0,20333.0,2741129.0,600.0,411102344.0,180000000.0,20333.0,999999999999,999999999999,999999999999
2471,roundFunc,971,2352,10215948577.0,0.0,10000.0,8191266.0,2352.0,411111784.0,30000000.0,10000.0,999999999999,999999999999,999999999999
752,sqlite3_value_type,95,552,10224142913.0,0.0,23370.0,2178819.0,552.0,411115244.0,20000000.0,26700.0,999999999999,999999999999,999999999999
636,sqlite3_value_int,88,896,10226323622.0,0.0,10000.0,2288299.0,896.0,411117235.0,0.0,10000.0,999999999999,999999999999,999999999999
746,sqlite3VdbeIntValue,340,1032,10228614841.0,0.0,10000.0,4217048.0,1032.0,411118675.0,20000000.0,10000.0,999999999999,999999999999,999999999999
551,sqlite3_value_double,83,896,10232834829.0,0.0,13330.0,2302489.0,896.0,411123424.0,10000000.0,16660.0,999999999999,999999999999,999999999999
537,sqlite3FpDecode,6263,6480,10235144578.0,0.0,10020.0,39993081.0,6480.0,411175044.0,60000000.0,10020.0,999999999999,999999999999,999999999999
2925,__fixunstfdi,135,1008,10275143109.0,0.0,10020.0,3344819.0,1008.0,411236975.0,0.0,10020.0,999999999999,999999999999,999999999999
767,sqlite3_result_double,102,904,10278509427.0,0.0,10333.0,2278749.0,904.0,411335924.0,0.0,10333.0,999999999999,999999999999,999999999999
768,sqlite3VdbeMemSetDouble,153,1040,10280790946.0,0.0,10333.0,3022289.0,1040.0,411337394.0,0.0,10333.0,999999999999,999999999999,999999999999
857,sqlite3VdbeIntegerAffinity,471,1032,10283831894.0,0.0,10000.0,4283179.0,1032.0,411506864.0,10000000.0,10000.0,999999999999,999999999999,999999999999
747,sqlite3RealToI64,279,1024,10288117223.0,0.0,10000.0,3013498.0,1024.0,411509414.0,140000000.0,10000.0,999999999999,999999999999,999999999999
1306,freeP4FuncCtx,122,1000,10337186599.0,0.0,2.0,3246659.0,1000.0,5610196448.0,0.0,2.0,999999999999,999999999999,999999999999
1308,freeEphemeralFunction,124,912,10340437428.0,0.0,3.0,2864368.0,912.0,5610198079.0,0.0,3.0,999999999999,999999999999,999999999999
1912,sqlite3SrcListEnlarge,1487,1712,10343376696.0,0.0,1.0,12058854.0,1712.0,5613727067.0,0.0,1.0,999999999999,999999999999,999999999999
2175,sqlite3SetJoinExpr,544,1280,10355479940.0,0.0,8.0,7182907.0,1280.0,5615604126.0,0.0,8.0,999999999999,999999999999,999999999999
2130,sqlite3ReferencesSrcList,751,1472,10362689987.0,0.0,1.0,6987397.0,1472.0,5615959346.0,0.0,1.0,999999999999,999999999999,999999999999
2143,exprRefToSrcList,906,864,10369679974.0,0.0,1.0,8013036.0,864.0,5615966246.0,0.0,1.0,999999999999,999999999999,999999999999
2139,resolveAlias,1611,1928,10377706540.0,0.0,1.0,10731765.0,1928.0,5616226456.0,0.0,1.0,999999999999,999999999999,999999999999
2146,incrAggFunctionDepth,247,960,10388448245.0,0.0,1.0,3213848.0,960.0,5616284496.0,0.0,1.0,999999999999,999999999999,999999999999
1963,sqlite3ExprDeferredDelete,135,928,10391664603.0,0.0,1.0,2573679.0,928.0,5616291366.0,0.0,1.0,999999999999,999999999999,999999999999
1877,sqlite3ExprAnalyzeAggList,289,1096,10394286252.0,0.0,3.0,4581158.0,1096.0,5616829745.0,0.0,3.0,999999999999,999999999999,999999999999
1879,sqlite3ExprAnalyzeAggregates,181,1168,10398869750.0,0.0,4.0,2887429.0,1168.0,5616832256.0,0.0,4.0,999999999999,999999999999,999999999999
2265,analyzeAggregate,3790,3776,10401759199.0,0.0,4.0,29669196.0,3776.0,5616836096.0,0.0,4.0,999999999999,999999999999,999999999999
2390,findOrCreateAggInfoColumn,1720,1664,10431432924.0,0.0,2.0,13919143.0,1664.0,5616843256.0,0.0,2.0,999999999999,999999999999,999999999999
2392,addAggInfoColumn,166,1016,10445354338.0,0.0,2.0,2819029.0,1016.0,5616847305.0,0.0,2.0,999999999999,999999999999,999999999999
2393,sqlite3ArrayAllocate,626,1264,10448175096.0,0.0,3.0,5961198.0,1264.0,5616848905.0,0.0,3.0,999999999999,999999999999,999999999999
2391,addAggInfoFunc,166,1016,10454146994.0,0.0,1.0,2906728.0,1016.0,5616875816.0,0.0,1.0,999999999999,999999999999,999999999999
1881,analyzeAggFuncArgs,479,1320,10457069822.0,0.0,1.0,6734967.0,1320.0,5616975415.0,0.0,1.0,999999999999,999999999999,999999999999
2328,markTermAsChild,230,680,10463831169.0,0.0,1.0,3249828.0,680.0,5617187195.0,0.0,1.0,999999999999,999999999999,999999999999
2329,termIsEquivalence,727,1392,10467082947.0,0.0,1.0,6762627.0,1392.0,5617190855.0,0.0,1.0,999999999999,999999999999,999999999999
2330,exprCommute,597,1192,10473855224.0,0.0,1.0,5440328.0,1192.0,5617215555.0,0.0,1.0,999999999999,999999999999,999999999999
2229,sqlite3WhereAddLimit,1572,1608,10479304522.0,0.0,1.0,12928253.0,1608.0,5617295265.0,0.0,1.0,999999999999,999999999999,999999999999
2343,whereRightSubexprIsColumn,266,968,10492252005.0,0.0,6.0,3535199.0,968.0,5617468135.0,0.0,6.0,999999999999,999999999999,999999999999
2300,whereSortingCost,951,1360,10495806084.0,0.0,1.0,7784526.0,1360.0,5617962025.0,0.0,1.0,999999999999,999999999999,999999999999
2238,whereCheckIfBloomFilterIsUseful,761,904,10503596580.0,0.0,1.0,7634047.0,904.0,5618062515.0,0.0,1.0,999999999999,999999999999,999999999999
1883,assignAggregateRegisters,142,600,10511265917.0,0.0,1.0,2555078.0,600.0,5618446515.0,0.0,1.0,999999999999,999999999999,999999999999
1866,sqlite3WhereIsDistinct,61,544,10513823005.0,0.0,1.0,1983779.0,544.0,5618448625.0,0.0,1.0,999999999999,999999999999,999999999999
1891,sqlite3KeyInfoRef,119,552,10515826304.0,0.0,1.0,2474359.0,552.0,5618658875.0,0.0,1.0,999999999999,999999999999,999999999999
1892,sqlite3ExprCodeMove,138,952,10518304053.0,0.0,1.0,2733448.0,952.0,5618669955.0,0.0,1.0,999999999999,999999999999,999999999999
1893,updateAccumulator,4313,4864,10521041292.0,0.0,1.0,37619053.0,4864.0,5618685505.0,0.0,1.0,999999999999,999999999999,999999999999
1927,sqlite3VdbeJumpHereOrPopInst,210,928,10558671864.0,0.0,1.0,3018049.0,928.0,5618755235.0,0.0,1.0,999999999999,999999999999,999999999999
1894,finalizeAggFunctions,1917,2928,10561699833.0,0.0,1.0,18033761.0,2928.0,5618786635.0,0.0,1.0,999999999999,999999999999,999999999999
2260,pushOntoSorter,3049,4168,10579740224.0,0.0,1.0,24520908.0,4168.0,5618821945.0,0.0,1.0,999999999999,999999999999,999999999999
2389,makeSorterRecord,348,1232,10604273552.0,0.0,1.0,4750698.0,1232.0,5618870304.0,0.0,1.0,999999999999,999999999999,999999999999
1896,resetAccumulator,1712,2272,10609033220.0,0.0,1.0,14261003.0,2272.0,5618913304.0,0.0,1.0,999999999999,999999999999,999999999999
1904,generateSortTail,4212,5656,10623298343.0,0.0,1.0,36018653.0,5656.0,5618929784.0,0.0,1.0,999999999999,999999999999,999999999999
1876,agginfoFree,167,1104,10659377206.0,0.0,1.0,3193788.0,1104.0,5619350584.0,0.0,1.0,999999999999,999999999999,999999999999
2096,sqlite3ExprDeleteGeneric,136,896,10662579414.0,0.0,1.0,2650279.0,896.0,5619360624.0,0.0,1.0,999999999999,999999999999,999999999999
1384,sqlite3VdbeSorterInit,1887,2080,10665434213.0,0.0,1.0,14053693.0,2080.0,5620252554.0,0.0,1.0,999999999999,999999999999,999999999999
602,sqlite3BtreeGetPageSize,56,552,10679495386.0,0.0,1.0,2006959.0,552.0,5620264984.0,0.0,1.0,999999999999,999999999999,999999999999
1451,serialGet,744,744,10681537795.0,0.0,6680.0,5335488.0,744.0,5620845304.0,110000000.0,13340.0,999999999999,999999999999,999999999999
1405,sqlite3VdbeSorterWrite,3090,2248,10686877823.0,10000000.0,3330.0,20407980.0,2248.0,5620882424.0,30000000.0,6660.0,999999999999,999999999999,999999999999
1457,moveToParent,317,1024,10707463673.0,0.0,97.0,3738828.0,1024.0,5639141565.0,0.0,194.0,999999999999,999999999999,999999999999
1403,sqlite3VdbeSorterRewind,417,1232,10719848607.0,0.0,1.0,4963108.0,1232.0,7666459569.0,0.0,1.0,999999999999,999999999999,999999999999
1487,vdbeSorterSort,1377,1728,10724814325.0,0.0,1.0,11562404.0,1728.0,7666463209.0,0.0,1.0,999999999999,999999999999,999999999999
1577,vdbeSortAllocUnpacked,319,1072,10736379029.0,0.0,1.0,4217178.0,1072.0,7666466149.0,0.0,1.0,999999999999,999999999999,999999999999
1395,sqlite3VdbeAllocUnpackedRecord,368,1056,10740598787.0,0.0,1.0,4134158.0,1056.0,7666468400.0,0.0,1.0,999999999999,999999999999,999999999999
1578,vdbeSorterGetCompare,222,584,10744741305.0,0.0,1.0,2757009.0,584.0,7666506020.0,0.0,1.0,999999999999,999999999999,999999999999
1579,vdbeSorterMerge,596,1312,10747500634.0,0.0,3329.0,6417877.0,1312.0,7666513800.0,0.0,6659.0,999999999999,999999999999,999999999999
1583,vdbeSorterCompareInt,1555,1680,10753920281.0,0.0,27414.0,13405743.0,1680.0,7666516549.0,350000000.0,61708.0,999999999999,999999999999,999999999999
1401,sqlite3VdbeSorterRowkey,325,1216,10768202254.0,0.0,3330.0,4650538.0,1216.0,8019812601.0,0.0,6660.0,999999999999,999999999999,999999999999
1486,vdbeSorterRowkey,312,688,10772855112.0,0.0,3330.0,3801188.0,688.0,8019816181.0,0.0,6660.0,999999999999,999999999999,999999999999
843,sqlite3VdbeMemMove,293,1056,10776666770.0,0.0,333.0,3413118.0,1056.0,8019869451.0,0.0,333.0,999999999999,999999999999,999999999999
1407,sqlite3VdbeMemInit,107,608,10780090848.0,0.0,314.0,2414889.0,608.0,8019943921.0,0.0,314.0,999999999999,999999999999,999999999999
2493,sumStep,824,1848,10782508097.0,0.0,3330.0,8142296.0,1848.0,8019950911.0,0.0,6660.0,999999999999,999999999999,999999999999
816,sqlite3_aggregate_context,196,984,10790653933.0,0.0,3663.0,3319609.0,984.0,8019954541.0,20000000.0,6993.0,999999999999,999999999999,999999999999
817,createAggContext,350,1176,10793976482.0,0.0,333.0,4308578.0,1176.0,8019956401.0,0.0,333.0,999999999999,999999999999,999999999999
853,sqlite3_value_numeric_type,197,1072,10798291590.0,0.0,3330.0,3453158.0,1072.0,8019978691.0,0.0,6660.0,999999999999,999999999999,999999999999
2494,kahanBabuskaNeumaierInit,318,656,10801747818.0,0.0,333.0,3382488.0,656.0,8019984511.0,10000000.0,333.0,999999999999,999999999999,999999999999
2495,kahanBabuskaNeumaierStep,307,872,10805134266.0,0.0,3330.0,3258699.0,872.0,8019992431.0,20000000.0,6660.0,999999999999,999999999999,999999999999
1404,sqlite3VdbeSorterNext,479,1240,10808399815.0,0.0,3330.0,5372517.0,1240.0,8020027101.0,50000000.0,6660.0,999999999999,999999999999,999999999999
1346,sqlite3VdbeMemFinalize,626,1320,10813791292.0,0.0,333.0,6051847.0,1320.0,8021426020.0,10000000.0,333.0,999999999999,999999999999,999999999999
2497,sumFinalize,535,1200,10819845810.0,0.0,333.0,5071067.0,1200.0,8021430830.0,0.0,333.0,999999999999,999999999999,999999999999
2498,sqlite3IsOverflow,133,584,10824919327.0,0.0,333.0,2361789.0,584.0,8021435010.0,0.0,333.0,999999999999,999999999999,999999999999
1391,sqlite3BtreeIndexMoveto,4833,4064,10827292906.0,0.0,20.0,36240162.0,4064.0,8021543520.0,0.0,20.0,999999999999,999999999999,999999999999
1468,sqlite3VdbeFindCompare,660,816,10863536648.0,0.0,20.0,5521078.0,816.0,8021549700.0,0.0,20.0,999999999999,999999999999,999999999999
1471,sqlite3VdbeRecordCompare,117,944,10869107576.0,0.0,19.0,2477899.0,944.0,8023211069.0,0.0,19.0,999999999999,999999999999,999999999999
1408,sqlite3VdbeRecordCompareWithSkip,5548,4328,10871586875.0,0.0,332.0,38255862.0,4328.0,8023212649.0,0.0,332.0,999999999999,999999999999,999999999999
1492,serialGet7,674,744,10909846397.0,0.0,332.0,5092667.0,744.0,8023223499.0,0.0,332.0,999999999999,999999999999,999999999999
1469,cursorOnLastPage,366,664,10914978964.0,0.0,18.0,5042198.0,664.0,8024811758.0,0.0,18.0,999999999999,999999999999,999999999999
1470,indexCellCompare,727,1200,10920023062.0,0.0,18.0,6152797.0,1200.0,8024815349.0,0.0,18.0,999999999999,999999999999,999999999999
1238,btreeParseCellPtrIndex,840,1240,10926341259.0,0.0,21.0,8301886.0,1240.0,8053568325.0,0.0,21.0,999999999999,999999999999,999999999999
1409,sqlite3VdbeMemReleaseMalloc,97,896,10934649295.0,0.0,313.0,2587818.0,896.0,8053594985.0,0.0,313.0,999999999999,999999999999,999999999999
632,sqlite3_column_type,134,1056,10939473102.0,0.0,40.0,2894769.0,1056.0,8528928549.0,0.0,40.0,999999999999,999999999999,999999999999
546,sqlite3_str_appendf,107,920,10942377351.0,0.0,20.0,2513829.0,920.0,8528979218.0,0.0,20.0,999999999999,999999999999,999999999999
433,shell_callback,20663,17320,10944902730.0,0.0,20.0,132561907.0,17320.0,8529138968.0,0.0,20.0,999999999999,999999999999,999999999999
230,oPutsUtf8,314,1368,11077471247.0,0.0,80.0,4179358.0,1368.0,8529162128.0,0.0,80.0,999999999999,999999999999,999999999999
2870,__stdout_write,61,1008,11081663165.0,0.0,1.0,2964418.0,1008.0,8529214008.0,0.0,1.0,999999999999,999999999999,999999999999
1330,sqlite3VdbeSorterClose,221,1128,11084798823.0,0.0,1.0,3483299.0,1128.0,8536051395.0,0.0,1.0,999999999999,999999999999,999999999999
1332,sqlite3VdbeSorterReset,535,1480,11088284952.0,0.0,1.0,7140636.0,1480.0,8536053085.0,0.0,1.0,999999999999,999999999999,999999999999
1333,vdbeMergeEngineFree,263,1056,11095427248.0,0.0,1.0,4538828.0,1056.0,8536054305.0,0.0,1.0,999999999999,999999999999,999999999999
1334,vdbeSortSubtaskCleanup,303,1184,11099968876.0,0.0,1.0,4186478.0,1184.0,8536057825.0,0.0,1.0,999999999999,999999999999,999999999999
1335,vdbeSorterRecordFree,190,1032,11104160074.0,0.0,1.0,3837768.0,1032.0,8536069035.0,0.0,1.0,999999999999,999999999999,999999999999
198,set_table_name,1060,1520,11108141742.0,0.0,1.0,8850436.0,1520.0,8536525495.0,0.0,1.0,999999999999,999999999999,999999999999
168,close_db,156,1088,11116995098.0,0.0,1.0,3160049.0,1088.0,8536530315.0,0.0,1.0,999999999999,999999999999,999999999999
951,sqlite3_close,85,904,11120157157.0,0.0,1.0,2200809.0,904.0,8536531435.0,0.0,1.0,999999999999,999999999999,999999999999
952,sqlite3Close,670,1704,11122360926.0,0.0,1.0,8404155.0,1704.0,8536532715.0,0.0,1.0,999999999999,999999999999,999999999999
953,disconnectAllVtab,681,1424,11130767581.0,0.0,1.0,8498036.0,1424.0,8536538295.0,0.0,1.0,999999999999,999999999999,999999999999
690,sqlite3VtabUnlockList,240,1056,11139270067.0,0.0,2.0,3918129.0,1056.0,8536551755.0,0.0,2.0,999999999999,999999999999,999999999999
954,sqlite3VtabRollback,88,904,11143191206.0,0.0,2.0,2276029.0,904.0,8536554685.0,0.0,2.0,999999999999,999999999999,999999999999
721,connectionIsBusy,377,1176,11145469685.0,0.0,2.0,5666106.0,1176.0,8536557495.0,0.0,2.0,999999999999,999999999999,999999999999
2439,sqlite3BtreeIsInBackup,79,552,11151138521.0,0.0,2.0,2126419.0,552.0,8536560725.0,0.0,2.0,999999999999,999999999999,999999999999
722,sqlite3RollbackAll,878,1744,11153269820.0,0.0,1.0,9785536.0,1744.0,8536570265.0,0.0,1.0,999999999999,999999999999,999999999999
723,sqlite3CloseSavepoints,249,1088,11163065136.0,0.0,1.0,4502918.0,1088.0,8536590355.0,0.0,1.0,999999999999,999999999999,999999999999
1097,dotlockClose,137,1048,11167604524.0,0.0,1.0,2869029.0,1048.0,8537766154.0,0.0,1.0,999999999999,999999999999,999999999999
689,sqlite3SchemaClear,859,1664,11170509203.0,0.0,2.0,8275895.0,1664.0,8537836965.0,0.0,2.0,999999999999,999999999999,999999999999
691,sqlite3CollapseDatabaseArray,884,1432,11178818318.0,0.0,1.0,8535866.0,1432.0,8538239064.0,0.0,1.0,999999999999,999999999999,999999999999
727,sqlite3VtabEponymousTableClear,209,984,11187373454.0,0.0,5.0,3328009.0,984.0,8538623804.0,0.0,5.0,999999999999,999999999999,999999999999
728,sqlite3VtabModuleUnref,235,1056,11190703323.0,0.0,5.0,3813588.0,1056.0,8538625494.0,0.0,5.0,999999999999,999999999999,999999999999
729,sqlite3ValueFree,155,992,11194525661.0,0.0,1.0,3007469.0,992.0,8538705314.0,0.0,1.0,999999999999,999999999999,999999999999
199,output_reset,439,1360,11197540280.0,0.0,1.0,4970838.0,1360.0,8538741444.0,0.0,1.0,999999999999,999999999999,999999999999
245,output_file_close,227,896,11202515068.0,0.0,1.0,3001248.0,896.0,8538743584.0,0.0,1.0,999999999999,999999999999,999999999999
283,setOutputStream,85,904,11205519176.0,0.0,1.0,2296718.0,904.0,8538747204.0,0.0,1.0,999999999999,999999999999,999999999999
459,designateEmitStream,446,1136,11207817844.0,0.0,1.0,4483978.0,1136.0,8538748464.0,0.0,1.0,999999999999,999999999999,999999999999
424,isKnownWritable,274,616,11212303922.0,0.0,1.0,3711409.0,616.0,8538750834.0,0.0,1.0,999999999999,999999999999,999999999999
2831,__wasm_call_dtors,15,864,11216021011.0,0.0,1.0,1884119.0,864.0,8538760534.0,0.0,1.0,999999999999,999999999999,999999999999
2828,__funcs_on_exit,183,1040,11217906890.0,0.0,1.0,4245548.0,1040.0,8538761284.0,0.0,1.0,999999999999,999999999999,999999999999
2830,call,12,824,11222153558.0,0.0,2.0,1937149.0,824.0,8538763074.0,0.0,2.0,999999999999,999999999999,999999999999
175,sayAbnormalExit,47,848,11224092637.0,0.0,1.0,2126389.0,848.0,8538763794.0,0.0,1.0,999999999999,999999999999,999999999999
174,consoleRestore,4,512,11226221046.0,0.0,1.0,1453749.0,512.0,8538765694.0,0.0,1.0,999999999999,999999999999,999999999999
2839,__stdio_exit,389,1712,11227677035.0,0.0,1.0,8366696.0,1712.0,8538766624.0,0.0,1.0,999999999999,999999999999,999999999999
2863,__ofl_lock,9,520,11236046461.0,10000000.0,1.0,1605659.0,520.0,1957919.0,10000000.0,3.0,999999999999,999999999999,999999999999
1198,readDbPage,551,1192,,,,,,11996654.0,0.0,56.0,999999999999,999999999999,999999999999
1426,sqlite3PagerOkToChangeJournalMode,258,592,,,,,,29759146.0,0.0,2.0,999999999999,999999999999,999999999999
1427,sqlite3PagerSetJournalMode,1172,1720,,,,,,29762516.0,0.0,2.0,999999999999,999999999999,999999999999
1428,sqlite3JournalModename,150,568,,,,,,29766506.0,0.0,2.0,999999999999,999999999999,999999999999
1455,putVarint64,805,848,,,,,,3711371533.0,20000000.0,3617.0,999999999999,999999999999,999999999999
1782,sqlite3ForceNotReadOnly,232,1120,,,,,,27216107.0,0.0,2.0,999999999999,999999999999,999999999999
2836,dummy,4,512,,,,,,1993659.0,0.0,1.0,999999999999,999999999999,999999999999
2837,fclose,153,1288,,,,,,1979639.0,0.0,1.0,999999999999,999999999999,999999999999
2846,__stdio_seek,18,840,,,,,,1980879.0,0.0,1.0,999999999999,999999999999,999999999999
2849,readv,115,984,,,,,,1963979.0,0.0,1.0,999999999999,999999999999,999999999999
2851,__stdio_close,15,840,,,,,,1985549.0,0.0,1.0,999999999999,999999999999,999999999999
2852,__fdopen,390,1712,,,,,,1947179.0,0.0,1.0,999999999999,999999999999,999999999999
2856,fread,198,1288,,,,,,1960479.0,0.0,1.0,999999999999,999999999999,999999999999
2864,__ofl_unlock,3,512,,,,,,1958529.0,0.0,2.0,999999999999,999999999999,999999999999
2865,__ofl_add,53,944,,,,,,1957309.0,0.0,1.0,999999999999,999999999999,999999999999
