id,name,size.bytecode,size.static,start.jit,exec.jit,freq.jit,compilation.jit,size.dynamic.jit,start.interp,exec.interp,freq.interp,exec.spec,compilation.spec,size.dynamic.spec
28,_start,83,992,59483,0,0,4425223,992,59559,0,0,999999999999,999999999999,999999999999
27,__wasm_call_ctors,5,808,4485699,0,1,1796051,808,64079,0,1,999999999999,999999999999,999999999999
39,init,20,840,6282334,0,1,1989842,840,64609,0,1,999999999999,999999999999,999999999999
2759,__wasi_clock_time_get,20,824,8272819,0,2,1953795,824,65994,0,2,999999999999,999999999999,999999999999
2752,__main_void,214,1400,10232681,0,1,4920566,1400,72314,0,1,999999999999,999999999999,999999999999
2756,__wasi_args_sizes_get,18,824,15154021,0,1,1910308,824,73354,0,1,999999999999,999999999999,999999999999
2729,malloc,12,808,17067812,0,227,1791821,808,77659,0,255,999999999999,999999999999,999999999999
2730,dlmalloc,5377,8240,18860267,0,242,79986502,8240,78084,0,269,999999999999,999999999999,999999999999
2734,calloc,109,984,98855306,0,2,3611443,984,102385,0,2,999999999999,999999999999,999999999999
2900,memset,393,1200,102468095,0,20183,9167563,1200,106239,15000000,20181,999999999999,999999999999,999999999999
2755,__wasi_args_get,18,816,111636726,0,1,1788481,816,108680,0,1,999999999999,999999999999,999999999999
172,main,15217,17584,113427004,0,1,113553320,17584,110205,0,1,999999999999,999999999999,999999999999
2868,setvbuf,125,648,226985404,0,1,3665366,648,127375,0,1,999999999999,999999999999,999999999999
173,consoleClassifySetup,620,1304,230651821,0,1,6415094,1304,128805,0,1,999999999999,999999999999,999999999999
201,streamOfConsole,162,1024,237067738,0,3,2752669,1024,132695,0,3,999999999999,999999999999,999999999999
2844,fileno,35,552,239821111,0,3,1964174,552,134545,0,3,999999999999,999999999999,999999999999
2798,__isatty,104,968,241786092,0,4,2983712,968,135425,0,4,999999999999,999999999999,999999999999
2761,__wasi_fd_fdstat_get,18,824,244770941,0,10,1779817,824,136165,0,10,999999999999,999999999999,999999999999
2838,fflush,362,1648,246556592,0,12,8190599,1648,142410,0,12,999999999999,999999999999,999999999999
202,consoleRenewSetup,5,512,254752252,0,1,1358241,512,153590,0,1,999999999999,999999999999,999999999999
2829,atexit,162,984,256111476,0,2,3232679,984,155425,0,2,999999999999,999999999999,999999999999
2825,getenv,154,1120,259345245,0,5,4792443,1120,157335,0,5,999999999999,999999999999,999999999999
2823,__wasilibc_ensure_environ,27,824,264138659,0,5,1926271,824,157805,0,5,999999999999,999999999999,999999999999
2824,__wasilibc_initialize_environ,194,1360,266065853,0,1,4460127,1360,158355,0,1,999999999999,999999999999,999999999999
2758,__wasi_environ_sizes_get,18,824,270526687,0,1,1795408,824,159120,0,1,999999999999,999999999999,999999999999
2902,__strchrnul,358,1144,272323644,0,7,7158765,1144,160470,0,8,999999999999,999999999999,999999999999
34,signal,105,576,279483810,0,1,2505215,576,164555,0,1,999999999999,999999999999,999999999999
1048,sqlite3_sourceid,16,520,281989972,0,1,1600214,520,166160,0,1,999999999999,999999999999,999999999999
177,cli_strncmp,231,976,283591197,0,1,3345469,976,167165,0,1,999999999999,999999999999,999999999999
2909,strncmp,136,632,286937456,0,1,4464006,632,169655,0,1,999999999999,999999999999,999999999999
178,main_init,496,1696,291402635,0,1,4770846,1696,184220,0,1,999999999999,999999999999,999999999999
935,sqlite3_config,3089,3328,296175109,0,8,15183238,3328,187875,0,8,999999999999,999999999999,999999999999
179,verify_uninitialized,98,968,311359717,0,3,2578605,968,195160,0,3,999999999999,999999999999,999999999999
566,sqlite3_snprintf,290,1136,313940495,0,4,4029726,1136,207430,0,4,999999999999,999999999999,999999999999
562,sqlite3StrAccumInit,199,680,317971019,0,12,3166542,680,209695,0,11,999999999999,999999999999,999999999999
532,sqlite3_str_vappendf,24753,15472,321138541,0,12,195264698,15472,212770,0,11,999999999999,999999999999,999999999999
533,sqlite3_str_append,314,1024,516405996,0,37,4347090,1024,255850,0,32,999999999999,999999999999,999999999999
2898,memcpy,1008,1888,520754516,3333333,90340,15208298,1888,259250,265000000,90322,999999999999,999999999999,999999999999
505,sqlite3_initialize,962,1616,535967907,0,21,7483796,1616,304620,0,21,999999999999,999999999999,999999999999
506,sqlite3MallocInit,453,1072,543452729,0,1,4066029,1072,306990,0,1,999999999999,999999999999,999999999999
928,sqlite3MemSetDefault,82,880,547519672,0,1,2068997,880,308595,0,1,999999999999,999999999999,999999999999
2687,sqlite3MemInit,38,536,549590223,0,1,1719538,536,315025,0,1,999999999999,999999999999,999999999999
507,sqlite3RegisterBuiltinFunctions,53,984,551311322,0,1,2075335,984,319165,0,1,999999999999,999999999999,999999999999
929,sqlite3AlterFunctions,28,832,553387463,0,1,1761471,832,319655,0,1,999999999999,999999999999,999999999999
933,sqlite3InsertBuiltinFuncs,665,1424,555149754,0,5,7628772,1424,320355,0,5,999999999999,999999999999,999999999999
538,sqlite3Strlen30,169,936,562779463,0,294,2873309,936,322805,0,291,999999999999,999999999999,999999999999
2908,strlen,206,656,565653696,0,511,5047997,656,324760,0,500,999999999999,999999999999,999999999999
970,sqlite3FunctionSearch,264,1064,570702990,0,181,4490117,1064,328890,0,181,999999999999,999999999999,999999999999
573,sqlite3StrICmp,361,672,575195183,0,830,4486383,672,346525,0,827,999999999999,999999999999,999999999999
930,sqlite3WindowFunctions,28,832,579683819,0,1,1899064,832,360685,0,1,999999999999,999999999999,999999999999
931,sqlite3RegisterDateTimeFunctions,28,832,581587004,0,1,1868101,832,445295,0,1,999999999999,999999999999,999999999999
932,sqlite3RegisterJsonFunctions,29,832,583458829,0,1,1883554,832,507940,0,1,999999999999,999999999999,999999999999
508,sqlite3PcacheInitialize,111,936,585363560,0,1,2665358,936,1611576,0,1,999999999999,999999999999,999999999999
934,sqlite3PCacheSetDefault,83,880,588029915,0,1,2199618,880,1612676,0,1,999999999999,999999999999,999999999999
2689,pcache1Init,340,984,590231117,0,1,3231715,984,1619036,0,1,999999999999,999999999999,999999999999
509,sqlite3OsInit,174,1024,593464310,0,1,3183805,1024,1622156,0,1,999999999999,999999999999,999999999999
520,sqlite3_malloc,204,1000,596649248,0,1,3366633,1000,1623066,0,1,999999999999,999999999999,999999999999
512,hasHighPrecisionDouble,488,1720,600017235,0,8,4619383,1720,1627936,0,8,999999999999,999999999999,999999999999
2924,__extenddftf2,269,1128,604637461,0,17,4884800,1128,1631106,0,17,999999999999,999999999999,999999999999
2921,__addtf3,1437,3104,609523378,0,8,21457206,3104,1635216,0,8,999999999999,999999999999,999999999999
2930,__ashlti3,84,592,630981814,0,8,2951505,592,1638501,0,8,999999999999,999999999999,999999999999
2933,__lshrti3,85,592,633934543,0,9,2814688,592,1639546,0,9,999999999999,999999999999,999999999999
2931,__fe_getround,5,520,636750318,0,8,1593194,520,1642326,0,8,999999999999,999999999999,999999999999
2922,__letf2,226,712,638344669,0,18,4117439,712,1644126,0,18,999999999999,999999999999,999999999999
521,sqlite3Malloc,306,1032,642463412,0,222,3762686,1032,1647351,0,249,999999999999,999999999999,999999999999
522,mallocWithAlarm,747,1608,646228205,0,222,6572789,1608,1649981,0,249,999999999999,999999999999,999999999999
2686,sqlite3MemRoundup,63,544,652802343,0,236,1997584,544,1652051,0,262,999999999999,999999999999,999999999999
528,sqlite3StatusHighwater,204,576,654800951,0,284,2715748,576,1653306,0,343,999999999999,999999999999,999999999999
2682,sqlite3MemMalloc,250,1056,657517757,0,222,3512892,1056,1656086,0,249,999999999999,999999999999,999999999999
496,sqlite3MallocSize,97,920,661032703,0,573,2399465,920,1661146,0,691,999999999999,999999999999,999999999999
2685,sqlite3MemSize,96,552,663433271,0,589,2093111,552,1662396,0,707,999999999999,999999999999,999999999999
530,sqlite3StatusUp,317,592,665527606,0,507,2945822,592,1663721,0,593,999999999999,999999999999,999999999999
524,sqlite3_free,249,1128,668475395,0,279,3648919,1128,1670071,0,304,999999999999,999999999999,999999999999
525,sqlite3StatusDown,101,560,672125461,0,493,2212244,560,1672731,0,580,999999999999,999999999999,999999999999
2683,sqlite3MemFree,114,896,674338899,0,222,2361815,896,1674906,0,249,999999999999,999999999999,999999999999
2732,free,12,808,676702068,0,233,1793468,808,1675811,0,260,999999999999,999999999999,999999999999
2733,dlfree,1713,2216,678496759,0,243,23817507,2216,1676181,5000000,270,999999999999,999999999999,999999999999
575,sqlite3_os_init,305,1136,702316300,0,1,4170997,1136,1678506,0,1,999999999999,999999999999,999999999999
2903,strcmp,105,600,706488400,0,11,3572812,600,1680421,0,11,999999999999,999999999999,999999999999
513,sqlite3_vfs_register,339,1152,710062602,0,6,4407053,1152,1682371,0,6,999999999999,999999999999,999999999999
514,vfsUnlink,479,608,714473236,0,6,4241816,608,1697926,0,6,999999999999,999999999999,999999999999
576,unixTempFileInit,73,936,718719852,0,1,2103428,936,1754821,0,1,999999999999,999999999999,999999999999
510,sqlite3MemdbInit,296,1048,720826487,0,1,3724926,1048,1762416,0,1,999999999999,999999999999,999999999999
504,sqlite3_vfs_find,322,1112,724552360,0,4,5066287,1112,1763626,0,4,999999999999,999999999999,999999999999
511,sqlite3PCacheBufferSetup,570,784,729622637,0,1,5571474,784,1795176,0,1,999999999999,999999999999,999999999999
105,sqlite3_appendvfs_init,337,1128,735196998,0,1,4269119,1128,1809211,0,1,999999999999,999999999999,999999999999
2801,access,165,1040,739468211,0,1,3093322,1040,1821101,0,1,999999999999,999999999999,999999999999
2796,__wasilibc_find_relpath_alloc,513,1928,742563063,0,34,8518366,1928,1822126,0,33,999999999999,999999999999,999999999999
2816,__wasilibc_find_abspath,343,1408,751082736,0,34,9146630,1408,1823586,0,33,999999999999,999999999999,999999999999
2813,__wasilibc_populate_preopens,226,1296,760230560,0,38,5307204,1296,1824306,0,37,999999999999,999999999999,999999999999
2765,__wasi_fd_prestat_get,18,824,765538810,0,3,1929071,824,1825271,0,3,999999999999,999999999999,999999999999
2766,__wasi_fd_prestat_dir_name,20,824,767473129,0,2,1902338,824,1829441,0,2,999999999999,999999999999,999999999999
2814,internal_register_preopened_fd_unlocked,280,1320,769377370,0,2,5837184,1320,1830481,0,2,999999999999,999999999999,999999999999
2907,strdup,48,960,775217540,0,2,2572097,960,1838711,0,2,999999999999,999999999999,999999999999
2897,memcmp,75,584,777795159,0,46,3510162,584,1860711,5000000,45,999999999999,999999999999,999999999999
2735,realloc,1140,2192,781307451,0,22,17910213,2192,1872362,0,22,999999999999,999999999999,999999999999
2905,strcpy,17,840,799219775,0,34,1923138,840,1874822,0,33,999999999999,999999999999,999999999999
2904,__stpcpy,374,776,801144030,0,34,6586438,776,1875167,0,33,999999999999,999999999999,999999999999
2789,__wasilibc_nocwd_faccessat,220,1160,807732161,0,1,4863227,1160,1877516,0,1,999999999999,999999999999,999999999999
2773,__wasi_path_filestat_get,30,952,812596752,0,14,2356531,952,1878552,0,14,999999999999,999999999999,999999999999
2852,__fdopen,390,1712,876853704,0,1,7068787,1712,1942659,0,1,999999999999,999999999999,999999999999
2865,__ofl_add,53,944,883927891,0,1,2664379,944,1952879,0,1,999999999999,999999999999,999999999999
2864,__ofl_unlock,3,512,888200809,0,2,1442389,512,1953859,0,2,999999999999,999999999999,999999999999
2856,fread,198,1288,889644598,0,1,6371787,1288,1955879,0,1,999999999999,999999999999,999999999999
2849,readv,115,984,905322641,0,1,3105918,984,1959329,0,1,999999999999,999999999999,999999999999
2837,fclose,153,1288,910388809,0,1,4518269,1288,1974199,0,1,999999999999,999999999999,999999999999
2846,__stdio_seek,18,840,914908467,0,1,2094778,840,1975459,0,1,999999999999,999999999999,999999999999
2896,memchr,371,800,917977001,0,10,7944619,800,1953052,0,10,999999999999,999999999999,999999999999
2851,__stdio_close,15,840,921934003,0,1,2036839,840,1979799,0,1,999999999999,999999999999,999999999999
2840,__toread,134,1056,922925031,0,2,4044369,1056,1974267,0,2,999999999999,999999999999,999999999999
2850,__stdio_read,253,1232,926970450,0,2,5181994,1232,1975592,0,2,999999999999,999999999999,999999999999
2836,dummy,4,512,928351810,0,1,1452859,512,1988349,0,1,999999999999,999999999999,999999999999
2767,__wasi_fd_read,22,824,935252193,0,24,1926701,824,1977387,0,56,999999999999,999999999999,999999999999
184,open_db,4033,5408,960354217,0,3,24221594,5408,2147737,0,3,999999999999,999999999999,999999999999
167,deduceDatabaseType,1043,2072,984579194,0,1,8928350,2072,2155717,0,1,999999999999,999999999999,999999999999
2853,fopen,102,1112,993509544,0,1,3355429,1112,2158032,0,1,999999999999,999999999999,999999999999
2845,__fmodeflags,102,1032,999518789,0,1,3018439,1032,2159597,0,1,999999999999,999999999999,999999999999
2901,strchr,31,864,1002538378,0,2,2128095,864,2160272,0,3,999999999999,999999999999,999999999999
2800,__wasilibc_open_nomode,163,1032,1004668713,0,1,3076379,1032,2164167,0,1,999999999999,999999999999,999999999999
2783,__wasilibc_nocwd_openat_nomode,282,1240,1007749378,0,6,5205060,1240,2182857,0,6,999999999999,999999999999,999999999999
2775,__wasi_path_open,38,992,1012960705,0,6,2569348,992,2186427,0,6,999999999999,999999999999,999999999999
992,sqlite3_open_v2,127,952,1033211729,0,1,2682402,952,2224487,0,1,999999999999,999999999999,999999999999
979,openDatabase,3876,4672,1035895524,0,1,28524767,4672,2226017,0,1,999999999999,999999999999,999999999999
643,sqlite3MallocZero,182,1008,1064423142,0,12,3148009,1008,2234567,0,12,999999999999,999999999999,999999999999
980,sqlite3HashInit,105,584,1067579898,0,15,2112138,584,2255372,0,15,999999999999,999999999999,999999999999
982,createCollation,1392,1960,1069693599,0,7,11919548,1960,2257712,0,7,999999999999,999999999999,999999999999
995,sqlite3FindCollSeq,309,1040,1081614241,0,18,4077966,1040,2262182,0,18,999999999999,999999999999,999999999999
1609,findCollSeqEntry,681,1664,1085693331,0,15,7150378,1664,2264352,0,15,999999999999,999999999999,999999999999
870,sqlite3HashFind,108,952,1092844883,0,112,2541288,952,2267697,0,112,999999999999,999999999999,999999999999
1610,findElementWithHash,532,1368,1095387608,0,162,7214148,1368,2269207,0,162,999999999999,999999999999,999999999999
820,sqlite3DbMallocZero,198,1032,1102606167,0,54,3379852,1032,2284072,0,54,999999999999,999999999999,999999999999
550,sqlite3DbMallocRaw,204,992,1105987109,0,20135,3310495,992,2285582,15000000,20130,999999999999,999999999999,999999999999
873,sqlite3DbMallocRawNN,1019,1232,1109299075,0,20298,7352795,1232,2287522,100000000,20283,999999999999,999999999999,999999999999
1051,dbMallocRawFinish,164,1008,1116653207,0,95,3135139,1008,2293312,0,90,999999999999,999999999999,999999999999
971,sqlite3HashInsert,936,1608,1119794660,0,50,8536649,1608,2315902,0,50,999999999999,999999999999,999999999999
2749,read,113,984,1119865895,0,24,3107345,984,2566306,0,55,999999999999,999999999999,999999999999
1614,insertElement,598,816,1128334909,0,54,5443517,816,2334692,0,54,999999999999,999999999999,999999999999
185,process_sqliterc,838,1848,1130109091,0,1,8190119,1848,4682149,0,1,999999999999,999999999999,999999999999
628,sqlite3Error,202,960,1133780280,0,10,3273725,960,2341297,0,10,999999999999,999999999999,999999999999
985,sqlite3ParseUri,6770,4616,1137065539,0,1,44178349,4616,2516077,0,1,999999999999,999999999999,999999999999
216,find_xdg_config,389,1240,1138300846,0,1,4303793,1240,4684695,0,1,999999999999,999999999999,999999999999
194,find_home_dir,582,1224,1142608340,0,2,4972560,1224,4691650,0,2,999999999999,999999999999,999999999999
190,ePutsUtf8,314,1368,1147582753,0,1,3942476,1368,4697910,0,1,999999999999,999999999999,999999999999
170,getEmitStreamInfo,730,1416,1151526586,0,5,6848091,1416,4699540,0,5,999999999999,999999999999,999999999999
423,isValidStreamInfo,97,552,1158375864,0,10,2144988,552,4702270,0,10,999999999999,999999999999,999999999999
2855,fputs,38,944,1160522506,0,5,2305818,944,4707400,0,5,999999999999,999999999999,999999999999
2862,fwrite,289,1368,1162830214,0,5,7890966,1368,4711315,0,5,999999999999,999999999999,999999999999
2860,__towrite,94,624,1170722223,0,2,3049185,624,4712035,0,2,999999999999,999999999999,999999999999
2848,__stdio_write,316,1368,1173772492,0,2,7204878,1368,4713625,0,2,999999999999,999999999999,999999999999
2847,writev,115,984,1180978538,0,2,3059962,984,4714655,0,2,999999999999,999999999999,999999999999
523,sqlite3_malloc64,129,992,1181247992,0,4,3008578,992,2538662,0,4,999999999999,999999999999,999999999999
2771,__wasi_fd_write,22,824,1184040073,0,63,1947961,824,4715620,0,64,999999999999,999999999999,999999999999
986,sqlite3BtreeOpen,5773,4912,1184263221,0,2,41899824,4912,2560647,0,2,999999999999,999999999999,999999999999
196,process_input,4214,4312,1186075678,0,1,28627867,4312,4739690,0,1,999999999999,999999999999,999999999999
275,setLexemeOpen,219,624,1214705549,0,4,3156045,624,4746660,0,4,999999999999,999999999999,999999999999
276,trackParenLevel,125,592,1217863395,0,4,2449252,592,4749210,0,4,999999999999,999999999999,999999999999
277,one_input_line,501,1352,1220314947,0,10,5955271,1352,4752805,0,10,999999999999,999999999999,999999999999
1127,sqlite3PagerOpen,5024,5008,1226171178,0,2,36045806,5008,2596263,0,2,999999999999,999999999999,999999999999
471,local_getline,966,1472,1226271491,0,10,9318580,1472,4754715,0,10,999999999999,999999999999,999999999999
180,shell_check_oom,111,880,1235593488,0,3,2554628,880,4760690,0,3,999999999999,999999999999,999999999999
426,fGetsUtf8,178,952,1238149487,0,10,3060088,952,4762590,0,10,999999999999,999999999999,999999999999
2843,fgets,303,1384,1241211106,0,10,8173762,1384,4764565,0,10,999999999999,999999999999,999999999999
2841,__uflow,85,1032,1249386642,0,2,3308199,1032,4765510,0,2,999999999999,999999999999,999999999999
1138,sqlite3PcacheSize,12,520,1262218925,0,2,1579267,520,2602098,0,2,999999999999,999999999999,999999999999
1139,sqlite3JournalSize,124,552,1263799539,0,2,2130488,552,2602967,0,2,999999999999,999999999999,999999999999
1125,sqlite3OsFullPathname,162,1000,1265935148,0,1,2875582,1000,2618768,0,1,999999999999,999999999999,999999999999
278,line_is_command_terminator,534,1248,1267482874,0,9,5944964,1248,4798675,0,9,999999999999,999999999999,999999999999
590,unixFullPathname,608,1520,1268811820,0,1,6401484,1520,2620543,0,1,999999999999,999999999999,999999999999
217,__isspace,143,552,1273429062,0,307,2335448,552,4800385,0,307,999999999999,999999999999,999999999999
591,appendAllPathElements,506,1104,1275215174,0,1,5782104,1104,2623423,0,1,999999999999,999999999999,999999999999
2822,tolower,20,528,1275765907,0,9,1906081,528,4803035,0,9,999999999999,999999999999,999999999999
280,quickscan,2565,4360,1277674265,0,9,20383914,4360,4805595,0,9,999999999999,999999999999,999999999999
1101,appendOnePathElement,1789,2064,1281001435,0,8,11873399,2064,2633708,0,8,999999999999,999999999999,999999999999
2804,lstat,165,1040,1292878305,0,8,3121048,1040,2641708,0,8,999999999999,999999999999,999999999999
2790,__wasilibc_nocwd_fstatat,425,1488,1296007610,0,13,7095058,1488,2656233,0,13,999999999999,999999999999,999999999999
925,sqlite3_complete,3248,4488,1298072280,0,3,21584782,4488,5074550,0,3,999999999999,999999999999,999999999999
498,sqlite3DbFree,136,896,1303160039,0,97,2742972,896,2952102,0,95,999999999999,999999999999,999999999999
556,sqlite3DbFreeNN,511,1072,1305904621,0,20100,4661150,1072,2953502,45000000,20098,999999999999,999999999999,999999999999
1140,sqlite3OsOpen,188,1024,1310569691,0,2,3217525,1024,2964612,0,2,999999999999,999999999999,999999999999
577,unixOpen,3419,3616,1313788496,0,2,25690929,3616,2966027,0,2,999999999999,999999999999,999999999999
574,sqlite3_strnicmp,736,760,1319659856,0,46,7133418,760,5082665,0,45,999999999999,999999999999,999999999999
191,echo_group_input,134,920,1326796811,0,3,2876685,920,5172050,0,3,999999999999,999999999999,999999999999
281,runOneSqlLine,1279,2448,1329675037,0,3,11759058,2448,5173885,0,3,999999999999,999999999999,999999999999
569,sqlite3_randomness,1079,1824,1339481265,0,2,9449520,1824,2971897,0,2,999999999999,999999999999,999999999999
578,findReusableFd,850,1312,1348933686,0,1,7815995,1312,2977897,0,1,999999999999,999999999999,999999999999
1058,unixEnterMutex,5,512,1356751168,0,1,1466455,512,2979862,0,1,999999999999,999999999999,999999999999
1062,unixLeaveMutex,5,512,1358219206,0,1,1459170,512,2980998,0,1,999999999999,999999999999,999999999999
580,findCreateFileMode,868,1520,1359684593,0,2,8473787,1520,3000223,0,2,999999999999,999999999999,999999999999
581,robust_open,1077,1936,1368159793,0,5,10313238,1936,3004428,0,5,999999999999,999999999999,999999999999
1087,posixOpen,118,944,1378474825,0,5,2618538,944,3007223,0,5,999999999999,999999999999,999999999999
2799,open,163,1032,1381095580,0,5,3047142,1032,3008708,0,5,999999999999,999999999999,999999999999
2740,fcntl,276,1504,1384214075,0,8,4615773,1504,3057698,0,8,999999999999,999999999999,999999999999
2748,__lseek,101,976,1386041383,0,83,3006735,976,2790158,0,116,999999999999,999999999999,999999999999
585,fillInUnixFile,1118,2128,1388832389,0,2,10916818,2128,3064898,0,2,999999999999,999999999999,999999999999
2769,__wasi_fd_seek,22,824,1389050532,0,83,1926045,824,2791113,0,116,999999999999,999999999999,999999999999
1034,sqlite3_uri_boolean,272,1056,1399750760,0,4,3621839,1056,3068163,0,4,999999999999,999999999999,999999999999
1032,sqlite3_uri_parameter,238,1032,1403373660,0,4,3599609,1032,3069843,0,4,999999999999,999999999999,999999999999
1103,dotlockIoFinderImpl,50,544,1406975529,0,1,1948204,544,3076153,0,1,999999999999,999999999999,999999999999
1065,storeLastErrno,61,552,1408932480,0,5,2035405,552,3194828,0,5,999999999999,999999999999,999999999999
1056,verifyDbFile,541,1304,1410968882,0,2,5627147,1304,3196483,0,2,999999999999,999999999999,999999999999
2741,fstat,416,1456,1416597389,0,5,6931545,1456,3198853,0,5,999999999999,999999999999,999999999999
2763,__wasi_fd_filestat_get,18,824,1423530291,0,5,1936038,824,3199528,0,5,999999999999,999999999999,999999999999
1080,fileHasMoved,279,1040,1425480536,0,2,3680353,1040,3207143,0,2,999999999999,999999999999,999999999999
1141,sqlite3OsDeviceCharacteristics,185,952,1429163375,0,11,3170285,952,3212888,0,11,999999999999,999999999999,999999999999
1083,unixDeviceCharacteristics,104,936,1432334864,0,11,2467128,936,3214423,0,11,999999999999,999999999999,999999999999
1082,setDeviceCharacteristics,151,584,1434803150,0,11,2885601,584,3215593,0,11,999999999999,999999999999,999999999999
1142,setSectorSize,201,1040,1437690105,0,3,3679036,1040,3218018,0,3,999999999999,999999999999,999999999999
1031,databaseName,329,600,1441371241,0,3,3916343,600,3224563,0,3,999999999999,999999999999,999999999999
1033,uriParameter,436,1248,1445288717,0,2,5981441,1248,3227573,0,2,999999999999,999999999999,999999999999
1014,sqlite3PagerSetPagesize,1157,1936,1451273842,0,4,10402967,1936,3246218,0,4,999999999999,999999999999,999999999999
1153,sqlite3PcacheRefCount,50,544,1461678376,0,9,1909148,544,3249293,0,9,999999999999,999999999999,999999999999
1154,sqlite3PageMalloc,79,896,1463588924,0,4,2251875,896,3252363,0,4,999999999999,999999999999,999999999999
1244,pcache1Alloc,580,1392,1465841929,0,48,5427027,1392,3253408,0,81,999999999999,999999999999,999999999999
1155,pager_reset,137,1008,1471277967,0,4,2787052,1008,3277648,0,4,999999999999,999999999999,999999999999
697,sqlite3BackupRestart,136,576,1474066509,0,4,3119799,576,3278828,0,4,999999999999,999999999999,999999999999
1227,sqlite3PcacheClear,81,888,1477187974,0,4,2263521,888,3280688,0,4,999999999999,999999999999,999999999999
1209,sqlite3PcacheTruncate,584,1448,1479452663,0,7,7419956,1448,3282168,0,7,999999999999,999999999999,999999999999
1156,sqlite3PcacheSetPageSize,453,1320,1486874095,0,4,5426584,1320,3285118,0,4,999999999999,999999999999,999999999999
1145,sqlite3PageFree,75,880,1492302006,0,6,2241338,880,3287123,0,6,999999999999,999999999999,999999999999
1177,pcache1Free,482,1216,1494544457,0,50,4430579,1216,3288253,0,83,999999999999,999999999999,999999999999
1150,pagerFixMaplimit,33,536,1498976243,0,6,1843668,536,3293003,0,6,999999999999,999999999999,999999999999
1143,sqlite3PcacheOpen,410,1200,1500821165,0,2,4785550,1200,3295628,0,2,999999999999,999999999999,999999999999
2691,pcache1Create,808,1552,1505608212,0,2,8020112,1552,3299908,0,2,999999999999,999999999999,999999999999
2692,pcache1ResizeHash,724,1464,1513635261,0,2,9157020,1464,3317593,0,2,999999999999,999999999999,999999999999
1181,numberOfCachePages,308,624,1522797111,0,5,3448375,624,3335563,0,5,999999999999,999999999999,999999999999
2694,pcache1Cachesize,488,1152,1526246957,0,5,5215390,1152,3337788,0,5,999999999999,999999999999,999999999999
2695,pcache1EnforceMaxPage,407,1272,1531463564,0,7,5680927,1272,3340673,0,7,999999999999,999999999999,999999999999
1146,sqlite3PagerSetFlags,1009,840,1537146289,0,2,6814148,840,3345703,0,2,999999999999,999999999999,999999999999
1147,setGetterMethod,105,560,1543963947,0,4,2301768,560,3356648,0,4,999999999999,999999999999,999999999999
1128,sqlite3PagerSetMmapLimit,108,904,1546267129,0,2,2404012,904,3358698,0,2,999999999999,999999999999,999999999999
1129,sqlite3PagerReadFileheader,299,1144,1548672601,0,2,4073986,1144,3360603,0,2,999999999999,999999999999,999999999999
1151,sqlite3OsRead,155,992,1552748277,0,22,2934995,992,3363218,0,53,999999999999,999999999999,999999999999
1063,unixRead,455,1272,1555684623,0,22,5188381,1272,3364683,0,53,999999999999,999999999999,999999999999
1064,seekAndRead,849,1672,1560874316,0,22,8981240,1672,3366563,0,53,999999999999,999999999999,999999999999
1131,sqlite3PagerSetBusyHandler,180,984,1574228870,0,2,2985749,984,3386118,0,2,999999999999,999999999999,999999999999
1136,sqlite3OsFileControlHint,183,952,1577215793,0,4,3154275,952,3387768,0,4,999999999999,999999999999,999999999999
1077,unixFileControl,841,2904,1580371345,0,8,7544308,2904,3390068,0,7,999999999999,999999999999,999999999999
1132,sqlite3PagerIsreadonly,61,544,1587917537,0,2,1994825,544,3394143,0,2,999999999999,999999999999,999999999999
1134,sqlite3BtreeSchema,260,1120,1590786141,0,3,4090766,1120,3406883,0,3,999999999999,999999999999,999999999999
657,sqlite3BtreeEnter,68,552,1594878264,0,48,2075865,552,3408523,0,46,999999999999,999999999999,999999999999
1135,sqlite3BtreeSetCacheSize,140,1032,1596955943,0,3,2858302,1032,3411513,0,3,999999999999,999999999999,999999999999
1163,sqlite3PagerSetCachesize,99,912,1599815962,0,3,2451141,912,3413278,0,3,999999999999,999999999999,999999999999
1245,sqlite3PcacheSetCachesize,147,1032,1602268443,0,3,2980122,1032,3414373,0,3,999999999999,999999999999,999999999999
670,sqlite3PagerFile,48,544,1605251425,0,2,1947671,544,3422488,0,2,999999999999,999999999999,999999999999
987,sqlite3SchemaGet,450,1304,1607201873,0,2,5068987,1304,3428823,0,2,999999999999,999999999999,999999999999
988,sqlite3SetTextEncoding,177,1040,1612280541,0,1,3070282,1040,3452393,0,1,999999999999,999999999999,999999999999
889,sqlite3ExpirePreparedStatements,202,616,1615354449,0,3,3829229,616,3469268,0,3,999999999999,999999999999,999999999999
989,sqlite3RegisterPerConnectionBuiltinFunctions,161,1000,1619189322,0,1,3037158,1000,3492418,0,1,999999999999,999999999999,999999999999
967,sqlite3_overload_function,406,1480,1622227688,0,1,4870994,1480,3493643,0,1,999999999999,999999999999,999999999999
966,sqlite3FindFunction,1824,2304,1627099922,0,77,15441335,2304,3495803,0,77,999999999999,999999999999,999999999999
564,sqlite3_mprintf,155,1032,1642546460,0,1,3265282,1032,3516813,0,1,999999999999,999999999999,999999999999
563,sqlite3_vmprintf,260,1176,1645814112,0,1,3884429,1176,3519663,0,1,999999999999,999999999999,999999999999
558,sqlite3StrAccumFinish,310,1000,1649702775,0,6,3899162,1000,3563703,0,6,999999999999,999999999999,999999999999
559,strAccumFinishRealloc,347,1144,1653603735,0,4,4190767,1144,3566218,0,4,999999999999,999999999999,999999999999
964,sqlite3_create_function_v2,215,1104,1657800511,0,1,3714409,1104,3586368,0,1,999999999999,999999999999,999999999999
962,createFunctionApi,633,1840,1661515868,0,36,8568789,1840,3588478,0,36,999999999999,999999999999,999999999999
963,sqlite3CreateFunc,2419,2736,1670088376,0,36,17349067,2736,3604648,0,36,999999999999,999999999999,999999999999
725,functionDestroy,249,1064,1687449103,0,72,3714229,1064,3681838,0,72,999999999999,999999999999,999999999999
621,sqlite3ApiExit,173,960,1691165796,0,66,3191988,960,3687388,0,65,999999999999,999999999999,999999999999
975,sqlite3_errcode,297,1056,1694359741,0,4,4010176,1056,3690883,0,4,999999999999,999999999999,999999999999
895,sqlite3SafetyCheckSickOrOk,301,968,1698371068,0,5,3373165,968,3692728,0,5,999999999999,999999999999,999999999999
2712,sqlite3TestExtInit,77,896,1701746210,0,1,2259852,896,3697368,0,1,999999999999,999999999999,999999999999
695,sqlite3FaultSim,177,936,1704008359,0,69,2986625,936,3698248,5000000,101,999999999999,999999999999,999999999999
2713,sqlite3JsonTableFunctions,341,1064,1706996577,0,1,4616063,1064,3700893,0,1,999999999999,999999999999,999999999999
900,sqlite3_create_module,133,960,1711613824,0,5,2700942,960,3703003,0,5,999999999999,999999999999,999999999999
901,createModule,275,1224,1714316016,0,5,4459237,1224,3704508,0,5,999999999999,999999999999,999999999999
902,sqlite3VtabCreateModule,787,1776,1718778103,0,5,8122682,1776,3706133,0,5,999999999999,999999999999,999999999999
990,sqlite3AutoLoadExtensions,496,1440,1726912982,0,1,6818505,1440,3787868,0,1,999999999999,999999999999,999999999999
944,setupLookaside,2370,2392,1733734264,0,1,18521707,2392,3793998,0,1,999999999999,999999999999,999999999999
484,sqlite3LookasideUsed,356,1272,1752257928,0,1,4681819,1272,3798028,0,1,999999999999,999999999999,999999999999
494,countLookasideSlots,148,576,1756941674,0,4,3257312,576,3799633,0,4,999999999999,999999999999,999999999999
945,sqlite3BeginBenignMalloc,83,832,1760201127,0,84,2258762,832,3807818,0,86,999999999999,999999999999,999999999999
2817,sbrk,79,888,1762464896,0,6,2939309,888,3816853,0,8,999999999999,999999999999,999999999999
946,sqlite3EndBenignMalloc,83,832,1765416847,0,84,2255805,832,3830623,0,86,999999999999,999999999999,999999999999
973,sqlite3_wal_autocheckpoint,46,544,1767692359,0,1,1960237,544,3916129,0,1,999999999999,999999999999,999999999999
991,sqlite3_free_filename,159,976,1769655150,0,1,2951952,976,3921319,0,1,999999999999,999999999999,999999999999
943,sqlite3_db_config,1175,1960,1772613326,0,6,11362415,1960,3936344,0,6,999999999999,999999999999,999999999999
44,sqlite3_shathree_init,410,1712,1783978535,0,1,4712850,1712,3972884,0,1,999999999999,999999999999,999999999999
961,sqlite3_create_function,201,1088,1788693665,0,34,3530412,1088,3974849,0,34,999999999999,999999999999,999999999999
969,matchQuality,636,704,1792239247,0,16,5186844,704,4076304,0,16,999999999999,999999999999,999999999999
51,sqlite3_uint_init,125,1144,1797438335,0,1,2612191,1144,4294549,0,1,999999999999,999999999999,999999999999
993,sqlite3_create_collation,149,984,1800052303,0,2,2870145,984,4295933,0,2,999999999999,999999999999,999999999999
994,sqlite3_create_collation_v2,218,1128,1802924709,0,2,3548198,1128,4297189,0,2,999999999999,999999999999,999999999999
53,sqlite3_decimal_init,667,1664,1806481841,0,1,6945542,1664,4358304,0,1,999999999999,999999999999,999999999999
1612,rehash,706,1696,1813448517,0,1,8388445,1696,5303880,0,1,999999999999,999999999999,999999999999
1613,strHash,209,632,1821842842,0,86,3831080,632,5322755,0,86,999999999999,999999999999,999999999999
965,sqlite3_create_window_function,229,1144,1825677772,0,1,3922703,1144,5401465,0,1,999999999999,999999999999,999999999999
75,sqlite3_base64_init,138,1160,1829613739,0,1,2706715,1160,5567520,0,1,999999999999,999999999999,999999999999
79,sqlite3_base85_init,138,1160,1832328640,0,1,2699708,1160,5647025,0,1,999999999999,999999999999,999999999999
89,sqlite3_regexp_init,253,1320,1835036112,0,1,3739289,1320,5721080,0,1,999999999999,999999999999,999999999999
83,sqlite3_ieee_init,454,1144,1838786632,0,1,5141560,1144,5884310,0,1,999999999999,999999999999,999999999999
88,sqlite3_series_init,303,1168,1843947899,0,1,4089636,1168,6526846,0,1,999999999999,999999999999,999999999999
927,sqlite3_libversion_number,15,520,1848039132,0,1,1599591,520,6528581,0,1,999999999999,999999999999,999999999999
94,sqlite3_fileio_init,358,1608,1849646700,0,1,4628843,1608,6571906,0,1,999999999999,999999999999,999999999999
98,fsdirRegister,119,944,1854288967,0,1,2470168,944,6826346,0,1,999999999999,999999999999,999999999999
104,sqlite3_completion_init,118,952,1856765148,0,1,2586462,952,6869521,0,1,999999999999,999999999999,999999999999
103,sqlite3CompletionVtabInit,129,960,1859352794,0,1,2539365,960,6870751,0,1,999999999999,999999999999,999999999999
473,beginTimer,80,928,1927877057,0,3,2370658,928,7943697,0,3,999999999999,999999999999,999999999999
189,shell_exec,3936,4936,1930249433,0,3,31296126,4936,7945277,0,3,999999999999,999999999999,999999999999
603,sqlite3_prepare_v2,170,1016,1961548126,0,4,3002185,1016,7951622,0,4,999999999999,999999999999,999999999999
616,sqlite3LockAndPrepare,719,1632,1964552318,0,4,8669970,1632,7953547,0,4,999999999999,999999999999,999999999999
627,sqlite3SafetyCheckOk,290,1040,1973223551,0,6,3715372,1040,7955817,0,6,999999999999,999999999999,999999999999
485,sqlite3BtreeEnterAll,261,664,1976941164,0,6,4331516,664,7959142,0,6,999999999999,999999999999,999999999999
897,sqlite3Prepare,2882,3376,1981274987,0,7,24014914,3376,7963027,0,7,999999999999,999999999999,999999999999
1615,sqlite3BtreeSchemaLocked,132,1008,2005293635,0,7,2609795,1008,7971547,0,7,999999999999,999999999999,999999999999
1246,querySharedCacheTableLock,676,768,2007907124,0,12,6098177,768,7973372,0,12,999999999999,999999999999,999999999999
905,sqlite3RunParser,2748,3944,2014007858,0,8,20791019,3944,7978857,0,8,999999999999,999999999999,999999999999
908,sqlite3ParserInit,225,664,2034801297,0,8,2991399,664,7983567,0,8,999999999999,999999999999,999999999999
904,sqlite3GetToken,9763,4920,2037794352,0,282,56164418,4920,7986087,5000000,271,999999999999,999999999999,999999999999
907,keywordCode,1136,1104,2093962101,0,101,11371755,1104,8000572,0,98,999999999999,999999999999,999999999999
912,sqlite3Parser,916,1840,2105337169,0,184,9513143,1840,8013322,5000000,176,999999999999,999999999999,999999999999
1660,yy_find_shift_action,850,808,2114852556,0,544,7532871,808,8016292,5000000,526,999999999999,999999999999,999999999999
1664,yy_shift,455,1184,2122388208,0,183,5069737,1184,8022927,0,175,999999999999,999999999999,999999999999
1663,yy_reduce,47469,42664,2127460982,0,360,339323206,42664,8062207,15000000,350,999999999999,999999999999,999999999999
1676,disableLookaside,139,584,2466787342,0,4,2710915,584,8181767,0,4,999999999999,999999999999,999999999999
1768,yy_find_reduce_action,214,592,2469500411,0,360,2631665,592,8188432,0,350,999999999999,999999999999,999999999999
1675,sqlite3StartTable,3728,4504,2472142793,0,4,25933812,4504,8566442,0,4,999999999999,999999999999,999999999999
681,sqlite3Get4byte,193,584,2496320799,0,184,2622155,584,7588103,5000000,219,999999999999,999999999999,999999999999
1779,sqlite3TwoPartName,506,1240,2498078332,0,2,5255617,1240,8571777,0,2,999999999999,999999999999,999999999999
1710,sqlite3NameFromToken,221,1064,2503335642,0,13,3425792,1064,8575617,0,13,999999999999,999999999999,999999999999
1616,sqlite3DbStrNDup,326,1128,2506762555,0,33,4046456,1128,8577447,0,31,999999999999,999999999999,999999999999
1803,sqlite3Dequote,715,728,2510818622,0,38,5587797,728,8606262,0,35,999999999999,999999999999,999999999999
1780,sqlite3CheckObjectName,763,1752,2516407885,0,4,7994262,1752,8611207,0,4,999999999999,999999999999,999999999999
1252,sqlite3WritableSchema,98,560,2524404018,0,4,2085295,560,8613077,0,4,999999999999,999999999999,999999999999
2002,sqlite3ReadOnlyShadowTables,311,632,2526492950,0,1,3335766,632,8620912,0,1,999999999999,999999999999,999999999999
1785,sqlite3ShadowTableName,420,1208,2529830076,0,4,4647786,1208,8624063,0,4,999999999999,999999999999,999999999999
2912,strrchr,25,912,2534479402,0,4,2023095,912,8625658,0,4,999999999999,999999999999,999999999999
2911,__memrchr,48,560,2536505327,0,4,2854385,560,8627722,0,4,999999999999,999999999999,999999999999
1778,sqlite3AuthCheck,551,1344,2539361669,0,22,5738381,1344,8632162,0,21,999999999999,999999999999,999999999999
868,sqlite3ReadSchema,386,1064,2545102184,0,8,4057669,1064,8637738,0,8,999999999999,999999999999,999999999999
999,sqlite3Init,696,1416,2549163300,0,3,8091249,1416,8640183,0,3,999999999999,999999999999,999999999999
1003,sqlite3InitOne,3656,4040,2557257023,0,2,27292183,4040,8643347,0,2,999999999999,999999999999,999999999999
1413,sqlite3InitCallback,2627,2432,2584551376,0,3,16282618,2432,8650217,0,3,999999999999,999999999999,999999999999
1499,sqlite3GetUInt32,513,728,2600836661,0,3,5711474,728,8657748,0,3,999999999999,999999999999,999999999999
620,sqlite3DbStrDup,311,1144,2606564719,0,19,4074533,1144,9187603,0,18,999999999999,999999999999,999999999999
572,sqlite3_stricmp,278,968,2610652412,0,17,3352369,968,9223518,0,16,999999999999,999999999999,999999999999
869,sqlite3FindTable,2007,2472,2614008381,0,11,16267671,2472,9258028,0,11,999999999999,999999999999,999999999999
1500,sqlite3FindIndex,517,1280,2630280636,0,3,6823129,1280,9282248,0,3,999999999999,999999999999,999999999999
1620,sqlite3DbIsNamed,252,1096,2637105462,0,7,3763496,1096,9285703,0,7,999999999999,999999999999,999999999999
1678,sqlite3AddColumn,3567,3280,2640882838,0,16,26275896,3280,9567638,0,16,999999999999,999999999999,999999999999
1802,sqlite3DequoteToken,430,664,2667160797,0,30,4857537,664,9573703,0,29,999999999999,999999999999,999999999999
1804,sqlite3StrIHash,319,640,2672026924,0,36,3926016,640,9618023,0,33,999999999999,999999999999,999999999999
555,sqlite3DbRealloc,553,1096,2675954921,0,34,4720560,1096,9624649,0,32,999999999999,999999999999,999999999999
1050,dbReallocFinish,422,1432,2680689711,0,14,5133607,1432,10035554,0,13,999999999999,999999999999,999999999999
1052,isLookaside,162,584,2685825295,0,14,2592688,584,10037349,0,13,999999999999,999999999999,999999999999
527,sqlite3Realloc,1065,1816,2688419483,0,13,8703116,1816,10039579,0,13,999999999999,999999999999,999999999999
517,sqlite3StatusValue,85,552,2697126510,0,13,2055538,552,10047334,0,13,999999999999,999999999999,999999999999
529,sqlite3MallocAlarm,138,888,2699184051,0,13,2545635,888,10049239,0,13,999999999999,999999999999,999999999999
2684,sqlite3MemRealloc,329,1200,2701731410,0,13,4045676,1200,10051514,0,13,999999999999,999999999999,999999999999
1677,sqlite3EndTable,7278,7240,2705805699,0,4,54029466,7240,11545555,0,4,999999999999,999999999999,999999999999
859,sqlite3SchemaToIndex,259,624,2759843733,0,14,3993126,624,11581420,0,13,999999999999,999999999999,999999999999
1790,estimateTableWidth,428,1112,2763839596,0,3,5969974,1112,11585365,0,3,999999999999,999999999999,999999999999
1024,sqlite3LogEst,685,744,2769811943,0,12,5869791,744,11590905,0,11,999999999999,999999999999,999999999999
1671,sqlite3FinishCoding,2803,3512,2775694741,0,8,22382580,3512,11713061,0,8,999999999999,999999999999,999999999999
913,sqlite3ParserFinalize,398,1088,2798081788,0,8,5225353,1088,11728921,0,8,999999999999,999999999999,999999999999
1619,sqlite3ErrorClear,172,928,2803311261,0,7,2901109,928,11739940,0,7,999999999999,999999999999,999999999999
654,sqlite3ParseObjectReset,683,1512,2806214364,0,7,7824432,1512,11742641,0,7,999999999999,999999999999,999999999999
612,sqlite3_finalize,400,1400,2814042103,0,6,5291664,1400,11749715,0,6,999999999999,999999999999,999999999999
655,sqlite3BtreeTxnState,127,552,2819336140,0,10,2346595,552,11754655,0,10,999999999999,999999999999,999999999999
659,sqlite3BtreeBeginTrans,475,1240,2821683912,0,6,5438700,1240,11756770,0,6,999999999999,999999999999,999999999999
680,btreeBeginTrans,3189,2984,2827123973,0,5,23369617,2984,11759346,0,5,999999999999,999999999999,999999999999
1247,lockBtree,2541,2928,2850497180,0,5,18785364,2928,11771261,0,5,999999999999,999999999999,999999999999
1251,sqlite3PagerSharedLock,1873,2768,2869285501,0,5,15288458,2768,11774605,0,5,999999999999,999999999999,999999999999
1189,pager_wait_on_lock,250,1136,2884575918,0,7,4552563,1136,11777925,0,7,999999999999,999999999999,999999999999
1190,pagerLockDb,451,1112,2889130525,0,10,4820473,1112,11779405,0,9,999999999999,999999999999,999999999999
1191,sqlite3OsLock,119,952,2893952442,0,7,2662258,952,11782011,0,7,999999999999,999999999999,999999999999
1099,dotlockLock,573,1344,2896616741,0,7,5809234,1344,11783395,0,7,999999999999,999999999999,999999999999
2808,mkdir,161,1016,2902429845,0,4,3001358,1016,11786425,0,4,999999999999,999999999999,999999999999
2786,__wasilibc_nocwd_mkdirat_nomode,37,864,2905438517,0,4,2243628,864,11809940,0,4,999999999999,999999999999,999999999999
2772,__wasi_path_create_directory,26,928,2907684036,0,4,2239174,928,11810555,0,4,999999999999,999999999999,999999999999
1254,hasHotJournal,1093,2136,2910006994,0,4,10293874,2136,11872631,0,4,999999999999,999999999999,999999999999
1212,sqlite3OsAccess,144,984,2920302789,0,4,2864078,984,11876091,0,4,999999999999,999999999999,999999999999
589,unixAccess,428,1136,2923169800,0,4,4642696,1136,11878036,0,4,999999999999,999999999999,999999999999
2803,stat,165,1040,2927815274,0,5,3087552,1040,11879805,0,5,999999999999,999999999999,999999999999
1255,pagerPagecount,450,1128,2930926173,0,4,4924217,1128,11912675,0,4,999999999999,999999999999,999999999999
705,sqlite3OsFileSize,118,952,2935852214,0,4,2639098,952,11914850,0,4,999999999999,999999999999,999999999999
1071,unixFileSize,323,1128,2938494349,0,4,4229190,1128,11916460,0,4,999999999999,999999999999,999999999999
718,btreeGetPage,250,1152,2942737179,0,53,4024176,1152,11929581,0,54,999999999999,999999999999,999999999999
609,sqlite3PagerGet,144,984,2946763458,0,170,2854419,984,11931235,0,204,999999999999,999999999999,999999999999
1179,getPageNormal,1590,2344,2949619881,0,169,12728062,2344,11932856,0,203,999999999999,999999999999,999999999999
1194,sqlite3PcacheFetch,197,1016,2962349707,0,169,3210662,1016,11936005,0,203,999999999999,999999999999,999999999999
2697,pcache1Fetch,111,936,2965562769,0,169,2552641,936,11937846,0,203,999999999999,999999999999,999999999999
2698,pcache1FetchNoMutex,536,1128,2968117577,0,169,6147284,1128,11938855,0,203,999999999999,999999999999,999999999999
2707,pcache1FetchStage2,1509,2096,2974266622,0,65,12149169,2096,11941600,0,98,999999999999,999999999999,999999999999
2709,pcache1AllocPage,582,1424,2986417438,0,65,6550308,1424,11946016,0,98,999999999999,999999999999,999999999999
2710,pcache1InitBulk,965,1504,2992969219,0,2,9180583,1504,11947870,0,2,999999999999,999999999999,999999999999
1196,sqlite3PcacheFetchFinish,288,1024,3002193359,0,234,3782556,1024,12028070,5000000,301,999999999999,999999999999,999999999999
1201,pcacheFetchFinishWithInit,389,1120,3005977872,0,65,4163943,1120,12030380,0,98,999999999999,999999999999,999999999999
1256,btreePageFromDbPage,324,1168,3011910018,0,69,4404496,1168,12050755,0,101,999999999999,999999999999,999999999999
685,sqlite3PagerGetExtra,49,544,3016316821,0,183,1943091,544,12052200,0,249,999999999999,999999999999,999999999999
610,sqlite3PagerGetData,48,544,3018262596,0,65,1944671,544,12053770,0,98,999999999999,999999999999,999999999999
671,sqlite3PagerPagecount,68,560,3021962076,0,5,2077732,560,12058685,0,5,999999999999,999999999999,999999999999
1377,sqlite3BtreeGetMeta,300,1160,3024043201,0,5,4258040,1160,12076605,0,5,999999999999,999999999999,999999999999
1295,sqlite3AbsInt32,197,576,3028306178,0,1,2685438,576,12106455,0,1,999999999999,999999999999,999999999999
663,sqlite3BtreeLastPage,86,904,3030996696,0,1,2342148,904,12119790,0,1,999999999999,999999999999,999999999999
684,btreePagecount,48,544,3033340571,0,168,1933561,544,12120795,0,201,999999999999,999999999999,999999999999
860,sqlite3MPrintf,125,968,3035275583,0,5,2630805,968,12122870,0,4,999999999999,999999999999,999999999999
648,sqlite3VMPrintf,314,1200,3037908042,0,5,4238163,1200,12123970,0,5,999999999999,999999999999,999999999999
607,sqlite3_exec,2628,3432,3042160375,0,1,24057031,3432,12238551,0,1,999999999999,999999999999,999999999999
1198,readDbPage,551,1192,3045484485,0,49,5270268,1192,12070313,0,96,999999999999,999999999999,999999999999
1703,sqlite3Expr,163,1048,3066233862,0,10,3096335,1048,12527801,0,9,999999999999,999999999999,999999999999
1723,sqlite3ExprAlloc,1042,1608,3069333185,0,17,9138993,1608,12531056,0,16,999999999999,999999999999,999999999999
1704,sqlite3ExprSetErrorOffset,146,568,3078478578,0,10,2677635,568,12555356,0,9,999999999999,999999999999,999999999999
1700,sqlite3ExprListAppend,447,1096,3081157736,0,29,4679180,1096,12557316,0,27,999999999999,999999999999,999999999999
1910,sqlite3ExprListAppendNew,332,1136,3085838357,0,13,4189873,1136,12559476,0,12,999999999999,999999999999,999999999999
1696,sqlite3SrcListAppendFromTerm,1498,1784,3090040770,0,4,10893768,1784,12986181,0,4,999999999999,999999999999,999999999999
1708,sqlite3SrcListAppend,1003,1688,3100936058,0,6,8648836,1688,12990571,0,6,999999999999,999999999999,999999999999
1705,sqlite3SrcListShiftJoinType,853,776,3109596128,0,4,7957259,776,13110506,0,4,999999999999,999999999999,999999999999
1681,tokenExpr,809,1560,3117560787,0,13,7770722,1560,13375712,0,12,999999999999,999999999999,999999999999
1712,sqlite3ExprListSetSortOrder,419,664,3125339986,0,1,4193250,664,13552782,0,1,999999999999,999999999999,999999999999
1697,sqlite3SelectNew,1029,1888,3129536393,0,5,9494230,1888,13692347,0,5,999999999999,999999999999,999999999999
1695,parserDoubleLinkSelect,748,1368,3139036983,0,4,7465622,1368,13760127,0,4,999999999999,999999999999,999999999999
1693,sqlite3Select,26465,24136,3146505072,0,6,206420215,24136,13807042,0,6,999999999999,999999999999,999999999999
1769,sqlite3GetVdbe,277,984,3352928938,0,12,4117036,984,13848347,0,12,999999999999,999999999999,999999999999
861,sqlite3VdbeCreate,510,1288,3357049664,0,4,5270484,1288,13850732,0,4,999999999999,999999999999,999999999999
874,sqlite3VdbeAddOp2,133,960,3362332315,0,28,2612828,960,13869987,0,27,999999999999,999999999999,999999999999
1631,sqlite3VdbeAddOp3,468,1272,3364947153,0,112,5348310,1272,13871352,0,105,999999999999,999999999999,999999999999
1632,growOp3,204,1120,3370297617,0,4,3708042,1120,13873987,0,4,999999999999,999999999999,999999999999
876,growOpArray,583,1304,3374007313,0,4,5942264,1304,13875407,0,4,999999999999,999999999999,999999999999
542,sqlite3DbMallocSize,384,1032,3379956051,0,20041,3984313,1032,13895107,30000000,20038,999999999999,999999999999,999999999999
1840,sqlite3SelectPrep,319,1184,3383944564,0,6,4210206,1184,13908082,0,6,999999999999,999999999999,999999999999
2150,sqlite3SelectExpand,297,1144,3388156527,0,3,3867253,1144,13910667,0,3,999999999999,999999999999,999999999999
2086,sqlite3WalkSelect,543,1376,3392025037,0,16,6802635,1376,13913512,0,15,999999999999,999999999999,999999999999
2160,selectExpander,12126,8896,3398829062,0,7,88878966,8896,13916232,0,7,999999999999,999999999999,999999999999
1761,sqlite3WithPush,379,1096,3487712091,0,5,4664579,1096,13953977,0,5,999999999999,999999999999,999999999999
2163,sqlite3SrcListAssignCursors,452,1160,3492380041,0,5,5609641,1160,13956652,0,5,999999999999,999999999999,999999999999
2165,resolveFromTermToCte,4333,3672,3497991866,0,3,29652711,3672,13962047,0,3,999999999999,999999999999,999999999999
1819,sqlite3LocateTableItem,311,1160,3527647227,0,4,4489930,1160,13968157,0,4,999999999999,999999999999,999999999999
858,sqlite3LocateTable,1121,1840,3532140307,0,4,10045654,1840,13970927,0,4,999999999999,999999999999,999999999999
2166,cannotBeFunction,219,984,3542194062,0,3,3275105,984,13999607,0,3,999999999999,999999999999,999999999999
2168,sqlite3ProcessJoin,3947,4400,3545470931,0,5,31489153,4400,14003278,0,5,999999999999,999999999999,999999999999
1911,sqlite3ExprListAppendGrow,483,1248,3576983214,0,3,5188467,1248,14250212,0,3,999999999999,999999999999,999999999999
885,sqlite3ExprListDelete,136,896,3582183028,0,52,2611068,896,14298462,0,50,999999999999,999999999999,999999999999
914,exprListDeleteNN,338,1200,3584796643,0,15,4662299,1200,14299882,0,14,999999999999,999999999999,999999999999
499,sqlite3ExprDelete,136,896,3589461000,0,71,2662065,896,14301547,0,67,999999999999,999999999999,999999999999
1539,sqlite3ExprDeleteNN,689,1480,3592126175,0,43,8419516,1480,14303112,0,40,999999999999,999999999999,999999999999
503,sqlite3DbNNFreeNN,466,1072,3600548832,3333333,209,4539963,1072,14308512,0,195,999999999999,999999999999,999999999999
2088,sqlite3WalkSelectExpr,759,1568,3605095372,0,11,7252035,1568,14329237,0,11,999999999999,999999999999,999999999999
2085,sqlite3WalkExprList,335,1112,3612349037,0,40,5041796,1112,14331212,0,39,999999999999,999999999999,999999999999
2082,sqlite3WalkExpr,161,920,3617392327,0,87,2904982,920,14333397,0,83,999999999999,999999999999,999999999999
2084,sqlite3WalkExprNN,693,1448,3620298510,0,102,8169403,1448,14335172,0,95,999999999999,999999999999,999999999999
2158,sqlite3ExprWalkNoop,46,544,3628469419,0,65,1981657,544,14337322,0,61,999999999999,999999999999,999999999999
2089,sqlite3WalkSelectFrom,524,1216,3630454760,0,11,6535905,1216,14367737,0,11,999999999999,999999999999,999999999999
2091,sqlite3SelectPopWith,294,1032,3636992519,0,5,3790419,1032,14372107,0,5,999999999999,999999999999,999999999999
2131,sqlite3ResolveSelectNames,176,968,3640785132,0,4,2944152,968,14375408,0,4,999999999999,999999999999,999999999999
2125,resolveSelectStep,4682,3984,3643730967,0,4,39026132,3984,14378828,0,4,999999999999,999999999999,999999999999
1919,sqlite3ResolveExprNames,709,1384,3682759226,0,17,6890188,1384,14386813,0,15,999999999999,999999999999,999999999999
1955,sqlite3ResolveExprListNames,966,1536,3689651468,0,5,9754230,1536,14393148,0,5,999999999999,999999999999,999999999999
1809,sqlite3ExprCheckHeight,216,1008,3699407252,0,32,3372492,1008,14397897,0,29,999999999999,999999999999,999999999999
2124,resolveExprStep,10140,10816,3702782098,0,38,67104352,10816,14401528,0,34,999999999999,999999999999,999999999999
2127,lookupName,13252,9864,3769889824,0,17,99325043,9864,14417892,0,15,999999999999,999999999999,999999999999
2141,sqlite3ExprColUsed,480,696,3869224147,0,14,4710863,696,14488273,0,13,999999999999,999999999999,999999999999
2132,resolveOrderGroupBy,1201,2128,3873944591,0,1,12863493,2128,14675723,0,1,999999999999,999999999999,999999999999
2028,sqlite3ExprSkipCollateAndLikely,334,616,3886809584,0,34,4224367,616,14679223,0,31,999999999999,999999999999,999999999999
2152,resolveAsName,459,1176,3891036464,0,1,6359631,1176,14682983,0,1,999999999999,999999999999,999999999999
2153,sqlite3ExprIsInteger,439,1192,3897399808,0,2,5084930,1192,14704463,0,2,999999999999,999999999999,999999999999
1000,sqlite3IsRowid,224,1104,3902489842,0,2,3705576,1104,14760153,0,2,999999999999,999999999999,999999999999
2057,sqlite3ExprCompare,4011,2736,3906199572,0,36,21933446,2736,14776953,0,34,999999999999,999999999999,999999999999
1858,sqlite3ExprListCompare,827,1264,3928135288,0,8,7897029,1264,14798953,0,7,999999999999,999999999999,999999999999
2156,sqlite3ResolveOrderGroupBy,878,1464,3936036637,0,1,8765463,1464,14880098,0,1,999999999999,999999999999,999999999999
2151,sqlite3SelectAddTypeInfo,159,944,3944804790,0,3,2746725,944,14889878,0,3,999999999999,999999999999,999999999999
2161,sqlite3SelectWalkNoop,46,544,3947553122,0,5,1958404,544,14892463,0,5,999999999999,999999999999,999999999999
2162,selectAddSubqueryTypeInfo,505,1248,3949515740,0,5,6536698,1248,14922163,0,5,999999999999,999999999999,999999999999
1842,sqlite3GenerateColumnNames,2019,2216,3956054405,0,2,16394559,2216,14927458,0,2,999999999999,999999999999,999999999999
1968,sqlite3VdbeSetNumCols,495,1304,3972450898,0,2,5438493,1304,14933183,0,2,999999999999,999999999999,999999999999
883,initMemArray,246,664,3977900321,0,12,3941809,664,14952768,0,11,999999999999,999999999999,999999999999
1969,sqlite3VdbeSetColName,367,1104,3981845064,0,20,4367347,1104,14961753,0,19,999999999999,999999999999,999999999999
760,sqlite3VdbeMemSetStr,2222,2256,3986214518,0,21,16288338,2256,14964933,0,19,999999999999,999999999999,999999999999
773,sqlite3VdbeMemClearAndResize,259,1000,4002506790,0,10024,3669393,1000,14974913,15000000,10022,999999999999,999999999999,999999999999
738,sqlite3VdbeMemGrow,1170,1840,4006177716,0,20030,10025387,1840,14977133,20000000,20028,999999999999,999999999999,999999999999
2193,generateColumnTypes,376,1256,4016219116,0,2,5687524,1256,15132198,0,2,999999999999,999999999999,999999999999
2178,columnTypeImpl,1434,1752,4021908577,0,11,12801236,1752,15135008,0,10,999999999999,999999999999,999999999999
1001,sqlite3ColumnType,339,1000,4034712354,0,8,4051472,1000,15142213,0,7,999999999999,999999999999,999999999999
1843,sqlite3WindowRewrite,4503,4888,4038780870,0,6,30928266,4888,15323598,0,6,999999999999,999999999999,999999999999
1850,countOfViewOptimization,2497,2384,4069712246,0,5,17439499,2384,15334604,0,5,999999999999,999999999999,999999999999
1859,sqlite3KeyInfoFromExprList,570,1400,4087154369,0,1,7041952,1400,15343764,0,1,999999999999,999999999999,999999999999
2030,sqlite3KeyInfoAlloc,519,1280,4094198494,0,1,5607360,1280,15345914,0,1,999999999999,999999999999,999999999999
2222,sqlite3ExprNNCollSeq,181,968,4099816448,0,1,3183445,968,15367924,0,1,999999999999,999999999999,999999999999
1651,sqlite3ExprCollSeq,1798,2400,4103002467,0,5,14557361,2400,15369694,0,5,999999999999,999999999999,999999999999
1653,sqlite3CheckCollSeq,353,1048,4117562402,0,5,4124929,1048,15376009,0,5,999999999999,999999999999,999999999999
1773,sqlite3VdbeAddOp4,213,1144,4121690091,0,10,3599689,1144,15382119,0,8,999999999999,999999999999,999999999999
866,sqlite3VdbeChangeP4,738,1216,4125292794,0,17,6300371,1216,15386754,0,15,999999999999,999999999999,999999999999
1860,sqlite3VdbeMakeLabel,67,552,4131596262,0,27,2039821,552,15393854,0,26,999999999999,999999999999,999999999999
1862,sqlite3VdbeChangeOpcode,114,960,4133637764,0,1,2641185,960,15396544,0,1,999999999999,999999999999,999999999999
1999,sqlite3VdbeGetOp,190,608,4136280622,0,46,2954602,608,15398269,0,45,999999999999,999999999999,999999999999
1864,sqlite3WhereBegin,12155,9888,4139236815,0,6,91128967,9888,15403194,0,6,999999999999,999999999999,999999999999
2223,whereLoopInit,119,592,4230381385,0,11,2442158,592,15435959,0,11,999999999999,999999999999,999999999999
2224,sqlite3WhereClauseInit,183,640,4232826193,0,6,2610312,640,15437279,0,6,999999999999,999999999999,999999999999
2225,sqlite3WhereSplit,397,1248,4235437772,0,7,4685173,1248,15439009,0,7,999999999999,999999999999,999999999999
2226,createMask,122,568,4240125036,0,5,2234768,568,15443069,0,5,999999999999,999999999999,999999999999
2227,sqlite3WhereTabFuncArgs,1320,1992,4242361014,0,5,13360483,1992,15444869,0,5,999999999999,999999999999,999999999999
2228,sqlite3WhereExprAnalyze,207,1032,4255723220,0,6,3897482,1032,15448309,0,6,999999999999,999999999999,999999999999
2232,whereShortCut,2769,2304,4259622200,0,5,19567108,2304,15452654,0,5,999999999999,999999999999,999999999999
2292,whereScanInit,1032,1520,4279191318,0,13,9068816,1520,15459494,0,12,999999999999,999999999999,999999999999
2293,whereScanNext,3270,2528,4288261755,0,13,25871256,2528,15463639,0,12,999999999999,999999999999,999999999999
2233,whereLoopAddAll,1669,2352,4314136357,0,5,15949898,2352,15474204,0,5,999999999999,999999999999,999999999999
2294,sqlite3WhereGetMask,364,680,4330087986,0,13,5171387,680,15478659,0,12,999999999999,999999999999,999999999999
2296,whereLoopAddBtree,7002,5280,4335261313,0,4,49859976,5280,15482214,0,4,999999999999,999999999999,999999999999
2350,estLog,237,912,4385126050,0,8,3217195,912,15494779,0,8,999999999999,999999999999,999999999999
2353,indexMightHelpWithOrderBy,1463,1632,4388347882,0,4,12320615,1632,15505439,0,4,999999999999,999999999999,999999999999
2354,whereLoopOutputAdjust,2336,1832,4400671395,0,4,17138639,1832,15515109,0,4,999999999999,999999999999,999999999999
2351,whereLoopInsert,1476,1984,4417812087,0,5,11875262,1984,15520639,0,5,999999999999,999999999999,999999999999
2365,whereLoopAdjustCost,1264,1368,4429689172,0,5,8786186,1368,15523929,0,5,999999999999,999999999999,999999999999
2366,whereLoopFindLesser,1358,992,4438477556,0,5,9328127,992,15527874,0,5,999999999999,999999999999,999999999999
2367,whereLoopXfer,820,1472,4447817609,0,5,7326388,1472,15549544,0,5,999999999999,999999999999,999999999999
2359,whereLoopClearUnion,459,1192,4455145925,0,16,4885133,1192,15551179,0,15,999999999999,999999999999,999999999999
2356,whereLoopAddBtreeIndex,10711,6472,4460034515,0,4,68041744,6472,15560039,0,4,999999999999,999999999999,999999999999
2298,whereLoopClear,274,1104,4528083282,0,11,3916979,1104,15609024,0,10,999999999999,999999999999,999999999999
2234,wherePathSolver,10018,5672,4532003308,0,7,68795994,5672,15613044,0,7,999999999999,999999999999,999999999999
2211,sqlite3LogEstAdd,901,696,4600812066,0,13,5511437,696,15648054,0,12,999999999999,999999999999,999999999999
2299,wherePathSatisfiesOrderBy,9718,5576,4606327950,0,3,73905351,5576,15673579,0,3,999999999999,999999999999,999999999999
2289,sqlite3WhereFindTerm,575,1280,4680237355,0,3,6738271,1280,15698379,0,3,999999999999,999999999999,999999999999
2235,whereInterstageHeuristic,582,832,4686988606,0,1,6718384,832,15740514,0,1,999999999999,999999999999,999999999999
1986,sqlite3OpenTable,545,1440,4693723028,0,4,6122708,1440,15846694,0,4,999999999999,999999999999,999999999999
1899,sqlite3TableLock,273,1152,4699848036,0,5,4167919,1152,15849939,0,5,999999999999,999999999999,999999999999
877,sqlite3BtreeSharable,61,544,4704018356,0,12,1940854,544,15852089,0,11,999999999999,999999999999,999999999999
862,sqlite3VdbeAddOp4Int,488,1312,4705962547,0,9,5725531,1312,15854529,0,9,999999999999,999999999999,999999999999
879,vdbeChangeP4Full,434,1248,4711690701,0,9,5373470,1248,15864574,0,8,999999999999,999999999999,999999999999
863,sqlite3VdbeChangeP5,163,584,4717065759,0,21,2824285,584,15870719,0,20,999999999999,999999999999,999999999999
1781,sqlite3CodeVerifySchema,176,920,4719892294,0,3,2836972,920,15873659,0,3,999999999999,999999999999,999999999999
2102,sqlite3CodeVerifySchemaAtToplevel,250,944,4722734556,0,6,3371839,944,15875674,0,5,999999999999,999999999999,999999999999
1793,sqlite3VdbeCurrentAddr,49,544,4726108549,0,28,1950331,544,15879654,0,27,999999999999,999999999999,999999999999
2244,sqlite3WhereExplainOneScan,2475,2632,4728060444,0,5,16828309,2632,15883899,0,5,999999999999,999999999999,999999999999
2245,sqlite3WhereCodeOneLoopStart,30791,25592,4744893003,0,5,249844361,25592,15889834,0,5,999999999999,999999999999,999999999999
1865,sqlite3WhereOutputRowCount,66,544,4994747748,0,9,2289708,544,15964589,0,9,999999999999,999999999999,999999999999
1867,sqlite3WhereIsOrdered,158,552,4997040623,0,1,2333545,552,15967699,0,1,999999999999,999999999999,999999999999
1868,sqlite3WhereOrderByLimitOptLabel,309,640,4999375514,0,1,3559202,640,15969549,0,1,999999999999,999999999999,999999999999
1869,sqlite3VdbeChangeToNoop,351,1072,5002936203,0,2,4068289,1072,15972684,0,2,999999999999,999999999999,999999999999
878,freeP4,581,1688,5007006260,0,15,4653150,1688,15975189,0,14,999999999999,999999999999,999999999999
1307,sqlite3KeyInfoUnref,188,912,5011663660,0,1,2910699,912,15977839,0,1,999999999999,999999999999,999999999999
1873,sqlite3WhereContinueLabel,48,544,5014585246,0,4,1816764,544,15989894,0,4,999999999999,999999999999,999999999999
1874,sqlite3WhereBreakLabel,49,544,5016403327,0,4,1800178,544,15991069,0,4,999999999999,999999999999,999999999999
1872,selectInnerLoop,7166,7384,5018204672,0,6,51551838,7384,15992309,0,6,999999999999,999999999999,999999999999
2257,codeOffset,165,936,5069758970,0,7,2999382,936,16000899,0,7,999999999999,999999999999,999999999999
2258,innerLoopLoadRow,156,952,5072760792,0,5,2701758,952,16007804,0,5,999999999999,999999999999,999999999999
1885,sqlite3ExprCodeExprList,1576,2016,5075464610,0,6,14344470,2016,16009494,0,6,999999999999,999999999999,999999999999
1958,sqlite3ExprCodeTarget,15921,19104,5089811451,0,32,117765823,19104,16015429,0,29,999999999999,999999999999,999999999999
2035,sqlite3ExprCodeGetColumn,461,1208,5207581295,0,14,5329111,1208,16033754,0,13,999999999999,999999999999,999999999999
1924,sqlite3ExprCodeGetColumnOfTable,1070,1896,5212913496,0,14,9548243,1896,16035954,0,13,999999999999,999999999999,999999999999
1942,sqlite3TableColumnToStorage,581,744,5222463772,0,16,6502875,744,16041694,0,15,999999999999,999999999999,999999999999
1993,sqlite3ColumnDefault,597,1488,5228970114,0,14,5964631,1488,16048054,0,13,999999999999,999999999999,999999999999
1875,sqlite3WhereEnd,7780,7664,5234943292,0,6,62516207,7664,16157409,0,6,999999999999,999999999999,999999999999
1871,sqlite3VdbeResolveLabel,284,992,5297463965,0,27,3824462,992,16171425,0,26,999999999999,999999999999,999999999999
2071,resizeResolveLabel,486,1232,5301291338,0,4,5547627,1232,16174259,0,4,999999999999,999999999999,999999999999
1347,sqlite3DbReallocOrFree,197,1056,5306842022,0,5,3328682,1056,16177319,0,4,999999999999,999999999999,999999999999
2246,whereInfoFree,385,1288,5310189664,0,6,5795950,1288,16215839,0,6,999999999999,999999999999,999999999999
2320,sqlite3WhereClauseClear,550,1192,5315987805,0,6,6385141,1192,16217210,0,6,999999999999,999999999999,999999999999
2321,whereLoopDelete,115,992,5322375057,0,5,2551711,992,16220585,0,5,999999999999,999999999999,999999999999
1848,sqlite3VdbeExplainPop,92,928,5324937138,0,6,2278375,928,16242830,0,6,999999999999,999999999999,999999999999
2214,sqlite3VdbeExplainParent,176,976,5327217247,0,6,3142742,976,16243869,0,6,999999999999,999999999999,999999999999
1538,sqlite3SelectDelete,142,904,5330362806,0,5,2721645,904,16246700,0,5,999999999999,999999999999,999999999999
1540,clearSelect,671,1776,5333086388,0,5,8670606,1776,16248219,0,5,999999999999,999999999999,999999999999
1543,sqlite3SrcListDelete,1037,1712,5341767021,0,9,10801591,1712,16340000,0,9,999999999999,999999999999,999999999999
491,sqlite3DeleteTable,262,952,5352573736,0,11,3525213,952,16356955,0,10,999999999999,999999999999,999999999999
1770,sqlite3VdbeAddOp0,104,928,5356111416,0,5,2499871,928,16480614,0,5,999999999999,999999999999,999999999999
1772,sqlite3VdbeJumpHere,107,912,5358613944,0,8,2493711,912,16484214,0,8,999999999999,999999999999,999999999999
2027,sqlite3VdbeChangeP2,114,960,5361109489,0,8,2618678,960,16485699,0,8,999999999999,999999999999,999999999999
865,sqlite3VdbeUsesBtree,276,1040,5363731824,0,7,3862619,1040,16489394,0,6,999999999999,999999999999,999999999999
1777,sqlite3VdbeGoto,109,928,5367598487,0,6,2508955,928,16499834,0,6,999999999999,999999999999,999999999999
867,sqlite3VdbeMakeReady,2567,2880,5370109602,0,4,16998739,2880,16503444,0,4,999999999999,999999999999,999999999999
881,resolveP2Values,1028,1880,5387110291,0,4,9027040,1880,16509199,0,4,999999999999,999999999999,999999999999
882,allocSpace,342,648,5396145015,0,25,3680510,648,16529059,0,24,999999999999,999999999999,999999999999
626,sqlite3VdbeRewind,205,672,5399830071,0,4,2827258,672,16545789,0,4,999999999999,999999999999,999999999999
604,sqlite3_step,751,1848,5402666963,0,6,9024610,1848,16577574,0,6,999999999999,999999999999,999999999999
617,vdbeSafetyNotNull,182,984,5411693600,0,6,3118445,984,16579399,0,6,999999999999,999999999999,999999999999
638,vdbeSafety,176,944,5414813458,0,9,2962689,944,16580829,0,9,999999999999,999999999999,999999999999
618,sqlite3Step,2011,2184,5417777698,0,6,14928864,2184,16583850,0,6,999999999999,999999999999,999999999999
798,sqlite3VdbeExec,103835,80248,5432708606,0,6,1348938137,80248,16591239,0,6,999999999999,999999999999,999999999999
2754,close,40,936,6214759450,0,4,2416298,936,20076674,0,4,999999999999,999999999999,999999999999
2760,__wasi_fd_close,16,824,6217177965,0,4,1910471,824,20077834,0,4,999999999999,999999999999,999999999999
1379,allocateCursor,1292,1824,6781654167,0,7,11697391,1824,16722125,0,6,999999999999,999999999999,999999999999
1460,sqlite3BtreeCursorSize,13,520,6793355735,0,6,1529654,520,16726105,0,5,999999999999,999999999999,999999999999
1461,sqlite3BtreeCursorZero,95,568,6794900232,0,6,1974634,568,16754070,0,5,999999999999,999999999999,999999999999
1380,sqlite3BtreeCursor,289,1056,6796876817,0,6,3662012,1056,16757300,0,5,999999999999,999999999999,999999999999
1463,btreeCursor,857,1496,6800540084,0,6,8939766,1496,16759585,0,5,999999999999,999999999999,999999999999
1381,sqlite3BtreeCursorHintFlags,61,552,6809483197,0,5,1960398,552,16767205,0,4,999999999999,999999999999,999999999999
810,sqlite3BtreeFirst,234,1056,6811446485,0,10003,3489739,1056,16772660,0,10003,999999999999,999999999999,999999999999
1456,moveToRoot,1683,1968,6814939078,0,40054,12552306,1968,16774070,305000000,40054,999999999999,999999999999,999999999999
731,sqlite3VdbeHalt,4031,3400,6888155052,0,4,24344547,3400,18427124,0,4,999999999999,999999999999,999999999999
1311,closeAllCursors,552,1352,6912502169,0,4,6599688,1352,18432589,0,4,999999999999,999999999999,999999999999
1318,closeCursorsInFrame,328,1096,6919104444,0,4,4908384,1096,18435124,0,4,999999999999,999999999999,999999999999
1328,sqlite3VdbeFreeCursorNN,372,1080,6924014425,0,7,4326109,1080,18437759,0,6,999999999999,999999999999,999999999999
1331,sqlite3BtreeCloseCursor,637,1392,6928341801,0,6,6742275,1392,18440384,0,5,999999999999,999999999999,999999999999
1283,btreeReleaseAllCursorPages,344,1120,6935087363,0,6,4886304,1120,18444174,0,5,999999999999,999999999999,999999999999
1249,unlockBtreeIfUnused,196,928,6942730529,0,13,2966845,928,18449894,0,12,999999999999,999999999999,999999999999
1304,releaseMemArray,597,1280,6945702178,0,12,6792021,1280,18456324,0,11,999999999999,999999999999,999999999999
1312,sqlite3VdbeEnter,447,1160,6952504009,0,4,5778147,1160,18489954,0,4,999999999999,999999999999,999999999999
1313,sqlite3VdbeCheckFk,417,1144,6958283734,0,8,4431020,1144,18493109,0,8,999999999999,999999999999,999999999999
1314,vdbeCommit,4736,5120,6962716490,0,4,36729780,5120,18501054,0,4,999999999999,999999999999,999999999999
1322,sqlite3VtabSync,495,1376,6999448714,0,4,6805851,1376,18506069,5000000,4,999999999999,999999999999,999999999999
1118,sqlite3PcacheRelease,275,960,7006000730,0,169,3390302,960,18487169,0,203,999999999999,999999999999,999999999999
1040,sqlite3BtreeGetFilename,99,912,7006259676,0,4,2310258,912,18514044,0,4,999999999999,999999999999,999999999999
1041,sqlite3PagerFilename,206,1008,7008572521,0,4,3473059,1008,18515459,0,4,999999999999,999999999999,999999999999
1137,sqlite3IsMemdb,75,544,7012047643,0,4,1884405,544,18517174,0,4,999999999999,999999999999,999999999999
679,sqlite3BtreeCommitPhaseOne,479,1312,7013938318,0,5,5225157,1312,18525794,0,5,999999999999,999999999999,999999999999
678,sqlite3BtreeCommitPhaseTwo,389,1264,7019166572,0,5,4923294,1264,18530484,0,5,999999999999,999999999999,999999999999
711,btreeEndTransaction,456,1176,7024092666,0,7,4612586,1176,18533594,0,7,999999999999,999999999999,999999999999
1272,clearAllSharedCacheTableLocks,587,1168,7028707659,0,5,5948531,1168,18536679,0,5,999999999999,999999999999,999999999999
720,releasePageOne,82,888,7034659907,0,5,2190921,888,18542564,0,5,999999999999,999999999999,999999999999
1257,sqlite3PagerUnrefPageOne,110,992,7036852962,0,5,2478641,992,18543654,0,5,999999999999,999999999999,999999999999
1120,pcacheUnpin,204,944,7041597370,0,117,2974275,944,18546709,0,151,999999999999,999999999999,999999999999
2699,pcache1Unpin,388,1072,7044574289,0,117,4192973,1072,18549044,0,151,999999999999,999999999999,999999999999
1200,pagerUnlockIfUnused,142,984,7048770739,0,5,2776375,984,18552689,0,5,999999999999,999999999999,999999999999
1161,pagerUnlockAndRollback,703,1424,7051551054,0,7,5775884,1424,18554904,0,7,999999999999,999999999999,999999999999
1202,pager_end_transaction,2032,2496,7057328782,0,7,14769741,2496,18558444,0,7,999999999999,999999999999,999999999999
1684,sqlite3AddPrimaryKey,1948,2536,7061695462,0,2,16755172,2536,19618150,0,2,999999999999,999999999999,999999999999
1158,pager_unlock,876,1600,7072100513,0,7,7838945,1600,18563069,0,7,999999999999,999999999999,999999999999
1812,makeColumnPartOfPrimaryKey,190,936,7078453104,0,1,3051468,936,19623420,0,1,999999999999,999999999999,999999999999
1030,sqlite3BitvecDestroy,292,1120,7079942189,0,13,4403809,1120,18565179,0,13,999999999999,999999999999,999999999999
1815,sqlite3HasExplicitNulls,545,1104,7081507093,0,1,6370978,1104,19628779,0,1,999999999999,999999999999,999999999999
1204,releaseAllSavepoints,407,1304,7084348875,0,10,5959328,1304,18567539,0,10,999999999999,999999999999,999999999999
1683,sqlite3AddNotNull,611,768,7087901155,0,4,6147944,768,20256800,0,4,999999999999,999999999999,999999999999
1784,sqlite3OpenSchemaTable,238,1152,7088023285,0,1,3525525,1152,20179037,0,1,999999999999,999999999999,999999999999
1144,sqlite3OsClose,169,936,7090310776,0,20,2818342,936,18570489,0,20,999999999999,999999999999,999999999999
1210,pagerUnlockDb,354,1072,7093136209,0,8,4112696,1072,18578744,0,8,999999999999,999999999999,999999999999
1217,sqlite3OsUnlock,118,952,7097250192,0,6,2529632,952,18580664,0,6,999999999999,999999999999,999999999999
1098,dotlockUnlock,521,1184,7099781487,0,7,5067720,1184,18582084,0,7,999999999999,999999999999,999999999999
2807,rmdir,161,1016,7104853464,0,4,2881579,1016,18585114,0,4,999999999999,999999999999,999999999999
2793,__wasilibc_nocwd___wasilibc_rmdirat,36,864,7107743742,0,4,2139295,864,18607874,0,4,999999999999,999999999999,999999999999
2777,__wasi_path_remove_directory,26,928,7109884817,0,4,2105738,928,18608679,0,4,999999999999,999999999999,999999999999
1323,sqlite3VtabCommit,88,904,7112081306,0,4,2149941,904,18665754,0,4,999999999999,999999999999,999999999999
1339,callFinaliser,559,1400,7114233634,0,6,6962655,1400,18666744,0,6,999999999999,999999999999,999999999999
1004,sqlite3CommitInternalChanges,65,544,7121199789,0,7,1905128,544,18671824,0,7,999999999999,999999999999,999999999999
799,doWalCallbacks,53,552,7123110668,0,4,1836141,552,18683629,0,4,999999999999,999999999999,999999999999
547,enlargeAndAppend,261,1096,7123902068,0,4,3621175,1096,22500402,0,4,999999999999,999999999999,999999999999
634,sqlite3VdbeFinalize,184,1032,7124952065,0,1,3133661,1032,18689839,0,1,999999999999,999999999999,999999999999
541,sqlite3StrAccumEnlarge,1355,1744,7127525778,0,4,9957488,1744,22502402,0,4,999999999999,999999999999,999999999999
625,sqlite3VdbeReset,523,1256,7128087971,0,4,5240650,1256,18691524,0,4,999999999999,999999999999,999999999999
492,sqlite3VdbeDelete,304,1096,7133331275,0,4,3888926,1096,18696574,0,4,999999999999,999999999999,999999999999
502,sqlite3VdbeClearObject,784,1784,7137223781,0,4,8367119,1784,18698080,0,4,999999999999,999999999999,999999999999
1799,sqlite3NestedParse,683,1544,7137491611,0,1,6373328,1544,22540882,0,1,999999999999,999999999999,999999999999
535,printfTempBuf,483,1160,7143876090,0,1,4628451,1160,22840643,0,1,999999999999,999999999999,999999999999
1305,vdbeFreeOpArray,410,1128,7145603391,0,4,5129006,1128,18784290,0,4,999999999999,999999999999,999999999999
1414,sqlite3AnalysisLoad,1057,1792,7150742634,0,1,10564535,1792,18827425,0,1,999999999999,999999999999,999999999999
1497,sqlite3BtreeCommit,158,1072,7161315419,0,1,3206932,1072,18865249,0,1,999999999999,999999999999,999999999999
1706,sqlite3SrcListIndexedBy,474,1064,7181201046,0,1,4630226,1064,25424819,0,1,999999999999,999999999999,999999999999
1715,sqlite3ExprListCheckLength,241,968,7185833422,0,1,3298879,968,25427669,0,1,999999999999,999999999999,999999999999
1717,sqlite3Update,21493,19176,7189133476,0,1,170129554,19176,25431249,0,1,999999999999,999999999999,999999999999
1701,sqlite3ExprListSetName,420,1256,7252388171,0,4,4917330,1256,25886175,0,3,999999999999,999999999999,999999999999
852,sqlite3GetInt32,2182,1536,7264730234,0,6,13793354,1536,26492511,0,6,999999999999,999999999999,999999999999
1680,sqlite3PExpr,511,1408,7265216604,0,9,5631367,1408,26980196,0,8,999999999999,999999999999,999999999999
1810,sqlite3DequoteExpr,202,936,7268877346,0,5,2914625,936,27381775,0,4,999999999999,999999999999,999999999999
1726,sqlite3ExprAttachSubtrees,586,1240,7270851831,0,9,5546614,1240,26992396,0,8,999999999999,999999999999,999999999999
1783,sqlite3BeginWriteOperation,290,1032,7279362730,0,2,3538239,1032,26607625,0,2,999999999999,999999999999,999999999999
1782,sqlite3ForceNotReadOnly,232,1120,7329797162,0,1,3392789,1120,23570408,0,1,999999999999,999999999999,999999999999
2863,__ofl_lock,9,520,7357499330,10000000,1,1605354,520,1970134772,10000000,2,999999999999,999999999999,999999999999
1426,sqlite3PagerOkToChangeJournalMode,258,592,7381477038,0,1,3111049,592,26122097,0,1,999999999999,999999999999,999999999999
1427,sqlite3PagerSetJournalMode,1172,1720,7384590076,0,1,9215805,1720,26125257,0,1,999999999999,999999999999,999999999999
1914,sqlite3FkRequired,966,1696,7385342111,0,1,10179513,1696,25688380,0,1,999999999999,999999999999,999999999999
1428,sqlite3JournalModename,150,568,7393807831,0,1,2634729,568,26129747,0,1,999999999999,999999999999,999999999999
1771,sqlite3VdbeAddOp1,118,944,7441208058,0,9,2519795,944,27296950,0,9,999999999999,999999999999,999999999999
1816,sqlite3SrcListLookup,474,1224,7454934567,0,1,5471494,1224,29213372,0,1,999999999999,999999999999,999999999999
1913,sqlite3TriggersExist,355,1200,7460422101,0,1,4830353,1200,29253081,0,1,999999999999,999999999999,999999999999
2394,tempTriggersExist,207,608,7465255992,0,1,2913595,608,29255566,0,1,999999999999,999999999999,999999999999
1829,sqlite3ViewGetColumnNames,255,976,7468172281,0,1,3287862,976,29260126,0,1,999999999999,999999999999,999999999999
1915,sqlite3IsReadOnly,451,1176,7471461729,0,1,4896497,1176,29263431,0,1,999999999999,999999999999,999999999999
2398,tabIsReadOnly,407,1112,7476361154,0,1,4580526,1112,29265436,0,1,999999999999,999999999999,999999999999
2335,sqlite3WhereExprUsageFull,1047,1616,7495298084,0,1,8685021,1616,25861600,0,1,999999999999,999999999999,999999999999
2308,codeEqualityTerm,4613,4192,7537259091,0,1,35365128,4192,26006681,0,1,999999999999,999999999999,999999999999
1950,sqlite3ExprVectorSize,339,648,7538443998,0,9,3573882,648,29728741,0,8,999999999999,999999999999,999999999999
2310,disableTerm,620,824,7572628328,0,1,6915319,824,26036051,0,1,999999999999,999999999999,999999999999
1921,sqlite3WhereOkOnePass,111,576,7582429461,0,1,2207588,576,26053201,0,1,999999999999,999999999999,999999999999
1923,sqlite3WhereUsesDeferredSeek,72,544,7584638884,0,1,1982783,544,26054821,0,1,999999999999,999999999999,999999999999
1941,sqlite3TriggerColmask,765,1488,7600921290,0,1,8655741,1488,26139291,0,1,999999999999,999999999999,999999999999
2285,whereClauseInsert,1083,1760,7651111426,0,3,9782584,1760,30178731,0,2,999999999999,999999999999,999999999999
2286,exprAnalyze,11789,10736,7660898453,0,3,80384811,10736,30191226,0,2,999999999999,999999999999,999999999999
1233,decodeFlags,1226,1552,7667565840,0,66,8438773,1552,22434748,0,98,999999999999,999999999999,999999999999
1617,sqlite3VdbeSetSql,280,1048,7669347546,0,3,3808159,1048,26451745,0,3,999999999999,999999999999,999999999999
800,sqlite3_sql,129,568,7673164982,0,3,2374425,568,26483260,0,3,999999999999,999999999999,999999999999
846,sqlite3_stmt_isexplain,151,568,7675543367,0,6,2437588,568,26489330,0,6,999999999999,999999999999,999999999999
273,bind_prepared_stmt,978,2160,7677983075,0,3,10437264,2160,26494945,0,3,999999999999,999999999999,999999999999
838,sqlite3_bind_parameter_count,147,560,7688422783,0,3,2518412,560,26497385,0,3,999999999999,999999999999,999999999999
270,exec_prepared_stmt,2296,2376,7690943035,0,3,16277445,2376,26500095,0,3,999999999999,999999999999,999999999999
2705,pcache1PinPage,169,632,7707358783,0,117,2694085,632,26789720,0,151,999999999999,999999999999,999999999999
2322,sqlite3WhereExprUsage,165,920,7741288258,0,6,3019159,920,30203146,0,5,999999999999,999999999999,999999999999
2324,sqlite3WhereExprUsageNN,309,1000,7744310467,0,6,3921493,1000,30204606,0,5,999999999999,999999999999,999999999999
1472,getAndInitPage,520,1536,7749615263,0,114,6229715,1536,22548358,0,148,999999999999,999999999999,999999999999
2325,allowedOp,275,568,7754025991,0,3,2774772,568,30217791,0,2,999999999999,999999999999,999999999999
1813,sqlite3ExprSkipCollate,194,576,7756802980,0,4,3452679,576,30220491,0,4,999999999999,999999999999,999999999999
2326,exprMightBeIndexed,769,1264,7760258493,0,4,8062232,1264,30227901,0,4,999999999999,999999999999,999999999999
2327,operatorMask,276,640,7768322808,0,2,3130026,640,30233481,0,2,999999999999,999999999999,999999999999
1887,sqlite3ReleaseTempReg,207,584,7768435560,0,18,2887085,584,30213737,0,17,999999999999,999999999999,999999999999
2334,isAuxiliaryVtabOperator,2528,2040,7771455638,0,3,15722051,2040,30245566,0,2,999999999999,999999999999,999999999999
1947,sqlite3GenerateRowIndexDelete,891,1696,7774508239,0,1,10462054,1696,26426312,0,1,999999999999,999999999999,999999999999
1932,sqlite3AuthContextPop,139,576,7800330129,0,1,2452923,576,26446642,0,1,999999999999,999999999999,999999999999
1665,yy_accept,75,552,7802811152,0,1,1935957,552,26765252,0,1,999999999999,999999999999,999999999999
1800,sqlite3ChangeCookie,213,984,7804754590,0,1,2990764,984,26800663,0,1,999999999999,999999999999,999999999999
1801,sqlite3VdbeAddParseSchemaOp,322,1272,7807756869,0,1,5314162,1272,26895483,0,1,999999999999,999999999999,999999999999
637,sqlite3PagerUnrefNotNull,141,912,7818501622,0,164,2742282,912,24161317,0,198,999999999999,999999999999,999999999999
1356,out2Prerelease,238,1000,7839261866,0,30020,3647072,1000,27072581,40000000,30017,999999999999,999999999999,999999999999
1926,sqlite3OpenTableAndIndices,1465,2096,7856543146,0,1,14433633,2096,30978761,0,1,999999999999,999999999999,999999999999
1366,sqlite3BtreeCursorHasMoved,91,544,7869073214,0,33339,2034761,544,22668188,30000000,40005,999999999999,999999999999,999999999999
1288,getCellInfo,214,936,7873434054,0,33334,3128268,936,22671758,35000000,40001,999999999999,999999999999,999999999999
1289,btreeParseCell,306,1024,7876563593,3333333,33334,3505549,1024,22674073,60000000,40001,999999999999,999999999999,999999999999
1236,btreeParseCellPtr,2548,1656,7880070719,0,43335,14478440,1656,22676583,370000000,50001,999999999999,999999999999,999999999999
1945,sqlite3GenerateConstraintChecks,17496,16056,7883164675,0,1,140379991,16056,31121636,0,1,999999999999,999999999999,999999999999
1285,releasePageNotNull,81,888,7922341884,0,161,2271148,888,24258778,0,196,999999999999,999999999999,999999999999
1776,sqlite3ExprCode,474,1232,7952203445,0,9,5378764,1232,31278671,0,8,999999999999,999999999999,999999999999
1987,sqlite3VdbeLoadString,128,960,7957586549,0,5,2659375,960,31314041,0,4,999999999999,999999999999,999999999999
2429,indexIteratorFirst,178,624,8025716488,0,1,3181862,624,31209412,0,1,999999999999,999999999999,999999999999
1797,sqlite3TableAffinity,737,1648,8028903344,0,1,7214271,1648,31216431,0,1,999999999999,999999999999,999999999999
2121,sqlite3TableAffinityStr,692,1224,8036120709,0,1,7553552,1224,31218941,0,1,999999999999,999999999999,999999999999
1948,sqlite3CompleteInsertion,1648,2144,8050670725,0,1,15343948,2144,31264212,0,1,999999999999,999999999999,999999999999
1474,moveToLeftmost,487,1208,8058320169,0,10063,5596337,1208,25292059,50000000,10096,999999999999,999999999999,999999999999
1792,sqlite3MayAbort,149,568,8061365920,0,2,2493098,568,31412782,0,2,999999999999,999999999999,999999999999
812,sqlite3BtreePayloadSize,91,920,8064571634,6666666,23334,2326175,920,25302944,35000000,30001,999999999999,999999999999,999999999999
1368,sqlite3BtreePayloadFetch,94,912,8073807975,0,23334,2374935,912,25315159,15000000,30001,999999999999,999999999999,999999999999
1364,sqlite3VdbeBooleanValue,303,992,8075603044,0,1,3789060,992,28035655,0,1,999999999999,999999999999,999999999999
1449,fetchPayload,344,640,8076185051,0,23334,3555252,640,25316584,105000000,30001,999999999999,999999999999,999999999999
501,deleteTable,707,1648,8077831712,0,4,7840349,1648,31657867,0,4,999999999999,999999999999,999999999999
667,sqlite3BtreeUpdateMeta,325,1216,8079394204,0,3,4678756,1216,28041615,0,3,999999999999,999999999999,999999999999
1369,sqlite3VdbeOneByteSerialTypeLen,77,544,8079742516,0,50004,2024754,544,25323299,205000000,70004,999999999999,999999999999,999999999999
1383,sqlite3BtreeCreateTable,140,1056,8084077901,0,1,2912369,1056,28062255,0,1,999999999999,999999999999,999999999999
1646,sqlite3FkDelete,661,1464,8085675338,0,4,7525595,1464,31660732,0,4,999999999999,999999999999,999999999999
1466,btreeCreateTable,2057,3056,8086993940,0,1,16988563,3056,28064045,0,1,999999999999,999999999999,999999999999
1648,sqlite3DeleteColumnNames,531,1336,8093203153,0,4,6586418,1336,31663857,0,4,999999999999,999999999999,999999999999
815,sqlite3VdbeSerialGet,1427,1888,8097042565,6666666,43333,8646679,1888,25439815,310000000,50000,999999999999,999999999999,999999999999
814,sqlite3GetVarint32,630,1160,8105692405,0,1,5470497,1160,25449960,0,1,999999999999,999999999999,999999999999
884,sqlite3VdbeSerialTypeLen,166,568,8111164932,0,1,2644435,568,25454029,0,1,999999999999,999999999999,999999999999
629,sqlite3_column_count,151,576,8113817568,0,2,2617902,576,25490624,0,2,999999999999,999999999999,999999999999
630,sqlite3_column_name,103,920,8116439423,0,7,2425528,920,25503424,0,7,999999999999,999999999999,999999999999
826,columnName,1206,1408,8118866872,0,7,8735236,1408,25504735,0,7,999999999999,999999999999,999999999999
553,sqlite3_value_text,97,904,8127605138,0,14,2243958,904,25509840,0,14,999999999999,999999999999,999999999999
739,sqlite3ValueText,416,1008,8129852400,0,14,4388529,1008,25511260,0,14,999999999999,999999999999,999999999999
1124,sqlite3TempInMemory,91,552,8133982411,0,3,2084122,552,32234602,0,3,999999999999,999999999999,999999999999
631,sqlite3_column_text,134,1056,8134245810,0,7,2818098,1056,25541600,0,7,999999999999,999999999999,999999999999
1248,sqlite3PagerBegin,465,1272,8136068973,0,2,5499491,1272,32236097,0,2,999999999999,999999999999,999999999999
622,columnMem,423,1120,8137065515,0,9,4635117,1120,25542600,0,9,999999999999,999999999999,999999999999
2805,utimes,245,1152,8141571910,0,3,4029152,1152,32241992,0,3,999999999999,999999999999,999999999999
623,columnMallocFailure,173,960,8141703422,0,9,2991759,960,25548575,0,9,999999999999,999999999999,999999999999
750,valueToText,752,1360,8144699338,0,3,6981288,1360,25570270,0,3,999999999999,999999999999,999999999999
2791,__wasilibc_nocwd_utimensat,505,1712,8145606196,0,3,8762273,1712,32263698,0,3,999999999999,999999999999,999999999999
1349,sqlite3VdbeMemStringify,414,1232,8151682913,0,10003,4875317,1232,25573285,15000000,10003,999999999999,999999999999,999999999999
2774,__wasi_path_filestat_set_times,34,976,8154370813,0,3,2504414,976,32265128,0,3,999999999999,999999999999,999999999999
1350,vdbeMemRenderNum,422,1224,8156566260,0,10003,4806976,1224,25591200,5000000,10003,999999999999,999999999999,999999999999
688,newDatabase,807,1600,8156918854,0,2,7455395,1600,32292728,0,2,999999999999,999999999999,999999999999
1351,sqlite3Int64ToText,618,1208,8161374594,0,10002,6454845,1208,25593255,20000000,10002,999999999999,999999999999,999999999999
672,sqlite3PagerWrite,427,1160,8167462388,0,30149,5010027,1160,32523317,110000000,30151,999999999999,999999999999,999999999999
763,sqlite3VdbeChangeEncoding,297,1008,8167832939,0,10005,3801296,1008,25601330,20000000,10005,999999999999,999999999999,999999999999
694,pager_write,790,1456,8172474629,0,51,7104722,1456,32526242,0,52,999999999999,999999999999,999999999999
1261,pager_open_journal,1017,1784,8179581811,0,2,9154484,1784,32529162,0,2,999999999999,999999999999,999999999999
809,sqlite3BtreeNext,491,1120,8182531600,0,13396,4986230,1120,28519182,145000000,20095,999999999999,999999999999,999999999999
1473,btreeNext,1462,1776,8187519904,0,64,11182555,1776,28522947,0,97,999999999999,999999999999,999999999999
686,sqlite3Put4byte,156,600,8247306271,0,169,2624855,600,32715458,0,170,999999999999,999999999999,999999999999
1230,sqlite3PcacheMakeDirty,275,952,8257656603,0,51,3472769,952,32727723,0,52,999999999999,999999999999,999999999999
1121,pcacheManageDirtyList,934,872,8261132420,0,199,6944191,872,32730493,0,203,999999999999,999999999999,999999999999
682,sqlite3PagerOpenSavepoint,211,968,8271180697,0,2,3381686,968,32517073,0,2,999999999999,999999999999,999999999999
1253,zeroPage,983,1536,8273457778,0,49,8663943,1536,32743378,0,50,999999999999,999999999999,999999999999
2058,sqlite3ExprAffinity,998,2736,8284631120,0,9,8982700,2736,33035813,0,8,999999999999,999999999999,999999999999
1025,sqlite3BitvecCreate,161,960,8290356026,0,1,3020531,960,32856912,0,1,999999999999,999999999999,999999999999
1267,jrnlBufferSize,39,536,8293389585,0,1,1865505,536,32877512,0,1,999999999999,999999999999,999999999999
1268,databaseIsUnmoved,365,1064,8295256933,0,1,4259042,1064,32878802,0,1,999999999999,999999999999,999999999999
1265,sqlite3JournalOpen,541,1224,8300690008,0,1,5699138,1224,32886142,0,1,999999999999,999999999999,999999999999
1091,getFileMode,293,1144,8306396466,0,1,4106949,1144,32915657,0,1,999999999999,999999999999,999999999999
486,sqlite3BtreePager,56,544,8309995233,0,2,1975778,544,31612751,0,2,999999999999,999999999999,999999999999
1184,writeJournalHdr,1408,2080,8310595620,0,1,13159226,2080,33021428,0,1,999999999999,999999999999,999999999999
661,sqlite3PagerGetJournalMode,61,544,8311973815,0,2,1962194,544,31614261,0,2,999999999999,999999999999,999999999999
1807,sqlite3ExprDup,183,952,8312041693,0,19,3013271,952,33033064,0,19,999999999999,999999999999,999999999999
2072,exprDup,2769,2968,8315057371,0,13,19215225,2968,33034709,0,13,999999999999,999999999999,999999999999
1183,journalHdrOffset,235,616,8323757183,0,3,3076852,616,33025703,0,3,999999999999,999999999999,999999999999
570,sqlite3OsRandomness,303,1144,8326839675,0,1,4227986,1144,33041183,0,1,999999999999,999999999999,999999999999
1386,sqlite3VdbeFreeCursor,136,896,8329740107,0,2,2735859,896,28349306,0,2,999999999999,999999999999,999999999999
592,unixRandomness,514,1408,8331070454,0,1,5807237,1408,33043338,0,1,999999999999,999999999999,999999999999
2113,dupedExprStructSize,278,624,8334278180,0,13,3368105,624,33044234,0,13,999999999999,999999999999,999999999999
2745,time,93,976,8336906672,0,1,2852955,976,33072648,0,1,999999999999,999999999999,999999999999
1243,sqlite3GetVarint,3210,1288,8337604663,0,1,14660165,1288,28426356,0,1,999999999999,999999999999,999999999999
2114,exprStructSize,152,608,8337648925,0,13,2806542,608,33047794,0,13,999999999999,999999999999,999999999999
571,chacha_block,4736,1648,8339764697,0,1,30279706,1648,33078988,0,1,999999999999,999999999999,999999999999
1547,allocateTempSpace,325,1112,8345530136,0,2,4154226,1112,32635419,0,2,999999999999,999999999999,999999999999
1402,sqlite3VdbeCursorRestore,141,1008,8352269373,0,1,3169149,1008,28442216,0,1,999999999999,999999999999,999999999999
1387,sqlite3BtreeLast,249,976,8364667739,0,20000,3527755,976,32908908,20000000,20000,999999999999,999999999999,999999999999
1467,btreeLast,342,1112,8368197358,0,10048,4172793,1112,32911033,10000000,10049,999999999999,999999999999,999999999999
674,sqlite3OsWrite,155,992,8371801532,0,61,2922908,992,33212203,0,62,999999999999,999999999999,999999999999
1066,unixWrite,578,1336,8374727321,0,61,6713051,1336,33213828,0,62,999999999999,999999999999,999999999999
1397,sqlite3BtreeInsert,5857,4544,8378498429,0,20001,36380897,4544,32950458,120000000,20001,999999999999,999999999999,999999999999
1067,seekAndWrite,158,976,8381442963,0,61,2864468,976,33216118,0,62,999999999999,999999999999,999999999999
1089,seekAndWriteFd,571,1424,8384309281,0,61,6804695,1424,33217948,0,62,999999999999,999999999999,999999999999
2750,write,113,984,8391124383,0,61,3126855,984,33224133,0,62,999999999999,999999999999,999999999999
1231,sqlite3BitvecTestNotNull,815,824,8401323458,0,50,8073015,824,33392483,5000000,51,999999999999,999999999999,999999999999
1389,sqlite3BtreeTableMoveto,2904,2432,8414881890,0,20001,20885045,2432,32959973,70000000,20001,999999999999,999999999999,999999999999
1964,exprIsConst,187,1000,8417935914,0,13,2984812,1000,33441053,0,12,999999999999,999999999999,999999999999
2080,exprNodeIsConstant,1313,1376,8420923516,0,14,9067030,1376,33444783,0,13,999999999999,999999999999,999999999999
1378,sqlite3FkClearTriggerCache,473,1312,8433708538,0,1,6640153,1312,28646587,0,1,999999999999,999999999999,999999999999
1479,fillInCell,3155,3176,8435771152,0,20001,24217311,3176,32972338,115000000,20001,999999999999,999999999999,999999999999
1886,sqlite3GetTempReg,207,600,8439438572,0,11,3117869,600,33583954,0,11,999999999999,999999999999,999999999999
1730,sqlite3ExprAnd,537,1256,8440400062,0,1,5280377,1256,30151160,0,1,999999999999,999999999999,999999999999
271,explain_data_delete,140,968,8441586399,0,3,2667772,968,32578513,0,3,999999999999,999999999999,999999999999
267,eqp_render,551,1344,8444256888,0,3,5417898,1344,32581183,0,3,999999999999,999999999999,999999999999
1053,lookasideMallocSize,147,584,8445716089,0,1,2534348,584,31066082,0,1,999999999999,999999999999,999999999999
1849,propagateConstants,693,1584,8448288918,0,1,8132081,1584,32009784,0,1,999999999999,999999999999,999999999999
639,sqlite3LeaveMutexAndCloseZombie,1974,2864,8449688612,0,4,17905273,2864,32661879,0,4,999999999999,999999999999,999999999999
918,sqlite3BinaryCompareCollSeq,379,1168,8451320623,0,3,4754676,1168,33500513,0,2,999999999999,999999999999,999999999999
1002,sqlite3ColumnColl,386,632,8456079647,0,3,4611020,632,33507683,0,2,999999999999,999999999999,999999999999
2215,findConstInWhere,685,1472,8456423803,0,3,6750899,1472,32013314,0,3,999999999999,999999999999,999999999999
1373,sqlite3PutVarint,392,1008,8459991906,0,20002,4006626,1008,32978343,40000000,20001,999999999999,999999999999,999999999999
1733,sqlite3ExprIsConstant,101,920,8463178123,0,1,2454048,920,32021654,0,1,999999999999,999999999999,999999999999
2111,sqlite3ProgressCheck,496,1184,8463344680,0,2,5095653,1184,33526428,0,2,999999999999,999999999999,999999999999
1482,insertCellFast,3093,2752,8464004342,3333333,20001,21293195,2752,32988793,90000000,20001,999999999999,999999999999,999999999999
1279,allocateBtreePage,6533,6184,8464043559,0,47,47153551,6184,58469846,0,48,999999999999,999999999999,999999999999
2032,sqlite3TableColumnAffinity,254,624,8464992371,0,3,3336842,624,33522648,0,3,999999999999,999999999999,999999999999
474,endTimer,357,1448,8467597579,0,3,4059449,1448,32670464,0,3,999999999999,999999999999,999999999999
1895,sqlite3ExprIfFalse,2579,3856,8468463721,0,3,20035855,3856,33807174,0,3,999999999999,999999999999,999999999999
475,doAutoDetectRestore,1546,2720,8471659359,0,3,12580752,2720,32673984,0,3,999999999999,999999999999,999999999999
2277,constInsert,1019,1576,8477735828,0,1,9742578,1576,32033274,0,1,999999999999,999999999999,999999999999
200,clearTempFile,265,1048,8484245998,0,4,3538906,1048,32687224,0,4,999999999999,999999999999,999999999999
2899,memmove,1217,2192,8485302825,3333333,20047,23527000,2192,33003018,235000000,20048,999999999999,999999999999,999999999999
2079,sqlite3CompareAffinity,551,1048,8486734307,0,3,4708710,1048,33659388,0,2,999999999999,999999999999,999999999999
1721,sqlite3IdListAppend,785,1464,8487832554,0,2,6970584,1464,33709584,0,2,999999999999,999999999999,999999999999
2039,sqlite3ExprIsVector,109,904,8488502116,0,2,2360991,904,33812574,0,2,999999999999,999999999999,999999999999
2041,sqlite3ExprCodeTemp,520,1456,8490866168,0,12,5949011,1456,33816824,0,12,999999999999,999999999999,999999999999
1197,addToSavepointBitvecs,338,1176,8492867921,0,50,5613114,1176,33504568,0,51,999999999999,999999999999,999999999999
1737,parserAddExprIdListTerm,341,1312,8494819183,0,1,4912570,1312,34342970,0,1,999999999999,999999999999,999999999999
917,sqlite3ExprCompareCollSeq,227,1008,8496433998,0,1,3550935,1008,32042944,0,1,999999999999,999999999999,999999999999
2043,sqlite3ExprIsConstantNotJoin,101,920,8496817366,0,12,2429778,920,33820959,0,12,999999999999,999999999999,999999999999
1148,sqlite3PagerPageRefcount,88,896,8498649975,0,94,2268428,896,58424941,0,96,999999999999,999999999999,999999999999
1232,sqlite3PcachePageRefcount,51,544,8500920773,0,94,1942481,544,58426171,0,96,999999999999,999999999999,999999999999
2044,sqlite3ExprCodeRunJustOnce,1367,2040,8505329508,0,6,13219130,2040,33887124,0,6,999999999999,999999999999,999999999999
1702,sqlite3ExprListSetSpan,370,1072,8506034630,0,6,4395343,1072,34943966,0,6,999999999999,999999999999,999999999999
2218,sqlite3IsBinary,143,568,8509349960,0,1,2448073,568,32060234,0,1,999999999999,999999999999,999999999999
1806,sqlite3DbSpanDup,373,1040,8510432763,0,6,5445560,1040,34946741,0,6,999999999999,999999999999,999999999999
1294,btreeGetUnusedPage,354,1240,8511227793,0,47,4672730,1240,58527576,0,48,999999999999,999999999999,999999999999
2216,propagateConstantExprRewrite,607,1320,8515138988,0,7,5973563,1320,32081075,0,7,999999999999,999999999999,999999999999
2708,pcache1UnderMemoryPressure,215,968,8515910654,0,63,3169446,968,58548676,0,95,999999999999,999999999999,999999999999
1491,sqlite3HeapNearlyFull,57,536,8519083406,0,63,1747841,536,58550501,0,95,999999999999,999999999999,999999999999
1762,sqlite3CteNew,383,1360,8519681976,0,1,5014067,1360,37074193,0,1,999999999999,999999999999,999999999999
2278,propagateConstantExprRewriteOne,1151,1520,8521114561,0,7,10351898,1520,32083275,0,7,999999999999,999999999999,999999999999
1763,sqlite3WithAdd,989,1664,8524701093,0,1,10213153,1664,37137963,0,1,999999999999,999999999999,999999999999
1280,releasePage,120,880,8527412517,0,188,2517861,880,58595751,0,192,999999999999,999999999999,999999999999
2304,termCanDriveIndex,606,1288,8531499469,0,2,6424529,1288,32330565,0,2,999999999999,999999999999,999999999999
1694,attachWithToSelect,209,1016,8535949516,0,1,3465762,1016,39166444,0,1,999999999999,999999999999,999999999999
2042,codeCompare,474,1480,8537534467,0,2,6267237,1480,33918649,0,2,999999999999,999999999999,999999999999
2345,sqlite3IndexAffinityOk,372,1024,8537926534,0,1,3961605,1024,32335125,0,1,999999999999,999999999999,999999999999
1719,sqlite3Insert,17231,15480,8539418236,0,1,136488530,15480,39261179,0,1,999999999999,999999999999,999999999999
2346,comparisonAffinity,388,1152,8541890029,0,1,4873741,1152,32336745,0,1,999999999999,999999999999,999999999999
2064,binaryCompareP5,208,1056,8546941113,0,2,3261589,1056,33933239,0,2,999999999999,999999999999,999999999999
755,sqlite3VdbeMemMakeWriteable,424,1104,8547404032,0,30002,4849863,1104,33100833,170000000,30002,999999999999,999999999999,999999999999
1286,sqlite3BtreeIntegerKey,95,920,8567730532,0,10000,2381435,920,33230848,10000000,10000,999999999999,999999999999,999999999999
1481,dropCell,1188,1672,8571298497,0,10000,9719471,1672,33179479,60000000,10000,999999999999,999999999999,999999999999
1357,sqlite3VdbeMemShallowCopy,399,1040,8576213376,6666666,40002,4247806,1040,33150423,105000000,40002,999999999999,999999999999,999999999999
1560,freeSpace,4242,2408,8581020574,0,10000,24873098,2408,33183959,130000000,10000,999999999999,999999999999,999999999999
1360,applyAffinity,670,1120,8590358344,0,30003,5580617,1120,33272533,115000000,30002,999999999999,999999999999,999999999999
611,sqlite3PagerUnref,120,880,8592572782,0,2,2552131,880,1798917015,0,2,999999999999,999999999999,999999999999
1372,sqlite3VarintLen,150,600,8595941288,0,10002,3101312,600,33290538,45000000,10002,999999999999,999999999999,999999999999
1363,sqlite3MemCompare,1471,1488,8658170436,0,2,10424499,1488,33761608,0,2,999999999999,999999999999,999999999999
734,sqlite3VdbeMemRelease,144,904,8668001855,0,2,2913755,904,1802603443,0,2,999999999999,999999999999,999999999999
1446,vdbeCompareMemString,879,1824,8668597105,0,2,8551286,1824,33766998,0,2,999999999999,999999999999,999999999999
981,binCollFunc,267,1040,8677151036,0,2,3904306,1040,33770778,0,2,999999999999,999999999999,999999999999
1917,sqlite3VdbeCountChanges,67,544,8684571849,0,1,2121748,544,39355500,0,1,999999999999,999999999999,999999999999
1953,autoIncBegin,1262,1576,8687874963,0,1,10275034,1576,39363005,0,1,999999999999,999999999999,999999999999
1795,sqlite3SelectDestInit,161,648,8698155185,0,3,2653275,648,39392995,0,3,999999999999,999999999999,999999999999
2171,searchWith,472,1208,8700818740,0,1,6735965,1208,39453479,0,1,999999999999,999999999999,999999999999
1839,sqlite3ParserAddCleanup,381,1344,8707562012,0,2,5086156,1344,39475319,0,2,999999999999,999999999999,999999999999
1835,sqlite3SelectDup,1339,2544,8712655495,0,2,13814794,2544,39493209,0,2,999999999999,999999999999,999999999999
1836,sqlite3ExprListDup,1290,1904,8726472629,0,8,11543531,1904,39499249,0,8,999999999999,999999999999,999999999999
2004,sqlite3SrcListDup,1858,2424,8747464706,0,2,16233236,2424,39566365,0,2,999999999999,999999999999,999999999999
769,sqlite3VdbeMemSetNull,146,904,8761128799,0,5,2804615,904,1802668723,0,5,999999999999,999999999999,999999999999
2103,sqlite3WithDup,874,1504,8763708122,0,2,8326672,1504,39636755,0,2,999999999999,999999999999,999999999999
2104,sqlite3WindowListDup,326,1120,8772037441,0,2,4690670,1120,39639555,0,2,999999999999,999999999999,999999999999
1315,sqlite3VdbeCloseStatement,173,976,8772950641,0,1,3261154,976,36979576,0,1,999999999999,999999999999,999999999999
2092,findRightmost,120,560,8776744471,0,2,2615552,560,39743645,0,2,999999999999,999999999999,999999999999
2119,sqlite3ColumnsFromExprList,3611,3448,8779361480,0,1,27656263,3448,39749070,0,1,999999999999,999999999999,999999999999
1811,sqlite3IsTrueOrFalse,185,1056,8807025357,0,1,3435965,1056,39764785,0,1,999999999999,999999999999,999999999999
726,sqlite3HashClear,275,1136,8810481419,0,12,4413356,1136,39808545,0,12,999999999999,999999999999,999999999999
2133,resolveCompoundOrderBy,2890,2896,8816129729,0,1,23990044,2896,40105115,0,1,999999999999,999999999999,999999999999
1149,btreeInitPage,896,1464,8818648036,0,17,8223579,1464,74108813,0,48,999999999999,999999999999,999999999999
2120,sqlite3SubqueryColumnTypes,3684,3224,8840134460,0,1,27061613,3224,40313420,0,1,999999999999,999999999999,999999999999
2177,sqlite3ExprDataType,980,3640,8870217782,0,1,11522765,3640,40326985,0,1,999999999999,999999999999,999999999999
1846,flattenSubquery,9196,6424,8881749730,0,1,66236956,6424,40366205,0,1,999999999999,999999999999,999999999999
1851,sqlite3SelectExprHeight,112,936,8947992250,0,2,2487045,936,40388925,0,2,999999999999,999999999999,999999999999
2217,heightOfSelect,338,1336,8950483115,0,2,5100804,1336,40390040,0,2,999999999999,999999999999,999999999999
707,sqlite3OsFileControl,217,992,8954264687,0,4,3503266,992,38315570,0,4,999999999999,999999999999,999999999999
2279,heightOfExpr,175,568,8955587362,0,11,2567652,568,40392155,0,11,999999999999,999999999999,999999999999
2280,heightOfExprList,275,1048,8958157881,0,7,4486896,1048,40395580,0,7,999999999999,999999999999,999999999999
1852,pushDownWhereTerms,2393,2872,8962647721,0,1,21816892,2872,40405095,0,1,999999999999,999999999999,999999999999
696,pagerFlushOnCommit,285,1000,8982612770,0,5,3746079,1000,1803209195,0,5,999999999999,999999999999,999999999999
1853,disableUnusedSubqueryResultColumns,1877,1248,8984467304,0,1,14547397,1248,40409415,0,1,999999999999,999999999999,999999999999
662,sqlite3PagerIsMemdb,139,568,8989652232,0,1,2510945,568,1803314520,0,1,999999999999,999999999999,999999999999
1182,sqlite3PagerExclusiveLock,134,952,8992165741,0,3,2938812,952,1803316600,0,3,999999999999,999999999999,999999999999
673,sqlite3PagerCommitPhaseOne,883,1888,8995167933,0,1,8953942,1888,1803412350,0,1,999999999999,999999999999,999999999999
1854,fromClauseTermCanBeCoroutine,1067,1384,8999016694,0,1,9908184,1384,40413720,0,1,999999999999,999999999999,999999999999
698,pager_incr_changecounter,345,1248,9006620106,0,1,4654967,1248,1803419140,0,1,999999999999,999999999999,999999999999
1857,isSelfJoinView,794,1360,9008926782,0,1,8711343,1360,40418365,0,1,999999999999,999999999999,999999999999
1187,pager_write_changecounter,292,1160,9011282310,0,3,3897816,1160,1803434565,0,3,999999999999,999999999999,999999999999
699,writeSuperJournal,1643,2008,9016035569,0,1,12058195,2008,1803445395,0,1,999999999999,999999999999,999999999999
1855,sqlite3VdbeExplain,417,1256,9017643158,0,4,5020270,1256,40428075,0,4,999999999999,999999999999,999999999999
1847,multiSelect,7100,8304,9022669132,0,1,52041265,8304,40462360,0,1,999999999999,999999999999,999999999999
700,syncJournal,1728,2168,9028095971,0,1,12509205,2168,1803449630,0,1,999999999999,999999999999,999999999999
708,sqlite3OsSync,155,960,9040642347,0,5,2981629,960,1803491450,0,4,999999999999,999999999999,999999999999
1070,unixSync,573,1496,9043626103,0,5,6438254,1496,1803493010,0,4,999999999999,999999999999,999999999999
587,full_fsync,107,944,9050067951,0,6,2551518,944,1803495770,0,6,999999999999,999999999999,999999999999
2746,fsync,43,880,9052622623,0,6,2383408,880,1803497125,0,6,999999999999,999999999999,999999999999
2770,__wasi_fd_sync,16,824,9055009061,0,6,1893474,824,1803498000,0,6,999999999999,999999999999,999999999999
1088,openDirectory,797,1368,9057422886,0,1,8048876,1368,1804791796,0,1,999999999999,999999999999,999999999999
588,robust_close,232,1088,9065526409,0,4,3724113,1088,1804917231,0,4,999999999999,999999999999,999999999999
1176,sqlite3PcacheMakeClean,254,1016,9069918540,0,51,3360505,1016,1803884372,0,52,999999999999,999999999999,999999999999
1205,sqlite3JournalIsInMemory,83,544,9071745258,0,3,2077041,544,1803939492,0,3,999999999999,999999999999,999999999999
1185,sqlite3PcacheClearSyncFlags,198,608,9072401353,0,1,3550062,608,1805097151,0,1,999999999999,999999999999,999999999999
2208,hasAnchor,224,584,9074715587,0,1,3704569,584,40471761,0,1,999999999999,999999999999,999999999999
701,sqlite3PcacheDirtyList,206,968,9075955272,0,1,3891096,968,1805110126,0,1,999999999999,999999999999,999999999999
2209,generateWithRecursiveQuery,2949,4360,9078423336,0,1,25340696,4360,40475216,0,1,999999999999,999999999999,999999999999
1269,pcacheSortDirtyList,1146,1504,9079849955,0,1,9502840,1504,1805119231,0,1,999999999999,999999999999,999999999999
1270,pcacheMergeDirtyList,395,696,9089356222,0,49,4521322,696,1805126221,0,50,999999999999,999999999999,999999999999
2702,pcache1Truncate,192,968,9091914093,0,5,3153856,968,1803998807,0,5,999999999999,999999999999,999999999999
702,pager_write_pagelist,1377,1856,9093880935,0,1,12116369,1856,1805256746,0,1,999999999999,999999999999,999999999999
710,btreeClearHasContent,100,928,9098205142,0,2,2415585,928,1804014932,0,2,999999999999,999999999999,999999999999
1861,computeLimitRegisters,1015,2048,9103767709,0,1,9480737,2048,40481830,0,1,999999999999,999999999999,999999999999
1078,fcntlSizeHint,882,1376,9106001104,0,1,8424143,1376,1805265991,0,1,999999999999,999999999999,999999999999
2036,codeInteger,832,1592,9113280153,0,5,7757049,1592,40641071,0,5,999999999999,999999999999,999999999999
1188,sqlite3BackupUpdate,152,920,9114477661,0,50,2896272,920,1805304781,0,51,999999999999,999999999999,999999999999
703,sqlite3PcacheCleanAll,139,992,9117568619,0,3,3495232,992,1805845736,0,3,999999999999,999999999999,999999999999
1884,sqlite3GetTempRange,396,1040,9121040725,0,3,4240873,1040,40649926,0,3,999999999999,999999999999,999999999999
676,sqlite3PagerSync,339,1120,9123308485,0,1,4255786,1120,1806017631,0,1,999999999999,999999999999,999999999999
1888,sqlite3ReleaseTempRange,242,960,9127291820,0,4,3398635,960,40665641,0,4,999999999999,999999999999,999999999999
709,sqlite3PagerCommitPhaseTwo,437,1144,9130264821,0,1,4695573,1144,1806270016,0,1,999999999999,999999999999,999999999999
1093,nolockClose,78,896,9136356327,0,1,2267935,896,1806285036,0,1,999999999999,999999999999,999999999999
1061,closeUnixFile,344,1120,9138626875,0,2,4115346,1120,1806286281,0,2,999999999999,999999999999,999999999999
1207,sqlite3OsDelete,201,976,9142758705,0,1,3275149,976,1806297086,0,1,999999999999,999999999999,999999999999
586,unixDelete,544,1456,9146035844,0,1,6188361,1456,1806298986,0,1,999999999999,999999999999,999999999999
2806,unlink,161,1016,9152227482,0,1,3023905,1016,1806300711,0,1,999999999999,999999999999,999999999999
2792,__wasilibc_nocwd___wasilibc_unlinkat,36,864,9155259747,0,1,2253915,864,1806322871,0,1,999999999999,999999999999,999999999999
2779,__wasi_path_unlink_file,26,928,9157515953,0,1,2211048,928,1806323621,0,1,999999999999,999999999999,999999999999
1160,pager_error,245,1000,9161922394,0,1,3524142,1000,1806402046,0,1,999999999999,999999999999,999999999999
1796,sqlite3VdbeEndCoroutine,149,976,9204812898,0,2,2749865,976,41399676,0,2,999999999999,999999999999,999999999999
1856,sqlite3ClearTempRegCache,69,560,9207567370,0,1,2052485,560,41407091,0,1,999999999999,999999999999,999999999999
2262,translateColumnToCopy,706,1376,9209651695,0,1,7297645,1376,41959067,0,1,999999999999,999999999999,999999999999
1954,readsTable,888,1528,9216958337,0,1,9399491,1528,41994392,0,1,999999999999,999999999999,999999999999
1959,autoIncStep,166,936,9231291785,0,1,3046238,936,42104352,0,1,999999999999,999999999999,999999999999
1938,sqlite3VdbeAppendP4,300,1024,9283202341,0,7,3784602,1024,42196352,0,7,999999999999,999999999999,999999999999
1930,sqlite3AutoincrementEnd,127,896,9297988505,0,1,2601798,896,42328792,0,1,999999999999,999999999999,999999999999
1649,sqlite3UpsertDelete,136,896,9300595607,0,1,2708755,896,42343412,0,1,999999999999,999999999999,999999999999
1544,sqlite3WithDelete,292,1112,9310643459,0,1,4909669,1112,42467452,0,1,999999999999,999999999999,999999999999
1455,putVarint64,805,848,9314288730,0,3617,7089907,848,38105741,30000000,10000,999999999999,999999999999,999999999999
1546,cteClear,160,1088,9315555949,0,1,3040876,1088,42469692,0,1,999999999999,999999999999,999999999999
500,sqlite3IdListDelete,304,1120,9318605055,0,1,4979030,1120,42537977,0,1,999999999999,999999999999,999999999999
1385,sqlite3BtreeFakeValidCursor,17,520,9339215365,0,1,1608724,520,43317613,0,1,999999999999,999999999999,999999999999
813,sqlite3VdbeMemFromBtreeZeroOffset,295,1184,9401377164,0,10000,4226816,1184,43881673,0,10000,999999999999,999999999999,999999999999
756,vdbeMemAddTerminator,359,1088,9407239893,0,10000,4205816,1088,43890513,15000000,10000,999999999999,999999999999,999999999999
1399,sqlite3BtreeDelete,5061,4232,9411451166,0,10000,35478299,4232,43909533,80000000,10000,999999999999,999999999999,999999999999
1483,balance,1992,2408,9458372374,0,10046,15764132,2408,43948943,55000000,10047,999999999999,999999999999,999999999999
1424,sqlite3AddInt64,465,656,9475602275,0,33332,3860659,656,44049438,275000000,39999,999999999999,999999999999,999999999999
1555,moveToRightmost,422,1232,9500576679,0,47,5624890,1232,44449039,0,48,999999999999,999999999999,999999999999
1262,pagerAddPageToRollbackJournal,759,1672,9529851604,0,2,7372261,1672,44684644,0,2,999999999999,999999999999,999999999999
1478,btreeComputeFreeSpace,1762,1680,9532451890,0,1,12690920,1680,84725678,0,1,999999999999,999999999999,999999999999
1228,pager_cksum,250,672,9537226362,0,2,5224484,672,44686689,0,2,999999999999,999999999999,999999999999
1264,write32bits,161,1048,9542453327,0,4,2937588,1048,44697709,0,5,999999999999,999999999999,999999999999
1026,sqlite3BitvecSet,2202,1984,9545445792,0,2,16045228,1984,44758434,0,2,999999999999,999999999999,999999999999
1458,moveToChild,833,1480,9582423617,0,109,7921609,1480,84888863,0,143,999999999999,999999999999,999999999999
1565,balance_quick,1979,2368,9597094989,0,46,16310585,2368,110130266,0,47,999999999999,999999999999,999999999999
1235,cellSizePtrTableLeaf,1514,968,9633262961,0,46,10441521,968,110249731,0,47,999999999999,999999999999,999999999999
1569,rebuildPage,2658,2368,9643708966,0,46,19701238,2368,110265756,0,47,999999999999,999999999999,999999999999
1567,sqlite3PagerTempSpace,50,544,9663412701,0,46,1886798,544,110270321,0,47,999999999999,999999999999,999999999999
1485,insertCell,3376,2960,9665303489,0,46,23375720,2960,110289971,0,47,999999999999,999999999999,999999999999
724,sqlite3BtreeClose,645,1584,9720881024,0,2,6881934,1584,3515207048,0,2,999999999999,999999999999,999999999999
714,sqlite3BtreeRollback,564,1656,9727767472,0,3,7025322,1656,3515210508,0,3,999999999999,999999999999,999999999999
715,saveAllCursors,513,1096,9734795821,0,3,6143331,1096,3515213728,0,3,999999999999,999999999999,999999999999
717,sqlite3PagerRollback,679,1296,9740940839,0,1,6072461,1296,3515218888,0,1,999999999999,999999999999,999999999999
1208,sqlite3PcacheClearWritable,198,608,9748963289,0,2,3534065,608,3515239828,0,2,999999999999,999999999999,999999999999
1178,getPageError,88,592,9753553808,0,1,2375022,592,3515257228,0,1,999999999999,999999999999,999999999999
1133,sqlite3PagerClose,449,1592,9756747249,0,2,5654601,1592,3515297243,0,2,999999999999,999999999999,999999999999
1157,pagerFreeMapHdrs,182,1024,9762404954,0,2,3802043,1024,3515299853,0,2,999999999999,999999999999,999999999999
2703,pcache1TruncateUnsafe,724,1336,9767339423,0,2,8262536,1336,3515319818,0,2,999999999999,999999999999,999999999999
1563,anotherValidCursor,344,1032,9769827757,0,1,4710906,1032,131100404,0,1,999999999999,999999999999,999999999999
1564,balance_deeper,875,1824,9774540174,0,1,8415156,1824,131104274,0,1,999999999999,999999999999,999999999999
2706,pcache1FreePage,266,1000,9775605255,0,65,3512602,1000,3515326633,0,98,999999999999,999999999999,999999999999
1162,sqlite3PcacheClose,99,904,9779132464,0,2,2416788,904,3515378913,0,2,999999999999,999999999999,999999999999
2693,pcache1Destroy,356,1272,9781550650,0,2,4825757,1272,3515379898,0,2,999999999999,999999999999,999999999999
1568,copyNodeContent,814,1552,9783034925,0,1,7730191,1552,131343754,0,1,999999999999,999999999999,999999999999
1013,freeTempSpace,184,952,9786384220,0,2,2985449,952,3515417578,0,2,999999999999,999999999999,999999999999
1316,sqlite3VdbeSetChanges,106,576,9845399177,0,1,2297448,576,3519420716,0,1,999999999999,999999999999,999999999999
1727,sqlite3ExprFunction,677,1472,9847741676,0,2,6995298,1472,3520101006,0,2,999999999999,999999999999,999999999999
1736,sqlite3ExprSetHeightAndFlags,141,1032,9854742088,0,2,3134362,1032,3520118726,0,2,999999999999,999999999999,999999999999
1965,exprSetHeight,567,1216,9857879003,0,2,5455127,1216,3520120786,0,2,999999999999,999999999999,999999999999
2433,sqlite3ExprListFlags,241,640,9863357624,0,1,4525200,640,3520765892,0,1,999999999999,999999999999,999999999999
2130,sqlite3ReferencesSrcList,751,1472,9867928844,0,2,7048018,1472,3521977308,0,2,999999999999,999999999999,999999999999
2143,exprRefToSrcList,906,864,9874987586,0,1,8082916,864,3522088568,0,1,999999999999,999999999999,999999999999
1877,sqlite3ExprAnalyzeAggList,289,1096,9885016401,0,4,4533370,1096,3522270358,0,4,999999999999,999999999999,999999999999
1879,sqlite3ExprAnalyzeAggregates,181,1168,9889552135,0,3,2894572,1168,3522273078,0,3,999999999999,999999999999,999999999999
2265,analyzeAggregate,3790,3776,9892449064,0,3,29316548,3776,3522276903,0,3,999999999999,999999999999,999999999999
2391,addAggInfoFunc,166,1016,9921769629,0,2,2838938,1016,3522285173,0,2,999999999999,999999999999,999999999999
2393,sqlite3ArrayAllocate,626,1264,9924611197,0,3,5891454,1264,3522287038,0,3,999999999999,999999999999,999999999999
1881,analyzeAggFuncArgs,479,1320,9930522285,0,1,6568104,1320,3522386853,0,1,999999999999,999999999999,999999999999
2390,findOrCreateAggInfoColumn,1720,1664,9937094530,0,1,13951383,1664,3522401083,0,1,999999999999,999999999999,999999999999
2392,addAggInfoColumn,166,1016,9951048114,0,1,2865815,1016,3522404968,0,1,999999999999,999999999999,999999999999
1898,isSimpleCount,753,816,9953919379,0,1,6056067,816,3522422929,0,1,999999999999,999999999999,999999999999
1883,assignAggregateRegisters,142,600,9959977750,0,1,2556168,600,3522428689,0,1,999999999999,999999999999,999999999999
1896,resetAccumulator,1712,2272,9962535219,0,1,14691427,2272,3522430569,0,1,999999999999,999999999999,999999999999
1866,sqlite3WhereIsDistinct,61,544,9977261180,0,1,1945038,544,3522763144,0,1,999999999999,999999999999,999999999999
1893,updateAccumulator,4313,4864,9979208161,0,1,37131481,4864,3522764909,0,1,999999999999,999999999999,999999999999
1894,finalizeAggFunctions,1917,2928,10016364252,0,1,18036300,2928,3522905069,0,1,999999999999,999999999999,999999999999
2060,sqlite3VdbeGetLastOp,106,912,10034409486,0,2,2365228,912,3522961884,0,2,999999999999,999999999999,999999999999
1876,agginfoFree,167,1104,10036810884,0,1,2990705,1104,3523210929,0,1,999999999999,999999999999,999999999999
1407,sqlite3VdbeMemInit,107,608,10039970560,0,2,2383598,608,3523698995,0,2,999999999999,999999999999,999999999999
2502,countStep,259,1064,10042357955,0,13333,3814253,1064,3523705075,5000000,20000,999999999999,999999999999,999999999999
816,sqlite3_aggregate_context,196,984,10046175658,0,26668,3316819,984,3523706685,95000000,40002,999999999999,999999999999,999999999999
817,createAggContext,350,1176,10049495417,0,2,4292016,1176,3523708450,0,2,999999999999,999999999999,999999999999
2493,sumStep,824,1848,10053800113,0,13333,8078873,1848,3523772340,10000000,20000,999999999999,999999999999,999999999999
853,sqlite3_value_numeric_type,197,1072,10061883836,0,13333,3432988,1072,3523787100,0,20000,999999999999,999999999999,999999999999
752,sqlite3_value_type,95,552,10065319162,0,13335,2171015,552,3523788475,25000000,20002,999999999999,999999999999,999999999999
548,sqlite3_value_int64,83,896,10067492220,0,13333,2255661,896,3523792570,20000000,20000,999999999999,999999999999,999999999999
746,sqlite3VdbeIntValue,340,1032,10069750475,0,13333,4203973,1032,3523794535,40000000,20000,999999999999,999999999999,999999999999
1457,moveToParent,317,1024,10074101905,0,62,3855099,1024,3534831525,0,95,999999999999,999999999999,999999999999
1346,sqlite3VdbeMemFinalize,626,1320,10085356538,0,2,6128911,1320,4465924473,0,2,999999999999,999999999999,999999999999
2503,countFinalize,191,1000,10091488683,0,1,3154998,1000,4465929088,0,1,999999999999,999999999999,999999999999
778,sqlite3_result_int64,101,896,10094646501,0,1,2374001,896,4465932604,0,1,999999999999,999999999999,999999999999
776,sqlite3VdbeMemSetInt64,186,936,10097022853,0,1,3111929,936,4465934608,0,1,999999999999,999999999999,999999999999
2501,avgFinalize,452,1200,10100139356,0,1,4930713,1200,4465949809,0,1,999999999999,999999999999,999999999999
767,sqlite3_result_double,102,904,10105072103,0,1,2412602,904,4465955254,0,1,999999999999,999999999999,999999999999
768,sqlite3VdbeMemSetDouble,153,1040,10107486428,0,1,3131909,1040,4465956739,0,1,999999999999,999999999999,999999999999
770,sqlite3IsNaN,216,600,10110620037,0,1,2745448,600,4465959479,0,1,999999999999,999999999999,999999999999
632,sqlite3_column_type,134,1056,10113381352,0,2,2893655,1056,4466049799,0,2,999999999999,999999999999,999999999999
546,sqlite3_str_appendf,107,920,10116287308,0,1,2544378,920,4466138614,0,1,999999999999,999999999999,999999999999
537,sqlite3FpDecode,6263,6480,10118834843,0,1,40063089,6480,4466182604,0,1,999999999999,999999999999,999999999999
2923,__getf2,218,704,10158902349,0,1,4113693,704,4466196319,0,1,999999999999,999999999999,999999999999
2928,__multf3,1474,2808,10163019405,0,7,22448016,2808,4466203769,0,7,999999999999,999999999999,999999999999
2925,__fixunstfdi,135,1008,10185471012,0,1,3272982,1008,4466243934,0,1,999999999999,999999999999,999999999999
433,shell_callback,20663,17320,10188756598,0,1,132279418,17320,4466315179,0,1,999999999999,999999999999,999999999999
230,oPutsUtf8,314,1368,10321043196,0,4,4190886,1368,4466337884,0,4,999999999999,999999999999,999999999999
2870,__stdout_write,61,1008,10325247203,0,1,2965568,1008,4466392684,0,1,999999999999,999999999999,999999999999
1308,freeEphemeralFunction,124,912,10328380432,0,4,2711195,912,4466867909,0,4,999999999999,999999999999,999999999999
1306,freeP4FuncCtx,122,1000,10331096067,0,2,2587538,1000,4466875404,0,2,999999999999,999999999999,999999999999
198,set_table_name,1060,1520,10333704879,0,1,8887443,1520,4466961079,0,1,999999999999,999999999999,999999999999
168,close_db,156,1088,10342595479,0,1,3139805,1088,4466965474,0,1,999999999999,999999999999,999999999999
951,sqlite3_close,85,904,10345738355,0,1,2174378,904,4466967020,0,1,999999999999,999999999999,999999999999
952,sqlite3Close,670,1704,10347915456,0,1,8357339,1704,4466968824,0,1,999999999999,999999999999,999999999999
953,disconnectAllVtab,681,1424,10356275319,0,1,8491196,1424,4466974315,0,1,999999999999,999999999999,999999999999
690,sqlite3VtabUnlockList,240,1056,10364771549,0,2,3797163,1056,4466987355,0,2,999999999999,999999999999,999999999999
954,sqlite3VtabRollback,88,904,10368571878,0,2,2206011,904,4466990000,0,2,999999999999,999999999999,999999999999
721,connectionIsBusy,377,1176,10370780894,0,2,5622500,1176,4466992830,0,2,999999999999,999999999999,999999999999
2439,sqlite3BtreeIsInBackup,79,552,10376406331,0,2,2103315,552,4466996264,0,2,999999999999,999999999999,999999999999
722,sqlite3RollbackAll,878,1744,10378514829,0,1,9774070,1744,4467005739,0,1,999999999999,999999999999,999999999999
723,sqlite3CloseSavepoints,249,1088,10388297876,0,1,4483150,1088,4467031135,0,1,999999999999,999999999999,999999999999
1097,dotlockClose,137,1048,10392820396,0,1,2884475,1048,4468060635,0,1,999999999999,999999999999,999999999999
689,sqlite3SchemaClear,859,1664,10395739418,0,2,8185716,1664,4468135665,0,2,999999999999,999999999999,999999999999
691,sqlite3CollapseDatabaseArray,884,1432,10403952065,0,1,8502632,1432,4468426215,0,1,999999999999,999999999999,999999999999
727,sqlite3VtabEponymousTableClear,209,984,10412473864,0,5,3313392,984,4468802425,0,5,999999999999,999999999999,999999999999
728,sqlite3VtabModuleUnref,235,1056,10415789566,0,5,3803743,1056,4468804330,0,5,999999999999,999999999999,999999999999
729,sqlite3ValueFree,155,992,10419602603,0,1,2954312,992,4468881551,0,1,999999999999,999999999999,999999999999
199,output_reset,439,1360,10422564685,0,1,4930637,1360,4468916786,0,1,999999999999,999999999999,999999999999
245,output_file_close,227,896,10427499355,0,1,2956045,896,4468918791,0,1,999999999999,999999999999,999999999999
283,setOutputStream,85,904,10430458341,0,1,2298545,904,4468922471,0,1,999999999999,999999999999,999999999999
459,designateEmitStream,446,1136,10432759159,0,1,4516523,1136,4468924171,0,1,999999999999,999999999999,999999999999
424,isKnownWritable,274,616,10437279952,0,1,3728142,616,4468926716,0,1,999999999999,999999999999,999999999999
2831,__wasm_call_dtors,15,864,10441013895,0,1,1877428,864,4468936051,0,1,999999999999,999999999999,999999999999
2828,__funcs_on_exit,183,1040,10442893533,0,1,4254556,1040,4468936636,0,1,999999999999,999999999999,999999999999
2830,call,12,824,10447149123,0,2,1916131,824,4468938326,0,2,999999999999,999999999999,999999999999
175,sayAbnormalExit,47,848,10449066975,0,1,2124241,848,4468938941,0,1,999999999999,999999999999,999999999999
174,consoleRestore,4,512,10451193266,0,1,1447904,512,4468940811,0,1,999999999999,999999999999,999999999999
2839,__stdio_exit,389,1712,10452643197,0,1,8347539,1712,4468941931,0,1,999999999999,999999999999,999999999999
