id,name,size.bytecode,size.static
14,__wasm_call_ctors,14,928
15,undefined_weak:thread-local initialization routine for errno,4,504
16,undefined_weak:__wasilibc_find_relpath_alloc,4,504
17,_start,70,984
18,stbi_load,334,1536
19,"stbi__load_and_postprocess_8bit(stbi__context*, int*, int*, int*, int)",624,5048
20,"stbi__load_main(stbi__context*, int*, int*, int*, int, stbi__result_info*, int)",9587,40504
21,stbi__gif_test(stbi__context*),1152,2688
22,"stbi__gif_load_next(stbi__context*, stbi__gif*, int*, int, unsigned char*)",4653,8416
23,"stbi__convert_format(unsigned char*, int, int, unsigned int, unsigned int)",3368,11912
24,stbi__hdr_test(stbi__context*),556,1720
25,"stbi__hdr_load(stbi__context*, int*, int*, int*, int, stbi__result_info*)",2404,6312
26,"stbi__do_zlib(stbi__zbuf*, char*, int, int, int)",5722,7536
27,"stbi__zbuild_huffman(stbi__zhuffman*, unsigned char const*, int)",1016,2040
28,"stbi__decode_jpeg_header(stbi__jpeg*, int)",303,1496
29,"stbi__parse_png_file(stbi__png*, int, int)",5318,9832
30,"stbi__gif_header(stbi__context*, stbi__gif*, int*, int)",1954,3928
31,"stbi__bmp_parse_header(stbi__context*, stbi__bmp_data*)",1641,4608
32,"stbi__pnm_info(stbi__context*, int*, int*, int*)",1757,3984
33,stbi__get16be(stbi__context*),394,1424
34,main,701,2480
35,"stbi__stdio_read(void*, char*, int)",17,840
36,"stbi__stdio_skip(void*, int)",45,992
37,stbi__stdio_eof(void*),38,920
38,"stbi__convert_format16(unsigned short*, int, int, unsigned int, unsigned int)",3615,11560
39,stbi__get16le(stbi__context*),393,1416
40,"stbi__skip(stbi__context*, int)",129,1000
41,stbi__pic_test(stbi__context*),650,3480
42,"stbi__pic_load(stbi__context*, int*, int*, int*, int, stbi__result_info*)",2869,5728
43,stbi__jpeg_test(stbi__context*),172,1136
44,"stbi__jpeg_load(stbi__context*, int*, int*, int*, int, stbi__result_info*)",9908,16984
45,stbi__pnm_test(stbi__context*),425,1472
46,"stbi__pnm_load(stbi__context*, int*, int*, int*, int, stbi__result_info*)",620,1840
47,"stbi__hdr_to_ldr(float*, int, int, int)",481,2624
48,stbi__tga_test(stbi__context*),1315,2976
49,"stbi__tga_load(stbi__context*, int*, int*, int*, int, stbi__result_info*)",3878,10648
50,stbi__get32be(stbi__context*),23,912
51,"stbi__mad3sizes_valid(int, int, int, int)",104,616
52,"stbi__malloc_mad3(int, int, int, int)",120,944
53,"stbi__psd_decode_rle(stbi__context*, unsigned char*, int)",852,1648
54,stbi__high_bit(unsigned int),117,608
55,stbi__bitcount(unsigned int),82,584
56,"stbi__readval(stbi__context*, int, unsigned char*)",341,1552
57,"stbi__resample_row_hv_2(unsigned char*, unsigned char*, unsigned char*, int, int)",242,1896
58,"stbi__YCbCr_to_RGB_row(unsigned char*, unsigned char const*, unsigned char const*, unsigned char const*, int, int)",245,2224
59,"stbi__idct_block(unsigned char*, int, short*)",1193,2304
60,stbi__get_marker(stbi__jpeg*),460,1536
61,"stbi__jpeg_decode_block(stbi__jpeg*, short*, stbi__huffman*, stbi__huffman*, short*, int, unsigned short*)",640,1840
62,stbi__grow_buffer_unsafe(stbi__jpeg*),702,1984
63,"stbi__jpeg_decode_block_prog_dc(stbi__jpeg*, short*, stbi__huffman*, int)",408,1464
64,"resample_row_1(unsigned char*, unsigned char*, unsigned char*, int, int)",6,520
65,"stbi__resample_row_v_2(unsigned char*, unsigned char*, unsigned char*, int, int)",178,2456
66,"stbi__resample_row_generic(unsigned char*, unsigned char*, unsigned char*, int, int)",219,3928
67,"stbi__resample_row_h_2(unsigned char*, unsigned char*, unsigned char*, int, int)",252,2104
68,"stbi__process_marker(stbi__jpeg*, int)",2747,6984
69,"stbi__jpeg_huff_decode(stbi__jpeg*, stbi__huffman*)",391,1528
70,"stbi__hdr_gettoken(stbi__context*, char*)",824,2192
71,"stbi__mad4sizes_valid(int, int, int, int, int)",133,640
72,"stbi__malloc_mad4(int, int, int, int, int)",142,960
73,stbi__get8(stbi__context*),198,1120
74,"stbi__hdr_convert(float*, unsigned char*, int)",242,1720
75,"stbi__getn(stbi__context*, unsigned char*, int)",177,1168
76,"stbi__create_png_image_raw(stbi__png*, unsigned char*, unsigned int, int, unsigned int, unsigned int, int, int)",5533,35928
77,"stbi__compute_transparency16(stbi__png*, unsigned short*, int)",368,4216
78,"stbi__compute_transparency(stbi__png*, unsigned char*, int)",335,4320
79,stbi__de_iphone(stbi__png*),653,8368
80,"stbi__malloc_mad2(int, int, int)",78,904
81,stbi__get32le(stbi__context*),23,912
82,"stbi__bmp_set_mask_defaults(stbi__bmp_data*, int)",122,648
83,"stbi__gif_parse_colortable(stbi__context*, unsigned char (*) [4], int, int)",623,1952
84,"stbi__out_gif_code(stbi__gif*, unsigned short)",354,1272
85,"stbi__process_frame_header(stbi__jpeg*, int)",2569,4712
86,"stbi__build_huffman(stbi__huffman*, int*)",612,1696
87,"stbi__free_jpeg_components(stbi__jpeg*, int, int)",161,1136
88,"stbi__pnm_skip_whitespace(stbi__context*, char*)",629,2008
89,myFree_(void*),34,856
90,"convolution_1x1pointwise(CDataBlob<float>&, Filters<float>&, CDataBlob<float>&)",562,1816
91,"convolution_3x3depthwise(CDataBlob<float>&, Filters<float>&, CDataBlob<float>&)",1010,2560
92,relu(CDataBlob<float>&),526,1888
93,"std::__2::basic_ostream<char, std::__2::char_traits<char>>& std::__2::__put_character_sequence[abi:v160000]<char, std::__2::char_traits<char>>(std::__2::basic_ostream<char, std::__2::char_traits<char>>&, char const*, unsigned long)",247,1584
94,"std::__2::basic_ostream<char, std::__2::char_traits<char>>& std::__2::endl[abi:v160000]<char, std::__2::char_traits<char>>(std::__2::basic_ostream<char, std::__2::char_traits<char>>&)",131,1192
95,"convolution(CDataBlob<float>&, Filters<float>&, CDataBlob<float>&, bool)",609,2432
96,"CDataBlob<float>::create(int, int, int)",387,1784
97,"convolutionDP(CDataBlob<float>&, Filters<float>&, Filters<float>&, CDataBlob<float>&, bool)",139,1128
98,"convolution4layerUnit(CDataBlob<float>&, Filters<float>&, Filters<float>&, Filters<float>&, Filters<float>&, CDataBlob<float>&, bool)",311,1512
99,"maxpooling2x2S2(CDataBlob<float>&, CDataBlob<float>&)",1485,3744
100,"bool concat4<float>(CDataBlob<float>&, CDataBlob<float>&, CDataBlob<float>&, CDataBlob<float>&, CDataBlob<float>&)",1154,3608
101,"bool extract<float>(CDataBlob<float>&, CDataBlob<float>&, CDataBlob<float>&, CDataBlob<float>&, int)",889,2904
102,"priorbox(int, int, int, int, int, int, float*, CDataBlob<float>&)",314,1464
103,softmax1vector2class(CDataBlob<float>&),472,1792
104,clamp1vector(CDataBlob<float>&),608,1896
105,"bool blob2vector<float>(CDataBlob<float>&, CDataBlob<float>&)",423,1832
106,"SortScoreBBoxPairDescend(std::__2::pair<float, NormalizedBBox_> const&, std::__2::pair<float, NormalizedBBox_> const&)",15,544
107,"detection_output(CDataBlob<float>&, CDataBlob<float>&, CDataBlob<float>&, CDataBlob<float>&, float, float, int, int, CDataBlob<float>&)",3719,8680
108,"void std::__2::__stable_sort<std::__2::_ClassicAlgPolicy, bool (*&)(std::__2::pair<float, NormalizedBBox_> const&, std::__2::pair<float, NormalizedBBox_> const&), std::__2::__wrap_iter<std::__2::pair<float, NormalizedBBox_>*>>(std::__2::__wrap_iter<std::__2::pair<float, NormalizedBBox_>*>, std::__2::__wrap_iter<std::__2::pair<float, NormalizedBBox_>*>, bool (*&)(std::__2::pair<float, NormalizedBBox_> const&, std::__2::pair<float, NormalizedBBox_> const&), std::__2::iterator_traits<std::__2::__wrap_iter<std::__2::pair<float, NormalizedBBox_>*>>::difference_type, std::__2::iterator_traits<std::__2::__wrap_iter<std::__2::pair<float, NormalizedBBox_>*>>::value_type*, long)",1729,4000
109,"std::__2::vector<std::__2::pair<float, NormalizedBBox_>, std::__2::allocator<std::__2::pair<float, NormalizedBBox_>>>::resize(unsigned long)",68,920
110,std::__throw_bad_array_new_length[abi:v160000](),10,792
111,CDataBlob<float>::setNULL(),68,896
112,"std::__2::vector<std::__2::pair<float, NormalizedBBox_>, std::__2::allocator<std::__2::pair<float, NormalizedBBox_>>>::__append(unsigned long)",455,1824
113,"std::__2::ostreambuf_iterator<char, std::__2::char_traits<char>> std::__2::__pad_and_output[abi:v160000]<char, std::__2::char_traits<char>>(std::__2::ostreambuf_iterator<char, std::__2::char_traits<char>>, char const*, char const*, char const*, std::__2::ios_base&, char)",374,1752
114,"void std::__2::__stable_sort_move<std::__2::_ClassicAlgPolicy, bool (*&)(std::__2::pair<float, NormalizedBBox_> const&, std::__2::pair<float, NormalizedBBox_> const&), std::__2::__wrap_iter<std::__2::pair<float, NormalizedBBox_>*>>(std::__2::__wrap_iter<std::__2::pair<float, NormalizedBBox_>*>, std::__2::__wrap_iter<std::__2::pair<float, NormalizedBBox_>*>, bool (*&)(std::__2::pair<float, NormalizedBBox_> const&, std::__2::pair<float, NormalizedBBox_> const&), std::__2::iterator_traits<std::__2::__wrap_iter<std::__2::pair<float, NormalizedBBox_>*>>::difference_type, std::__2::iterator_traits<std::__2::__wrap_iter<std::__2::pair<float, NormalizedBBox_>*>>::value_type*)",2162,4176
115,"void std::__2::__inplace_merge<std::__2::_ClassicAlgPolicy, bool (*&)(std::__2::pair<float, NormalizedBBox_> const&, std::__2::pair<float, NormalizedBBox_> const&), std::__2::__wrap_iter<std::__2::pair<float, NormalizedBBox_>*>>(std::__2::__wrap_iter<std::__2::pair<float, NormalizedBBox_>*>, std::__2::__wrap_iter<std::__2::pair<float, NormalizedBBox_>*>, std::__2::__wrap_iter<std::__2::pair<float, NormalizedBBox_>*>, bool (*&)(std::__2::pair<float, NormalizedBBox_> const&, std::__2::pair<float, NormalizedBBox_> const&), std::__2::iterator_traits<std::__2::__wrap_iter<std::__2::pair<float, NormalizedBBox_>*>>::difference_type, std::__2::iterator_traits<std::__2::__wrap_iter<std::__2::pair<float, NormalizedBBox_>*>>::difference_type, std::__2::iterator_traits<std::__2::__wrap_iter<std::__2::pair<float, NormalizedBBox_>*>>::value_type*, long)",3258,6088
116,__cxx_global_array_dtor,153,1120
117,Filters<float>::operator=(ConvInfoStruct_&),468,2008
118,"objectdetect_cnn(unsigned char*, int, int, int)",5234,11616
119,"CDataBlob<float>::setDataFrom3x3S2P1to1x1S1P0FromImage(unsigned char const*, int, int, int, int)",1066,2960
120,"facedetect_cnn(unsigned char*, unsigned char*, int, int, int)",502,2016
121,_GLOBAL__sub_I_facedetectcnn_model.cpp,3808,2720
122,std::__throw_bad_alloc(),10,792
123,"unsigned long const& std::__2::min[abi:v160000]<unsigned long>(unsigned long const&, unsigned long const&)",95,912
124,"std::__2::basic_string<char, std::__2::char_traits<char>, std::__2::allocator<char>>::capacity[abi:v160000]() const",140,968
125,"std::__2::basic_string<char, std::__2::char_traits<char>, std::__2::allocator<char>>::__get_pointer[abi:v160000]()",134,976
126,char* std::__2::__to_address[abi:v160000]<char>(char*),41,536
127,"std::__2::char_traits<char>::move(char*, char const*, unsigned long)",111,936
128,"std::__2::basic_string<char, std::__2::char_traits<char>, std::__2::allocator<char>>::__null_terminate_at[abi:v160000](char*, unsigned long)",174,1104
129,"std::__2::basic_string<char, std::__2::char_traits<char>, std::__2::allocator<char>>::__grow_by_and_replace(unsigned long, unsigned long, unsigned long, unsigned long, unsigned long, unsigned long, char const*)",1123,2536
130,"unsigned long const& std::__2::min[abi:v160000]<unsigned long, std::__2::__less<unsigned long, unsigned long>>(unsigned long const&, unsigned long const&, std::__2::__less<unsigned long, unsigned long>)",161,960
131,"std::__2::basic_string<char, std::__2::char_traits<char>, std::__2::allocator<char>>::__get_long_cap[abi:v160000]() const",111,920
132,"std::__2::basic_string<char, std::__2::char_traits<char>, std::__2::allocator<char>>::__get_long_pointer[abi:v160000]()",85,912
133,"std::__2::basic_string<char, std::__2::char_traits<char>, std::__2::allocator<char>>::__get_short_pointer[abi:v160000]()",88,936
134,"char* std::__2::__char_traits_move[abi:v160000]<char>(char*, char const*, unsigned long)",128,960
135,"std::__2::basic_string<char, std::__2::char_traits<char>, std::__2::allocator<char>>::__set_size[abi:v160000](unsigned long)",141,1008
136,"std::__2::basic_string<char, std::__2::char_traits<char>, std::__2::allocator<char>>::__invalidate_iterators_past[abi:v160000](unsigned long)",39,536
137,"std::__2::char_traits<char>::assign(char&, char const&)",68,552
138,"std::__2::basic_string<char, std::__2::char_traits<char>, std::__2::allocator<char>>::max_size[abi:v160000]() const",300,1056
139,"std::__2::basic_string<char, std::__2::char_traits<char>, std::__2::allocator<char>>::__throw_length_error[abi:v160000]() const",57,840
140,"std::__2::basic_string<char, std::__2::char_traits<char>, std::__2::allocator<char>>::__recommend[abi:v160000](unsigned long)",259,952
141,"std::__2::basic_string<char, std::__2::char_traits<char>, std::__2::allocator<char>>::__alloc[abi:v160000]()",78,896
142,"std::__2::__allocation_result<std::__2::allocator_traits<std::__2::allocator<char>>::pointer> std::__2::__allocate_at_least[abi:v160000]<std::__2::allocator<char>>(std::__2::allocator<char>&, unsigned long)",113,968
143,"std::__2::basic_string<char, std::__2::char_traits<char>, std::__2::allocator<char>>::__begin_lifetime[abi:v160000](char*, unsigned long)",39,536
144,"void std::__2::__debug_db_invalidate_all[abi:v160000]<std::__2::basic_string<char, std::__2::char_traits<char>, std::__2::allocator<char>>>(std::__2::basic_string<char, std::__2::char_traits<char>, std::__2::allocator<char>>*)",33,536
145,"std::__2::char_traits<char>::copy(char*, char const*, unsigned long)",221,960
146,"std::__2::allocator_traits<std::__2::allocator<char>>::deallocate[abi:v160000](std::__2::allocator<char>&, char*, unsigned long)",106,920
147,"std::__2::basic_string<char, std::__2::char_traits<char>, std::__2::allocator<char>>::__set_long_pointer[abi:v160000](char*)",98,928
148,"std::__2::basic_string<char, std::__2::char_traits<char>, std::__2::allocator<char>>::__set_long_cap[abi:v160000](unsigned long)",206,1040
149,"std::__2::basic_string<char, std::__2::char_traits<char>, std::__2::allocator<char>>::__set_long_size[abi:v160000](unsigned long)",97,944
150,"std::__2::basic_string<char, std::__2::char_traits<char>, std::__2::allocator<char>>::__fits_in_sso[abi:v160000](unsigned long)",72,544
151,"std::__2::basic_string<char, std::__2::char_traits<char>, std::__2::allocator<char>>::__set_short_size[abi:v160000](unsigned long)",166,1032
152,"unsigned long std::__2::allocator_traits<std::__2::allocator<char>>::max_size[abi:v160000]<std::__2::allocator<char>, void, void>(std::__2::allocator<char> const&)",80,888
153,std::__2::numeric_limits<unsigned long>::max[abi:v160000](),16,808
154,std::__2::__throw_length_error[abi:v160000](char const*),46,832
155,std::__2::pointer_traits<char*>::pointer_to[abi:v160000](char&),42,536
156,std::__2::allocator<char>::allocate[abi:v160000](unsigned long),167,1056
157,"std::__2::__compressed_pair<std::__2::basic_string<char, std::__2::char_traits<char>, std::__2::allocator<char>>::__rep, std::__2::allocator<char>>::second[abi:v160000]()",78,896
158,"unsigned long std::__2::basic_string<char, std::__2::char_traits<char>, std::__2::allocator<char>>::__align_it[abi:v160000]<16ul>(unsigned long)",64,544
159,"std::__2::enable_if<__is_cpp17_random_access_iterator<char const*>::value, char*>::type std::__2::copy_n[abi:v160000]<char const*, unsigned long, char*>(char const*, unsigned long, char*)",139,944
160,"std::__2::basic_string<char, std::__2::char_traits<char>, std::__2::allocator<char>>::~basic_string()",161,1168
161,"void std::__2::__debug_db_erase_c[abi:v160000]<std::__2::basic_string<char, std::__2::char_traits<char>, std::__2::allocator<char>>>(std::__2::basic_string<char, std::__2::char_traits<char>, std::__2::allocator<char>>*)",32,536
162,"std::__2::allocator<char>::deallocate[abi:v160000](char*, unsigned long)",115,920
163,"std::__2::basic_string<char, std::__2::char_traits<char>, std::__2::allocator<char>>::__grow_by(unsigned long, unsigned long, unsigned long, unsigned long, unsigned long, unsigned long)",913,2280
164,"std::__2::char_traits<char>::assign(char*, unsigned long, char)",124,960
165,"char* std::__2::fill_n[abi:v160000]<char*, unsigned long, char>(char*, unsigned long, char const&)",121,1024
166,"std::__2::basic_string<char, std::__2::char_traits<char>, std::__2::allocator<char>>::__init(char const*, unsigned long)",471,1744
167,"std::__2::basic_string<char, std::__2::char_traits<char>, std::__2::allocator<char>>::__init_copy_ctor_external(char const*, unsigned long)",424,1672
168,"std::__2::basic_string<char, std::__2::char_traits<char>, std::__2::allocator<char>>::operator[][abi:v160000](unsigned long) const",100,928
169,"std::__2::basic_string<char, std::__2::char_traits<char>, std::__2::allocator<char>>::__assign_external(char const*, unsigned long)",361,1440
170,"std::__2::basic_string<char, std::__2::char_traits<char>, std::__2::allocator<char>>::__assign_external(char const*)",114,1000
171,"std::__2::basic_string<char, std::__2::char_traits<char>, std::__2::allocator<char>>::append(char const*, unsigned long)",527,1496
172,"std::__2::__compressed_pair<std::__2::basic_string<char, std::__2::char_traits<char>, std::__2::allocator<char>>::__rep, std::__2::allocator<char>>::__compressed_pair[abi:v160000]<std::__2::__default_init_tag, std::__2::allocator<char> const&>(std::__2::__default_init_tag&&, std::__2::allocator<char> const&)",109,1000
173,"std::__2::__compressed_pair_elem<std::__2::allocator<char>, 1, true>::__compressed_pair_elem[abi:v160000]<std::__2::allocator<char> const&, void>(std::__2::allocator<char> const&)",49,552
174,"std::__2::basic_string<char, std::__2::char_traits<char>, std::__2::allocator<char>>::__init(unsigned long, char)",489,1752
175,"std::__2::basic_string<char, std::__2::char_traits<char>, std::__2::allocator<char>>::push_back(char)",584,1624
176,"std::__2::basic_string<char, std::__2::char_traits<char>, std::__2::allocator<char>>::append(unsigned long, char)",468,1520
177,"std::__2::basic_string<char, std::__2::char_traits<char>, std::__2::allocator<char>>::operator[][abi:v160000](unsigned long)",99,928
178,"std::__2::basic_string<char, std::__2::char_traits<char>, std::__2::allocator<char>>::begin[abi:v160000]()",104,984
179,"decltype(fp.base() - fp0.base()) std::__2::operator-[abi:v160000]<char const*, char*>(std::__2::__wrap_iter<char const*> const&, std::__2::__wrap_iter<char*> const&)",110,992
180,std::__2::__wrap_iter<char*>::operator+[abi:v160000](long) const,129,952
181,std::__2::__wrap_iter<char const*>::base[abi:v160000]() const,48,536
182,std::__2::__wrap_iter<char*>::base[abi:v160000]() const,48,536
183,"std::__2::basic_string<char, std::__2::char_traits<char>, std::__2::allocator<char>>::__make_iterator[abi:v160000](char*)",117,944
184,std::__2::__wrap_iter<char*>::operator+=[abi:v160000](long),77,552
185,"std::__2::basic_string<char, std::__2::char_traits<char>, std::__2::allocator<char>>::resize(unsigned long, char)",226,1072
186,"std::__2::basic_string<char, std::__2::char_traits<char>, std::__2::allocator<char>>::__erase_to_end[abi:v160000](unsigned long)",114,1040
187,"std::__2::basic_string<wchar_t, std::__2::char_traits<wchar_t>, std::__2::allocator<wchar_t>>::size[abi:v160000]() const",135,976
188,"std::__2::basic_string<wchar_t, std::__2::char_traits<wchar_t>, std::__2::allocator<wchar_t>>::capacity[abi:v160000]() const",140,968
189,"std::__2::basic_string<wchar_t, std::__2::char_traits<wchar_t>, std::__2::allocator<wchar_t>>::__get_pointer[abi:v160000]()",134,976
190,wchar_t* std::__2::__to_address[abi:v160000]<wchar_t>(wchar_t*),41,536
191,"std::__2::char_traits<wchar_t>::move(wchar_t*, wchar_t const*, unsigned long)",111,936
192,"std::__2::basic_string<wchar_t, std::__2::char_traits<wchar_t>, std::__2::allocator<wchar_t>>::__null_terminate_at[abi:v160000](wchar_t*, unsigned long)",174,1112
193,"std::__2::basic_string<wchar_t, std::__2::char_traits<wchar_t>, std::__2::allocator<wchar_t>>::__grow_by_and_replace(unsigned long, unsigned long, unsigned long, unsigned long, unsigned long, unsigned long, wchar_t const*)",1214,2552
194,"std::__2::basic_string<wchar_t, std::__2::char_traits<wchar_t>, std::__2::allocator<wchar_t>>::__is_long[abi:v160000]() const",142,920
195,"std::__2::basic_string<wchar_t, std::__2::char_traits<wchar_t>, std::__2::allocator<wchar_t>>::__get_long_size[abi:v160000]() const",85,920
196,"std::__2::basic_string<wchar_t, std::__2::char_traits<wchar_t>, std::__2::allocator<wchar_t>>::__get_short_size[abi:v160000]() const",109,920
197,"std::__2::basic_string<wchar_t, std::__2::char_traits<wchar_t>, std::__2::allocator<wchar_t>>::__get_long_cap[abi:v160000]() const",111,920
198,"std::__2::basic_string<wchar_t, std::__2::char_traits<wchar_t>, std::__2::allocator<wchar_t>>::__get_long_pointer[abi:v160000]()",85,912
199,"std::__2::basic_string<wchar_t, std::__2::char_traits<wchar_t>, std::__2::allocator<wchar_t>>::__get_short_pointer[abi:v160000]()",88,936
200,"wchar_t* std::__2::__char_traits_move[abi:v160000]<wchar_t>(wchar_t*, wchar_t const*, unsigned long)",128,960
201,"std::__2::basic_string<wchar_t, std::__2::char_traits<wchar_t>, std::__2::allocator<wchar_t>>::__set_size[abi:v160000](unsigned long)",141,1016
202,"std::__2::basic_string<wchar_t, std::__2::char_traits<wchar_t>, std::__2::allocator<wchar_t>>::__invalidate_iterators_past[abi:v160000](unsigned long)",39,536
203,"std::__2::char_traits<wchar_t>::assign(wchar_t&, wchar_t const&)",68,552
204,"std::__2::basic_string<wchar_t, std::__2::char_traits<wchar_t>, std::__2::allocator<wchar_t>>::max_size[abi:v160000]() const",300,1056
205,"std::__2::basic_string<wchar_t, std::__2::char_traits<wchar_t>, std::__2::allocator<wchar_t>>::__throw_length_error[abi:v160000]() const",57,840
206,"std::__2::basic_string<wchar_t, std::__2::char_traits<wchar_t>, std::__2::allocator<wchar_t>>::__recommend[abi:v160000](unsigned long)",259,952
207,"std::__2::basic_string<wchar_t, std::__2::char_traits<wchar_t>, std::__2::allocator<wchar_t>>::__alloc[abi:v160000]()",78,896
208,"std::__2::__allocation_result<std::__2::allocator_traits<std::__2::allocator<wchar_t>>::pointer> std::__2::__allocate_at_least[abi:v160000]<std::__2::allocator<wchar_t>>(std::__2::allocator<wchar_t>&, unsigned long)",113,968
209,"std::__2::basic_string<wchar_t, std::__2::char_traits<wchar_t>, std::__2::allocator<wchar_t>>::__begin_lifetime[abi:v160000](wchar_t*, unsigned long)",39,536
210,"void std::__2::__debug_db_invalidate_all[abi:v160000]<std::__2::basic_string<wchar_t, std::__2::char_traits<wchar_t>, std::__2::allocator<wchar_t>>>(std::__2::basic_string<wchar_t, std::__2::char_traits<wchar_t>, std::__2::allocator<wchar_t>>*)",33,536
211,"std::__2::char_traits<wchar_t>::copy(wchar_t*, wchar_t const*, unsigned long)",232,960
212,"std::__2::allocator_traits<std::__2::allocator<wchar_t>>::deallocate[abi:v160000](std::__2::allocator<wchar_t>&, wchar_t*, unsigned long)",106,920
213,"std::__2::basic_string<wchar_t, std::__2::char_traits<wchar_t>, std::__2::allocator<wchar_t>>::__set_long_pointer[abi:v160000](wchar_t*)",98,928
214,"std::__2::basic_string<wchar_t, std::__2::char_traits<wchar_t>, std::__2::allocator<wchar_t>>::__set_long_cap[abi:v160000](unsigned long)",206,1040
215,"std::__2::basic_string<wchar_t, std::__2::char_traits<wchar_t>, std::__2::allocator<wchar_t>>::__set_long_size[abi:v160000](unsigned long)",97,944
216,"std::__2::basic_string<wchar_t, std::__2::char_traits<wchar_t>, std::__2::allocator<wchar_t>>::data[abi:v160000]() const",89,936
217,"std::__2::basic_string<wchar_t, std::__2::char_traits<wchar_t>, std::__2::allocator<wchar_t>>::__get_pointer[abi:v160000]() const",134,976
218,wchar_t const* std::__2::__to_address[abi:v160000]<wchar_t const>(wchar_t const*),41,536
219,"std::__2::basic_string<wchar_t, std::__2::char_traits<wchar_t>, std::__2::allocator<wchar_t>>::__fits_in_sso[abi:v160000](unsigned long)",72,544
220,"std::__2::basic_string<wchar_t, std::__2::char_traits<wchar_t>, std::__2::allocator<wchar_t>>::__set_short_size[abi:v160000](unsigned long)",166,1032
221,"std::__2::basic_string<wchar_t, std::__2::char_traits<wchar_t>, std::__2::allocator<wchar_t>>::__alloc[abi:v160000]() const",78,896
222,"unsigned long std::__2::allocator_traits<std::__2::allocator<wchar_t>>::max_size[abi:v160000]<std::__2::allocator<wchar_t>, void, void>(std::__2::allocator<wchar_t> const&)",80,896
223,"std::__2::__compressed_pair<std::__2::basic_string<wchar_t, std::__2::char_traits<wchar_t>, std::__2::allocator<wchar_t>>::__rep, std::__2::allocator<wchar_t>>::first[abi:v160000]()",78,896
224,std::__2::pointer_traits<wchar_t*>::pointer_to[abi:v160000](wchar_t&),42,536
225,std::__2::allocator<wchar_t>::allocate[abi:v160000](unsigned long),167,1056
226,"std::__2::__compressed_pair<std::__2::basic_string<wchar_t, std::__2::char_traits<wchar_t>, std::__2::allocator<wchar_t>>::__rep, std::__2::allocator<wchar_t>>::second[abi:v160000]()",78,896
227,"unsigned long std::__2::basic_string<wchar_t, std::__2::char_traits<wchar_t>, std::__2::allocator<wchar_t>>::__align_it[abi:v160000]<4ul>(unsigned long)",64,544
228,"std::__2::enable_if<__is_cpp17_random_access_iterator<wchar_t const*>::value, wchar_t*>::type std::__2::copy_n[abi:v160000]<wchar_t const*, unsigned long, wchar_t*>(wchar_t const*, unsigned long, wchar_t*)",149,944
229,std::__2::char_traits<wchar_t>::length(wchar_t const*),78,896
230,std::__2::__constexpr_wcslen[abi:v160000](wchar_t const*),79,896
231,"std::__2::basic_string<wchar_t, std::__2::char_traits<wchar_t>, std::__2::allocator<wchar_t>>::~basic_string()",161,1168
232,"void std::__2::__debug_db_erase_c[abi:v160000]<std::__2::basic_string<wchar_t, std::__2::char_traits<wchar_t>, std::__2::allocator<wchar_t>>>(std::__2::basic_string<wchar_t, std::__2::char_traits<wchar_t>, std::__2::allocator<wchar_t>>*)",32,536
233,"std::__2::__compressed_pair<std::__2::basic_string<wchar_t, std::__2::char_traits<wchar_t>, std::__2::allocator<wchar_t>>::__rep, std::__2::allocator<wchar_t>>::first[abi:v160000]() const",78,896
234,"std::__2::allocator<wchar_t>::deallocate[abi:v160000](wchar_t*, unsigned long)",115,928
235,"std::__2::basic_string<wchar_t, std::__2::char_traits<wchar_t>, std::__2::allocator<wchar_t>>::__grow_by(unsigned long, unsigned long, unsigned long, unsigned long, unsigned long, unsigned long)",957,2280
236,"std::__2::char_traits<wchar_t>::assign(wchar_t*, unsigned long, wchar_t)",124,960
237,"wchar_t* std::__2::fill_n[abi:v160000]<wchar_t*, unsigned long, wchar_t>(wchar_t*, unsigned long, wchar_t const&)",121,1024
238,"std::__2::basic_string<wchar_t, std::__2::char_traits<wchar_t>, std::__2::allocator<wchar_t>>::__init(wchar_t const*, unsigned long)",482,1744
239,"std::__2::basic_string<wchar_t, std::__2::char_traits<wchar_t>, std::__2::allocator<wchar_t>>::__init_copy_ctor_external(wchar_t const*, unsigned long)",424,1672
240,"std::__2::basic_string<wchar_t, std::__2::char_traits<wchar_t>, std::__2::allocator<wchar_t>>::operator[][abi:v160000](unsigned long) const",111,936
241,"std::__2::basic_string<wchar_t, std::__2::char_traits<wchar_t>, std::__2::allocator<wchar_t>>::__assign_external(wchar_t const*, unsigned long)",361,1440
242,"std::__2::basic_string<wchar_t, std::__2::char_traits<wchar_t>, std::__2::allocator<wchar_t>>::__assign_external(wchar_t const*)",114,1000
243,"std::__2::basic_string<wchar_t, std::__2::char_traits<wchar_t>, std::__2::allocator<wchar_t>>::append(wchar_t const*, unsigned long)",549,1504
244,"std::__2::__compressed_pair<std::__2::basic_string<wchar_t, std::__2::char_traits<wchar_t>, std::__2::allocator<wchar_t>>::__rep, std::__2::allocator<wchar_t>>::__compressed_pair[abi:v160000]<std::__2::__default_init_tag, std::__2::allocator<wchar_t> const&>(std::__2::__default_init_tag&&, std::__2::allocator<wchar_t> const&)",109,1000
245,"void std::__2::__debug_db_insert_c[abi:v160000]<std::__2::basic_string<wchar_t, std::__2::char_traits<wchar_t>, std::__2::allocator<wchar_t>>>(std::__2::basic_string<wchar_t, std::__2::char_traits<wchar_t>, std::__2::allocator<wchar_t>>*)",32,536
246,"std::__2::__compressed_pair_elem<std::__2::basic_string<wchar_t, std::__2::char_traits<wchar_t>, std::__2::allocator<wchar_t>>::__rep, 0, false>::__compressed_pair_elem[abi:v160000](std::__2::__default_init_tag)",41,536
247,"std::__2::__compressed_pair_elem<std::__2::allocator<wchar_t>, 1, true>::__compressed_pair_elem[abi:v160000]<std::__2::allocator<wchar_t> const&, void>(std::__2::allocator<wchar_t> const&)",49,552
248,"std::__2::basic_string<wchar_t, std::__2::char_traits<wchar_t>, std::__2::allocator<wchar_t>>::__init(unsigned long, wchar_t)",486,1760
249,"std::__2::basic_string<wchar_t, std::__2::char_traits<wchar_t>, std::__2::allocator<wchar_t>>::push_back(wchar_t)",605,1616
250,"std::__2::basic_string<wchar_t, std::__2::char_traits<wchar_t>, std::__2::allocator<wchar_t>>::operator[][abi:v160000](unsigned long)",110,936
251,"std::__2::basic_string<wchar_t, std::__2::char_traits<wchar_t>, std::__2::allocator<wchar_t>>::begin[abi:v160000]()",104,984
252,"decltype(fp.base() - fp0.base()) std::__2::operator-[abi:v160000]<wchar_t const*, wchar_t*>(std::__2::__wrap_iter<wchar_t const*> const&, std::__2::__wrap_iter<wchar_t*> const&)",121,1000
253,std::__2::__wrap_iter<wchar_t*>::operator+[abi:v160000](long) const,129,952
254,std::__2::__wrap_iter<wchar_t const*>::base[abi:v160000]() const,48,536
255,std::__2::__wrap_iter<wchar_t*>::base[abi:v160000]() const,48,536
256,"std::__2::basic_string<wchar_t, std::__2::char_traits<wchar_t>, std::__2::allocator<wchar_t>>::__make_iterator[abi:v160000](wchar_t*)",117,944
257,std::__2::__wrap_iter<wchar_t*>::operator+=[abi:v160000](long),87,552
258,"std::__2::basic_string<char, std::__2::char_traits<char>, std::__2::allocator<char>>::resize[abi:v160000](unsigned long)",114,904
259,"std::__2::basic_string<char, std::__2::char_traits<char>, std::__2::allocator<char>>::basic_string[abi:v160000]()",117,1008
260,"std::__2::basic_string<wchar_t, std::__2::char_traits<wchar_t>, std::__2::allocator<wchar_t>>::basic_string[abi:v160000](unsigned long, wchar_t)",163,1064
261,"std::__2::__libcpp_numeric_limits<unsigned long, true>::max[abi:v160000]()",13,520
262,"std::__2::__libcpp_allocate[abi:v160000](unsigned long, unsigned long)",187,1064
263,std::__2::__is_overaligned_for_new[abi:v160000](unsigned long),71,544
264,"void* std::__2::__libcpp_operator_new[abi:v160000]<unsigned long, std::align_val_t>(unsigned long, std::align_val_t)",94,912
265,void* std::__2::__libcpp_operator_new[abi:v160000]<unsigned long>(unsigned long),78,896
266,"std::__2::__compressed_pair_elem<std::__2::allocator<char>, 1, true>::__get[abi:v160000]()",42,536
267,"char* std::__2::copy[abi:v160000]<char const*, char*>(char const*, char const*, char*)",132,968
268,"std::__2::pair<char const*, char*> std::__2::__copy[abi:v160000]<std::__2::_ClassicAlgPolicy, char const*, char const*, char*>(char const*, char const*, char*)",108,928
269,"std::__2::pair<char const*, char*> std::__2::__dispatch_copy_or_move[abi:v160000]<std::__2::_ClassicAlgPolicy, std::__2::__copy_loop<std::__2::_ClassicAlgPolicy>, std::__2::__copy_trivial, char const*, char const*, char*>(char const*, char const*, char*)",109,928
270,"std::__2::pair<char const*, char*> std::__2::__unwrap_and_dispatch[abi:v160000]<std::__2::__overload<std::__2::__copy_loop<std::__2::_ClassicAlgPolicy>, std::__2::__copy_trivial>, char const*, char const*, char*, 0>(char const*, char const*, char*)",288,1344
271,"auto std::__2::__unwrap_range[abi:v160000]<char const*, char const*>(char const*, char const*)",92,904
272,"decltype(std::__2::__unwrap_iter_impl<char*, true>::__unwrap(std::declval<char*>())) std::__2::__unwrap_iter[abi:v160000]<char*, std::__2::__unwrap_iter_impl<char*, true>, 0>(char*)",78,896
273,"std::__2::pair<char const*, char*> std::__2::__copy_trivial::operator()[abi:v160000]<char const, char, 0>(char const*, char const*, char*) const",115,944
274,"char const* std::__2::__rewrap_range[abi:v160000]<char const*, char const*, char const*>(char const*, char const*)",94,912
275,"char* std::__2::__rewrap_iter[abi:v160000]<char*, char*, std::__2::__unwrap_iter_impl<char*, true>>(char*, char*)",94,912
276,"std::__2::pair<std::__2::__unwrap_ref_decay<char const*>::type, std::__2::__unwrap_ref_decay<char*>::type> std::__2::make_pair[abi:v160000]<char const*, char*>(char const*&&, char*&&)",94,904
277,"std::__2::__unwrap_range_impl<char const*, char const*>::__unwrap[abi:v160000](char const*, char const*)",147,1088
278,"std::__2::pair<char const*, char*> std::__2::__copy_trivial_impl[abi:v160000]<char const, char>(char const*, char const*, char*)",216,1072
279,"std::__2::__unwrap_iter_impl<char*, true>::__unwrap[abi:v160000](char*)",78,896
280,"std::__2::pair<char const*, char*>::pair[abi:v160000]<char const*, char*, (void*)0>(char const*&&, char*&&)",97,592
281,"std::__2::__unwrap_range_impl<char const*, char const*>::__rewrap[abi:v160000](char const*, char const*)",94,912
282,"std::__2::__unwrap_iter_impl<char*, true>::__rewrap[abi:v160000](char*, char*)",113,928
283,"decltype(std::__2::__unwrap_iter_impl<char const*, true>::__unwrap(std::declval<char const*>())) std::__2::__unwrap_iter[abi:v160000]<char const*, std::__2::__unwrap_iter_impl<char const*, true>, 0>(char const*)",78,896
284,"std::__2::pair<char const*, char const*>::pair[abi:v160000]<char const*, char const*, (void*)0>(char const*&&, char const*&&)",97,592
285,"std::__2::__unwrap_iter_impl<char const*, true>::__unwrap[abi:v160000](char const*)",78,896
286,"std::__2::pair<std::__2::__unwrap_ref_decay<char const*&>::type, std::__2::__unwrap_ref_decay<char*>::type> std::__2::make_pair[abi:v160000]<char const*&, char*>(char const*&, char*&&)",93,904
287,"std::__2::pair<char const*, char*>::pair[abi:v160000]<char const*&, char*, (void*)0>(char const*&, char*&&)",97,592
288,"char const* std::__2::__rewrap_iter[abi:v160000]<char const*, char const*, std::__2::__unwrap_iter_impl<char const*, true>>(char const*, char const*)",94,912
289,"std::__2::__unwrap_iter_impl<char const*, true>::__rewrap[abi:v160000](char const*, char const*)",114,928
290,"std::__2::__libcpp_deallocate[abi:v160000](void*, unsigned long, unsigned long)",185,1096
291,"void std::__2::__do_deallocate_handle_size[abi:v160000]<std::align_val_t>(void*, unsigned long, std::align_val_t)",97,912
292,"void std::__2::__do_deallocate_handle_size[abi:v160000]<>(void*, unsigned long)",81,896
293,"void std::__2::__libcpp_operator_delete[abi:v160000]<void*, std::align_val_t>(void*, std::align_val_t)",90,896
294,void std::__2::__libcpp_operator_delete[abi:v160000]<void*>(void*),74,880
295,std::__2::__convert_to_integral[abi:v160000](unsigned long),42,536
296,"char* std::__2::__fill_n[abi:v160000]<char*, unsigned long, char>(char*, unsigned long, char const&)",183,600
297,"std::__2::__wrap_iter<char*>::__wrap_iter[abi:v160000](void const*, char*)",69,568
298,"std::__2::basic_string<wchar_t, std::__2::char_traits<wchar_t>, std::__2::allocator<wchar_t>>::__get_long_pointer[abi:v160000]() const",85,912
299,"std::__2::basic_string<wchar_t, std::__2::char_traits<wchar_t>, std::__2::allocator<wchar_t>>::__get_short_pointer[abi:v160000]() const",88,936
300,std::__2::pointer_traits<wchar_t const*>::pointer_to[abi:v160000](wchar_t const&),41,536
301,"std::__2::__compressed_pair_elem<std::__2::basic_string<wchar_t, std::__2::char_traits<wchar_t>, std::__2::allocator<wchar_t>>::__rep, 0, false>::__get[abi:v160000]() const",41,536
302,"std::__2::__compressed_pair<std::__2::basic_string<wchar_t, std::__2::char_traits<wchar_t>, std::__2::allocator<wchar_t>>::__rep, std::__2::allocator<wchar_t>>::second[abi:v160000]() const",78,896
303,"std::__2::__compressed_pair_elem<std::__2::allocator<wchar_t>, 1, true>::__get[abi:v160000]() const",41,536
304,"std::__2::__compressed_pair_elem<std::__2::basic_string<wchar_t, std::__2::char_traits<wchar_t>, std::__2::allocator<wchar_t>>::__rep, 0, false>::__get[abi:v160000]()",41,536
305,"std::__2::__compressed_pair_elem<std::__2::allocator<wchar_t>, 1, true>::__get[abi:v160000]()",42,536
306,"wchar_t* std::__2::copy[abi:v160000]<wchar_t const*, wchar_t*>(wchar_t const*, wchar_t const*, wchar_t*)",132,968
307,"std::__2::pair<wchar_t const*, wchar_t*> std::__2::__copy[abi:v160000]<std::__2::_ClassicAlgPolicy, wchar_t const*, wchar_t const*, wchar_t*>(wchar_t const*, wchar_t const*, wchar_t*)",108,928
308,"std::__2::pair<wchar_t const*, wchar_t*> std::__2::__dispatch_copy_or_move[abi:v160000]<std::__2::_ClassicAlgPolicy, std::__2::__copy_loop<std::__2::_ClassicAlgPolicy>, std::__2::__copy_trivial, wchar_t const*, wchar_t const*, wchar_t*>(wchar_t const*, wchar_t const*, wchar_t*)",109,928
309,"std::__2::pair<wchar_t const*, wchar_t*> std::__2::__unwrap_and_dispatch[abi:v160000]<std::__2::__overload<std::__2::__copy_loop<std::__2::_ClassicAlgPolicy>, std::__2::__copy_trivial>, wchar_t const*, wchar_t const*, wchar_t*, 0>(wchar_t const*, wchar_t const*, wchar_t*)",288,1344
310,"auto std::__2::__unwrap_range[abi:v160000]<wchar_t const*, wchar_t const*>(wchar_t const*, wchar_t const*)",92,904
311,"decltype(std::__2::__unwrap_iter_impl<wchar_t*, true>::__unwrap(std::declval<wchar_t*>())) std::__2::__unwrap_iter[abi:v160000]<wchar_t*, std::__2::__unwrap_iter_impl<wchar_t*, true>, 0>(wchar_t*)",78,896
312,"std::__2::pair<wchar_t const*, wchar_t*> std::__2::__copy_trivial::operator()[abi:v160000]<wchar_t const, wchar_t, 0>(wchar_t const*, wchar_t const*, wchar_t*) const",115,944
313,"wchar_t const* std::__2::__rewrap_range[abi:v160000]<wchar_t const*, wchar_t const*, wchar_t const*>(wchar_t const*, wchar_t const*)",94,912
314,"wchar_t* std::__2::__rewrap_iter[abi:v160000]<wchar_t*, wchar_t*, std::__2::__unwrap_iter_impl<wchar_t*, true>>(wchar_t*, wchar_t*)",94,912
315,"std::__2::pair<std::__2::__unwrap_ref_decay<wchar_t const*>::type, std::__2::__unwrap_ref_decay<wchar_t*>::type> std::__2::make_pair[abi:v160000]<wchar_t const*, wchar_t*>(wchar_t const*&&, wchar_t*&&)",94,904
316,"std::__2::__unwrap_range_impl<wchar_t const*, wchar_t const*>::__unwrap[abi:v160000](wchar_t const*, wchar_t const*)",147,1088
317,"std::__2::pair<wchar_t const*, wchar_t*> std::__2::__copy_trivial_impl[abi:v160000]<wchar_t const, wchar_t>(wchar_t const*, wchar_t const*, wchar_t*)",238,1096
318,"std::__2::__unwrap_iter_impl<wchar_t*, true>::__unwrap[abi:v160000](wchar_t*)",78,896
319,"std::__2::pair<wchar_t const*, wchar_t*>::pair[abi:v160000]<wchar_t const*, wchar_t*, (void*)0>(wchar_t const*&&, wchar_t*&&)",97,592
320,"std::__2::__unwrap_range_impl<wchar_t const*, wchar_t const*>::__rewrap[abi:v160000](wchar_t const*, wchar_t const*)",95,912
321,"std::__2::__unwrap_iter_impl<wchar_t*, true>::__rewrap[abi:v160000](wchar_t*, wchar_t*)",135,928
322,"decltype(std::__2::__unwrap_iter_impl<wchar_t const*, true>::__unwrap(std::declval<wchar_t const*>())) std::__2::__unwrap_iter[abi:v160000]<wchar_t const*, std::__2::__unwrap_iter_impl<wchar_t const*, true>, 0>(wchar_t const*)",78,896
323,"std::__2::pair<wchar_t const*, wchar_t const*>::pair[abi:v160000]<wchar_t const*, wchar_t const*, (void*)0>(wchar_t const*&&, wchar_t const*&&)",97,592
324,"std::__2::__unwrap_iter_impl<wchar_t const*, true>::__unwrap[abi:v160000](wchar_t const*)",78,896
325,"std::__2::pair<std::__2::__unwrap_ref_decay<wchar_t const*&>::type, std::__2::__unwrap_ref_decay<wchar_t*>::type> std::__2::make_pair[abi:v160000]<wchar_t const*&, wchar_t*>(wchar_t const*&, wchar_t*&&)",93,904
326,"std::__2::pair<wchar_t const*, wchar_t*>::pair[abi:v160000]<wchar_t const*&, wchar_t*, (void*)0>(wchar_t const*&, wchar_t*&&)",97,592
327,"wchar_t const* std::__2::__rewrap_iter[abi:v160000]<wchar_t const*, wchar_t const*, std::__2::__unwrap_iter_impl<wchar_t const*, true>>(wchar_t const*, wchar_t const*)",95,912
328,"std::__2::__unwrap_iter_impl<wchar_t const*, true>::__rewrap[abi:v160000](wchar_t const*, wchar_t const*)",136,928
329,"wchar_t* std::__2::__fill_n[abi:v160000]<wchar_t*, unsigned long, wchar_t>(wchar_t*, unsigned long, wchar_t const&)",183,600
330,"std::__2::__wrap_iter<wchar_t*>::__wrap_iter[abi:v160000](void const*, wchar_t*)",69,568
331,"std::__2::basic_string<char, std::__2::char_traits<char>, std::__2::allocator<char>>::c_str[abi:v160000]() const",78,896
332,thread-local wrapper routine for errno,38,520
333,"std::__2::__compressed_pair<std::__2::basic_string<wchar_t, std::__2::char_traits<wchar_t>, std::__2::allocator<wchar_t>>::__rep, std::__2::allocator<wchar_t>>::__compressed_pair[abi:v160000]<std::__2::__default_init_tag, std::__2::__default_init_tag>(std::__2::__default_init_tag&&, std::__2::__default_init_tag&&)",100,976
334,"std::__2::__compressed_pair_elem<std::__2::allocator<wchar_t>, 1, true>::__compressed_pair_elem[abi:v160000](std::__2::__default_init_tag)",77,904
335,std::__2::allocator<wchar_t>::allocator[abi:v160000](),77,904
336,"std::__2::__non_trivial_if<true, std::__2::allocator<wchar_t>>::__non_trivial_if[abi:v160000]()",42,536
337,"std::__2::enable_if<__is_cpp17_forward_iterator<char*>::value, void>::type std::__2::basic_string<char, std::__2::char_traits<char>, std::__2::allocator<char>>::__init<char*>(char*, char*)",572,1872
338,"std::__2::iterator_traits<char*>::difference_type std::__2::distance[abi:v160000]<char*>(char*, char*)",94,912
339,"std::__2::iterator_traits<char*>::difference_type std::__2::__distance[abi:v160000]<char*>(char*, char*, std::__2::random_access_iterator_tag)",63,552
340,"std::__2::basic_string<wchar_t, std::__2::char_traits<wchar_t>, std::__2::allocator<wchar_t>>::__default_init[abi:v160000]()",163,976
341,"std::__2::basic_string<char, std::__2::char_traits<char>, std::__2::allocator<char>>::empty[abi:v160000]() const",109,904
342,"std::__2::basic_string<char, std::__2::char_traits<char>, std::__2::allocator<char>>::size[abi:v160000]() const",135,976
343,"std::__2::basic_string<char, std::__2::char_traits<char>, std::__2::allocator<char>>::__default_init[abi:v160000]()",164,976
344,"std::__2::basic_string<char, std::__2::char_traits<char>, std::__2::allocator<char>>::__is_long[abi:v160000]() const",143,920
345,"std::__2::basic_string<char, std::__2::char_traits<char>, std::__2::allocator<char>>::basic_string(std::__2::basic_string<char, std::__2::char_traits<char>, std::__2::allocator<char>> const&)",338,1472
346,"std::__2::basic_string<char, std::__2::char_traits<char>, std::__2::allocator<char>>::__alloc[abi:v160000]() const",78,896
347,"std::__2::allocator<char> std::__2::allocator_traits<std::__2::allocator<char>>::select_on_container_copy_construction[abi:v160000]<std::__2::allocator<char>, void, void>(std::__2::allocator<char> const&)",32,536
348,"std::__2::__compressed_pair<std::__2::basic_string<char, std::__2::char_traits<char>, std::__2::allocator<char>>::__rep, std::__2::allocator<char>>::__compressed_pair[abi:v160000]<std::__2::__default_init_tag, std::__2::allocator<char>>(std::__2::__default_init_tag&&, std::__2::allocator<char>&&)",109,1000
349,"std::__2::__compressed_pair<std::__2::basic_string<char, std::__2::char_traits<char>, std::__2::allocator<char>>::__rep, std::__2::allocator<char>>::first[abi:v160000]() const",78,896
350,"std::__2::__compressed_pair<std::__2::basic_string<char, std::__2::char_traits<char>, std::__2::allocator<char>>::__rep, std::__2::allocator<char>>::first[abi:v160000]()",78,896
351,"std::__2::basic_string<char, std::__2::char_traits<char>, std::__2::allocator<char>>::__get_long_pointer[abi:v160000]() const",85,912
352,char const* std::__2::__to_address[abi:v160000]<char const>(char const*),41,536
353,"std::__2::basic_string<char, std::__2::char_traits<char>, std::__2::allocator<char>>::__get_long_size[abi:v160000]() const",85,920
354,"std::__2::basic_string<char, std::__2::char_traits<char>, std::__2::allocator<char>>::__get_short_size[abi:v160000]() const",109,920
355,"std::__2::__compressed_pair_elem<std::__2::basic_string<char, std::__2::char_traits<char>, std::__2::allocator<char>>::__rep, 0, false>::__get[abi:v160000]() const",41,536
356,"std::__2::basic_string<char, std::__2::char_traits<char>, std::__2::allocator<char>>::data[abi:v160000]() const",89,936
357,"std::__2::basic_string<char, std::__2::char_traits<char>, std::__2::allocator<char>>::__get_pointer[abi:v160000]() const",134,984
358,"std::__2::basic_string<char, std::__2::char_traits<char>, std::__2::allocator<char>>::__get_short_pointer[abi:v160000]() const",88,936
359,std::__2::pointer_traits<char const*>::pointer_to[abi:v160000](char const&),41,536
360,"std::__2::__compressed_pair_elem<std::__2::basic_string<char, std::__2::char_traits<char>, std::__2::allocator<char>>::__rep, 0, false>::__get[abi:v160000]()",41,536
361,"std::__2::__compressed_pair<std::__2::basic_string<char, std::__2::char_traits<char>, std::__2::allocator<char>>::__rep, std::__2::allocator<char>>::second[abi:v160000]() const",78,896
362,"std::__2::__compressed_pair_elem<std::__2::allocator<char>, 1, true>::__compressed_pair_elem[abi:v160000]<std::__2::allocator<char>, void>(std::__2::allocator<char>&&)",48,552
363,"std::__2::__compressed_pair_elem<std::__2::allocator<char>, 1, true>::__get[abi:v160000]() const",42,536
364,"std::__2::basic_string<char, std::__2::char_traits<char>, std::__2::allocator<char>>::basic_string[abi:v160000]<std::nullptr_t>(char const*)",162,1088
365,"std::__2::__compressed_pair<std::__2::basic_string<char, std::__2::char_traits<char>, std::__2::allocator<char>>::__rep, std::__2::allocator<char>>::__compressed_pair[abi:v160000]<std::__2::__default_init_tag, std::__2::__default_init_tag>(std::__2::__default_init_tag&&, std::__2::__default_init_tag&&)",100,976
366,std::__2::char_traits<char>::length(char const*),78,896
367,"void std::__2::__debug_db_insert_c[abi:v160000]<std::__2::basic_string<char, std::__2::char_traits<char>, std::__2::allocator<char>>>(std::__2::basic_string<char, std::__2::char_traits<char>, std::__2::allocator<char>>*)",33,536
368,std::__2::ios_base::__call_callbacks(std::__2::ios_base::event),232,1144
369,std::__2::ios_base::getloc() const,109,912
370,std::__2::ios_base::setstate[abi:v160000](unsigned int),104,912
371,"unsigned long const& std::__2::max[abi:v160000]<unsigned long>(unsigned long const&, unsigned long const&)",95,912
372,std::__2::ios_base::clear(unsigned int),270,928
373,"unsigned long const& std::__2::max[abi:v160000]<unsigned long, std::__2::__less<unsigned long, unsigned long>>(unsigned long const&, unsigned long const&, std::__2::__less<unsigned long, unsigned long>)",162,960
374,std::__2::ios_base::~ios_base(),202,1208
375,std::__2::ios_base::~ios_base(),94,968
376,std::__2::__throw_failure[abi:v160000](char const*),47,832
377,std::__2::ios_base::init(void*),323,1016
378,"std::__2::enable_if<is_move_constructible<unsigned int>::value && is_move_assignable<unsigned int>::value, void>::type std::__2::swap[abi:v160000]<unsigned int>(unsigned int&, unsigned int&)",109,576
379,"std::__2::__compressed_pair_elem<std::__2::basic_string<char, std::__2::char_traits<char>, std::__2::allocator<char>>::__rep, 0, false>::__compressed_pair_elem[abi:v160000](std::__2::__default_init_tag)",41,536
380,"std::__2::__compressed_pair_elem<std::__2::allocator<char>, 1, true>::__compressed_pair_elem[abi:v160000](std::__2::__default_init_tag)",77,904
381,std::__2::__constexpr_strlen[abi:v160000](char const*),78,896
382,std::__2::allocator<char>::allocator[abi:v160000](),77,904
383,"std::__2::__non_trivial_if<true, std::__2::allocator<char>>::__non_trivial_if[abi:v160000]()",41,536
384,"std::__2::__less<unsigned long, unsigned long>::operator()[abi:v160000](unsigned long const&, unsigned long const&) const",102,576
385,"std::__2::__compressed_pair_elem<void (*)(void*), 1, false>::__compressed_pair_elem[abi:v160000]<void (*)(void*), void>(void (*&&)(void*))",69,560
386,"std::__2::__compressed_pair_elem<void (*)(void*), 1, false>::__get[abi:v160000]()",41,536
387,std::uncaught_exception(),46,832
388,std::uncaught_exceptions(),16,808
389,"std::__2::basic_ios<char, std::__2::char_traits<char>>::~basic_ios()",77,904
390,"std::__2::basic_ios<char, std::__2::char_traits<char>>::~basic_ios()",94,968
391,"std::__2::basic_streambuf<char, std::__2::char_traits<char>>::~basic_streambuf()",114,912
392,"std::__2::basic_streambuf<char, std::__2::char_traits<char>>::~basic_streambuf()",95,968
393,"std::__2::basic_streambuf<char, std::__2::char_traits<char>>::basic_streambuf()",180,952
394,"std::__2::basic_streambuf<char, std::__2::char_traits<char>>::imbue(std::__2::locale const&)",39,536
395,"std::__2::basic_streambuf<char, std::__2::char_traits<char>>::setbuf(char*, long)",55,552
396,"std::__2::basic_streambuf<char, std::__2::char_traits<char>>::seekoff(long long, std::__2::ios_base::seekdir, unsigned int)",99,920
397,std::__2::fpos<__mbstate_t>::fpos[abi:v160000](long long),75,576
398,"std::__2::basic_streambuf<char, std::__2::char_traits<char>>::seekpos(std::__2::fpos<__mbstate_t>, unsigned int)",85,904
399,"std::__2::basic_streambuf<char, std::__2::char_traits<char>>::sync()",38,536
400,"std::__2::basic_streambuf<char, std::__2::char_traits<char>>::showmanyc()",39,536
401,"std::__2::basic_streambuf<char, std::__2::char_traits<char>>::xsgetn(char*, long)",638,1648
402,"long const& std::__2::min[abi:v160000]<long>(long const&, long const&)",94,912
403,"std::__2::basic_streambuf<char, std::__2::char_traits<char>>::gbump[abi:v160000](int)",74,552
404,std::__2::char_traits<char>::to_char_type(int),60,536
405,"long const& std::__2::min[abi:v160000]<long, std::__2::__less<long, long>>(long const&, long const&, std::__2::__less<long, long>)",161,960
406,"std::__2::basic_streambuf<char, std::__2::char_traits<char>>::underflow()",69,888
407,std::__2::char_traits<char>::eof(),13,520
408,"std::__2::basic_streambuf<char, std::__2::char_traits<char>>::uflow()",231,1120
409,std::__2::char_traits<char>::to_int_type(char),53,536
410,"std::__2::basic_streambuf<char, std::__2::char_traits<char>>::pbackfail(int)",77,896
411,"std::__2::basic_streambuf<char, std::__2::char_traits<char>>::xsputn(char const*, long)",604,1584
412,"std::__2::basic_streambuf<char, std::__2::char_traits<char>>::overflow(int)",76,896
413,"std::__2::basic_istream<char, std::__2::char_traits<char>>::~basic_istream()",48,552
414,"std::__2::basic_istream<char, std::__2::char_traits<char>>::~basic_istream()",107,968
415,"virtual thunk to std::__2::basic_istream<char, std::__2::char_traits<char>>::~basic_istream()",117,920
416,"std::__2::basic_istream<char, std::__2::char_traits<char>>::~basic_istream()",83,952
417,"virtual thunk to std::__2::basic_istream<char, std::__2::char_traits<char>>::~basic_istream()",106,896
418,"std::__2::basic_ios<char, std::__2::char_traits<char>>::good[abi:v160000]() const",89,896
419,"std::__2::basic_ios<char, std::__2::char_traits<char>>::tie[abi:v160000]() const",49,544
420,"std::__2::basic_ostream<char, std::__2::char_traits<char>>::flush()",367,1296
421,std::__2::ios_base::flags[abi:v160000]() const,48,544
422,std::__2::ctype<char> const& std::__2::use_facet[abi:v160000]<std::__2::ctype<char>>(std::__2::locale const&),88,904
423,"bool std::__2::operator==[abi:v160000]<char, std::__2::char_traits<char>>(std::__2::istreambuf_iterator<char, std::__2::char_traits<char>> const&, std::__2::istreambuf_iterator<char, std::__2::char_traits<char>> const&)",105,920
424,"std::__2::istreambuf_iterator<char, std::__2::char_traits<char>>::operator*[abi:v160000]() const",104,896
425,"std::__2::ctype<char>::is[abi:v160000](unsigned long, char) const",247,1024
426,"std::__2::istreambuf_iterator<char, std::__2::char_traits<char>>::operator++[abi:v160000]()",84,904
427,"std::__2::basic_ios<char, std::__2::char_traits<char>>::setstate[abi:v160000](unsigned int)",90,896
428,std::__2::ios_base::good[abi:v160000]() const,78,552
429,"std::__2::basic_ios<char, std::__2::char_traits<char>>::rdbuf[abi:v160000]() const",78,896
430,"std::__2::basic_ostream<char, std::__2::char_traits<char>>::sentry::operator bool[abi:v160000]() const",59,544
431,"std::__2::basic_streambuf<char, std::__2::char_traits<char>>::pubsync[abi:v160000]()",96,928
432,"std::__2::istreambuf_iterator<char, std::__2::char_traits<char>>::equal[abi:v160000](std::__2::istreambuf_iterator<char, std::__2::char_traits<char>> const&) const",151,1000
433,"std::__2::basic_streambuf<char, std::__2::char_traits<char>>::sgetc[abi:v160000]()",212,992
434,"std::__2::basic_streambuf<char, std::__2::char_traits<char>>::sbumpc[abi:v160000]()",229,1000
435,"std::__2::char_traits<char>::eq_int_type(int, int)",82,552
436,"std::__2::basic_streambuf<char, std::__2::char_traits<char>>::sputc[abi:v160000](char)",287,1120
437,std::__2::ios_base::rdbuf[abi:v160000]() const,48,544
438,std::__2::numeric_limits<long>::max[abi:v160000](),16,808
439,"std::__2::__libcpp_numeric_limits<long, true>::max[abi:v160000]()",16,520
440,"std::__2::basic_ostream<char, std::__2::char_traits<char>>::~basic_ostream()",48,552
441,"std::__2::basic_ostream<char, std::__2::char_traits<char>>::~basic_ostream()",107,968
442,"virtual thunk to std::__2::basic_ostream<char, std::__2::char_traits<char>>::~basic_ostream()",117,920
443,"std::__2::basic_ostream<char, std::__2::char_traits<char>>::~basic_ostream()",83,952
444,"virtual thunk to std::__2::basic_ostream<char, std::__2::char_traits<char>>::~basic_ostream()",107,896
445,"std::__2::basic_ostream<char, std::__2::char_traits<char>>::sentry::sentry(std::__2::basic_ostream<char, std::__2::char_traits<char>>&)",339,1232
446,"std::__2::basic_ostream<char, std::__2::char_traits<char>>::sentry::~sentry()",474,1368
447,"std::__2::num_put<char, std::__2::ostreambuf_iterator<char, std::__2::char_traits<char>>> const& std::__2::use_facet[abi:v160000]<std::__2::num_put<char, std::__2::ostreambuf_iterator<char, std::__2::char_traits<char>>>>(std::__2::locale const&)",89,904
448,"std::__2::ostreambuf_iterator<char, std::__2::char_traits<char>>::ostreambuf_iterator[abi:v160000](std::__2::basic_ostream<char, std::__2::char_traits<char>>&)",132,944
449,"std::__2::basic_ios<char, std::__2::char_traits<char>>::fill[abi:v160000]() const",198,1088
450,"std::__2::ostreambuf_iterator<char, std::__2::char_traits<char>>::failed[abi:v160000]() const",79,544
451,"std::__2::basic_ios<char, std::__2::char_traits<char>>::widen[abi:v160000](char) const",172,1072
452,"std::__2::num_put<char, std::__2::ostreambuf_iterator<char, std::__2::char_traits<char>>>::put[abi:v160000](std::__2::ostreambuf_iterator<char, std::__2::char_traits<char>>, std::__2::ios_base&, char, long) const",206,1040
453,"std::__2::basic_ostream<char, std::__2::char_traits<char>>::operator<<(int)",722,1648
454,"std::__2::ostreambuf_iterator<char, std::__2::char_traits<char>>::operator*[abi:v160000]()",42,536
455,"std::__2::ostreambuf_iterator<char, std::__2::char_traits<char>>::operator=[abi:v160000](char)",211,1072
456,"std::__2::ostreambuf_iterator<char, std::__2::char_traits<char>>::operator++[abi:v160000]()",42,536
457,"std::__2::basic_ostream<char, std::__2::char_traits<char>>::put(char)",368,1336
458,"std::__2::basic_ios<wchar_t, std::__2::char_traits<wchar_t>>::~basic_ios()",77,904
459,"std::__2::basic_ios<wchar_t, std::__2::char_traits<wchar_t>>::~basic_ios()",94,968
460,"std::__2::basic_streambuf<wchar_t, std::__2::char_traits<wchar_t>>::~basic_streambuf()",114,912
461,"std::__2::basic_streambuf<wchar_t, std::__2::char_traits<wchar_t>>::~basic_streambuf()",95,968
462,"std::__2::basic_streambuf<wchar_t, std::__2::char_traits<wchar_t>>::basic_streambuf()",180,952
463,"std::__2::basic_streambuf<wchar_t, std::__2::char_traits<wchar_t>>::imbue(std::__2::locale const&)",39,536
464,"std::__2::basic_streambuf<wchar_t, std::__2::char_traits<wchar_t>>::setbuf(wchar_t*, long)",55,552
465,"std::__2::basic_streambuf<wchar_t, std::__2::char_traits<wchar_t>>::seekoff(long long, std::__2::ios_base::seekdir, unsigned int)",99,920
466,"std::__2::basic_streambuf<wchar_t, std::__2::char_traits<wchar_t>>::seekpos(std::__2::fpos<__mbstate_t>, unsigned int)",85,904
467,"std::__2::basic_streambuf<wchar_t, std::__2::char_traits<wchar_t>>::sync()",38,536
468,"std::__2::basic_streambuf<wchar_t, std::__2::char_traits<wchar_t>>::showmanyc()",39,536
469,"std::__2::basic_streambuf<wchar_t, std::__2::char_traits<wchar_t>>::xsgetn(wchar_t*, long)",660,1664
470,"std::__2::basic_streambuf<wchar_t, std::__2::char_traits<wchar_t>>::gbump[abi:v160000](int)",85,560
471,std::__2::char_traits<wchar_t>::to_char_type(int),45,536
472,"std::__2::basic_streambuf<wchar_t, std::__2::char_traits<wchar_t>>::underflow()",69,888
473,std::__2::char_traits<wchar_t>::eof(),13,520
474,"std::__2::basic_streambuf<wchar_t, std::__2::char_traits<wchar_t>>::uflow()",217,1120
475,std::__2::char_traits<wchar_t>::to_int_type(wchar_t),41,536
476,"std::__2::basic_streambuf<wchar_t, std::__2::char_traits<wchar_t>>::pbackfail(int)",77,896
477,"std::__2::basic_streambuf<wchar_t, std::__2::char_traits<wchar_t>>::xsputn(wchar_t const*, long)",623,1600
478,"std::__2::basic_streambuf<wchar_t, std::__2::char_traits<wchar_t>>::overflow(int)",76,896
479,"std::__2::basic_istream<wchar_t, std::__2::char_traits<wchar_t>>::~basic_istream()",48,552
480,"std::__2::basic_istream<wchar_t, std::__2::char_traits<wchar_t>>::~basic_istream()",107,968
481,"virtual thunk to std::__2::basic_istream<wchar_t, std::__2::char_traits<wchar_t>>::~basic_istream()",117,920
482,"std::__2::basic_istream<wchar_t, std::__2::char_traits<wchar_t>>::~basic_istream()",83,952
483,"virtual thunk to std::__2::basic_istream<wchar_t, std::__2::char_traits<wchar_t>>::~basic_istream()",106,896
484,"std::__2::basic_ios<wchar_t, std::__2::char_traits<wchar_t>>::good[abi:v160000]() const",89,896
485,"std::__2::basic_ios<wchar_t, std::__2::char_traits<wchar_t>>::tie[abi:v160000]() const",49,544
486,"std::__2::basic_ostream<wchar_t, std::__2::char_traits<wchar_t>>::flush()",367,1296
487,std::__2::ctype<wchar_t> const& std::__2::use_facet[abi:v160000]<std::__2::ctype<wchar_t>>(std::__2::locale const&),88,904
488,"bool std::__2::operator==[abi:v160000]<wchar_t, std::__2::char_traits<wchar_t>>(std::__2::istreambuf_iterator<wchar_t, std::__2::char_traits<wchar_t>> const&, std::__2::istreambuf_iterator<wchar_t, std::__2::char_traits<wchar_t>> const&)",105,920
489,"std::__2::istreambuf_iterator<wchar_t, std::__2::char_traits<wchar_t>>::operator*[abi:v160000]() const",90,896
490,"std::__2::ctype<wchar_t>::is[abi:v160000](unsigned long, wchar_t) const",142,976
491,"std::__2::istreambuf_iterator<wchar_t, std::__2::char_traits<wchar_t>>::operator++[abi:v160000]()",84,904
492,"std::__2::basic_ios<wchar_t, std::__2::char_traits<wchar_t>>::setstate[abi:v160000](unsigned int)",90,896
493,"std::__2::basic_ios<wchar_t, std::__2::char_traits<wchar_t>>::rdbuf[abi:v160000]() const",78,896
494,"std::__2::basic_ostream<wchar_t, std::__2::char_traits<wchar_t>>::sentry::operator bool[abi:v160000]() const",59,544
495,"std::__2::basic_streambuf<wchar_t, std::__2::char_traits<wchar_t>>::pubsync[abi:v160000]()",96,928
496,"std::__2::istreambuf_iterator<wchar_t, std::__2::char_traits<wchar_t>>::equal[abi:v160000](std::__2::istreambuf_iterator<wchar_t, std::__2::char_traits<wchar_t>> const&) const",151,1000
497,"std::__2::basic_streambuf<wchar_t, std::__2::char_traits<wchar_t>>::sgetc[abi:v160000]()",198,992
498,"std::__2::basic_streambuf<wchar_t, std::__2::char_traits<wchar_t>>::sbumpc[abi:v160000]()",215,1000
499,"std::__2::char_traits<wchar_t>::eq_int_type(int, int)",82,552
500,"std::__2::basic_streambuf<wchar_t, std::__2::char_traits<wchar_t>>::sputc[abi:v160000](wchar_t)",259,1112
501,"std::__2::basic_ostream<wchar_t, std::__2::char_traits<wchar_t>>::~basic_ostream()",48,552
502,"std::__2::basic_ostream<wchar_t, std::__2::char_traits<wchar_t>>::~basic_ostream()",107,968
503,"virtual thunk to std::__2::basic_ostream<wchar_t, std::__2::char_traits<wchar_t>>::~basic_ostream()",117,920
504,"std::__2::basic_ostream<wchar_t, std::__2::char_traits<wchar_t>>::~basic_ostream()",83,952
505,"virtual thunk to std::__2::basic_ostream<wchar_t, std::__2::char_traits<wchar_t>>::~basic_ostream()",107,896
506,"std::__2::basic_ostream<wchar_t, std::__2::char_traits<wchar_t>>::sentry::sentry(std::__2::basic_ostream<wchar_t, std::__2::char_traits<wchar_t>>&)",339,1232
507,"std::__2::basic_ostream<wchar_t, std::__2::char_traits<wchar_t>>::sentry::~sentry()",474,1368
508,"std::__2::ostreambuf_iterator<wchar_t, std::__2::char_traits<wchar_t>>::operator*[abi:v160000]()",42,536
509,"std::__2::ostreambuf_iterator<wchar_t, std::__2::char_traits<wchar_t>>::operator=[abi:v160000](wchar_t)",197,1072
510,"std::__2::ostreambuf_iterator<wchar_t, std::__2::char_traits<wchar_t>>::operator++[abi:v160000]()",41,536
511,"std::__2::basic_streambuf<wchar_t, std::__2::char_traits<wchar_t>>::sputn[abi:v160000](wchar_t const*, long)",127,968
512,"std::__2::basic_string<char, std::__2::char_traits<char>, std::__2::allocator<char>>::operator=[abi:v160000](std::__2::basic_string<char, std::__2::char_traits<char>, std::__2::allocator<char>>&&)",92,928
513,"std::__2::basic_streambuf<char, std::__2::char_traits<char>>::getloc[abi:v160000]() const",96,904
514,"std::__2::basic_string<char, std::__2::char_traits<char>, std::__2::allocator<char>>::__move_assign[abi:v160000](std::__2::basic_string<char, std::__2::char_traits<char>, std::__2::allocator<char>>&, std::__2::integral_constant<bool, true>)",313,1488
515,"std::__2::basic_string<char, std::__2::char_traits<char>, std::__2::allocator<char>>::basic_string[abi:v160000]<char*, void>(char*, char*, std::__2::allocator<char> const&)",159,1072
516,std::__2::char_traits<char>::not_eof(int),150,1024
517,"std::__2::codecvt<char, char, __mbstate_t> const& std::__2::use_facet[abi:v160000]<std::__2::codecvt<char, char, __mbstate_t>>(std::__2::locale const&)",88,904
518,"std::__2::codecvt<char, char, __mbstate_t>::always_noconv[abi:v160000]() const",106,928
519,std::__2::__throw_bad_cast[abi:v160000](),11,792
520,"std::__2::codecvt<char, char, __mbstate_t>::in[abi:v160000](__mbstate_t&, char const*, char const*, char const*&, char*, char*, char*&) const",208,1104
521,"std::__2::codecvt<char, char, __mbstate_t>::out[abi:v160000](__mbstate_t&, char const*, char const*, char const*&, char*, char*, char*&) const",207,1104
522,"std::__2::codecvt<char, char, __mbstate_t>::encoding[abi:v160000]() const",96,928
523,"std::__2::codecvt<char, char, __mbstate_t>::unshift[abi:v160000](__mbstate_t&, char*, char*, char*&) const",159,1008
524,"std::__2::__less<long, long>::operator()[abi:v160000](long const&, long const&) const",102,576
525,"std::__2::basic_string<char, std::__2::char_traits<char>, std::__2::allocator<char>>::__move_assign_alloc[abi:v160000](std::__2::basic_string<char, std::__2::char_traits<char>, std::__2::allocator<char>>&)",90,896
526,"std::__2::basic_string<char, std::__2::char_traits<char>, std::__2::allocator<char>>::__move_assign_alloc[abi:v160000](std::__2::basic_string<char, std::__2::char_traits<char>, std::__2::allocator<char>>&, std::__2::integral_constant<bool, true>)",99,968
527,"std::__2::istreambuf_iterator<char, std::__2::char_traits<char>>::__test_for_eof[abi:v160000]() const",215,1072
528,std::__2::ctype<char>::widen[abi:v160000](char) const,148,952
529,"std::__2::istreambuf_iterator<wchar_t, std::__2::char_traits<wchar_t>>::__test_for_eof[abi:v160000]() const",215,1072
530,std::__2::ctype<wchar_t>::widen[abi:v160000](char) const,133,952
531,__cxx_global_var_init,67,920
532,__cxx_global_array_dtor,88,896
533,std::__2::DoIOSInit::DoIOSInit(),1050,2312
534,std::__2::force_locale_initialization(),5,512
535,"std::__2::__stdinbuf<char>::__stdinbuf(_IO_FILE*, __mbstate_t*)",230,1248
536,"std::__2::basic_istream<char, std::__2::char_traits<char>>::basic_istream[abi:v160000](std::__2::basic_streambuf<char, std::__2::char_traits<char>>*)",208,1040
537,"std::__2::__stdoutbuf<char>::__stdoutbuf(_IO_FILE*, __mbstate_t*)",229,1256
538,"std::__2::basic_ostream<char, std::__2::char_traits<char>>::basic_ostream[abi:v160000](std::__2::basic_streambuf<char, std::__2::char_traits<char>>*)",196,1032
539,"std::__2::basic_ios<char, std::__2::char_traits<char>>::tie[abi:v160000](std::__2::basic_ostream<char, std::__2::char_traits<char>>*)",83,576
540,std::__2::unitbuf[abi:v160000](std::__2::ios_base&),93,920
541,"std::__2::__stdinbuf<wchar_t>::__stdinbuf(_IO_FILE*, __mbstate_t*)",230,1248
542,"std::__2::basic_istream<wchar_t, std::__2::char_traits<wchar_t>>::basic_istream[abi:v160000](std::__2::basic_streambuf<wchar_t, std::__2::char_traits<wchar_t>>*)",208,1040
543,"std::__2::__stdoutbuf<wchar_t>::__stdoutbuf(_IO_FILE*, __mbstate_t*)",229,1256
544,"std::__2::basic_ostream<wchar_t, std::__2::char_traits<wchar_t>>::basic_ostream[abi:v160000](std::__2::basic_streambuf<wchar_t, std::__2::char_traits<wchar_t>>*)",196,1032
545,"std::__2::basic_ios<wchar_t, std::__2::char_traits<wchar_t>>::tie[abi:v160000](std::__2::basic_ostream<wchar_t, std::__2::char_traits<wchar_t>>*)",83,576
546,"std::__2::basic_ios<char, std::__2::char_traits<char>>::basic_ios[abi:v160000]()",103,912
547,"std::__2::basic_ios<char, std::__2::char_traits<char>>::init[abi:v160000](std::__2::basic_streambuf<char, std::__2::char_traits<char>>*)",116,1008
548,std::__2::ios_base::setf[abi:v160000](unsigned int),97,576
549,"std::__2::basic_streambuf<wchar_t, std::__2::char_traits<wchar_t>>::getloc[abi:v160000]() const",95,904
550,"std::__2::basic_ios<wchar_t, std::__2::char_traits<wchar_t>>::basic_ios[abi:v160000]()",103,912
551,"std::__2::basic_ios<wchar_t, std::__2::char_traits<wchar_t>>::init[abi:v160000](std::__2::basic_streambuf<wchar_t, std::__2::char_traits<wchar_t>>*)",116,1008
552,"std::__2::codecvt<wchar_t, char, __mbstate_t> const& std::__2::use_facet[abi:v160000]<std::__2::codecvt<wchar_t, char, __mbstate_t>>(std::__2::locale const&)",88,904
553,"std::__2::codecvt<wchar_t, char, __mbstate_t>::always_noconv[abi:v160000]() const",107,928
554,std::__2::DoIOSInit::~DoIOSInit(),193,1112
555,std::__2::ios_base::Init::Init(),231,1032
556,__cxx_global_array_dtor.1,87,896
557,std::__2::ios_base::Init::~Init(),41,536
558,std::__2::__stdinbuf<char>::~__stdinbuf(),77,904
559,std::__2::__stdinbuf<char>::~__stdinbuf(),84,952
560,std::__2::__stdinbuf<char>::imbue(std::__2::locale const&),218,1144
561,std::__2::__stdinbuf<char>::underflow(),96,904
562,std::__2::__stdinbuf<char>::__getchar(bool),1438,2336
563,std::__2::__stdinbuf<char>::uflow(),96,904
564,std::__2::__stdinbuf<char>::pbackfail(int),708,1672
565,"int const& std::__2::max[abi:v160000]<int>(int const&, int const&)",95,912
566,"int const& std::__2::max[abi:v160000]<int, std::__2::__less<int, int>>(int const&, int const&, std::__2::__less<int, int>)",161,960
567,"std::__2::__less<int, int>::operator()[abi:v160000](int const&, int const&) const",102,576
568,std::__2::ios_base::ios_base[abi:v160000](),67,544
569,std::__2::__stdoutbuf<char>::~__stdoutbuf(),77,904
570,std::__2::__stdoutbuf<char>::~__stdoutbuf(),84,952
571,std::__2::__stdoutbuf<char>::imbue(std::__2::locale const&),159,1096
572,std::__2::__stdoutbuf<char>::sync(),464,1320
573,"std::__2::__stdoutbuf<char>::xsputn(char const*, long)",412,1296
574,std::__2::__stdoutbuf<char>::overflow(int),1044,2008
575,std::__2::__stdinbuf<wchar_t>::~__stdinbuf(),77,904
576,std::__2::__stdinbuf<wchar_t>::~__stdinbuf(),84,952
577,std::__2::__stdinbuf<wchar_t>::imbue(std::__2::locale const&),218,1144
578,"std::__2::codecvt<wchar_t, char, __mbstate_t>::encoding[abi:v160000]() const",95,928
579,std::__2::__stdinbuf<wchar_t>::underflow(),96,904
580,std::__2::__stdinbuf<wchar_t>::__getchar(bool),1454,2336
581,std::__2::__stdinbuf<wchar_t>::uflow(),96,904
582,std::__2::__stdinbuf<wchar_t>::pbackfail(int),709,1672
583,"std::__2::codecvt<wchar_t, char, __mbstate_t>::out[abi:v160000](__mbstate_t&, wchar_t const*, wchar_t const*, wchar_t const*&, char*, char*, char*&) const",208,1104
584,"std::__2::codecvt<wchar_t, char, __mbstate_t>::in[abi:v160000](__mbstate_t&, char const*, char const*, char const*&, wchar_t*, wchar_t*, wchar_t*&) const",207,1104
585,std::__2::__stdoutbuf<wchar_t>::~__stdoutbuf(),77,904
586,std::__2::__stdoutbuf<wchar_t>::~__stdoutbuf(),84,952
587,std::__2::__stdoutbuf<wchar_t>::imbue(std::__2::locale const&),159,1096
588,std::__2::__stdoutbuf<wchar_t>::sync(),464,1320
589,"std::__2::codecvt<wchar_t, char, __mbstate_t>::unshift[abi:v160000](__mbstate_t&, char*, char*, char*&) const",160,1008
590,"std::__2::__stdoutbuf<wchar_t>::xsputn(wchar_t const*, long)",398,1296
591,std::__2::__stdoutbuf<wchar_t>::overflow(int),1051,2008
592,std::__2::char_traits<wchar_t>::not_eof(int),150,1024
593,_GLOBAL__I_000100,10,808
594,_GLOBAL__sub_I_iostream.cpp,4,512
595,std::__2::__shared_count::~__shared_count(),41,536
596,std::__2::__shared_count::~__shared_count(),34,504
597,"std::__2::__call_once(unsigned long volatile&, void*, void (*)(void*))",155,968
598,std::__2::collate<char>::~collate(),77,904
599,std::__2::locale::facet::~facet(),77,904
600,std::__2::collate<char>::~collate(),95,968
601,"std::__2::collate<char>::do_compare(char const*, char const*, char const*, char const*) const",491,688
602,"std::__2::collate<char>::do_transform(char const*, char const*) const",108,936
603,"std::__2::basic_string<char, std::__2::char_traits<char>, std::__2::allocator<char>>::basic_string[abi:v160000]<char const*, void>(char const*, char const*)",160,1064
604,"std::__2::enable_if<__is_cpp17_forward_iterator<char const*>::value, void>::type std::__2::basic_string<char, std::__2::char_traits<char>, std::__2::allocator<char>>::__init<char const*>(char const*, char const*)",573,1872
605,"std::__2::collate<char>::do_hash(char const*, char const*) const",330,696
606,std::__2::collate<wchar_t>::~collate(),77,904
607,std::__2::collate<wchar_t>::~collate(),95,968
608,"std::__2::collate<wchar_t>::do_compare(wchar_t const*, wchar_t const*, wchar_t const*, wchar_t const*) const",419,688
609,"std::__2::collate<wchar_t>::do_transform(wchar_t const*, wchar_t const*) const",108,936
610,"std::__2::basic_string<wchar_t, std::__2::char_traits<wchar_t>, std::__2::allocator<wchar_t>>::basic_string[abi:v160000]<wchar_t const*, void>(wchar_t const*, wchar_t const*)",160,1064
611,"std::__2::enable_if<__is_cpp17_forward_iterator<wchar_t const*>::value, void>::type std::__2::basic_string<wchar_t, std::__2::char_traits<wchar_t>, std::__2::allocator<wchar_t>>::__init<wchar_t const*>(wchar_t const*, wchar_t const*)",573,1880
612,"std::__2::collate<wchar_t>::do_hash(wchar_t const*, wchar_t const*) const",313,696
613,"std::__2::num_get<char, std::__2::istreambuf_iterator<char, std::__2::char_traits<char>>>::do_get(std::__2::istreambuf_iterator<char, std::__2::char_traits<char>>, std::__2::istreambuf_iterator<char, std::__2::char_traits<char>>, std::__2::ios_base&, unsigned int&, bool&) const",977,2144
614,std::__2::numpunct<char> const& std::__2::use_facet[abi:v160000]<std::__2::numpunct<char>>(std::__2::locale const&),88,904
615,std::__2::numpunct<char>::truename[abi:v160000]() const,100,928
616,std::__2::numpunct<char>::falsename[abi:v160000]() const,101,928
617,"std::__2::basic_string<char, std::__2::char_traits<char>, std::__2::allocator<char>> const* std::__2::__scan_keyword[abi:v160000]<std::__2::istreambuf_iterator<char, std::__2::char_traits<char>>, std::__2::basic_string<char, std::__2::char_traits<char>, std::__2::allocator<char>> const*, std::__2::ctype<char>>(std::__2::istreambuf_iterator<char, std::__2::char_traits<char>>&, std::__2::istreambuf_iterator<char, std::__2::char_traits<char>>, std::__2::basic_string<char, std::__2::char_traits<char>, std::__2::allocator<char>> const*, std::__2::basic_string<char, std::__2::char_traits<char>, std::__2::allocator<char>> const*, std::__2::ctype<char> const&, unsigned int&, bool)",2727,2960
618,std::__2::locale::use_facet(std::__2::locale::id&) const,111,984
619,"std::__2::iterator_traits<std::__2::basic_string<char, std::__2::char_traits<char>, std::__2::allocator<char>> const*>::difference_type std::__2::distance[abi:v160000]<std::__2::basic_string<char, std::__2::char_traits<char>, std::__2::allocator<char>> const*>(std::__2::basic_string<char, std::__2::char_traits<char>, std::__2::allocator<char>> const*, std::__2::basic_string<char, std::__2::char_traits<char>, std::__2::allocator<char>> const*)",94,912
620,"std::__2::unique_ptr<unsigned char, void (*)(void*)>::unique_ptr[abi:v160000]<true, void>(unsigned char*, std::__2::__dependent_type<std::__2::__unique_ptr_deleter_sfinae<void (*)(void*)>, true>::__good_rval_ref_type)",118,944
621,"std::__2::unique_ptr<unsigned char, void (*)(void*)>::reset[abi:v160000](unsigned char*)",202,1152
622,std::__2::ctype<char>::toupper[abi:v160000](char) const,147,952
623,"std::__2::unique_ptr<unsigned char, void (*)(void*)>::~unique_ptr[abi:v160000]()",83,912
624,"std::__2::num_get<char, std::__2::istreambuf_iterator<char, std::__2::char_traits<char>>>::do_get(std::__2::istreambuf_iterator<char, std::__2::char_traits<char>>, std::__2::istreambuf_iterator<char, std::__2::char_traits<char>>, std::__2::ios_base&, unsigned int&, long&) const",203,1048
625,"std::__2::istreambuf_iterator<char, std::__2::char_traits<char>> std::__2::num_get<char, std::__2::istreambuf_iterator<char, std::__2::char_traits<char>>>::__do_get_signed<long>(std::__2::istreambuf_iterator<char, std::__2::char_traits<char>>, std::__2::istreambuf_iterator<char, std::__2::char_traits<char>>, std::__2::ios_base&, unsigned int&, long&) const",1591,2808
626,std::__2::__num_get_base::__get_base(std::__2::ios_base&),262,968
627,"std::__2::__num_get<char>::__do_widen(std::__2::ios_base&, char*) const",111,936
628,"std::__2::__num_get<char>::__stage2_int_prep(std::__2::ios_base&, char&)",221,1200
629,"std::__2::__num_get<char>::__stage2_int_loop(char, int, char*, char*&, unsigned int&, char, std::__2::basic_string<char, std::__2::char_traits<char>, std::__2::allocator<char>> const&, unsigned int*, unsigned int*&, char const*)",1659,1600
630,"long std::__2::__num_get_signed_integral[abi:v160000]<long>(char const*, char const*, unsigned int&, int)",707,1680
631,"std::__2::__check_grouping(std::__2::basic_string<char, std::__2::char_traits<char>, std::__2::allocator<char>> const&, unsigned int*, unsigned int*, unsigned int&)",1027,1528
632,"std::__2::num_get<char, std::__2::istreambuf_iterator<char, std::__2::char_traits<char>>>::do_get(std::__2::istreambuf_iterator<char, std::__2::char_traits<char>>, std::__2::istreambuf_iterator<char, std::__2::char_traits<char>>, std::__2::ios_base&, unsigned int&, long long&) const",203,1048
633,"std::__2::istreambuf_iterator<char, std::__2::char_traits<char>> std::__2::num_get<char, std::__2::istreambuf_iterator<char, std::__2::char_traits<char>>>::__do_get_signed<long long>(std::__2::istreambuf_iterator<char, std::__2::char_traits<char>>, std::__2::istreambuf_iterator<char, std::__2::char_traits<char>>, std::__2::ios_base&, unsigned int&, long long&) const",1595,2808
634,"long long std::__2::__num_get_signed_integral[abi:v160000]<long long>(char const*, char const*, unsigned int&, int)",688,1672
635,"std::__2::num_get<char, std::__2::istreambuf_iterator<char, std::__2::char_traits<char>>>::do_get(std::__2::istreambuf_iterator<char, std::__2::char_traits<char>>, std::__2::istreambuf_iterator<char, std::__2::char_traits<char>>, std::__2::ios_base&, unsigned int&, unsigned short&) const",203,1048
636,"std::__2::istreambuf_iterator<char, std::__2::char_traits<char>> std::__2::num_get<char, std::__2::istreambuf_iterator<char, std::__2::char_traits<char>>>::__do_get_unsigned<unsigned short>(std::__2::istreambuf_iterator<char, std::__2::char_traits<char>>, std::__2::istreambuf_iterator<char, std::__2::char_traits<char>>, std::__2::ios_base&, unsigned int&, unsigned short&) const",1591,2816
637,"unsigned short std::__2::__num_get_unsigned_integral[abi:v160000]<unsigned short>(char const*, char const*, unsigned int&, int)",868,1616
638,"std::__2::num_get<char, std::__2::istreambuf_iterator<char, std::__2::char_traits<char>>>::do_get(std::__2::istreambuf_iterator<char, std::__2::char_traits<char>>, std::__2::istreambuf_iterator<char, std::__2::char_traits<char>>, std::__2::ios_base&, unsigned int&, unsigned int&) const",203,1048
639,"std::__2::istreambuf_iterator<char, std::__2::char_traits<char>> std::__2::num_get<char, std::__2::istreambuf_iterator<char, std::__2::char_traits<char>>>::__do_get_unsigned<unsigned int>(std::__2::istreambuf_iterator<char, std::__2::char_traits<char>>, std::__2::istreambuf_iterator<char, std::__2::char_traits<char>>, std::__2::ios_base&, unsigned int&, unsigned int&) const",1591,2808
640,"unsigned int std::__2::__num_get_unsigned_integral[abi:v160000]<unsigned int>(char const*, char const*, unsigned int&, int)",833,1616
641,"std::__2::num_get<char, std::__2::istreambuf_iterator<char, std::__2::char_traits<char>>>::do_get(std::__2::istreambuf_iterator<char, std::__2::char_traits<char>>, std::__2::istreambuf_iterator<char, std::__2::char_traits<char>>, std::__2::ios_base&, unsigned int&, unsigned long&) const",203,1048
642,"std::__2::istreambuf_iterator<char, std::__2::char_traits<char>> std::__2::num_get<char, std::__2::istreambuf_iterator<char, std::__2::char_traits<char>>>::__do_get_unsigned<unsigned long>(std::__2::istreambuf_iterator<char, std::__2::char_traits<char>>, std::__2::istreambuf_iterator<char, std::__2::char_traits<char>>, std::__2::ios_base&, unsigned int&, unsigned long&) const",1591,2808
643,"unsigned long std::__2::__num_get_unsigned_integral[abi:v160000]<unsigned long>(char const*, char const*, unsigned int&, int)",833,1616
644,"std::__2::num_get<char, std::__2::istreambuf_iterator<char, std::__2::char_traits<char>>>::do_get(std::__2::istreambuf_iterator<char, std::__2::char_traits<char>>, std::__2::istreambuf_iterator<char, std::__2::char_traits<char>>, std::__2::ios_base&, unsigned int&, unsigned long long&) const",203,1048
645,"std::__2::istreambuf_iterator<char, std::__2::char_traits<char>> std::__2::num_get<char, std::__2::istreambuf_iterator<char, std::__2::char_traits<char>>>::__do_get_unsigned<unsigned long long>(std::__2::istreambuf_iterator<char, std::__2::char_traits<char>>, std::__2::istreambuf_iterator<char, std::__2::char_traits<char>>, std::__2::ios_base&, unsigned int&, unsigned long long&) const",1595,2808
646,"unsigned long long std::__2::__num_get_unsigned_integral[abi:v160000]<unsigned long long>(char const*, char const*, unsigned int&, int)",837,1608
647,"std::__2::num_get<char, std::__2::istreambuf_iterator<char, std::__2::char_traits<char>>>::do_get(std::__2::istreambuf_iterator<char, std::__2::char_traits<char>>, std::__2::istreambuf_iterator<char, std::__2::char_traits<char>>, std::__2::ios_base&, unsigned int&, float&) const",203,1048
648,"std::__2::istreambuf_iterator<char, std::__2::char_traits<char>> std::__2::num_get<char, std::__2::istreambuf_iterator<char, std::__2::char_traits<char>>>::__do_get_floating_point<float>(std::__2::istreambuf_iterator<char, std::__2::char_traits<char>>, std::__2::istreambuf_iterator<char, std::__2::char_traits<char>>, std::__2::ios_base&, unsigned int&, float&) const",1661,2688
649,"std::__2::__num_get<char>::__stage2_float_prep(std::__2::ios_base&, char*, char&, char&)",332,1376
650,"std::__2::__num_get<char>::__stage2_float_loop(char, bool&, char&, char*, char*&, char, char, std::__2::basic_string<char, std::__2::char_traits<char>, std::__2::allocator<char>> const&, unsigned int*, unsigned int*&, unsigned int&, char*)",2317,2224
651,"float std::__2::__num_get_float[abi:v160000]<float>(char const*, char const*, unsigned int&)",488,1344
652,"std::__2::num_get<char, std::__2::istreambuf_iterator<char, std::__2::char_traits<char>>>::do_get(std::__2::istreambuf_iterator<char, std::__2::char_traits<char>>, std::__2::istreambuf_iterator<char, std::__2::char_traits<char>>, std::__2::ios_base&, unsigned int&, double&) const",203,1048
653,"std::__2::istreambuf_iterator<char, std::__2::char_traits<char>> std::__2::num_get<char, std::__2::istreambuf_iterator<char, std::__2::char_traits<char>>>::__do_get_floating_point<double>(std::__2::istreambuf_iterator<char, std::__2::char_traits<char>>, std::__2::istreambuf_iterator<char, std::__2::char_traits<char>>, std::__2::ios_base&, unsigned int&, double&) const",1661,2688
654,"double std::__2::__num_get_float[abi:v160000]<double>(char const*, char const*, unsigned int&)",488,1352
655,"std::__2::num_get<char, std::__2::istreambuf_iterator<char, std::__2::char_traits<char>>>::do_get(std::__2::istreambuf_iterator<char, std::__2::char_traits<char>>, std::__2::istreambuf_iterator<char, std::__2::char_traits<char>>, std::__2::ios_base&, unsigned int&, long double&) const",203,1048
656,"std::__2::istreambuf_iterator<char, std::__2::char_traits<char>> std::__2::num_get<char, std::__2::istreambuf_iterator<char, std::__2::char_traits<char>>>::__do_get_floating_point<long double>(std::__2::istreambuf_iterator<char, std::__2::char_traits<char>>, std::__2::istreambuf_iterator<char, std::__2::char_traits<char>>, std::__2::ios_base&, unsigned int&, long double&) const",1685,2728
657,"long double std::__2::__num_get_float[abi:v160000]<long double>(char const*, char const*, unsigned int&)",544,1432
658,"std::__2::num_get<char, std::__2::istreambuf_iterator<char, std::__2::char_traits<char>>>::do_get(std::__2::istreambuf_iterator<char, std::__2::char_traits<char>>, std::__2::istreambuf_iterator<char, std::__2::char_traits<char>>, std::__2::ios_base&, unsigned int&, void*&) const",1551,2784
659,"std::__2::ctype<char>::widen[abi:v160000](char const*, char const*, char*) const",144,984
660,std::__2::__cloc(),161,904
661,"std::__2::__libcpp_sscanf_l(char const*, __locale_struct*, char const*, ...)",197,1120
662,"char const* std::__2::find[abi:v160000]<char const*, char>(char const*, char const*, char const&)",233,600
663,std::__2::__libcpp_locale_guard::__libcpp_locale_guard[abi:v160000](__locale_struct*&),107,936
664,std::__2::__libcpp_locale_guard::~__libcpp_locale_guard[abi:v160000](),144,928
665,"std::__2::num_get<wchar_t, std::__2::istreambuf_iterator<wchar_t, std::__2::char_traits<wchar_t>>>::do_get(std::__2::istreambuf_iterator<wchar_t, std::__2::char_traits<wchar_t>>, std::__2::istreambuf_iterator<wchar_t, std::__2::char_traits<wchar_t>>, std::__2::ios_base&, unsigned int&, bool&) const",977,2144
666,std::__2::numpunct<wchar_t> const& std::__2::use_facet[abi:v160000]<std::__2::numpunct<wchar_t>>(std::__2::locale const&),88,904
667,std::__2::numpunct<wchar_t>::truename[abi:v160000]() const,100,928
668,std::__2::numpunct<wchar_t>::falsename[abi:v160000]() const,101,928
669,"std::__2::basic_string<wchar_t, std::__2::char_traits<wchar_t>, std::__2::allocator<wchar_t>> const* std::__2::__scan_keyword[abi:v160000]<std::__2::istreambuf_iterator<wchar_t, std::__2::char_traits<wchar_t>>, std::__2::basic_string<wchar_t, std::__2::char_traits<wchar_t>, std::__2::allocator<wchar_t>> const*, std::__2::ctype<wchar_t>>(std::__2::istreambuf_iterator<wchar_t, std::__2::char_traits<wchar_t>>&, std::__2::istreambuf_iterator<wchar_t, std::__2::char_traits<wchar_t>>, std::__2::basic_string<wchar_t, std::__2::char_traits<wchar_t>, std::__2::allocator<wchar_t>> const*, std::__2::basic_string<wchar_t, std::__2::char_traits<wchar_t>, std::__2::allocator<wchar_t>> const*, std::__2::ctype<wchar_t> const&, unsigned int&, bool)",2640,2944
670,"std::__2::iterator_traits<std::__2::basic_string<wchar_t, std::__2::char_traits<wchar_t>, std::__2::allocator<wchar_t>> const*>::difference_type std::__2::distance[abi:v160000]<std::__2::basic_string<wchar_t, std::__2::char_traits<wchar_t>, std::__2::allocator<wchar_t>> const*>(std::__2::basic_string<wchar_t, std::__2::char_traits<wchar_t>, std::__2::allocator<wchar_t>> const*, std::__2::basic_string<wchar_t, std::__2::char_traits<wchar_t>, std::__2::allocator<wchar_t>> const*)",94,912
671,"std::__2::basic_string<wchar_t, std::__2::char_traits<wchar_t>, std::__2::allocator<wchar_t>>::empty[abi:v160000]() const",108,904
672,std::__2::ctype<wchar_t>::toupper[abi:v160000](wchar_t) const,120,952
673,"std::__2::num_get<wchar_t, std::__2::istreambuf_iterator<wchar_t, std::__2::char_traits<wchar_t>>>::do_get(std::__2::istreambuf_iterator<wchar_t, std::__2::char_traits<wchar_t>>, std::__2::istreambuf_iterator<wchar_t, std::__2::char_traits<wchar_t>>, std::__2::ios_base&, unsigned int&, long&) const",203,1048
674,"std::__2::istreambuf_iterator<wchar_t, std::__2::char_traits<wchar_t>> std::__2::num_get<wchar_t, std::__2::istreambuf_iterator<wchar_t, std::__2::char_traits<wchar_t>>>::__do_get_signed<long>(std::__2::istreambuf_iterator<wchar_t, std::__2::char_traits<wchar_t>>, std::__2::istreambuf_iterator<wchar_t, std::__2::char_traits<wchar_t>>, std::__2::ios_base&, unsigned int&, long&) const",1554,2816
675,"std::__2::__num_get<wchar_t>::__do_widen(std::__2::ios_base&, wchar_t*) const",111,936
676,"std::__2::__num_get<wchar_t>::__stage2_int_prep(std::__2::ios_base&, wchar_t&)",221,1200
677,"std::__2::__num_get<wchar_t>::__stage2_int_loop(wchar_t, int, char*, char*&, unsigned int&, wchar_t, std::__2::basic_string<char, std::__2::char_traits<char>, std::__2::allocator<char>> const&, unsigned int*, unsigned int*&, wchar_t const*)",1482,1584
678,"std::__2::num_get<wchar_t, std::__2::istreambuf_iterator<wchar_t, std::__2::char_traits<wchar_t>>>::do_get(std::__2::istreambuf_iterator<wchar_t, std::__2::char_traits<wchar_t>>, std::__2::istreambuf_iterator<wchar_t, std::__2::char_traits<wchar_t>>, std::__2::ios_base&, unsigned int&, long long&) const",203,1048
679,"std::__2::istreambuf_iterator<wchar_t, std::__2::char_traits<wchar_t>> std::__2::num_get<wchar_t, std::__2::istreambuf_iterator<wchar_t, std::__2::char_traits<wchar_t>>>::__do_get_signed<long long>(std::__2::istreambuf_iterator<wchar_t, std::__2::char_traits<wchar_t>>, std::__2::istreambuf_iterator<wchar_t, std::__2::char_traits<wchar_t>>, std::__2::ios_base&, unsigned int&, long long&) const",1559,2816
680,"std::__2::num_get<wchar_t, std::__2::istreambuf_iterator<wchar_t, std::__2::char_traits<wchar_t>>>::do_get(std::__2::istreambuf_iterator<wchar_t, std::__2::char_traits<wchar_t>>, std::__2::istreambuf_iterator<wchar_t, std::__2::char_traits<wchar_t>>, std::__2::ios_base&, unsigned int&, unsigned short&) const",203,1048
681,"std::__2::istreambuf_iterator<wchar_t, std::__2::char_traits<wchar_t>> std::__2::num_get<wchar_t, std::__2::istreambuf_iterator<wchar_t, std::__2::char_traits<wchar_t>>>::__do_get_unsigned<unsigned short>(std::__2::istreambuf_iterator<wchar_t, std::__2::char_traits<wchar_t>>, std::__2::istreambuf_iterator<wchar_t, std::__2::char_traits<wchar_t>>, std::__2::ios_base&, unsigned int&, unsigned short&) const",1555,2816
682,"std::__2::num_get<wchar_t, std::__2::istreambuf_iterator<wchar_t, std::__2::char_traits<wchar_t>>>::do_get(std::__2::istreambuf_iterator<wchar_t, std::__2::char_traits<wchar_t>>, std::__2::istreambuf_iterator<wchar_t, std::__2::char_traits<wchar_t>>, std::__2::ios_base&, unsigned int&, unsigned int&) const",203,1048
683,"std::__2::istreambuf_iterator<wchar_t, std::__2::char_traits<wchar_t>> std::__2::num_get<wchar_t, std::__2::istreambuf_iterator<wchar_t, std::__2::char_traits<wchar_t>>>::__do_get_unsigned<unsigned int>(std::__2::istreambuf_iterator<wchar_t, std::__2::char_traits<wchar_t>>, std::__2::istreambuf_iterator<wchar_t, std::__2::char_traits<wchar_t>>, std::__2::ios_base&, unsigned int&, unsigned int&) const",1555,2816
684,"std::__2::num_get<wchar_t, std::__2::istreambuf_iterator<wchar_t, std::__2::char_traits<wchar_t>>>::do_get(std::__2::istreambuf_iterator<wchar_t, std::__2::char_traits<wchar_t>>, std::__2::istreambuf_iterator<wchar_t, std::__2::char_traits<wchar_t>>, std::__2::ios_base&, unsigned int&, unsigned long&) const",203,1048
685,"std::__2::istreambuf_iterator<wchar_t, std::__2::char_traits<wchar_t>> std::__2::num_get<wchar_t, std::__2::istreambuf_iterator<wchar_t, std::__2::char_traits<wchar_t>>>::__do_get_unsigned<unsigned long>(std::__2::istreambuf_iterator<wchar_t, std::__2::char_traits<wchar_t>>, std::__2::istreambuf_iterator<wchar_t, std::__2::char_traits<wchar_t>>, std::__2::ios_base&, unsigned int&, unsigned long&) const",1555,2816
686,"std::__2::num_get<wchar_t, std::__2::istreambuf_iterator<wchar_t, std::__2::char_traits<wchar_t>>>::do_get(std::__2::istreambuf_iterator<wchar_t, std::__2::char_traits<wchar_t>>, std::__2::istreambuf_iterator<wchar_t, std::__2::char_traits<wchar_t>>, std::__2::ios_base&, unsigned int&, unsigned long long&) const",203,1048
687,"std::__2::istreambuf_iterator<wchar_t, std::__2::char_traits<wchar_t>> std::__2::num_get<wchar_t, std::__2::istreambuf_iterator<wchar_t, std::__2::char_traits<wchar_t>>>::__do_get_unsigned<unsigned long long>(std::__2::istreambuf_iterator<wchar_t, std::__2::char_traits<wchar_t>>, std::__2::istreambuf_iterator<wchar_t, std::__2::char_traits<wchar_t>>, std::__2::ios_base&, unsigned int&, unsigned long long&) const",1559,2816
688,"std::__2::num_get<wchar_t, std::__2::istreambuf_iterator<wchar_t, std::__2::char_traits<wchar_t>>>::do_get(std::__2::istreambuf_iterator<wchar_t, std::__2::char_traits<wchar_t>>, std::__2::istreambuf_iterator<wchar_t, std::__2::char_traits<wchar_t>>, std::__2::ios_base&, unsigned int&, float&) const",203,1048
689,"std::__2::istreambuf_iterator<wchar_t, std::__2::char_traits<wchar_t>> std::__2::num_get<wchar_t, std::__2::istreambuf_iterator<wchar_t, std::__2::char_traits<wchar_t>>>::__do_get_floating_point<float>(std::__2::istreambuf_iterator<wchar_t, std::__2::char_traits<wchar_t>>, std::__2::istreambuf_iterator<wchar_t, std::__2::char_traits<wchar_t>>, std::__2::ios_base&, unsigned int&, float&) const",1605,2696
690,"std::__2::__num_get<wchar_t>::__stage2_float_prep(std::__2::ios_base&, wchar_t*, wchar_t&, wchar_t&)",332,1376
691,"std::__2::__num_get<wchar_t>::__stage2_float_loop(wchar_t, bool&, char&, char*, char*&, wchar_t, wchar_t, std::__2::basic_string<char, std::__2::char_traits<char>, std::__2::allocator<char>> const&, unsigned int*, unsigned int*&, unsigned int&, wchar_t*)",2236,2224
692,"std::__2::num_get<wchar_t, std::__2::istreambuf_iterator<wchar_t, std::__2::char_traits<wchar_t>>>::do_get(std::__2::istreambuf_iterator<wchar_t, std::__2::char_traits<wchar_t>>, std::__2::istreambuf_iterator<wchar_t, std::__2::char_traits<wchar_t>>, std::__2::ios_base&, unsigned int&, double&) const",203,1048
693,"std::__2::istreambuf_iterator<wchar_t, std::__2::char_traits<wchar_t>> std::__2::num_get<wchar_t, std::__2::istreambuf_iterator<wchar_t, std::__2::char_traits<wchar_t>>>::__do_get_floating_point<double>(std::__2::istreambuf_iterator<wchar_t, std::__2::char_traits<wchar_t>>, std::__2::istreambuf_iterator<wchar_t, std::__2::char_traits<wchar_t>>, std::__2::ios_base&, unsigned int&, double&) const",1605,2696
694,"std::__2::num_get<wchar_t, std::__2::istreambuf_iterator<wchar_t, std::__2::char_traits<wchar_t>>>::do_get(std::__2::istreambuf_iterator<wchar_t, std::__2::char_traits<wchar_t>>, std::__2::istreambuf_iterator<wchar_t, std::__2::char_traits<wchar_t>>, std::__2::ios_base&, unsigned int&, long double&) const",203,1048
695,"std::__2::istreambuf_iterator<wchar_t, std::__2::char_traits<wchar_t>> std::__2::num_get<wchar_t, std::__2::istreambuf_iterator<wchar_t, std::__2::char_traits<wchar_t>>>::__do_get_floating_point<long double>(std::__2::istreambuf_iterator<wchar_t, std::__2::char_traits<wchar_t>>, std::__2::istreambuf_iterator<wchar_t, std::__2::char_traits<wchar_t>>, std::__2::ios_base&, unsigned int&, long double&) const",1629,2736
696,"std::__2::num_get<wchar_t, std::__2::istreambuf_iterator<wchar_t, std::__2::char_traits<wchar_t>>>::do_get(std::__2::istreambuf_iterator<wchar_t, std::__2::char_traits<wchar_t>>, std::__2::istreambuf_iterator<wchar_t, std::__2::char_traits<wchar_t>>, std::__2::ios_base&, unsigned int&, void*&) const",1513,2784
697,"std::__2::ctype<wchar_t>::widen[abi:v160000](char const*, char const*, wchar_t*) const",144,984
698,"wchar_t const* std::__2::find[abi:v160000]<wchar_t const*, wchar_t>(wchar_t const*, wchar_t const*, wchar_t const&)",197,600
699,std::__2::numpunct<char>::decimal_point[abi:v160000]() const,113,928
700,std::__2::numpunct<char>::thousands_sep[abi:v160000]() const,113,928
701,std::__2::numpunct<char>::grouping[abi:v160000]() const,101,928
702,"char* std::__2::find[abi:v160000]<char*, char>(char*, char*, char const&)",233,600
703,"std::__2::__num_get<char>::__do_widen_p(std::__2::ios_base&, char*) const",56,568
704,std::__2::numpunct<wchar_t>::decimal_point[abi:v160000]() const,99,928
705,std::__2::numpunct<wchar_t>::thousands_sep[abi:v160000]() const,99,928
706,std::__2::numpunct<wchar_t>::grouping[abi:v160000]() const,101,928
707,"wchar_t* std::__2::find[abi:v160000]<wchar_t*, wchar_t>(wchar_t*, wchar_t*, wchar_t const&)",198,600
708,"wchar_t const* std::__2::__num_get<wchar_t>::__do_widen_p<wchar_t>(std::__2::ios_base&, wchar_t*) const",183,1136
709,"std::__2::num_put<char, std::__2::ostreambuf_iterator<char, std::__2::char_traits<char>>>::do_put(std::__2::ostreambuf_iterator<char, std::__2::char_traits<char>>, std::__2::ios_base&, char, bool) const",760,1896
710,"std::__2::basic_string<char, std::__2::char_traits<char>, std::__2::allocator<char>>::end[abi:v160000]()",121,1032
711,"bool std::__2::operator!=[abi:v160000]<char*>(std::__2::__wrap_iter<char*> const&, std::__2::__wrap_iter<char*> const&)",116,920
712,std::__2::__wrap_iter<char*>::operator*[abi:v160000]() const,48,536
713,std::__2::__wrap_iter<char*>::operator++[abi:v160000](),66,536
714,"bool std::__2::operator==[abi:v160000]<char*>(std::__2::__wrap_iter<char*> const&, std::__2::__wrap_iter<char*> const&)",129,1008
715,"std::__2::num_put<char, std::__2::ostreambuf_iterator<char, std::__2::char_traits<char>>>::do_put(std::__2::ostreambuf_iterator<char, std::__2::char_traits<char>>, std::__2::ios_base&, char, long) const",199,1032
716,"std::__2::ostreambuf_iterator<char, std::__2::char_traits<char>> std::__2::num_put<char, std::__2::ostreambuf_iterator<char, std::__2::char_traits<char>>>::__do_put_integral[abi:v160000]<long>(std::__2::ostreambuf_iterator<char, std::__2::char_traits<char>>, std::__2::ios_base&, char, long, char const*) const",684,1776
717,"std::__2::__num_put_base::__format_int(char*, char const*, bool, unsigned int)",737,792
718,"std::__2::__libcpp_snprintf_l(char*, unsigned long, __locale_struct*, char const*, ...)",213,1160
719,"std::__2::__num_put_base::__identify_padding(char*, char*, std::__2::ios_base const&)",667,1080
720,"std::__2::__num_put<char>::__widen_and_group_int(char*, char*, char*, char*, char*&, char*&, std::__2::locale const&)",2186,2696
721,"std::__2::num_put<char, std::__2::ostreambuf_iterator<char, std::__2::char_traits<char>>>::do_put(std::__2::ostreambuf_iterator<char, std::__2::char_traits<char>>, std::__2::ios_base&, char, long long) const",203,1024
722,"std::__2::ostreambuf_iterator<char, std::__2::char_traits<char>> std::__2::num_put<char, std::__2::ostreambuf_iterator<char, std::__2::char_traits<char>>>::__do_put_integral[abi:v160000]<long long>(std::__2::ostreambuf_iterator<char, std::__2::char_traits<char>>, std::__2::ios_base&, char, long long, char const*) const",702,1784
723,"std::__2::num_put<char, std::__2::ostreambuf_iterator<char, std::__2::char_traits<char>>>::do_put(std::__2::ostreambuf_iterator<char, std::__2::char_traits<char>>, std::__2::ios_base&, char, unsigned long) const",199,1032
724,"std::__2::ostreambuf_iterator<char, std::__2::char_traits<char>> std::__2::num_put<char, std::__2::ostreambuf_iterator<char, std::__2::char_traits<char>>>::__do_put_integral[abi:v160000]<unsigned long>(std::__2::ostreambuf_iterator<char, std::__2::char_traits<char>>, std::__2::ios_base&, char, unsigned long, char const*) const",684,1776
725,"std::__2::num_put<char, std::__2::ostreambuf_iterator<char, std::__2::char_traits<char>>>::do_put(std::__2::ostreambuf_iterator<char, std::__2::char_traits<char>>, std::__2::ios_base&, char, unsigned long long) const",203,1024
726,"std::__2::ostreambuf_iterator<char, std::__2::char_traits<char>> std::__2::num_put<char, std::__2::ostreambuf_iterator<char, std::__2::char_traits<char>>>::__do_put_integral[abi:v160000]<unsigned long long>(std::__2::ostreambuf_iterator<char, std::__2::char_traits<char>>, std::__2::ios_base&, char, unsigned long long, char const*) const",702,1784
727,"std::__2::num_put<char, std::__2::ostreambuf_iterator<char, std::__2::char_traits<char>>>::do_put(std::__2::ostreambuf_iterator<char, std::__2::char_traits<char>>, std::__2::ios_base&, char, double) const",203,1032
728,"std::__2::ostreambuf_iterator<char, std::__2::char_traits<char>> std::__2::num_put<char, std::__2::ostreambuf_iterator<char, std::__2::char_traits<char>>>::__do_put_floating_point[abi:v160000]<double>(std::__2::ostreambuf_iterator<char, std::__2::char_traits<char>>, std::__2::ios_base&, char, double, char const*) const",1754,2848
729,"std::__2::__num_put_base::__format_float(char*, char const*, unsigned int)",985,912
730,std::__2::ios_base::precision[abi:v160000]() const,48,544
731,"std::__2::unique_ptr<char, void (*)(void*)>::unique_ptr[abi:v160000]<true, void>(char*, std::__2::__dependent_type<std::__2::__unique_ptr_deleter_sfinae<void (*)(void*)>, true>::__good_rval_ref_type)",118,944
732,"std::__2::__libcpp_asprintf_l(char**, __locale_struct*, char const*, ...)",197,1120
733,"std::__2::unique_ptr<char, void (*)(void*)>::reset[abi:v160000](char*)",202,1152
734,"std::__2::__num_put<char>::__widen_and_group_float(char*, char*, char*, char*, char*&, char*&, std::__2::locale const&)",3123,3480
735,"std::__2::unique_ptr<char, void (*)(void*)>::~unique_ptr[abi:v160000]()",83,912
736,"std::__2::num_put<char, std::__2::ostreambuf_iterator<char, std::__2::char_traits<char>>>::do_put(std::__2::ostreambuf_iterator<char, std::__2::char_traits<char>>, std::__2::ios_base&, char, long double) const",208,1048
737,"std::__2::ostreambuf_iterator<char, std::__2::char_traits<char>> std::__2::num_put<char, std::__2::ostreambuf_iterator<char, std::__2::char_traits<char>>>::__do_put_floating_point[abi:v160000]<long double>(std::__2::ostreambuf_iterator<char, std::__2::char_traits<char>>, std::__2::ios_base&, char, long double, char const*) const",1901,2968
738,"std::__2::num_put<char, std::__2::ostreambuf_iterator<char, std::__2::char_traits<char>>>::do_put(std::__2::ostreambuf_iterator<char, std::__2::char_traits<char>>, std::__2::ios_base&, char, void const*) const",738,1688
739,std::__2::ios_base::width[abi:v160000]() const,49,544
740,"std::__2::basic_string<char, std::__2::char_traits<char>, std::__2::allocator<char>>::basic_string[abi:v160000](unsigned long, char)",177,1096
741,std::__2::ios_base::width[abi:v160000](long),84,576
742,"std::__2::num_put<wchar_t, std::__2::ostreambuf_iterator<wchar_t, std::__2::char_traits<wchar_t>>>::do_put(std::__2::ostreambuf_iterator<wchar_t, std::__2::char_traits<wchar_t>>, std::__2::ios_base&, wchar_t, bool) const",722,1936
743,"std::__2::basic_string<wchar_t, std::__2::char_traits<wchar_t>, std::__2::allocator<wchar_t>>::end[abi:v160000]()",132,1040
744,"bool std::__2::operator!=[abi:v160000]<wchar_t*>(std::__2::__wrap_iter<wchar_t*> const&, std::__2::__wrap_iter<wchar_t*> const&)",116,920
745,std::__2::__wrap_iter<wchar_t*>::operator*[abi:v160000]() const,48,536
746,std::__2::__wrap_iter<wchar_t*>::operator++[abi:v160000](),66,536
747,"bool std::__2::operator==[abi:v160000]<wchar_t*>(std::__2::__wrap_iter<wchar_t*> const&, std::__2::__wrap_iter<wchar_t*> const&)",129,1008
748,"std::__2::num_put<wchar_t, std::__2::ostreambuf_iterator<wchar_t, std::__2::char_traits<wchar_t>>>::do_put(std::__2::ostreambuf_iterator<wchar_t, std::__2::char_traits<wchar_t>>, std::__2::ios_base&, wchar_t, long) const",185,1024
749,"std::__2::ostreambuf_iterator<wchar_t, std::__2::char_traits<wchar_t>> std::__2::num_put<wchar_t, std::__2::ostreambuf_iterator<wchar_t, std::__2::char_traits<wchar_t>>>::__do_put_integral[abi:v160000]<long>(std::__2::ostreambuf_iterator<wchar_t, std::__2::char_traits<wchar_t>>, std::__2::ios_base&, wchar_t, long, char const*) const",691,1776
750,"std::__2::__num_put<wchar_t>::__widen_and_group_int(char*, char*, char*, wchar_t*, wchar_t*&, wchar_t*&, std::__2::locale const&)",2231,2688
751,"std::__2::ostreambuf_iterator<wchar_t, std::__2::char_traits<wchar_t>> std::__2::__pad_and_output[abi:v160000]<wchar_t, std::__2::char_traits<wchar_t>>(std::__2::ostreambuf_iterator<wchar_t, std::__2::char_traits<wchar_t>>, wchar_t const*, wchar_t const*, wchar_t const*, std::__2::ios_base&, wchar_t)",1010,1832
752,"std::__2::num_put<wchar_t, std::__2::ostreambuf_iterator<wchar_t, std::__2::char_traits<wchar_t>>>::do_put(std::__2::ostreambuf_iterator<wchar_t, std::__2::char_traits<wchar_t>>, std::__2::ios_base&, wchar_t, long long) const",189,1024
753,"std::__2::ostreambuf_iterator<wchar_t, std::__2::char_traits<wchar_t>> std::__2::num_put<wchar_t, std::__2::ostreambuf_iterator<wchar_t, std::__2::char_traits<wchar_t>>>::__do_put_integral[abi:v160000]<long long>(std::__2::ostreambuf_iterator<wchar_t, std::__2::char_traits<wchar_t>>, std::__2::ios_base&, wchar_t, long long, char const*) const",695,1784
754,"std::__2::num_put<wchar_t, std::__2::ostreambuf_iterator<wchar_t, std::__2::char_traits<wchar_t>>>::do_put(std::__2::ostreambuf_iterator<wchar_t, std::__2::char_traits<wchar_t>>, std::__2::ios_base&, wchar_t, unsigned long) const",185,1024
755,"std::__2::ostreambuf_iterator<wchar_t, std::__2::char_traits<wchar_t>> std::__2::num_put<wchar_t, std::__2::ostreambuf_iterator<wchar_t, std::__2::char_traits<wchar_t>>>::__do_put_integral[abi:v160000]<unsigned long>(std::__2::ostreambuf_iterator<wchar_t, std::__2::char_traits<wchar_t>>, std::__2::ios_base&, wchar_t, unsigned long, char const*) const",691,1776
756,"std::__2::num_put<wchar_t, std::__2::ostreambuf_iterator<wchar_t, std::__2::char_traits<wchar_t>>>::do_put(std::__2::ostreambuf_iterator<wchar_t, std::__2::char_traits<wchar_t>>, std::__2::ios_base&, wchar_t, unsigned long long) const",189,1024
757,"std::__2::ostreambuf_iterator<wchar_t, std::__2::char_traits<wchar_t>> std::__2::num_put<wchar_t, std::__2::ostreambuf_iterator<wchar_t, std::__2::char_traits<wchar_t>>>::__do_put_integral[abi:v160000]<unsigned long long>(std::__2::ostreambuf_iterator<wchar_t, std::__2::char_traits<wchar_t>>, std::__2::ios_base&, wchar_t, unsigned long long, char const*) const",695,1784
758,"std::__2::num_put<wchar_t, std::__2::ostreambuf_iterator<wchar_t, std::__2::char_traits<wchar_t>>>::do_put(std::__2::ostreambuf_iterator<wchar_t, std::__2::char_traits<wchar_t>>, std::__2::ios_base&, wchar_t, double) const",189,1032
759,"std::__2::ostreambuf_iterator<wchar_t, std::__2::char_traits<wchar_t>> std::__2::num_put<wchar_t, std::__2::ostreambuf_iterator<wchar_t, std::__2::char_traits<wchar_t>>>::__do_put_floating_point[abi:v160000]<double>(std::__2::ostreambuf_iterator<wchar_t, std::__2::char_traits<wchar_t>>, std::__2::ios_base&, wchar_t, double, char const*) const",1734,2848
760,"std::__2::unique_ptr<wchar_t, void (*)(void*)>::unique_ptr[abi:v160000]<true, void>(wchar_t*, std::__2::__dependent_type<std::__2::__unique_ptr_deleter_sfinae<void (*)(void*)>, true>::__good_rval_ref_type)",118,944
761,"std::__2::unique_ptr<wchar_t, void (*)(void*)>::reset[abi:v160000](wchar_t*)",202,1152
762,"std::__2::__num_put<wchar_t>::__widen_and_group_float(char*, char*, char*, wchar_t*, wchar_t*&, wchar_t*&, std::__2::locale const&)",3183,3496
763,"std::__2::unique_ptr<wchar_t, void (*)(void*)>::~unique_ptr[abi:v160000]()",83,912
764,"std::__2::num_put<wchar_t, std::__2::ostreambuf_iterator<wchar_t, std::__2::char_traits<wchar_t>>>::do_put(std::__2::ostreambuf_iterator<wchar_t, std::__2::char_traits<wchar_t>>, std::__2::ios_base&, wchar_t, long double) const",203,1048
765,"std::__2::ostreambuf_iterator<wchar_t, std::__2::char_traits<wchar_t>> std::__2::num_put<wchar_t, std::__2::ostreambuf_iterator<wchar_t, std::__2::char_traits<wchar_t>>>::__do_put_floating_point[abi:v160000]<long double>(std::__2::ostreambuf_iterator<wchar_t, std::__2::char_traits<wchar_t>>, std::__2::ios_base&, wchar_t, long double, char const*) const",1882,2968
766,"std::__2::num_put<wchar_t, std::__2::ostreambuf_iterator<wchar_t, std::__2::char_traits<wchar_t>>>::do_put(std::__2::ostreambuf_iterator<wchar_t, std::__2::char_traits<wchar_t>>, std::__2::ios_base&, wchar_t, void const*) const",757,1680
767,"std::__2::basic_string<wchar_t, std::__2::char_traits<wchar_t>, std::__2::allocator<wchar_t>>::data[abi:v160000]()",88,936
768,"void std::__2::reverse[abi:v160000]<char*>(char*, char*)",90,896
769,"void std::__2::__reverse[abi:v160000]<std::__2::_ClassicAlgPolicy, char*, char*>(char*, char*)",90,896
770,"void std::__2::reverse[abi:v160000]<wchar_t*>(wchar_t*, wchar_t*)",90,896
771,"void std::__2::__reverse[abi:v160000]<std::__2::_ClassicAlgPolicy, wchar_t*, wchar_t*>(wchar_t*, wchar_t*)",91,896
772,"std::__2::time_get<char, std::__2::istreambuf_iterator<char, std::__2::char_traits<char>>>::get(std::__2::istreambuf_iterator<char, std::__2::char_traits<char>>, std::__2::istreambuf_iterator<char, std::__2::char_traits<char>>, std::__2::ios_base&, unsigned int&, tm*, char const*, char const*) const",2437,2896
773,"std::__2::ctype<char>::narrow[abi:v160000](char, char) const",181,976
774,"std::__2::time_get<char, std::__2::istreambuf_iterator<char, std::__2::char_traits<char>>>::do_date_order() const",39,536
775,"std::__2::time_get<char, std::__2::istreambuf_iterator<char, std::__2::char_traits<char>>>::do_get_time(std::__2::istreambuf_iterator<char, std::__2::char_traits<char>>, std::__2::istreambuf_iterator<char, std::__2::char_traits<char>>, std::__2::ios_base&, unsigned int&, tm*) const",274,1104
776,"std::__2::time_get<char, std::__2::istreambuf_iterator<char, std::__2::char_traits<char>>>::do_get_date(std::__2::istreambuf_iterator<char, std::__2::char_traits<char>>, std::__2::istreambuf_iterator<char, std::__2::char_traits<char>>, std::__2::ios_base&, unsigned int&, tm*) const",310,1440
777,"std::__2::time_get<char, std::__2::istreambuf_iterator<char, std::__2::char_traits<char>>>::do_get_weekday(std::__2::istreambuf_iterator<char, std::__2::char_traits<char>>, std::__2::istreambuf_iterator<char, std::__2::char_traits<char>>, std::__2::ios_base&, unsigned int&, tm*) const",312,1288
778,"std::__2::time_get<char, std::__2::istreambuf_iterator<char, std::__2::char_traits<char>>>::__get_weekdayname(int&, std::__2::istreambuf_iterator<char, std::__2::char_traits<char>>&, std::__2::istreambuf_iterator<char, std::__2::char_traits<char>>, unsigned int&, std::__2::ctype<char> const&) const",361,1232
779,"std::__2::time_get<char, std::__2::istreambuf_iterator<char, std::__2::char_traits<char>>>::do_get_monthname(std::__2::istreambuf_iterator<char, std::__2::char_traits<char>>, std::__2::istreambuf_iterator<char, std::__2::char_traits<char>>, std::__2::ios_base&, unsigned int&, tm*) const",312,1288
780,"std::__2::time_get<char, std::__2::istreambuf_iterator<char, std::__2::char_traits<char>>>::__get_monthname(int&, std::__2::istreambuf_iterator<char, std::__2::char_traits<char>>&, std::__2::istreambuf_iterator<char, std::__2::char_traits<char>>, unsigned int&, std::__2::ctype<char> const&) const",361,1232
781,"std::__2::time_get<char, std::__2::istreambuf_iterator<char, std::__2::char_traits<char>>>::do_get_year(std::__2::istreambuf_iterator<char, std::__2::char_traits<char>>, std::__2::istreambuf_iterator<char, std::__2::char_traits<char>>, std::__2::ios_base&, unsigned int&, tm*) const",312,1288
782,"std::__2::time_get<char, std::__2::istreambuf_iterator<char, std::__2::char_traits<char>>>::__get_year(int&, std::__2::istreambuf_iterator<char, std::__2::char_traits<char>>&, std::__2::istreambuf_iterator<char, std::__2::char_traits<char>>, unsigned int&, std::__2::ctype<char> const&) const",423,1096
783,"int std::__2::__get_up_to_n_digits[abi:v160000]<char, std::__2::istreambuf_iterator<char, std::__2::char_traits<char>>>(std::__2::istreambuf_iterator<char, std::__2::char_traits<char>>&, std::__2::istreambuf_iterator<char, std::__2::char_traits<char>>, unsigned int&, std::__2::ctype<char> const&, int)",989,1944
784,"std::__2::time_get<char, std::__2::istreambuf_iterator<char, std::__2::char_traits<char>>>::do_get(std::__2::istreambuf_iterator<char, std::__2::char_traits<char>>, std::__2::istreambuf_iterator<char, std::__2::char_traits<char>>, std::__2::ios_base&, unsigned int&, tm*, char, char) const",3806,7624
785,"std::__2::time_get<char, std::__2::istreambuf_iterator<char, std::__2::char_traits<char>>>::__get_day(int&, std::__2::istreambuf_iterator<char, std::__2::char_traits<char>>&, std::__2::istreambuf_iterator<char, std::__2::char_traits<char>>, unsigned int&, std::__2::ctype<char> const&) const",340,1072
786,"std::__2::time_get<char, std::__2::istreambuf_iterator<char, std::__2::char_traits<char>>>::__get_hour(int&, std::__2::istreambuf_iterator<char, std::__2::char_traits<char>>&, std::__2::istreambuf_iterator<char, std::__2::char_traits<char>>, unsigned int&, std::__2::ctype<char> const&) const",298,1072
787,"std::__2::time_get<char, std::__2::istreambuf_iterator<char, std::__2::char_traits<char>>>::__get_12_hour(int&, std::__2::istreambuf_iterator<char, std::__2::char_traits<char>>&, std::__2::istreambuf_iterator<char, std::__2::char_traits<char>>, unsigned int&, std::__2::ctype<char> const&) const",340,1072
788,"std::__2::time_get<char, std::__2::istreambuf_iterator<char, std::__2::char_traits<char>>>::__get_day_year_num(int&, std::__2::istreambuf_iterator<char, std::__2::char_traits<char>>&, std::__2::istreambuf_iterator<char, std::__2::char_traits<char>>, unsigned int&, std::__2::ctype<char> const&) const",299,1072
789,"std::__2::time_get<char, std::__2::istreambuf_iterator<char, std::__2::char_traits<char>>>::__get_month(int&, std::__2::istreambuf_iterator<char, std::__2::char_traits<char>>&, std::__2::istreambuf_iterator<char, std::__2::char_traits<char>>, unsigned int&, std::__2::ctype<char> const&) const",351,1088
790,"std::__2::time_get<char, std::__2::istreambuf_iterator<char, std::__2::char_traits<char>>>::__get_minute(int&, std::__2::istreambuf_iterator<char, std::__2::char_traits<char>>&, std::__2::istreambuf_iterator<char, std::__2::char_traits<char>>, unsigned int&, std::__2::ctype<char> const&) const",298,1072
791,"std::__2::time_get<char, std::__2::istreambuf_iterator<char, std::__2::char_traits<char>>>::__get_white_space(std::__2::istreambuf_iterator<char, std::__2::char_traits<char>>&, std::__2::istreambuf_iterator<char, std::__2::char_traits<char>>, unsigned int&, std::__2::ctype<char> const&) const",353,1320
792,"std::__2::time_get<char, std::__2::istreambuf_iterator<char, std::__2::char_traits<char>>>::__get_am_pm(int&, std::__2::istreambuf_iterator<char, std::__2::char_traits<char>>&, std::__2::istreambuf_iterator<char, std::__2::char_traits<char>>, unsigned int&, std::__2::ctype<char> const&) const",588,1416
793,"std::__2::time_get<char, std::__2::istreambuf_iterator<char, std::__2::char_traits<char>>>::__get_second(int&, std::__2::istreambuf_iterator<char, std::__2::char_traits<char>>&, std::__2::istreambuf_iterator<char, std::__2::char_traits<char>>, unsigned int&, std::__2::ctype<char> const&) const",298,1072
794,"std::__2::time_get<char, std::__2::istreambuf_iterator<char, std::__2::char_traits<char>>>::__get_weekday(int&, std::__2::istreambuf_iterator<char, std::__2::char_traits<char>>&, std::__2::istreambuf_iterator<char, std::__2::char_traits<char>>, unsigned int&, std::__2::ctype<char> const&) const",298,1072
795,"std::__2::time_get<char, std::__2::istreambuf_iterator<char, std::__2::char_traits<char>>>::__get_year4(int&, std::__2::istreambuf_iterator<char, std::__2::char_traits<char>>&, std::__2::istreambuf_iterator<char, std::__2::char_traits<char>>, unsigned int&, std::__2::ctype<char> const&) const",231,1072
796,"std::__2::time_get<char, std::__2::istreambuf_iterator<char, std::__2::char_traits<char>>>::__get_percent(std::__2::istreambuf_iterator<char, std::__2::char_traits<char>>&, std::__2::istreambuf_iterator<char, std::__2::char_traits<char>>, unsigned int&, std::__2::ctype<char> const&) const",441,1272
797,"std::__2::time_get<wchar_t, std::__2::istreambuf_iterator<wchar_t, std::__2::char_traits<wchar_t>>>::get(std::__2::istreambuf_iterator<wchar_t, std::__2::char_traits<wchar_t>>, std::__2::istreambuf_iterator<wchar_t, std::__2::char_traits<wchar_t>>, std::__2::ios_base&, unsigned int&, tm*, wchar_t const*, wchar_t const*) const",2237,2888
798,"std::__2::ctype<wchar_t>::narrow[abi:v160000](wchar_t, char) const",167,976
799,"std::__2::time_get<wchar_t, std::__2::istreambuf_iterator<wchar_t, std::__2::char_traits<wchar_t>>>::do_date_order() const",39,536
800,"std::__2::time_get<wchar_t, std::__2::istreambuf_iterator<wchar_t, std::__2::char_traits<wchar_t>>>::do_get_time(std::__2::istreambuf_iterator<wchar_t, std::__2::char_traits<wchar_t>>, std::__2::istreambuf_iterator<wchar_t, std::__2::char_traits<wchar_t>>, std::__2::ios_base&, unsigned int&, tm*) const",358,1144
801,"std::__2::time_get<wchar_t, std::__2::istreambuf_iterator<wchar_t, std::__2::char_traits<wchar_t>>>::do_get_date(std::__2::istreambuf_iterator<wchar_t, std::__2::char_traits<wchar_t>>, std::__2::istreambuf_iterator<wchar_t, std::__2::char_traits<wchar_t>>, std::__2::ios_base&, unsigned int&, tm*) const",321,1456
802,"std::__2::time_get<wchar_t, std::__2::istreambuf_iterator<wchar_t, std::__2::char_traits<wchar_t>>>::do_get_weekday(std::__2::istreambuf_iterator<wchar_t, std::__2::char_traits<wchar_t>>, std::__2::istreambuf_iterator<wchar_t, std::__2::char_traits<wchar_t>>, std::__2::ios_base&, unsigned int&, tm*) const",312,1288
803,"std::__2::time_get<wchar_t, std::__2::istreambuf_iterator<wchar_t, std::__2::char_traits<wchar_t>>>::__get_weekdayname(int&, std::__2::istreambuf_iterator<wchar_t, std::__2::char_traits<wchar_t>>&, std::__2::istreambuf_iterator<wchar_t, std::__2::char_traits<wchar_t>>, unsigned int&, std::__2::ctype<wchar_t> const&) const",361,1232
804,"std::__2::time_get<wchar_t, std::__2::istreambuf_iterator<wchar_t, std::__2::char_traits<wchar_t>>>::do_get_monthname(std::__2::istreambuf_iterator<wchar_t, std::__2::char_traits<wchar_t>>, std::__2::istreambuf_iterator<wchar_t, std::__2::char_traits<wchar_t>>, std::__2::ios_base&, unsigned int&, tm*) const",312,1288
805,"std::__2::time_get<wchar_t, std::__2::istreambuf_iterator<wchar_t, std::__2::char_traits<wchar_t>>>::__get_monthname(int&, std::__2::istreambuf_iterator<wchar_t, std::__2::char_traits<wchar_t>>&, std::__2::istreambuf_iterator<wchar_t, std::__2::char_traits<wchar_t>>, unsigned int&, std::__2::ctype<wchar_t> const&) const",361,1232
806,"std::__2::time_get<wchar_t, std::__2::istreambuf_iterator<wchar_t, std::__2::char_traits<wchar_t>>>::do_get_year(std::__2::istreambuf_iterator<wchar_t, std::__2::char_traits<wchar_t>>, std::__2::istreambuf_iterator<wchar_t, std::__2::char_traits<wchar_t>>, std::__2::ios_base&, unsigned int&, tm*) const",312,1288
807,"std::__2::time_get<wchar_t, std::__2::istreambuf_iterator<wchar_t, std::__2::char_traits<wchar_t>>>::__get_year(int&, std::__2::istreambuf_iterator<wchar_t, std::__2::char_traits<wchar_t>>&, std::__2::istreambuf_iterator<wchar_t, std::__2::char_traits<wchar_t>>, unsigned int&, std::__2::ctype<wchar_t> const&) const",423,1096
808,"int std::__2::__get_up_to_n_digits[abi:v160000]<wchar_t, std::__2::istreambuf_iterator<wchar_t, std::__2::char_traits<wchar_t>>>(std::__2::istreambuf_iterator<wchar_t, std::__2::char_traits<wchar_t>>&, std::__2::istreambuf_iterator<wchar_t, std::__2::char_traits<wchar_t>>, unsigned int&, std::__2::ctype<wchar_t> const&, int)",933,1920
809,"std::__2::time_get<wchar_t, std::__2::istreambuf_iterator<wchar_t, std::__2::char_traits<wchar_t>>>::do_get(std::__2::istreambuf_iterator<wchar_t, std::__2::char_traits<wchar_t>>, std::__2::istreambuf_iterator<wchar_t, std::__2::char_traits<wchar_t>>, std::__2::ios_base&, unsigned int&, tm*, char, char) const",4331,7880
810,"std::__2::time_get<wchar_t, std::__2::istreambuf_iterator<wchar_t, std::__2::char_traits<wchar_t>>>::__get_day(int&, std::__2::istreambuf_iterator<wchar_t, std::__2::char_traits<wchar_t>>&, std::__2::istreambuf_iterator<wchar_t, std::__2::char_traits<wchar_t>>, unsigned int&, std::__2::ctype<wchar_t> const&) const",340,1072
811,"std::__2::time_get<wchar_t, std::__2::istreambuf_iterator<wchar_t, std::__2::char_traits<wchar_t>>>::__get_hour(int&, std::__2::istreambuf_iterator<wchar_t, std::__2::char_traits<wchar_t>>&, std::__2::istreambuf_iterator<wchar_t, std::__2::char_traits<wchar_t>>, unsigned int&, std::__2::ctype<wchar_t> const&) const",298,1072
812,"std::__2::time_get<wchar_t, std::__2::istreambuf_iterator<wchar_t, std::__2::char_traits<wchar_t>>>::__get_12_hour(int&, std::__2::istreambuf_iterator<wchar_t, std::__2::char_traits<wchar_t>>&, std::__2::istreambuf_iterator<wchar_t, std::__2::char_traits<wchar_t>>, unsigned int&, std::__2::ctype<wchar_t> const&) const",340,1072
813,"std::__2::time_get<wchar_t, std::__2::istreambuf_iterator<wchar_t, std::__2::char_traits<wchar_t>>>::__get_day_year_num(int&, std::__2::istreambuf_iterator<wchar_t, std::__2::char_traits<wchar_t>>&, std::__2::istreambuf_iterator<wchar_t, std::__2::char_traits<wchar_t>>, unsigned int&, std::__2::ctype<wchar_t> const&) const",299,1072
814,"std::__2::time_get<wchar_t, std::__2::istreambuf_iterator<wchar_t, std::__2::char_traits<wchar_t>>>::__get_month(int&, std::__2::istreambuf_iterator<wchar_t, std::__2::char_traits<wchar_t>>&, std::__2::istreambuf_iterator<wchar_t, std::__2::char_traits<wchar_t>>, unsigned int&, std::__2::ctype<wchar_t> const&) const",351,1088
815,"std::__2::time_get<wchar_t, std::__2::istreambuf_iterator<wchar_t, std::__2::char_traits<wchar_t>>>::__get_minute(int&, std::__2::istreambuf_iterator<wchar_t, std::__2::char_traits<wchar_t>>&, std::__2::istreambuf_iterator<wchar_t, std::__2::char_traits<wchar_t>>, unsigned int&, std::__2::ctype<wchar_t> const&) const",298,1072
816,"std::__2::time_get<wchar_t, std::__2::istreambuf_iterator<wchar_t, std::__2::char_traits<wchar_t>>>::__get_white_space(std::__2::istreambuf_iterator<wchar_t, std::__2::char_traits<wchar_t>>&, std::__2::istreambuf_iterator<wchar_t, std::__2::char_traits<wchar_t>>, unsigned int&, std::__2::ctype<wchar_t> const&) const",339,1320
817,"std::__2::time_get<wchar_t, std::__2::istreambuf_iterator<wchar_t, std::__2::char_traits<wchar_t>>>::__get_am_pm(int&, std::__2::istreambuf_iterator<wchar_t, std::__2::char_traits<wchar_t>>&, std::__2::istreambuf_iterator<wchar_t, std::__2::char_traits<wchar_t>>, unsigned int&, std::__2::ctype<wchar_t> const&) const",588,1416
818,"std::__2::time_get<wchar_t, std::__2::istreambuf_iterator<wchar_t, std::__2::char_traits<wchar_t>>>::__get_second(int&, std::__2::istreambuf_iterator<wchar_t, std::__2::char_traits<wchar_t>>&, std::__2::istreambuf_iterator<wchar_t, std::__2::char_traits<wchar_t>>, unsigned int&, std::__2::ctype<wchar_t> const&) const",298,1072
819,"std::__2::time_get<wchar_t, std::__2::istreambuf_iterator<wchar_t, std::__2::char_traits<wchar_t>>>::__get_weekday(int&, std::__2::istreambuf_iterator<wchar_t, std::__2::char_traits<wchar_t>>&, std::__2::istreambuf_iterator<wchar_t, std::__2::char_traits<wchar_t>>, unsigned int&, std::__2::ctype<wchar_t> const&) const",298,1072
820,"std::__2::time_get<wchar_t, std::__2::istreambuf_iterator<wchar_t, std::__2::char_traits<wchar_t>>>::__get_year4(int&, std::__2::istreambuf_iterator<wchar_t, std::__2::char_traits<wchar_t>>&, std::__2::istreambuf_iterator<wchar_t, std::__2::char_traits<wchar_t>>, unsigned int&, std::__2::ctype<wchar_t> const&) const",231,1072
821,"std::__2::time_get<wchar_t, std::__2::istreambuf_iterator<wchar_t, std::__2::char_traits<wchar_t>>>::__get_percent(std::__2::istreambuf_iterator<wchar_t, std::__2::char_traits<wchar_t>>&, std::__2::istreambuf_iterator<wchar_t, std::__2::char_traits<wchar_t>>, unsigned int&, std::__2::ctype<wchar_t> const&) const",427,1272
822,"std::__2::time_put<char, std::__2::ostreambuf_iterator<char, std::__2::char_traits<char>>>::do_put(std::__2::ostreambuf_iterator<char, std::__2::char_traits<char>>, std::__2::ios_base&, char, tm const*, char, char) const",342,1208
823,"std::__2::__time_put::__do_put(char*, char*&, tm const*, char, char) const",376,1296
824,"std::__2::ostreambuf_iterator<char, std::__2::char_traits<char>> std::__2::copy[abi:v160000]<char*, std::__2::ostreambuf_iterator<char, std::__2::char_traits<char>>>(char*, char*, std::__2::ostreambuf_iterator<char, std::__2::char_traits<char>>)",186,992
825,"std::__2::enable_if<is_move_constructible<char>::value && is_move_assignable<char>::value, void>::type std::__2::swap[abi:v160000]<char>(char&, char&)",109,584
826,"unsigned long std::__2::(anonymous namespace)::countof<char>(char const*, char const*)",62,552
827,"std::__2::pair<char*, std::__2::ostreambuf_iterator<char, std::__2::char_traits<char>>> std::__2::__copy[abi:v160000]<std::__2::_ClassicAlgPolicy, char*, char*, std::__2::ostreambuf_iterator<char, std::__2::char_traits<char>>>(char*, char*, std::__2::ostreambuf_iterator<char, std::__2::char_traits<char>>)",123,936
828,"std::__2::time_put<wchar_t, std::__2::ostreambuf_iterator<wchar_t, std::__2::char_traits<wchar_t>>>::do_put(std::__2::ostreambuf_iterator<wchar_t, std::__2::char_traits<wchar_t>>, std::__2::ios_base&, wchar_t, tm const*, char, char) const",346,1192
829,"std::__2::__time_put::__do_put(wchar_t*, wchar_t*&, tm const*, char, char) const",505,1336
830,"std::__2::ostreambuf_iterator<wchar_t, std::__2::char_traits<wchar_t>> std::__2::copy[abi:v160000]<wchar_t*, std::__2::ostreambuf_iterator<wchar_t, std::__2::char_traits<wchar_t>>>(wchar_t*, wchar_t*, std::__2::ostreambuf_iterator<wchar_t, std::__2::char_traits<wchar_t>>)",186,992
831,"unsigned long std::__2::(anonymous namespace)::countof<wchar_t>(wchar_t const*, wchar_t const*)",74,552
832,"std::__2::__libcpp_mbsrtowcs_l[abi:v160000](wchar_t*, char const**, unsigned long, __mbstate_t*, __locale_struct*)",198,1144
833,std::__2::__throw_runtime_error(char const*),46,832
834,"std::__2::pair<wchar_t*, std::__2::ostreambuf_iterator<wchar_t, std::__2::char_traits<wchar_t>>> std::__2::__copy[abi:v160000]<std::__2::_ClassicAlgPolicy, wchar_t*, wchar_t*, std::__2::ostreambuf_iterator<wchar_t, std::__2::char_traits<wchar_t>>>(wchar_t*, wchar_t*, std::__2::ostreambuf_iterator<wchar_t, std::__2::char_traits<wchar_t>>)",122,936
835,"std::__2::moneypunct<char, false>::do_decimal_point() const",87,896
836,std::__2::numeric_limits<char>::max[abi:v160000](),34,824
837,"std::__2::__libcpp_numeric_limits<char, true>::max[abi:v160000]()",31,520
838,"std::__2::moneypunct<char, false>::do_thousands_sep() const",87,896
839,"std::__2::moneypunct<char, false>::do_grouping() const",75,896
840,"std::__2::moneypunct<char, false>::do_curr_symbol() const",75,896
841,"std::__2::moneypunct<char, false>::do_positive_sign() const",75,896
842,"std::__2::moneypunct<char, false>::do_negative_sign() const",105,904
843,"std::__2::moneypunct<char, false>::do_frac_digits() const",38,536
844,"std::__2::moneypunct<char, false>::do_pos_format() const",54,544
845,"std::__2::moneypunct<char, false>::do_neg_format() const",54,544
846,"std::__2::moneypunct<char, true>::do_decimal_point() const",87,896
847,"std::__2::moneypunct<char, true>::do_thousands_sep() const",87,896
848,"std::__2::moneypunct<char, true>::do_grouping() const",75,896
849,"std::__2::moneypunct<char, true>::do_curr_symbol() const",75,896
850,"std::__2::moneypunct<char, true>::do_positive_sign() const",75,896
851,"std::__2::moneypunct<char, true>::do_negative_sign() const",105,904
852,"std::__2::moneypunct<char, true>::do_frac_digits() const",38,536
853,"std::__2::moneypunct<char, true>::do_pos_format() const",54,544
854,"std::__2::moneypunct<char, true>::do_neg_format() const",54,544
855,"std::__2::moneypunct<wchar_t, false>::do_decimal_point() const",73,888
856,std::__2::numeric_limits<wchar_t>::max[abi:v160000](),20,808
857,"std::__2::__libcpp_numeric_limits<wchar_t, true>::max[abi:v160000]()",20,520
858,"std::__2::moneypunct<wchar_t, false>::do_thousands_sep() const",73,888
859,"std::__2::moneypunct<wchar_t, false>::do_grouping() const",75,896
860,"std::__2::moneypunct<wchar_t, false>::do_curr_symbol() const",75,896
861,"std::__2::basic_string<wchar_t, std::__2::char_traits<wchar_t>, std::__2::allocator<wchar_t>>::basic_string[abi:v160000]()",116,1008
862,"std::__2::moneypunct<wchar_t, false>::do_positive_sign() const",75,896
863,"std::__2::moneypunct<wchar_t, false>::do_negative_sign() const",91,904
864,"std::__2::moneypunct<wchar_t, false>::do_frac_digits() const",38,536
865,"std::__2::moneypunct<wchar_t, false>::do_pos_format() const",54,544
866,"std::__2::moneypunct<wchar_t, false>::do_neg_format() const",54,544
867,"std::__2::moneypunct<wchar_t, true>::do_decimal_point() const",73,888
868,"std::__2::moneypunct<wchar_t, true>::do_thousands_sep() const",73,888
869,"std::__2::moneypunct<wchar_t, true>::do_grouping() const",75,896
870,"std::__2::moneypunct<wchar_t, true>::do_curr_symbol() const",75,896
871,"std::__2::moneypunct<wchar_t, true>::do_positive_sign() const",75,896
872,"std::__2::moneypunct<wchar_t, true>::do_negative_sign() const",91,904
873,"std::__2::moneypunct<wchar_t, true>::do_frac_digits() const",38,536
874,"std::__2::moneypunct<wchar_t, true>::do_pos_format() const",54,544
875,"std::__2::moneypunct<wchar_t, true>::do_neg_format() const",55,544
876,"std::__2::basic_string<wchar_t, std::__2::char_traits<wchar_t>, std::__2::allocator<wchar_t>>::basic_string(std::__2::basic_string<wchar_t, std::__2::char_traits<wchar_t>, std::__2::allocator<wchar_t>> const&)",338,1472
877,"std::__2::allocator<wchar_t> std::__2::allocator_traits<std::__2::allocator<wchar_t>>::select_on_container_copy_construction[abi:v160000]<std::__2::allocator<wchar_t>, void, void>(std::__2::allocator<wchar_t> const&)",32,536
878,"std::__2::__compressed_pair<std::__2::basic_string<wchar_t, std::__2::char_traits<wchar_t>, std::__2::allocator<wchar_t>>::__rep, std::__2::allocator<wchar_t>>::__compressed_pair[abi:v160000]<std::__2::__default_init_tag, std::__2::allocator<wchar_t>>(std::__2::__default_init_tag&&, std::__2::allocator<wchar_t>&&)",110,1000
879,"std::__2::money_get<char, std::__2::istreambuf_iterator<char, std::__2::char_traits<char>>>::do_get(std::__2::istreambuf_iterator<char, std::__2::char_traits<char>>, std::__2::istreambuf_iterator<char, std::__2::char_traits<char>>, bool, std::__2::ios_base&, unsigned int&, long double&) const",1850,2968
880,std::__2::__do_nothing(void*),33,536
881,"std::__2::money_get<char, std::__2::istreambuf_iterator<char, std::__2::char_traits<char>>>::__do_get(std::__2::istreambuf_iterator<char, std::__2::char_traits<char>>&, std::__2::istreambuf_iterator<char, std::__2::char_traits<char>>, bool, std::__2::locale const&, unsigned int, unsigned int&, bool&, std::__2::ctype<char> const&, std::__2::unique_ptr<char, void (*)(void*)>&, char*&, char*)",8975,8984
882,"std::__2::unique_ptr<char, void (*)(void*)>::get[abi:v160000]() const",85,912
883,"char* std::__2::end[abi:v160000]<char, 10ul>(char (&) [10ul])",53,536
884,"std::__2::__compressed_pair<char*, void (*)(void*)>::__compressed_pair[abi:v160000]<char*&, void (*)(void*)>(char*&, void (*&&)(void*))",129,1024
885,"std::__2::unique_ptr<unsigned int, void (*)(void*)>::unique_ptr[abi:v160000]<true, void>(unsigned int*, std::__2::__dependent_type<std::__2::__unique_ptr_deleter_sfinae<void (*)(void*)>, true>::__good_rval_ref_type)",117,944
886,"std::__2::unique_ptr<unsigned int, void (*)(void*)>::get[abi:v160000]() const",86,912
887,"std::__2::__money_get<char>::__gather_info(bool, std::__2::locale const&, std::__2::money_base::pattern&, char&, char&, std::__2::basic_string<char, std::__2::char_traits<char>, std::__2::allocator<char>>&, std::__2::basic_string<char, std::__2::char_traits<char>, std::__2::allocator<char>>&, std::__2::basic_string<char, std::__2::char_traits<char>, std::__2::allocator<char>>&, std::__2::basic_string<char, std::__2::char_traits<char>, std::__2::allocator<char>>&, int&)",1291,2496
888,"std::__2::istreambuf_iterator<char, std::__2::char_traits<char>>::operator++[abi:v160000](int)",128,1008
889,"std::__2::istreambuf_iterator<char, std::__2::char_traits<char>>::__proxy::operator*[abi:v160000]() const",66,536
890,"std::__2::__wrap_iter<char const*>::__wrap_iter[abi:v160000]<char*>(std::__2::__wrap_iter<char*> const&, std::__2::enable_if<is_convertible<char*, char const*>::value, void>::type*)",106,952
891,"bool std::__2::operator!=[abi:v160000]<char const*, char*>(std::__2::__wrap_iter<char const*> const&, std::__2::__wrap_iter<char*> const&)",116,920
892,std::__2::__wrap_iter<char const*>::operator*[abi:v160000]() const,48,536
893,std::__2::__wrap_iter<char const*>::operator++[abi:v160000](),66,536
894,std::__2::__wrap_iter<char*>::operator-[abi:v160000](long) const,120,944
895,"bool std::__2::equal[abi:v160000]<std::__2::__wrap_iter<char*>, std::__2::__wrap_iter<char*>>(std::__2::__wrap_iter<char*>, std::__2::__wrap_iter<char*>, std::__2::__wrap_iter<char*>)",166,976
896,"void std::__2::__double_or_nothing[abi:v160000]<char>(std::__2::unique_ptr<char, void (*)(void*)>&, char*&, char*&)",796,1832
897,"void std::__2::__double_or_nothing[abi:v160000]<unsigned int>(std::__2::unique_ptr<unsigned int, void (*)(void*)>&, unsigned int*&, unsigned int*&)",839,1880
898,"std::__2::unique_ptr<unsigned int, void (*)(void*)>::~unique_ptr[abi:v160000]()",82,912
899,"std::__2::__compressed_pair<char*, void (*)(void*)>::first[abi:v160000]() const",78,896
900,"std::__2::__compressed_pair<char*, void (*)(void*)>::first[abi:v160000]()",78,896
901,"std::__2::__compressed_pair<char*, void (*)(void*)>::second[abi:v160000]()",90,896
902,"std::__2::money_get<char, std::__2::istreambuf_iterator<char, std::__2::char_traits<char>>>::do_get(std::__2::istreambuf_iterator<char, std::__2::char_traits<char>>, std::__2::istreambuf_iterator<char, std::__2::char_traits<char>>, bool, std::__2::ios_base&, unsigned int&, std::__2::basic_string<char, std::__2::char_traits<char>, std::__2::allocator<char>>&) const",1141,2272
903,"std::__2::basic_string<char, std::__2::char_traits<char>, std::__2::allocator<char>>::clear[abi:v160000]()",229,1176
904,"std::__2::enable_if<__is_cpp17_forward_iterator<char*>::value, std::__2::basic_string<char, std::__2::char_traits<char>, std::__2::allocator<char>>&>::type std::__2::basic_string<char, std::__2::char_traits<char>, std::__2::allocator<char>>::append[abi:v160000]<char*>(char*, char*)",678,1920
905,"bool std::__2::basic_string<char, std::__2::char_traits<char>, std::__2::allocator<char>>::__addr_in_range[abi:v160000]<char&>(char&) const",217,1088
906,"std::__2::__compressed_pair<unsigned int*, void (*)(void*)>::__compressed_pair[abi:v160000]<unsigned int*&, void (*)(void*)>(unsigned int*&, void (*&&)(void*))",129,1024
907,"std::__2::__compressed_pair<unsigned int*, void (*)(void*)>::first[abi:v160000]() const",78,896
908,"std::__2::moneypunct<char, true> const& std::__2::use_facet[abi:v160000]<std::__2::moneypunct<char, true>>(std::__2::locale const&)",88,904
909,"std::__2::moneypunct<char, true>::neg_format[abi:v160000]() const",93,912
910,"std::__2::moneypunct<char, true>::negative_sign[abi:v160000]() const",100,928
911,"std::__2::moneypunct<char, true>::positive_sign[abi:v160000]() const",100,928
912,"std::__2::moneypunct<char, true>::decimal_point[abi:v160000]() const",113,928
913,"std::__2::moneypunct<char, true>::thousands_sep[abi:v160000]() const",113,928
914,"std::__2::moneypunct<char, true>::grouping[abi:v160000]() const",100,928
915,"std::__2::moneypunct<char, true>::curr_symbol[abi:v160000]() const",100,928
916,"std::__2::moneypunct<char, true>::frac_digits[abi:v160000]() const",95,928
917,"std::__2::moneypunct<char, false> const& std::__2::use_facet[abi:v160000]<std::__2::moneypunct<char, false>>(std::__2::locale const&)",88,904
918,"std::__2::moneypunct<char, false>::neg_format[abi:v160000]() const",93,912
919,"std::__2::moneypunct<char, false>::negative_sign[abi:v160000]() const",100,928
920,"std::__2::moneypunct<char, false>::positive_sign[abi:v160000]() const",100,928
921,"std::__2::moneypunct<char, false>::decimal_point[abi:v160000]() const",113,928
922,"std::__2::moneypunct<char, false>::thousands_sep[abi:v160000]() const",113,928
923,"std::__2::moneypunct<char, false>::grouping[abi:v160000]() const",100,928
924,"std::__2::moneypunct<char, false>::curr_symbol[abi:v160000]() const",100,928
925,"std::__2::moneypunct<char, false>::frac_digits[abi:v160000]() const",95,928
926,"std::__2::istreambuf_iterator<char, std::__2::char_traits<char>>::__proxy::__proxy[abi:v160000](char, std::__2::basic_streambuf<char, std::__2::char_traits<char>>*)",83,584
927,"bool std::__2::operator==[abi:v160000]<char const*, char*>(std::__2::__wrap_iter<char const*> const&, std::__2::__wrap_iter<char*> const&)",129,1008
928,"bool std::__2::equal[abi:v160000]<std::__2::__wrap_iter<char*>, std::__2::__wrap_iter<char*>, std::__2::__equal_to>(std::__2::__wrap_iter<char*>, std::__2::__wrap_iter<char*>, std::__2::__wrap_iter<char*>, std::__2::__equal_to)",342,1344
929,"std::__2::unique_ptr<char, void (*)(void*)>::get_deleter[abi:v160000]()",78,896
930,"std::__2::unique_ptr<char, void (*)(void*)>::release[abi:v160000]()",121,1000
931,"std::__2::unique_ptr<char, void (*)(void*)>::operator=[abi:v160000](std::__2::unique_ptr<char, void (*)(void*)>&&)",143,1120
932,"std::__2::unique_ptr<unsigned int, void (*)(void*)>::get_deleter[abi:v160000]()",78,896
933,"std::__2::unique_ptr<unsigned int, void (*)(void*)>::release[abi:v160000]()",121,1000
934,"std::__2::unique_ptr<unsigned int, void (*)(void*)>::operator=[abi:v160000](std::__2::unique_ptr<unsigned int, void (*)(void*)>&&)",143,1120
935,"void std::__2::reverse[abi:v160000]<unsigned int*>(unsigned int*, unsigned int*)",91,896
936,"std::__2::unique_ptr<unsigned int, void (*)(void*)>::reset[abi:v160000](unsigned int*)",202,1152
937,"std::__2::money_get<wchar_t, std::__2::istreambuf_iterator<wchar_t, std::__2::char_traits<wchar_t>>>::do_get(std::__2::istreambuf_iterator<wchar_t, std::__2::char_traits<wchar_t>>, std::__2::istreambuf_iterator<wchar_t, std::__2::char_traits<wchar_t>>, bool, std::__2::ios_base&, unsigned int&, long double&) const",1896,2992
938,"std::__2::money_get<wchar_t, std::__2::istreambuf_iterator<wchar_t, std::__2::char_traits<wchar_t>>>::__do_get(std::__2::istreambuf_iterator<wchar_t, std::__2::char_traits<wchar_t>>&, std::__2::istreambuf_iterator<wchar_t, std::__2::char_traits<wchar_t>>, bool, std::__2::locale const&, unsigned int, unsigned int&, bool&, std::__2::ctype<wchar_t> const&, std::__2::unique_ptr<wchar_t, void (*)(void*)>&, wchar_t*&, wchar_t*)",8527,9144
939,"std::__2::unique_ptr<wchar_t, void (*)(void*)>::get[abi:v160000]() const",85,912
940,"wchar_t* std::__2::end[abi:v160000]<wchar_t, 10ul>(wchar_t (&) [10ul])",53,536
941,"std::__2::__compressed_pair<wchar_t*, void (*)(void*)>::__compressed_pair[abi:v160000]<wchar_t*&, void (*)(void*)>(wchar_t*&, void (*&&)(void*))",130,1024
942,"std::__2::__money_get<wchar_t>::__gather_info(bool, std::__2::locale const&, std::__2::money_base::pattern&, wchar_t&, wchar_t&, std::__2::basic_string<char, std::__2::char_traits<char>, std::__2::allocator<char>>&, std::__2::basic_string<wchar_t, std::__2::char_traits<wchar_t>, std::__2::allocator<wchar_t>>&, std::__2::basic_string<wchar_t, std::__2::char_traits<wchar_t>, std::__2::allocator<wchar_t>>&, std::__2::basic_string<wchar_t, std::__2::char_traits<wchar_t>, std::__2::allocator<wchar_t>>&, int&)",1291,2512
943,"std::__2::istreambuf_iterator<wchar_t, std::__2::char_traits<wchar_t>>::operator++[abi:v160000](int)",114,1008
944,"std::__2::istreambuf_iterator<wchar_t, std::__2::char_traits<wchar_t>>::__proxy::operator*[abi:v160000]() const",52,536
945,"std::__2::__wrap_iter<wchar_t const*>::__wrap_iter[abi:v160000]<wchar_t*>(std::__2::__wrap_iter<wchar_t*> const&, std::__2::enable_if<is_convertible<wchar_t*, wchar_t const*>::value, void>::type*)",106,952
946,"bool std::__2::operator!=[abi:v160000]<wchar_t const*, wchar_t*>(std::__2::__wrap_iter<wchar_t const*> const&, std::__2::__wrap_iter<wchar_t*> const&)",116,920
947,std::__2::__wrap_iter<wchar_t const*>::operator*[abi:v160000]() const,48,536
948,std::__2::__wrap_iter<wchar_t const*>::operator++[abi:v160000](),66,536
949,std::__2::__wrap_iter<wchar_t*>::operator-[abi:v160000](long) const,120,944
950,"bool std::__2::equal[abi:v160000]<std::__2::__wrap_iter<wchar_t*>, std::__2::__wrap_iter<wchar_t*>>(std::__2::__wrap_iter<wchar_t*>, std::__2::__wrap_iter<wchar_t*>, std::__2::__wrap_iter<wchar_t*>)",166,976
951,"void std::__2::__double_or_nothing[abi:v160000]<wchar_t>(std::__2::unique_ptr<wchar_t, void (*)(void*)>&, wchar_t*&, wchar_t*&)",839,1880
952,"std::__2::__compressed_pair<wchar_t*, void (*)(void*)>::first[abi:v160000]() const",79,896
953,"std::__2::money_get<wchar_t, std::__2::istreambuf_iterator<wchar_t, std::__2::char_traits<wchar_t>>>::do_get(std::__2::istreambuf_iterator<wchar_t, std::__2::char_traits<wchar_t>>, std::__2::istreambuf_iterator<wchar_t, std::__2::char_traits<wchar_t>>, bool, std::__2::ios_base&, unsigned int&, std::__2::basic_string<wchar_t, std::__2::char_traits<wchar_t>, std::__2::allocator<wchar_t>>&) const",1074,2256
954,"std::__2::basic_string<wchar_t, std::__2::char_traits<wchar_t>, std::__2::allocator<wchar_t>>::clear[abi:v160000]()",229,1176
955,"std::__2::enable_if<__is_cpp17_forward_iterator<wchar_t*>::value, std::__2::basic_string<wchar_t, std::__2::char_traits<wchar_t>, std::__2::allocator<wchar_t>>&>::type std::__2::basic_string<wchar_t, std::__2::char_traits<wchar_t>, std::__2::allocator<wchar_t>>::append[abi:v160000]<wchar_t*>(wchar_t*, wchar_t*)",688,1936
956,"std::__2::iterator_traits<wchar_t*>::difference_type std::__2::distance[abi:v160000]<wchar_t*>(wchar_t*, wchar_t*)",95,912
957,"bool std::__2::basic_string<wchar_t, std::__2::char_traits<wchar_t>, std::__2::allocator<wchar_t>>::__addr_in_range[abi:v160000]<wchar_t&>(wchar_t&) const",228,1096
958,"std::__2::basic_string<wchar_t, std::__2::char_traits<wchar_t>, std::__2::allocator<wchar_t>>::basic_string[abi:v160000]<wchar_t*, void>(wchar_t*, wchar_t*, std::__2::allocator<wchar_t> const&)",158,1072
959,"std::__2::moneypunct<wchar_t, true> const& std::__2::use_facet[abi:v160000]<std::__2::moneypunct<wchar_t, true>>(std::__2::locale const&)",88,904
960,"std::__2::moneypunct<wchar_t, true>::neg_format[abi:v160000]() const",93,912
961,"std::__2::moneypunct<wchar_t, true>::negative_sign[abi:v160000]() const",100,928
962,"std::__2::basic_string<wchar_t, std::__2::char_traits<wchar_t>, std::__2::allocator<wchar_t>>::operator=[abi:v160000](std::__2::basic_string<wchar_t, std::__2::char_traits<wchar_t>, std::__2::allocator<wchar_t>>&&)",92,928
963,"std::__2::moneypunct<wchar_t, true>::positive_sign[abi:v160000]() const",100,928
964,"std::__2::moneypunct<wchar_t, true>::decimal_point[abi:v160000]() const",99,928
965,"std::__2::moneypunct<wchar_t, true>::thousands_sep[abi:v160000]() const",99,928
966,"std::__2::moneypunct<wchar_t, true>::grouping[abi:v160000]() const",100,928
967,"std::__2::moneypunct<wchar_t, true>::curr_symbol[abi:v160000]() const",100,928
968,"std::__2::moneypunct<wchar_t, true>::frac_digits[abi:v160000]() const",95,928
969,"std::__2::moneypunct<wchar_t, false> const& std::__2::use_facet[abi:v160000]<std::__2::moneypunct<wchar_t, false>>(std::__2::locale const&)",88,904
970,"std::__2::moneypunct<wchar_t, false>::neg_format[abi:v160000]() const",93,912
971,"std::__2::moneypunct<wchar_t, false>::negative_sign[abi:v160000]() const",100,928
972,"std::__2::moneypunct<wchar_t, false>::positive_sign[abi:v160000]() const",100,928
973,"std::__2::moneypunct<wchar_t, false>::decimal_point[abi:v160000]() const",99,928
974,"std::__2::moneypunct<wchar_t, false>::thousands_sep[abi:v160000]() const",99,928
975,"std::__2::moneypunct<wchar_t, false>::grouping[abi:v160000]() const",100,928
976,"std::__2::moneypunct<wchar_t, false>::curr_symbol[abi:v160000]() const",100,928
977,"std::__2::moneypunct<wchar_t, false>::frac_digits[abi:v160000]() const",95,928
978,"std::__2::istreambuf_iterator<wchar_t, std::__2::char_traits<wchar_t>>::__proxy::__proxy[abi:v160000](wchar_t, std::__2::basic_streambuf<wchar_t, std::__2::char_traits<wchar_t>>*)",83,584
979,"bool std::__2::operator==[abi:v160000]<wchar_t const*, wchar_t*>(std::__2::__wrap_iter<wchar_t const*> const&, std::__2::__wrap_iter<wchar_t*> const&)",129,1008
980,"bool std::__2::equal[abi:v160000]<std::__2::__wrap_iter<wchar_t*>, std::__2::__wrap_iter<wchar_t*>, std::__2::__equal_to>(std::__2::__wrap_iter<wchar_t*>, std::__2::__wrap_iter<wchar_t*>, std::__2::__wrap_iter<wchar_t*>, std::__2::__equal_to)",342,1344
981,"std::__2::unique_ptr<wchar_t, void (*)(void*)>::get_deleter[abi:v160000]()",78,896
982,"std::__2::unique_ptr<wchar_t, void (*)(void*)>::release[abi:v160000]()",121,1000
983,"std::__2::unique_ptr<wchar_t, void (*)(void*)>::operator=[abi:v160000](std::__2::unique_ptr<wchar_t, void (*)(void*)>&&)",144,1120
984,"std::__2::basic_string<wchar_t, std::__2::char_traits<wchar_t>, std::__2::allocator<wchar_t>>::__move_assign[abi:v160000](std::__2::basic_string<wchar_t, std::__2::char_traits<wchar_t>, std::__2::allocator<wchar_t>>&, std::__2::integral_constant<bool, true>)",313,1488
985,"std::__2::money_put<char, std::__2::ostreambuf_iterator<char, std::__2::char_traits<char>>>::do_put(std::__2::ostreambuf_iterator<char, std::__2::char_traits<char>>, bool, std::__2::ios_base&, char, long double) const",2788,3768
986,"bool std::__2::operator==[abi:v160000]<char, void (*)(void*)>(std::__2::unique_ptr<char, void (*)(void*)> const&, std::nullptr_t)",108,920
987,"std::__2::__money_put<char>::__gather_info(bool, bool, std::__2::locale const&, std::__2::money_base::pattern&, char&, char&, std::__2::basic_string<char, std::__2::char_traits<char>, std::__2::allocator<char>>&, std::__2::basic_string<char, std::__2::char_traits<char>, std::__2::allocator<char>>&, std::__2::basic_string<char, std::__2::char_traits<char>, std::__2::allocator<char>>&, int&)",1512,2464
988,"std::__2::__money_put<char>::__format(char*, char*&, char*&, unsigned int, char const*, char const*, std::__2::ctype<char> const&, bool, std::__2::money_base::pattern const&, char, char, std::__2::basic_string<char, std::__2::char_traits<char>, std::__2::allocator<char>> const&, std::__2::basic_string<char, std::__2::char_traits<char>, std::__2::allocator<char>> const&, std::__2::basic_string<char, std::__2::char_traits<char>, std::__2::allocator<char>> const&, int)",3252,4336
989,"std::__2::unique_ptr<char, void (*)(void*)>::operator bool[abi:v160000]() const",115,920
990,"std::__2::moneypunct<char, true>::pos_format[abi:v160000]() const",93,912
991,"std::__2::moneypunct<char, false>::pos_format[abi:v160000]() const",93,912
992,"std::__2::basic_string<char, std::__2::char_traits<char>, std::__2::allocator<char>>::begin[abi:v160000]() const",104,984
993,"std::__2::basic_string<char, std::__2::char_traits<char>, std::__2::allocator<char>>::end[abi:v160000]() const",122,1032
994,"char* std::__2::copy[abi:v160000]<std::__2::__wrap_iter<char const*>, char*>(std::__2::__wrap_iter<char const*>, std::__2::__wrap_iter<char const*>, char*)",160,984
995,std::__2::numeric_limits<unsigned int>::max[abi:v160000](),17,808
996,std::__2::__wrap_iter<char const*>::operator+[abi:v160000](long) const,130,952
997,"std::__2::money_put<char, std::__2::ostreambuf_iterator<char, std::__2::char_traits<char>>>::do_put(std::__2::ostreambuf_iterator<char, std::__2::char_traits<char>>, bool, std::__2::ios_base&, char, std::__2::basic_string<char, std::__2::char_traits<char>, std::__2::allocator<char>> const&) const",2009,3120
998,"std::__2::money_put<wchar_t, std::__2::ostreambuf_iterator<wchar_t, std::__2::char_traits<wchar_t>>>::do_put(std::__2::ostreambuf_iterator<wchar_t, std::__2::char_traits<wchar_t>>, bool, std::__2::ios_base&, wchar_t, long double) const",2746,3784
999,"bool std::__2::operator==[abi:v160000]<wchar_t, void (*)(void*)>(std::__2::unique_ptr<wchar_t, void (*)(void*)> const&, std::nullptr_t)",108,920
1000,"std::__2::__money_put<wchar_t>::__gather_info(bool, bool, std::__2::locale const&, std::__2::money_base::pattern&, wchar_t&, wchar_t&, std::__2::basic_string<char, std::__2::char_traits<char>, std::__2::allocator<char>>&, std::__2::basic_string<wchar_t, std::__2::char_traits<wchar_t>, std::__2::allocator<wchar_t>>&, std::__2::basic_string<wchar_t, std::__2::char_traits<wchar_t>, std::__2::allocator<wchar_t>>&, int&)",1512,2472
1001,"std::__2::__money_put<wchar_t>::__format(wchar_t*, wchar_t*&, wchar_t*&, unsigned int, wchar_t const*, wchar_t const*, std::__2::ctype<wchar_t> const&, bool, std::__2::money_base::pattern const&, wchar_t, wchar_t, std::__2::basic_string<char, std::__2::char_traits<char>, std::__2::allocator<char>> const&, std::__2::basic_string<wchar_t, std::__2::char_traits<wchar_t>, std::__2::allocator<wchar_t>> const&, std::__2::basic_string<wchar_t, std::__2::char_traits<wchar_t>, std::__2::allocator<wchar_t>> const&, int)",3234,4336
1002,"std::__2::__compressed_pair<wchar_t*, void (*)(void*)>::first[abi:v160000]()",78,896
1003,"std::__2::__compressed_pair<wchar_t*, void (*)(void*)>::second[abi:v160000]()",89,896
1004,"std::__2::unique_ptr<wchar_t, void (*)(void*)>::operator bool[abi:v160000]() const",115,920
1005,"std::__2::moneypunct<wchar_t, true>::pos_format[abi:v160000]() const",93,912
1006,"std::__2::moneypunct<wchar_t, false>::pos_format[abi:v160000]() const",93,912
1007,"std::__2::basic_string<wchar_t, std::__2::char_traits<wchar_t>, std::__2::allocator<wchar_t>>::begin[abi:v160000]() const",105,984
1008,"std::__2::basic_string<wchar_t, std::__2::char_traits<wchar_t>, std::__2::allocator<wchar_t>>::end[abi:v160000]() const",133,1040
1009,"wchar_t* std::__2::copy[abi:v160000]<std::__2::__wrap_iter<wchar_t const*>, wchar_t*>(std::__2::__wrap_iter<wchar_t const*>, std::__2::__wrap_iter<wchar_t const*>, wchar_t*)",161,984
1010,std::__2::__wrap_iter<wchar_t const*>::operator+[abi:v160000](long) const,130,952
1011,"std::__2::money_put<wchar_t, std::__2::ostreambuf_iterator<wchar_t, std::__2::char_traits<wchar_t>>>::do_put(std::__2::ostreambuf_iterator<wchar_t, std::__2::char_traits<wchar_t>>, bool, std::__2::ios_base&, wchar_t, std::__2::basic_string<wchar_t, std::__2::char_traits<wchar_t>, std::__2::allocator<wchar_t>> const&) const",1918,3120
1012,"std::__2::pair<std::__2::__wrap_iter<char const*>, char*> std::__2::__copy[abi:v160000]<std::__2::_ClassicAlgPolicy, std::__2::__wrap_iter<char const*>, std::__2::__wrap_iter<char const*>, char*>(std::__2::__wrap_iter<char const*>, std::__2::__wrap_iter<char const*>, char*)",136,944
1013,"std::__2::basic_string<char, std::__2::char_traits<char>, std::__2::allocator<char>>::__make_const_iterator[abi:v160000](char const*) const",117,944
1014,"std::__2::__libcpp_numeric_limits<unsigned int, true>::max[abi:v160000]()",12,520
1015,std::__2::__wrap_iter<char const*>::operator+=[abi:v160000](long),77,552
1016,"std::__2::pair<std::__2::__wrap_iter<wchar_t const*>, wchar_t*> std::__2::__copy[abi:v160000]<std::__2::_ClassicAlgPolicy, std::__2::__wrap_iter<wchar_t const*>, std::__2::__wrap_iter<wchar_t const*>, wchar_t*>(std::__2::__wrap_iter<wchar_t const*>, std::__2::__wrap_iter<wchar_t const*>, wchar_t*)",136,944
1017,"std::__2::basic_string<wchar_t, std::__2::char_traits<wchar_t>, std::__2::allocator<wchar_t>>::__make_const_iterator[abi:v160000](wchar_t const*) const",117,944
1018,std::__2::__wrap_iter<wchar_t const*>::operator+=[abi:v160000](long),87,552
1019,"std::__2::messages<char>::do_open(std::__2::basic_string<char, std::__2::char_traits<char>, std::__2::allocator<char>> const&, std::__2::locale const&) const",52,568
1020,"std::__2::messages<char>::do_get(long, int, int, std::__2::basic_string<char, std::__2::char_traits<char>, std::__2::allocator<char>> const&) const",112,936
1021,std::__2::messages<char>::do_close(long) const,39,536
1022,"std::__2::messages<wchar_t>::do_open(std::__2::basic_string<char, std::__2::char_traits<char>, std::__2::allocator<char>> const&, std::__2::locale const&) const",52,568
1023,"std::__2::messages<wchar_t>::do_get(long, int, int, std::__2::basic_string<wchar_t, std::__2::char_traits<wchar_t>, std::__2::allocator<wchar_t>> const&) const",112,936
1024,std::__2::messages<wchar_t>::do_close(long) const,39,536
1025,"std::__2::codecvt<char, char, __mbstate_t>::~codecvt()",78,904
1026,"std::__2::codecvt<wchar_t, char, __mbstate_t>::~codecvt()",181,1072
1027,"std::__2::codecvt<char16_t, char, __mbstate_t>::~codecvt()",77,904
1028,"std::__2::codecvt<char32_t, char, __mbstate_t>::~codecvt()",77,904
1029,"std::__2::codecvt<char16_t, char8_t, __mbstate_t>::~codecvt()",77,904
1030,"std::__2::codecvt<char32_t, char8_t, __mbstate_t>::~codecvt()",78,904
1031,std::__2::locale::__imp::__imp(unsigned long),939,3352
1032,std::__2::locale::facet::facet[abi:v160000](unsigned long),131,936
1033,"std::__2::vector<std::__2::locale::facet*, std::__2::__sso_allocator<std::__2::locale::facet*, 30ul>>::vector(unsigned long)",344,1368
1034,"std::__2::vector<std::__2::locale::facet*, std::__2::__sso_allocator<std::__2::locale::facet*, 30ul>>::clear[abi:v160000]()",116,1096
1035,"std::__2::collate<char>& std::__2::(anonymous namespace)::make<std::__2::collate<char>, unsigned int>(unsigned int)",109,928
1036,void std::__2::locale::__imp::install<std::__2::collate<char>>(std::__2::collate<char>*),110,1000
1037,"std::__2::collate<wchar_t>& std::__2::(anonymous namespace)::make<std::__2::collate<wchar_t>, unsigned int>(unsigned int)",109,928
1038,void std::__2::locale::__imp::install<std::__2::collate<wchar_t>>(std::__2::collate<wchar_t>*),111,1000
1039,"std::__2::ctype<char>& std::__2::(anonymous namespace)::make<std::__2::ctype<char>, std::nullptr_t, bool, unsigned int>(std::nullptr_t, bool, unsigned int)",164,992
1040,void std::__2::locale::__imp::install<std::__2::ctype<char>>(std::__2::ctype<char>*),110,1000
1041,"std::__2::ctype<wchar_t>& std::__2::(anonymous namespace)::make<std::__2::ctype<wchar_t>, unsigned int>(unsigned int)",109,928
1042,void std::__2::locale::__imp::install<std::__2::ctype<wchar_t>>(std::__2::ctype<wchar_t>*),110,1000
1043,"std::__2::codecvt<char, char, __mbstate_t>& std::__2::(anonymous namespace)::make<std::__2::codecvt<char, char, __mbstate_t>, unsigned int>(unsigned int)",109,928
1044,"void std::__2::locale::__imp::install<std::__2::codecvt<char, char, __mbstate_t>>(std::__2::codecvt<char, char, __mbstate_t>*)",110,1000
1045,"std::__2::codecvt<wchar_t, char, __mbstate_t>& std::__2::(anonymous namespace)::make<std::__2::codecvt<wchar_t, char, __mbstate_t>, unsigned int>(unsigned int)",120,944
1046,"void std::__2::locale::__imp::install<std::__2::codecvt<wchar_t, char, __mbstate_t>>(std::__2::codecvt<wchar_t, char, __mbstate_t>*)",110,1000
1047,"std::__2::codecvt<char16_t, char, __mbstate_t>& std::__2::(anonymous namespace)::make<std::__2::codecvt<char16_t, char, __mbstate_t>, unsigned int>(unsigned int)",109,928
1048,"void std::__2::locale::__imp::install<std::__2::codecvt<char16_t, char, __mbstate_t>>(std::__2::codecvt<char16_t, char, __mbstate_t>*)",110,1000
1049,"std::__2::codecvt<char32_t, char, __mbstate_t>& std::__2::(anonymous namespace)::make<std::__2::codecvt<char32_t, char, __mbstate_t>, unsigned int>(unsigned int)",109,928
1050,"void std::__2::locale::__imp::install<std::__2::codecvt<char32_t, char, __mbstate_t>>(std::__2::codecvt<char32_t, char, __mbstate_t>*)",110,1000
1051,"std::__2::codecvt<char16_t, char8_t, __mbstate_t>& std::__2::(anonymous namespace)::make<std::__2::codecvt<char16_t, char8_t, __mbstate_t>, unsigned int>(unsigned int)",109,928
1052,"void std::__2::locale::__imp::install<std::__2::codecvt<char16_t, char8_t, __mbstate_t>>(std::__2::codecvt<char16_t, char8_t, __mbstate_t>*)",110,1000
1053,"std::__2::codecvt<char32_t, char8_t, __mbstate_t>& std::__2::(anonymous namespace)::make<std::__2::codecvt<char32_t, char8_t, __mbstate_t>, unsigned int>(unsigned int)",109,928
1054,"void std::__2::locale::__imp::install<std::__2::codecvt<char32_t, char8_t, __mbstate_t>>(std::__2::codecvt<char32_t, char8_t, __mbstate_t>*)",110,1000
1055,"std::__2::numpunct<char>& std::__2::(anonymous namespace)::make<std::__2::numpunct<char>, unsigned int>(unsigned int)",120,944
1056,void std::__2::locale::__imp::install<std::__2::numpunct<char>>(std::__2::numpunct<char>*),110,1000
1057,"std::__2::numpunct<wchar_t>& std::__2::(anonymous namespace)::make<std::__2::numpunct<wchar_t>, unsigned int>(unsigned int)",120,944
1058,void std::__2::locale::__imp::install<std::__2::numpunct<wchar_t>>(std::__2::numpunct<wchar_t>*),110,1000
1059,"std::__2::num_get<char, std::__2::istreambuf_iterator<char, std::__2::char_traits<char>>>& std::__2::(anonymous namespace)::make<std::__2::num_get<char, std::__2::istreambuf_iterator<char, std::__2::char_traits<char>>>, unsigned int>(unsigned int)",109,928
1060,"void std::__2::locale::__imp::install<std::__2::num_get<char, std::__2::istreambuf_iterator<char, std::__2::char_traits<char>>>>(std::__2::num_get<char, std::__2::istreambuf_iterator<char, std::__2::char_traits<char>>>*)",110,1000
1061,"std::__2::num_get<wchar_t, std::__2::istreambuf_iterator<wchar_t, std::__2::char_traits<wchar_t>>>& std::__2::(anonymous namespace)::make<std::__2::num_get<wchar_t, std::__2::istreambuf_iterator<wchar_t, std::__2::char_traits<wchar_t>>>, unsigned int>(unsigned int)",109,928
1062,"void std::__2::locale::__imp::install<std::__2::num_get<wchar_t, std::__2::istreambuf_iterator<wchar_t, std::__2::char_traits<wchar_t>>>>(std::__2::num_get<wchar_t, std::__2::istreambuf_iterator<wchar_t, std::__2::char_traits<wchar_t>>>*)",110,1000
1063,"std::__2::num_put<char, std::__2::ostreambuf_iterator<char, std::__2::char_traits<char>>>& std::__2::(anonymous namespace)::make<std::__2::num_put<char, std::__2::ostreambuf_iterator<char, std::__2::char_traits<char>>>, unsigned int>(unsigned int)",109,928
1064,"void std::__2::locale::__imp::install<std::__2::num_put<char, std::__2::ostreambuf_iterator<char, std::__2::char_traits<char>>>>(std::__2::num_put<char, std::__2::ostreambuf_iterator<char, std::__2::char_traits<char>>>*)",110,1000
1065,"std::__2::num_put<wchar_t, std::__2::ostreambuf_iterator<wchar_t, std::__2::char_traits<wchar_t>>>& std::__2::(anonymous namespace)::make<std::__2::num_put<wchar_t, std::__2::ostreambuf_iterator<wchar_t, std::__2::char_traits<wchar_t>>>, unsigned int>(unsigned int)",109,928
1066,"void std::__2::locale::__imp::install<std::__2::num_put<wchar_t, std::__2::ostreambuf_iterator<wchar_t, std::__2::char_traits<wchar_t>>>>(std::__2::num_put<wchar_t, std::__2::ostreambuf_iterator<wchar_t, std::__2::char_traits<wchar_t>>>*)",110,1000
1067,"std::__2::moneypunct<char, false>& std::__2::(anonymous namespace)::make<std::__2::moneypunct<char, false>, unsigned int>(unsigned int)",109,928
1068,"void std::__2::locale::__imp::install<std::__2::moneypunct<char, false>>(std::__2::moneypunct<char, false>*)",110,1000
1069,"std::__2::moneypunct<char, true>& std::__2::(anonymous namespace)::make<std::__2::moneypunct<char, true>, unsigned int>(unsigned int)",109,928
1070,"void std::__2::locale::__imp::install<std::__2::moneypunct<char, true>>(std::__2::moneypunct<char, true>*)",110,1000
1071,"std::__2::moneypunct<wchar_t, false>& std::__2::(anonymous namespace)::make<std::__2::moneypunct<wchar_t, false>, unsigned int>(unsigned int)",109,928
1072,"void std::__2::locale::__imp::install<std::__2::moneypunct<wchar_t, false>>(std::__2::moneypunct<wchar_t, false>*)",110,1000
1073,"std::__2::moneypunct<wchar_t, true>& std::__2::(anonymous namespace)::make<std::__2::moneypunct<wchar_t, true>, unsigned int>(unsigned int)",109,928
1074,"void std::__2::locale::__imp::install<std::__2::moneypunct<wchar_t, true>>(std::__2::moneypunct<wchar_t, true>*)",110,1000
1075,"std::__2::money_get<char, std::__2::istreambuf_iterator<char, std::__2::char_traits<char>>>& std::__2::(anonymous namespace)::make<std::__2::money_get<char, std::__2::istreambuf_iterator<char, std::__2::char_traits<char>>>, unsigned int>(unsigned int)",109,928
1076,"void std::__2::locale::__imp::install<std::__2::money_get<char, std::__2::istreambuf_iterator<char, std::__2::char_traits<char>>>>(std::__2::money_get<char, std::__2::istreambuf_iterator<char, std::__2::char_traits<char>>>*)",110,1000
1077,"std::__2::money_get<wchar_t, std::__2::istreambuf_iterator<wchar_t, std::__2::char_traits<wchar_t>>>& std::__2::(anonymous namespace)::make<std::__2::money_get<wchar_t, std::__2::istreambuf_iterator<wchar_t, std::__2::char_traits<wchar_t>>>, unsigned int>(unsigned int)",109,928
1078,"void std::__2::locale::__imp::install<std::__2::money_get<wchar_t, std::__2::istreambuf_iterator<wchar_t, std::__2::char_traits<wchar_t>>>>(std::__2::money_get<wchar_t, std::__2::istreambuf_iterator<wchar_t, std::__2::char_traits<wchar_t>>>*)",110,1000
1079,"std::__2::money_put<char, std::__2::ostreambuf_iterator<char, std::__2::char_traits<char>>>& std::__2::(anonymous namespace)::make<std::__2::money_put<char, std::__2::ostreambuf_iterator<char, std::__2::char_traits<char>>>, unsigned int>(unsigned int)",109,928
1080,"void std::__2::locale::__imp::install<std::__2::money_put<char, std::__2::ostreambuf_iterator<char, std::__2::char_traits<char>>>>(std::__2::money_put<char, std::__2::ostreambuf_iterator<char, std::__2::char_traits<char>>>*)",110,1000
1081,"std::__2::money_put<wchar_t, std::__2::ostreambuf_iterator<wchar_t, std::__2::char_traits<wchar_t>>>& std::__2::(anonymous namespace)::make<std::__2::money_put<wchar_t, std::__2::ostreambuf_iterator<wchar_t, std::__2::char_traits<wchar_t>>>, unsigned int>(unsigned int)",109,928
1082,"void std::__2::locale::__imp::install<std::__2::money_put<wchar_t, std::__2::ostreambuf_iterator<wchar_t, std::__2::char_traits<wchar_t>>>>(std::__2::money_put<wchar_t, std::__2::ostreambuf_iterator<wchar_t, std::__2::char_traits<wchar_t>>>*)",110,1000
1083,"std::__2::time_get<char, std::__2::istreambuf_iterator<char, std::__2::char_traits<char>>>& std::__2::(anonymous namespace)::make<std::__2::time_get<char, std::__2::istreambuf_iterator<char, std::__2::char_traits<char>>>, unsigned int>(unsigned int)",109,928
1084,"void std::__2::locale::__imp::install<std::__2::time_get<char, std::__2::istreambuf_iterator<char, std::__2::char_traits<char>>>>(std::__2::time_get<char, std::__2::istreambuf_iterator<char, std::__2::char_traits<char>>>*)",110,1000
1085,"std::__2::time_get<wchar_t, std::__2::istreambuf_iterator<wchar_t, std::__2::char_traits<wchar_t>>>& std::__2::(anonymous namespace)::make<std::__2::time_get<wchar_t, std::__2::istreambuf_iterator<wchar_t, std::__2::char_traits<wchar_t>>>, unsigned int>(unsigned int)",109,928
1086,"void std::__2::locale::__imp::install<std::__2::time_get<wchar_t, std::__2::istreambuf_iterator<wchar_t, std::__2::char_traits<wchar_t>>>>(std::__2::time_get<wchar_t, std::__2::istreambuf_iterator<wchar_t, std::__2::char_traits<wchar_t>>>*)",110,1000
1087,"std::__2::time_put<char, std::__2::ostreambuf_iterator<char, std::__2::char_traits<char>>>& std::__2::(anonymous namespace)::make<std::__2::time_put<char, std::__2::ostreambuf_iterator<char, std::__2::char_traits<char>>>, unsigned int>(unsigned int)",109,928
1088,"void std::__2::locale::__imp::install<std::__2::time_put<char, std::__2::ostreambuf_iterator<char, std::__2::char_traits<char>>>>(std::__2::time_put<char, std::__2::ostreambuf_iterator<char, std::__2::char_traits<char>>>*)",110,1000
1089,"std::__2::time_put<wchar_t, std::__2::ostreambuf_iterator<wchar_t, std::__2::char_traits<wchar_t>>>& std::__2::(anonymous namespace)::make<std::__2::time_put<wchar_t, std::__2::ostreambuf_iterator<wchar_t, std::__2::char_traits<wchar_t>>>, unsigned int>(unsigned int)",109,928
1090,"void std::__2::locale::__imp::install<std::__2::time_put<wchar_t, std::__2::ostreambuf_iterator<wchar_t, std::__2::char_traits<wchar_t>>>>(std::__2::time_put<wchar_t, std::__2::ostreambuf_iterator<wchar_t, std::__2::char_traits<wchar_t>>>*)",110,1000
1091,"std::__2::messages<char>& std::__2::(anonymous namespace)::make<std::__2::messages<char>, unsigned int>(unsigned int)",109,928
1092,void std::__2::locale::__imp::install<std::__2::messages<char>>(std::__2::messages<char>*),110,1000
1093,"std::__2::messages<wchar_t>& std::__2::(anonymous namespace)::make<std::__2::messages<wchar_t>, unsigned int>(unsigned int)",109,928
1094,void std::__2::locale::__imp::install<std::__2::messages<wchar_t>>(std::__2::messages<wchar_t>*),110,1000
1095,std::__2::__shared_count::__shared_count[abi:v160000](long),88,568
1096,"std::__2::__compressed_pair<std::__2::locale::facet**, std::__2::__sso_allocator<std::__2::locale::facet*, 30ul>>::__compressed_pair[abi:v160000]<std::nullptr_t, std::__2::__default_init_tag>(std::nullptr_t&&, std::__2::__default_init_tag&&)",120,992
1097,"std::__2::vector<std::__2::locale::facet*, std::__2::__sso_allocator<std::__2::locale::facet*, 30ul>>::__destroy_vector::__destroy_vector(std::__2::vector<std::__2::locale::facet*, std::__2::__sso_allocator<std::__2::locale::facet*, 30ul>>&)",62,552
1098,"std::__2::__exception_guard<std::__2::vector<std::__2::locale::facet*, std::__2::__sso_allocator<std::__2::locale::facet*, 30ul>>::__destroy_vector> std::__2::__make_exception_guard[abi:v160000]<std::__2::vector<std::__2::locale::facet*, std::__2::__sso_allocator<std::__2::locale::facet*, 30ul>>::__destroy_vector>(std::__2::vector<std::__2::locale::facet*, std::__2::__sso_allocator<std::__2::locale::facet*, 30ul>>::__destroy_vector)",98,904
1099,"void std::__2::__debug_db_insert_c[abi:v160000]<std::__2::vector<std::__2::locale::facet*, std::__2::__sso_allocator<std::__2::locale::facet*, 30ul>>>(std::__2::vector<std::__2::locale::facet*, std::__2::__sso_allocator<std::__2::locale::facet*, 30ul>>*)",33,536
1100,"std::__2::vector<std::__2::locale::facet*, std::__2::__sso_allocator<std::__2::locale::facet*, 30ul>>::__vallocate[abi:v160000](unsigned long)",258,1288
1101,"std::__2::vector<std::__2::locale::facet*, std::__2::__sso_allocator<std::__2::locale::facet*, 30ul>>::__construct_at_end(unsigned long)",282,1240
1102,"std::__2::__exception_guard<std::__2::vector<std::__2::locale::facet*, std::__2::__sso_allocator<std::__2::locale::facet*, 30ul>>::__destroy_vector>::__complete[abi:v160000]()",50,536
1103,"std::__2::vector<std::__2::locale::facet*, std::__2::__sso_allocator<std::__2::locale::facet*, 30ul>>::size[abi:v160000]() const",73,552
1104,"std::__2::vector<std::__2::locale::facet*, std::__2::__sso_allocator<std::__2::locale::facet*, 30ul>>::__clear[abi:v160000]()",84,888
1105,"std::__2::vector<std::__2::locale::facet*, std::__2::__sso_allocator<std::__2::locale::facet*, 30ul>>::__annotate_shrink[abi:v160000](unsigned long) const",210,1264
1106,"void std::__2::__debug_db_invalidate_all[abi:v160000]<std::__2::vector<std::__2::locale::facet*, std::__2::__sso_allocator<std::__2::locale::facet*, 30ul>>>(std::__2::vector<std::__2::locale::facet*, std::__2::__sso_allocator<std::__2::locale::facet*, 30ul>>*)",33,536
1107,std::__2::locale::id::__get(),198,1024
1108,"std::__2::locale::__imp::install(std::__2::locale::facet*, long)",403,1464
1109,std::__2::collate<char>::collate[abi:v160000](unsigned long),119,936
1110,std::__2::collate<wchar_t>::collate[abi:v160000](unsigned long),119,936
1111,std::__2::ctype<wchar_t>::ctype[abi:v160000](unsigned long),128,992
1112,"std::__2::codecvt<char, char, __mbstate_t>::codecvt[abi:v160000](unsigned long)",128,992
1113,"std::__2::codecvt<char16_t, char, __mbstate_t>::codecvt[abi:v160000](unsigned long)",128,992
1114,"std::__2::codecvt<char32_t, char, __mbstate_t>::codecvt[abi:v160000](unsigned long)",128,992
1115,"std::__2::codecvt<char16_t, char8_t, __mbstate_t>::codecvt[abi:v160000](unsigned long)",128,992
1116,"std::__2::codecvt<char32_t, char8_t, __mbstate_t>::codecvt[abi:v160000](unsigned long)",128,992
1117,"std::__2::num_get<char, std::__2::istreambuf_iterator<char, std::__2::char_traits<char>>>::num_get[abi:v160000](unsigned long)",119,936
1118,"std::__2::num_get<wchar_t, std::__2::istreambuf_iterator<wchar_t, std::__2::char_traits<wchar_t>>>::num_get[abi:v160000](unsigned long)",119,936
1119,"std::__2::num_put<char, std::__2::ostreambuf_iterator<char, std::__2::char_traits<char>>>::num_put[abi:v160000](unsigned long)",119,936
1120,"std::__2::num_put<wchar_t, std::__2::ostreambuf_iterator<wchar_t, std::__2::char_traits<wchar_t>>>::num_put[abi:v160000](unsigned long)",119,936
1121,"std::__2::moneypunct<char, false>::moneypunct[abi:v160000](unsigned long)",128,992
1122,"std::__2::moneypunct<char, true>::moneypunct[abi:v160000](unsigned long)",128,992
1123,"std::__2::moneypunct<wchar_t, false>::moneypunct[abi:v160000](unsigned long)",128,992
1124,"std::__2::moneypunct<wchar_t, true>::moneypunct[abi:v160000](unsigned long)",128,992
1125,"std::__2::money_get<char, std::__2::istreambuf_iterator<char, std::__2::char_traits<char>>>::money_get[abi:v160000](unsigned long)",128,992
1126,"std::__2::money_get<wchar_t, std::__2::istreambuf_iterator<wchar_t, std::__2::char_traits<wchar_t>>>::money_get[abi:v160000](unsigned long)",128,992
1127,"std::__2::money_put<char, std::__2::ostreambuf_iterator<char, std::__2::char_traits<char>>>::money_put[abi:v160000](unsigned long)",128,992
1128,"std::__2::money_put<wchar_t, std::__2::ostreambuf_iterator<wchar_t, std::__2::char_traits<wchar_t>>>::money_put[abi:v160000](unsigned long)",129,992
1129,"std::__2::time_get<char, std::__2::istreambuf_iterator<char, std::__2::char_traits<char>>>::time_get[abi:v160000](unsigned long)",166,1016
1130,"std::__2::time_get<wchar_t, std::__2::istreambuf_iterator<wchar_t, std::__2::char_traits<wchar_t>>>::time_get[abi:v160000](unsigned long)",166,1016
1131,"std::__2::time_put<char, std::__2::ostreambuf_iterator<char, std::__2::char_traits<char>>>::time_put[abi:v160000](unsigned long)",140,1000
1132,"std::__2::time_put<wchar_t, std::__2::ostreambuf_iterator<wchar_t, std::__2::char_traits<wchar_t>>>::time_put[abi:v160000](unsigned long)",139,1000
1133,std::__2::messages<char>::messages[abi:v160000](unsigned long),128,992
1134,std::__2::messages<wchar_t>::messages[abi:v160000](unsigned long),129,992
1135,std::__2::locale::classic(),134,880
1136,"std::__2::vector<std::__2::locale::facet*, std::__2::__sso_allocator<std::__2::locale::facet*, 30ul>>::operator[][abi:v160000](unsigned long)",80,552
1137,std::__2::__shared_count::__add_shared[abi:v160000](),86,880
1138,std::__2::locale::__imp::make_classic(),104,928
1139,long std::__2::__libcpp_atomic_refcount_increment[abi:v160000]<long>(long&),67,544
1140,std::__2::locale::__imp::use_facet(long) const,156,1056
1141,"std::__2::unique_ptr<std::__2::locale::facet, std::__2::(anonymous namespace)::release>::unique_ptr[abi:v160000]<true, void>(std::__2::locale::facet*)",107,928
1142,"std::__2::unique_ptr<std::__2::locale::facet, std::__2::(anonymous namespace)::release>::~unique_ptr[abi:v160000]()",82,912
1143,"std::__2::__compressed_pair<std::__2::locale::facet*, std::__2::(anonymous namespace)::release>::__compressed_pair[abi:v160000]<std::__2::locale::facet*&, std::__2::__value_init_tag>(std::__2::locale::facet*&, std::__2::__value_init_tag&&)",110,992
1144,"std::__2::vector<std::__2::locale::facet*, std::__2::__sso_allocator<std::__2::locale::facet*, 30ul>>::resize(unsigned long)",265,1056
1145,std::__2::__shared_count::__release_shared[abi:v160000](),219,1032
1146,"std::__2::unique_ptr<std::__2::locale::facet, std::__2::(anonymous namespace)::release>::release[abi:v160000]()",121,1000
1147,"std::__2::unique_ptr<std::__2::locale::facet, std::__2::(anonymous namespace)::release>::reset[abi:v160000](std::__2::locale::facet*)",194,1152
1148,std::__2::locale::__imp::~__imp(),382,1384
1149,"std::__2::vector<std::__2::locale::facet*, std::__2::__sso_allocator<std::__2::locale::facet*, 30ul>>::~vector[abi:v160000]()",117,968
1150,long std::__2::__libcpp_atomic_refcount_decrement[abi:v160000]<long>(long&),67,544
1151,"std::__2::vector<std::__2::locale::facet*, std::__2::__sso_allocator<std::__2::locale::facet*, 30ul>>::__destroy_vector::operator()[abi:v160000]()",223,1176
1152,std::__2::locale::__imp::~__imp(),95,968
1153,"std::__2::vector<std::__2::locale::facet*, std::__2::__sso_allocator<std::__2::locale::facet*, 30ul>>::__append(unsigned long)",316,1448
1154,"std::__2::vector<std::__2::locale::facet*, std::__2::__sso_allocator<std::__2::locale::facet*, 30ul>>::__destruct_at_end[abi:v160000](std::__2::locale::facet**)",141,1128
1155,"std::__2::__compressed_pair<std::__2::locale::facet*, std::__2::(anonymous namespace)::release>::first[abi:v160000]()",79,896
1156,std::__2::locale::__imp::has_facet(long) const,220,1032
1157,"std::__2::vector<std::__2::locale::facet*, std::__2::__sso_allocator<std::__2::locale::facet*, 30ul>>::operator[][abi:v160000](unsigned long) const",80,552
1158,"std::__2::locale::__imp& std::__2::(anonymous namespace)::make<std::__2::locale::__imp, unsigned int>(unsigned int)",120,944
1159,std::__2::locale::__imp::make_global(),115,976
1160,std::__2::locale::__global(),134,880
1161,std::__2::locale::locale(),105,968
1162,std::__2::locale::locale(std::__2::locale const&),111,928
1163,std::__2::locale::~locale(),84,904
1164,std::__2::locale::id::__init(),104,944
1165,"std::__2::(anonymous namespace)::__fake_bind::__fake_bind(void (std::__2::locale::id::*)(), std::__2::locale::id*)",130,608
1166,"void std::__2::call_once[abi:v160000]<std::__2::(anonymous namespace)::__fake_bind>(std::__2::once_flag&, std::__2::(anonymous namespace)::__fake_bind&&)",237,1128
1167,std::__2::locale::facet::~facet(),94,968
1168,std::__2::locale::facet::__on_zero_shared(),128,912
1169,unsigned long std::__2::__libcpp_acquire_load[abi:v160000]<unsigned long>(unsigned long const*),48,536
1170,"std::__2::tuple<std::__2::(anonymous namespace)::__fake_bind&&>::tuple[abi:v160000]<std::__2::(anonymous namespace)::__fake_bind, 0>(std::__2::(anonymous namespace)::__fake_bind&&)",93,928
1171,std::__2::__call_once_param<std::__2::tuple<std::__2::(anonymous namespace)::__fake_bind&&>>::__call_once_param[abi:v160000](std::__2::tuple<std::__2::(anonymous namespace)::__fake_bind&&>&),62,552
1172,void std::__2::__call_once_proxy[abi:v160000]<std::__2::tuple<std::__2::(anonymous namespace)::__fake_bind&&>>(void*),88,888
1173,"int std::__2::(anonymous namespace)::__libcpp_atomic_add[abi:v160000]<int, int>(int*, int, int)",83,568
1174,std::__2::ctype<wchar_t>::~ctype(),77,904
1175,std::__2::ctype<wchar_t>::~ctype(),95,968
1176,"std::__2::ctype<wchar_t>::do_is(unsigned long, wchar_t) const",205,1032
1177,std::__2::ctype<char>::classic_table(),17,520
1178,"std::__2::ctype<wchar_t>::do_is(wchar_t const*, wchar_t const*, unsigned long*) const",307,1152
1179,"std::__2::ctype<wchar_t>::do_scan_is(unsigned long, wchar_t const*, wchar_t const*) const",268,1144
1180,"std::__2::ctype<wchar_t>::do_scan_not(unsigned long, wchar_t const*, wchar_t const*) const",270,1128
1181,std::__2::ctype<wchar_t>::do_toupper(wchar_t) const,185,1088
1182,"std::__2::ctype<wchar_t>::do_toupper(wchar_t*, wchar_t const*) const",315,1184
1183,std::__2::ctype<wchar_t>::do_tolower(wchar_t) const,185,1088
1184,"std::__2::ctype<wchar_t>::do_tolower(wchar_t*, wchar_t const*) const",314,1184
1185,std::__2::ctype<wchar_t>::do_widen(char) const,71,552
1186,"std::__2::ctype<wchar_t>::do_widen(char const*, char const*, wchar_t*) const",212,632
1187,"std::__2::ctype<wchar_t>::do_narrow(wchar_t, char) const",159,992
1188,"std::__2::ctype<wchar_t>::do_narrow(wchar_t const*, wchar_t const*, char, char*) const",286,1104
1189,"std::__2::ctype<char>::ctype(unsigned long const*, bool, unsigned long)",259,1168
1190,std::__2::ctype_base::ctype_base[abi:v160000](),42,536
1191,std::__2::ctype<char>::~ctype(),237,1032
1192,std::__2::ctype<char>::~ctype(),95,968
1193,std::__2::ctype<char>::do_toupper(char) const,271,1096
1194,"std::__2::ctype<char>::do_toupper(char*, char const*) const",387,1184
1195,std::__2::ctype<char>::do_tolower(char) const,271,1096
1196,"std::__2::ctype<char>::do_tolower(char*, char const*) const",386,1184
1197,std::__2::ctype<char>::do_widen(char) const,67,552
1198,"std::__2::ctype<char>::do_widen(char const*, char const*, char*) const",194,624
1199,"std::__2::ctype<char>::do_narrow(char, char) const",177,992
1200,"std::__2::ctype<char>::do_narrow(char const*, char const*, char, char*) const",303,1120
1201,"std::__2::codecvt<char, char, __mbstate_t>::~codecvt()",95,968
1202,"std::__2::codecvt<char, char, __mbstate_t>::do_out(__mbstate_t&, char const*, char const*, char const*&, char*, char*, char*&) const",130,640
1203,"std::__2::codecvt<char, char, __mbstate_t>::do_in(__mbstate_t&, char const*, char const*, char const*&, char*, char*, char*&) const",129,640
1204,"std::__2::codecvt<char, char, __mbstate_t>::do_unshift(__mbstate_t&, char*, char*, char*&) const",87,592
1205,"std::__2::codecvt<char, char, __mbstate_t>::do_encoding() const",38,536
1206,"std::__2::codecvt<char, char, __mbstate_t>::do_always_noconv() const",50,536
1207,"std::__2::codecvt<char, char, __mbstate_t>::do_length(__mbstate_t&, char const*, char const*, unsigned long) const",166,984
1208,"std::__2::codecvt<char, char, __mbstate_t>::do_max_length() const",39,536
1209,"std::__2::codecvt<wchar_t, char, __mbstate_t>::codecvt(unsigned long)",143,1048
1210,std::__2::codecvt_base::codecvt_base[abi:v160000](),41,536
1211,"std::__2::codecvt<wchar_t, char, __mbstate_t>::~codecvt()",95,968
1212,"std::__2::codecvt<wchar_t, char, __mbstate_t>::do_out(__mbstate_t&, wchar_t const*, wchar_t const*, wchar_t const*&, char*, char*, char*&) const",1810,2080
1213,"std::__2::__libcpp_wcsnrtombs_l[abi:v160000](char*, wchar_t const**, unsigned long, unsigned long, __mbstate_t*, __locale_struct*)",193,1168
1214,"std::__2::__libcpp_wcrtomb_l[abi:v160000](char*, wchar_t, __mbstate_t*, __locale_struct*)",187,1112
1215,"std::__2::codecvt<wchar_t, char, __mbstate_t>::do_in(__mbstate_t&, char const*, char const*, char const*&, wchar_t*, wchar_t*, wchar_t*&) const",1837,2032
1216,"std::__2::__libcpp_mbsnrtowcs_l[abi:v160000](wchar_t*, char const**, unsigned long, unsigned long, __mbstate_t*, __locale_struct*)",193,1168
1217,"std::__2::__libcpp_mbrtowc_l[abi:v160000](wchar_t*, char const*, unsigned long, __mbstate_t*, __locale_struct*)",199,1144
1218,"std::__2::codecvt<wchar_t, char, __mbstate_t>::do_unshift(__mbstate_t&, char*, char*, char*&) const",515,1184
1219,"std::__2::codecvt<wchar_t, char, __mbstate_t>::do_encoding() const",254,1040
1220,"std::__2::__libcpp_mbtowc_l[abi:v160000](wchar_t*, char const*, unsigned long, __locale_struct*)",183,1112
1221,std::__2::__libcpp_mb_cur_max_l[abi:v160000](__locale_struct*),134,1000
1222,"std::__2::codecvt<wchar_t, char, __mbstate_t>::do_always_noconv() const",50,536
1223,"std::__2::codecvt<wchar_t, char, __mbstate_t>::do_length(__mbstate_t&, char const*, char const*, unsigned long) const",511,1264
1224,"std::__2::__libcpp_mbrlen_l[abi:v160000](char const*, unsigned long, __mbstate_t*, __locale_struct*)",183,1112
1225,"std::__2::codecvt<wchar_t, char, __mbstate_t>::do_max_length() const",151,912
1226,"std::__2::codecvt<char16_t, char, __mbstate_t>::~codecvt()",95,968
1227,"std::__2::codecvt<char16_t, char, __mbstate_t>::do_out(__mbstate_t&, char16_t const*, char16_t const*, char16_t const*&, char*, char*, char*&) const",424,1256
1228,"std::__2::utf16_to_utf8(unsigned short const*, unsigned short const*, unsigned short const*&, unsigned char*, unsigned char*, unsigned char*&, unsigned long, std::__2::codecvt_mode)",3562,1592
1229,"std::__2::codecvt<char16_t, char, __mbstate_t>::do_in(__mbstate_t&, char const*, char const*, char const*&, char16_t*, char16_t*, char16_t*&) const",424,1256
1230,"std::__2::utf8_to_utf16(unsigned char const*, unsigned char const*, unsigned char const*&, unsigned short*, unsigned short*, unsigned short*&, unsigned long, std::__2::codecvt_mode)",4620,1816
1231,"std::__2::codecvt<char16_t, char, __mbstate_t>::do_unshift(__mbstate_t&, char*, char*, char*&) const",87,592
1232,"std::__2::codecvt<char16_t, char, __mbstate_t>::do_encoding() const",38,536
1233,"std::__2::codecvt<char16_t, char, __mbstate_t>::do_always_noconv() const",50,536
1234,"std::__2::codecvt<char16_t, char, __mbstate_t>::do_length(__mbstate_t&, char const*, char const*, unsigned long) const",168,984
1235,"std::__2::utf8_to_utf16_length(unsigned char const*, unsigned char const*, unsigned long, unsigned long, std::__2::codecvt_mode)",3622,1456
1236,"std::__2::codecvt<char16_t, char, __mbstate_t>::do_max_length() const",38,536
1237,"std::__2::codecvt<char16_t, char8_t, __mbstate_t>::~codecvt()",95,968
1238,"std::__2::codecvt<char16_t, char8_t, __mbstate_t>::do_out(__mbstate_t&, char16_t const*, char16_t const*, char16_t const*&, char8_t*, char8_t*, char8_t*&) const",424,1256
1239,"std::__2::codecvt<char16_t, char8_t, __mbstate_t>::do_in(__mbstate_t&, char8_t const*, char8_t const*, char8_t const*&, char16_t*, char16_t*, char16_t*&) const",423,1256
1240,"std::__2::codecvt<char16_t, char8_t, __mbstate_t>::do_unshift(__mbstate_t&, char8_t*, char8_t*, char8_t*&) const",87,592
1241,"std::__2::codecvt<char16_t, char8_t, __mbstate_t>::do_encoding() const",38,536
1242,"std::__2::codecvt<char16_t, char8_t, __mbstate_t>::do_always_noconv() const",50,536
1243,"std::__2::codecvt<char16_t, char8_t, __mbstate_t>::do_length(__mbstate_t&, char8_t const*, char8_t const*, unsigned long) const",167,984
1244,"std::__2::codecvt<char16_t, char8_t, __mbstate_t>::do_max_length() const",38,536
1245,"std::__2::codecvt<char32_t, char, __mbstate_t>::~codecvt()",95,968
1246,"std::__2::codecvt<char32_t, char, __mbstate_t>::do_out(__mbstate_t&, char32_t const*, char32_t const*, char32_t const*&, char*, char*, char*&) const",424,1256
1247,"std::__2::ucs4_to_utf8(unsigned int const*, unsigned int const*, unsigned int const*&, unsigned char*, unsigned char*, unsigned char*&, unsigned long, std::__2::codecvt_mode)",2028,1136
1248,"std::__2::codecvt<char32_t, char, __mbstate_t>::do_in(__mbstate_t&, char const*, char const*, char const*&, char32_t*, char32_t*, char32_t*&) const",424,1256
1249,"std::__2::utf8_to_ucs4(unsigned char const*, unsigned char const*, unsigned char const*&, unsigned int*, unsigned int*, unsigned int*&, unsigned long, std::__2::codecvt_mode)",4032,1576
1250,"std::__2::codecvt<char32_t, char, __mbstate_t>::do_unshift(__mbstate_t&, char*, char*, char*&) const",87,592
1251,"std::__2::codecvt<char32_t, char, __mbstate_t>::do_encoding() const",38,536
1252,"std::__2::codecvt<char32_t, char, __mbstate_t>::do_always_noconv() const",50,536
1253,"std::__2::codecvt<char32_t, char, __mbstate_t>::do_length(__mbstate_t&, char const*, char const*, unsigned long) const",168,984
1254,"std::__2::utf8_to_ucs4_length(unsigned char const*, unsigned char const*, unsigned long, unsigned long, std::__2::codecvt_mode)",3482,1392
1255,"std::__2::codecvt<char32_t, char, __mbstate_t>::do_max_length() const",38,536
1256,"std::__2::codecvt<char32_t, char8_t, __mbstate_t>::~codecvt()",95,968
1257,"std::__2::codecvt<char32_t, char8_t, __mbstate_t>::do_out(__mbstate_t&, char32_t const*, char32_t const*, char32_t const*&, char8_t*, char8_t*, char8_t*&) const",424,1256
1258,"std::__2::codecvt<char32_t, char8_t, __mbstate_t>::do_in(__mbstate_t&, char8_t const*, char8_t const*, char8_t const*&, char32_t*, char32_t*, char32_t*&) const",423,1256
1259,"std::__2::codecvt<char32_t, char8_t, __mbstate_t>::do_unshift(__mbstate_t&, char8_t*, char8_t*, char8_t*&) const",87,592
1260,"std::__2::codecvt<char32_t, char8_t, __mbstate_t>::do_encoding() const",38,536
1261,"std::__2::codecvt<char32_t, char8_t, __mbstate_t>::do_always_noconv() const",50,536
1262,"std::__2::codecvt<char32_t, char8_t, __mbstate_t>::do_length(__mbstate_t&, char8_t const*, char8_t const*, unsigned long) const",167,984
1263,"std::__2::codecvt<char32_t, char8_t, __mbstate_t>::do_max_length() const",39,536
1264,std::__2::numpunct<char>::numpunct(unsigned long),162,1008
1265,std::__2::numpunct<wchar_t>::numpunct(unsigned long),161,1016
1266,std::__2::numpunct<char>::~numpunct(),123,968
1267,std::__2::numpunct<char>::~numpunct(),94,968
1268,std::__2::numpunct<wchar_t>::~numpunct(),123,968
1269,std::__2::numpunct<wchar_t>::~numpunct(),94,968
1270,std::__2::numpunct<char>::do_decimal_point() const,66,544
1271,std::__2::numpunct<wchar_t>::do_decimal_point() const,52,544
1272,std::__2::numpunct<char>::do_thousands_sep() const,66,544
1273,std::__2::numpunct<wchar_t>::do_thousands_sep() const,52,544
1274,std::__2::numpunct<char>::do_grouping() const,95,904
1275,std::__2::numpunct<wchar_t>::do_grouping() const,95,904
1276,std::__2::numpunct<char>::do_truename() const,85,904
1277,std::__2::numpunct<wchar_t>::do_truename() const,86,904
1278,"std::__2::basic_string<wchar_t, std::__2::char_traits<wchar_t>, std::__2::allocator<wchar_t>>::basic_string[abi:v160000]<std::nullptr_t>(wchar_t const*)",162,1088
1279,std::__2::numpunct<char>::do_falsename() const,85,904
1280,std::__2::numpunct<wchar_t>::do_falsename() const,85,904
1281,"std::__2::basic_string<char, std::__2::char_traits<char>, std::__2::allocator<char>>::operator=[abi:v160000](char const*)",94,912
1282,"std::__2::basic_string<char, std::__2::char_traits<char>, std::__2::allocator<char>>::assign(char const*)",94,912
1283,"void std::__2::__reverse[abi:v160000]<std::__2::_ClassicAlgPolicy, unsigned int*, unsigned int*>(unsigned int*, unsigned int*)",91,896
1284,std::__2::__time_get_c_storage<char>::__weeks() const,188,936
1285,std::__2::init_weeks(),667,1520
1286,__cxx_global_array_dtor.57,154,1384
1287,std::__2::__time_get_c_storage<wchar_t>::__weeks() const,188,936
1288,std::__2::init_wweeks(),667,1520
1289,__cxx_global_array_dtor.72,153,1384
1290,"std::__2::basic_string<wchar_t, std::__2::char_traits<wchar_t>, std::__2::allocator<wchar_t>>::operator=[abi:v160000](wchar_t const*)",95,912
1291,std::__2::__time_get_c_storage<char>::__months() const,188,936
1292,std::__2::init_months(),1057,1952
1293,__cxx_global_array_dtor.87,154,1744
1294,std::__2::__time_get_c_storage<wchar_t>::__months() const,188,936
1295,std::__2::init_wmonths(),1057,1952
1296,__cxx_global_array_dtor.111,154,1744
1297,std::__2::__time_get_c_storage<char>::__am_pm() const,188,936
1298,std::__2::init_am_pm(),203,992
1299,__cxx_global_array_dtor.135,153,944
1300,std::__2::__time_get_c_storage<wchar_t>::__am_pm() const,188,936
1301,std::__2::init_wam_pm(),203,992
1302,__cxx_global_array_dtor.138,153,944
1303,std::__2::__time_get_c_storage<char>::__x() const,217,1000
1304,__cxx_global_array_dtor,77,880
1305,std::__2::__time_get_c_storage<wchar_t>::__x() const,217,1000
1306,__cxx_global_array_dtor.32,77,880
1307,std::__2::__time_get_c_storage<char>::__X() const,217,1000
1308,__cxx_global_array_dtor.34,77,880
1309,std::__2::__time_get_c_storage<wchar_t>::__X() const,217,1000
1310,__cxx_global_array_dtor.36,77,880
1311,std::__2::__time_get_c_storage<char>::__c() const,217,1000
1312,__cxx_global_array_dtor.38,77,880
1313,std::__2::__time_get_c_storage<wchar_t>::__c() const,217,1000
1314,__cxx_global_array_dtor.40,77,880
1315,std::__2::__time_get_c_storage<char>::__r() const,217,1000
1316,__cxx_global_array_dtor.42,77,880
1317,std::__2::__time_get_c_storage<wchar_t>::__r() const,217,1000
1318,__cxx_global_array_dtor.44,77,880
1319,std::__2::__time_put::~__time_put(),146,1008
1320,"std::__2::basic_string<wchar_t, std::__2::char_traits<wchar_t>, std::__2::allocator<wchar_t>>::assign(wchar_t const*)",94,912
1321,"std::__2::num_get<char, std::__2::istreambuf_iterator<char, std::__2::char_traits<char>>>::~num_get()",77,904
1322,"std::__2::num_get<char, std::__2::istreambuf_iterator<char, std::__2::char_traits<char>>>::~num_get()",83,952
1323,"std::__2::num_get<wchar_t, std::__2::istreambuf_iterator<wchar_t, std::__2::char_traits<wchar_t>>>::~num_get()",77,904
1324,"std::__2::num_get<wchar_t, std::__2::istreambuf_iterator<wchar_t, std::__2::char_traits<wchar_t>>>::~num_get()",83,952
1325,"std::__2::num_put<char, std::__2::ostreambuf_iterator<char, std::__2::char_traits<char>>>::~num_put()",77,904
1326,"std::__2::num_put<char, std::__2::ostreambuf_iterator<char, std::__2::char_traits<char>>>::~num_put()",83,952
1327,"std::__2::num_put<wchar_t, std::__2::ostreambuf_iterator<wchar_t, std::__2::char_traits<wchar_t>>>::~num_put()",77,904
1328,"std::__2::num_put<wchar_t, std::__2::ostreambuf_iterator<wchar_t, std::__2::char_traits<wchar_t>>>::~num_put()",83,952
1329,"std::__2::time_get<char, std::__2::istreambuf_iterator<char, std::__2::char_traits<char>>>::~time_get()",97,960
1330,std::__2::__time_get_c_storage<char>::~__time_get_c_storage[abi:v160000](),41,536
1331,"std::__2::time_get<char, std::__2::istreambuf_iterator<char, std::__2::char_traits<char>>>::~time_get()",83,952
1332,"std::__2::time_get<wchar_t, std::__2::istreambuf_iterator<wchar_t, std::__2::char_traits<wchar_t>>>::~time_get()",97,960
1333,std::__2::__time_get_c_storage<wchar_t>::~__time_get_c_storage[abi:v160000](),41,536
1334,"std::__2::time_get<wchar_t, std::__2::istreambuf_iterator<wchar_t, std::__2::char_traits<wchar_t>>>::~time_get()",83,952
1335,"std::__2::time_put<char, std::__2::ostreambuf_iterator<char, std::__2::char_traits<char>>>::~time_put()",97,960
1336,"std::__2::time_put<char, std::__2::ostreambuf_iterator<char, std::__2::char_traits<char>>>::~time_put()",83,952
1337,"std::__2::time_put<wchar_t, std::__2::ostreambuf_iterator<wchar_t, std::__2::char_traits<wchar_t>>>::~time_put()",97,960
1338,"std::__2::time_put<wchar_t, std::__2::ostreambuf_iterator<wchar_t, std::__2::char_traits<wchar_t>>>::~time_put()",83,952
1339,"std::__2::moneypunct<char, false>::~moneypunct()",77,904
1340,"std::__2::moneypunct<char, false>::~moneypunct()",83,952
1341,"std::__2::moneypunct<char, true>::~moneypunct()",77,904
1342,"std::__2::moneypunct<char, true>::~moneypunct()",83,952
1343,"std::__2::moneypunct<wchar_t, false>::~moneypunct()",77,904
1344,"std::__2::moneypunct<wchar_t, false>::~moneypunct()",83,952
1345,"std::__2::moneypunct<wchar_t, true>::~moneypunct()",77,904
1346,"std::__2::moneypunct<wchar_t, true>::~moneypunct()",83,952
1347,"std::__2::money_get<char, std::__2::istreambuf_iterator<char, std::__2::char_traits<char>>>::~money_get()",77,904
1348,"std::__2::money_get<char, std::__2::istreambuf_iterator<char, std::__2::char_traits<char>>>::~money_get()",83,952
1349,"std::__2::money_get<wchar_t, std::__2::istreambuf_iterator<wchar_t, std::__2::char_traits<wchar_t>>>::~money_get()",77,904
1350,"std::__2::money_get<wchar_t, std::__2::istreambuf_iterator<wchar_t, std::__2::char_traits<wchar_t>>>::~money_get()",83,952
1351,"std::__2::money_put<char, std::__2::ostreambuf_iterator<char, std::__2::char_traits<char>>>::~money_put()",77,904
1352,"std::__2::money_put<char, std::__2::ostreambuf_iterator<char, std::__2::char_traits<char>>>::~money_put()",83,952
1353,"std::__2::money_put<wchar_t, std::__2::ostreambuf_iterator<wchar_t, std::__2::char_traits<wchar_t>>>::~money_put()",77,904
1354,"std::__2::money_put<wchar_t, std::__2::ostreambuf_iterator<wchar_t, std::__2::char_traits<wchar_t>>>::~money_put()",83,952
1355,std::__2::messages<char>::~messages(),77,904
1356,std::__2::messages<char>::~messages(),83,952
1357,std::__2::messages<wchar_t>::~messages(),77,904
1358,std::__2::messages<wchar_t>::~messages(),83,952
1359,"std::__2::iterator_traits<char const*>::difference_type std::__2::distance[abi:v160000]<char const*>(char const*, char const*)",94,912
1360,"std::__2::iterator_traits<char const*>::difference_type std::__2::__distance[abi:v160000]<char const*>(char const*, char const*, std::__2::random_access_iterator_tag)",62,552
1361,"std::__2::iterator_traits<wchar_t const*>::difference_type std::__2::distance[abi:v160000]<wchar_t const*>(wchar_t const*, wchar_t const*)",94,912
1362,"std::__2::iterator_traits<wchar_t const*>::difference_type std::__2::__distance[abi:v160000]<wchar_t const*>(wchar_t const*, wchar_t const*, std::__2::random_access_iterator_tag)",74,552
1363,"void std::__2::__reverse_impl[abi:v160000]<std::__2::_ClassicAlgPolicy, char*>(char*, char*, std::__2::random_access_iterator_tag)",239,1016
1364,"void std::__2::_IterOps<std::__2::_ClassicAlgPolicy>::iter_swap[abi:v160000]<char*&, char*&>(char*&, char*&)",104,904
1365,"void std::__2::iter_swap[abi:v160000]<char*, char*>(char*, char*)",91,896
1366,"void std::__2::__reverse_impl[abi:v160000]<std::__2::_ClassicAlgPolicy, wchar_t*>(wchar_t*, wchar_t*, std::__2::random_access_iterator_tag)",239,1016
1367,"void std::__2::_IterOps<std::__2::_ClassicAlgPolicy>::iter_swap[abi:v160000]<wchar_t*&, wchar_t*&>(wchar_t*&, wchar_t*&)",104,904
1368,"void std::__2::iter_swap[abi:v160000]<wchar_t*, wchar_t*>(wchar_t*, wchar_t*)",90,896
1369,"std::__2::enable_if<is_move_constructible<wchar_t>::value && is_move_assignable<wchar_t>::value, void>::type std::__2::swap[abi:v160000]<wchar_t>(wchar_t&, wchar_t&)",109,576
1370,"std::__2::pair<char*, std::__2::ostreambuf_iterator<char, std::__2::char_traits<char>>> std::__2::__dispatch_copy_or_move[abi:v160000]<std::__2::_ClassicAlgPolicy, std::__2::__copy_loop<std::__2::_ClassicAlgPolicy>, std::__2::__copy_trivial, char*, char*, std::__2::ostreambuf_iterator<char, std::__2::char_traits<char>>>(char*, char*, std::__2::ostreambuf_iterator<char, std::__2::char_traits<char>>)",123,936
1371,"std::__2::pair<char*, std::__2::ostreambuf_iterator<char, std::__2::char_traits<char>>> std::__2::__unwrap_and_dispatch[abi:v160000]<std::__2::__overload<std::__2::__copy_loop<std::__2::_ClassicAlgPolicy>, std::__2::__copy_trivial>, char*, char*, std::__2::ostreambuf_iterator<char, std::__2::char_traits<char>>, 0>(char*, char*, std::__2::ostreambuf_iterator<char, std::__2::char_traits<char>>)",383,1376
1372,"auto std::__2::__unwrap_range[abi:v160000]<char*, char*>(char*, char*)",92,904
1373,"decltype(std::__2::__unwrap_iter_impl<std::__2::ostreambuf_iterator<char, std::__2::char_traits<char>>, false>::__unwrap(std::declval<std::__2::ostreambuf_iterator<char, std::__2::char_traits<char>>>())) std::__2::__unwrap_iter[abi:v160000]<std::__2::ostreambuf_iterator<char, std::__2::char_traits<char>>, std::__2::__unwrap_iter_impl<std::__2::ostreambuf_iterator<char, std::__2::char_traits<char>>, false>, 0>(std::__2::ostreambuf_iterator<char, std::__2::char_traits<char>>)",107,928
1374,"std::__2::pair<char*, std::__2::ostreambuf_iterator<char, std::__2::char_traits<char>>> std::__2::__copy_loop<std::__2::_ClassicAlgPolicy>::operator()[abi:v160000]<char*, char*, std::__2::ostreambuf_iterator<char, std::__2::char_traits<char>>>(char*, char*, std::__2::ostreambuf_iterator<char, std::__2::char_traits<char>>) const",292,1192
1375,"char* std::__2::__rewrap_range[abi:v160000]<char*, char*, char*>(char*, char*)",95,912
1376,"std::__2::ostreambuf_iterator<char, std::__2::char_traits<char>> std::__2::__rewrap_iter[abi:v160000]<std::__2::ostreambuf_iterator<char, std::__2::char_traits<char>>, std::__2::ostreambuf_iterator<char, std::__2::char_traits<char>>, std::__2::__unwrap_iter_impl<std::__2::ostreambuf_iterator<char, std::__2::char_traits<char>>, false>>(std::__2::ostreambuf_iterator<char, std::__2::char_traits<char>>, std::__2::ostreambuf_iterator<char, std::__2::char_traits<char>>)",136,968
1377,"std::__2::pair<std::__2::__unwrap_ref_decay<char*>::type, std::__2::__unwrap_ref_decay<std::__2::ostreambuf_iterator<char, std::__2::char_traits<char>>>::type> std::__2::make_pair[abi:v160000]<char*, std::__2::ostreambuf_iterator<char, std::__2::char_traits<char>>>(char*&&, std::__2::ostreambuf_iterator<char, std::__2::char_traits<char>>&&)",94,904
1378,"std::__2::__unwrap_range_impl<char*, char*>::__unwrap[abi:v160000](char*, char*)",146,1088
1379,"std::__2::__unwrap_iter_impl<std::__2::ostreambuf_iterator<char, std::__2::char_traits<char>>, false>::__unwrap[abi:v160000](std::__2::ostreambuf_iterator<char, std::__2::char_traits<char>>)",55,544
1380,"std::__2::pair<char*, std::__2::ostreambuf_iterator<char, std::__2::char_traits<char>>>::pair[abi:v160000]<char*, std::__2::ostreambuf_iterator<char, std::__2::char_traits<char>>, (void*)0>(char*&&, std::__2::ostreambuf_iterator<char, std::__2::char_traits<char>>&&)",108,592
1381,"std::__2::__unwrap_range_impl<char*, char*>::__rewrap[abi:v160000](char*, char*)",94,912
1382,"std::__2::__unwrap_iter_impl<std::__2::ostreambuf_iterator<char, std::__2::char_traits<char>>, false>::__rewrap[abi:v160000](std::__2::ostreambuf_iterator<char, std::__2::char_traits<char>>, std::__2::ostreambuf_iterator<char, std::__2::char_traits<char>>)",62,560
1383,"std::__2::pair<char*, char*>::pair[abi:v160000]<char*, char*, (void*)0>(char*&&, char*&&)",97,592
1384,"std::__2::pair<wchar_t*, std::__2::ostreambuf_iterator<wchar_t, std::__2::char_traits<wchar_t>>> std::__2::__dispatch_copy_or_move[abi:v160000]<std::__2::_ClassicAlgPolicy, std::__2::__copy_loop<std::__2::_ClassicAlgPolicy>, std::__2::__copy_trivial, wchar_t*, wchar_t*, std::__2::ostreambuf_iterator<wchar_t, std::__2::char_traits<wchar_t>>>(wchar_t*, wchar_t*, std::__2::ostreambuf_iterator<wchar_t, std::__2::char_traits<wchar_t>>)",123,936
1385,"std::__2::pair<wchar_t*, std::__2::ostreambuf_iterator<wchar_t, std::__2::char_traits<wchar_t>>> std::__2::__unwrap_and_dispatch[abi:v160000]<std::__2::__overload<std::__2::__copy_loop<std::__2::_ClassicAlgPolicy>, std::__2::__copy_trivial>, wchar_t*, wchar_t*, std::__2::ostreambuf_iterator<wchar_t, std::__2::char_traits<wchar_t>>, 0>(wchar_t*, wchar_t*, std::__2::ostreambuf_iterator<wchar_t, std::__2::char_traits<wchar_t>>)",383,1376
1386,"auto std::__2::__unwrap_range[abi:v160000]<wchar_t*, wchar_t*>(wchar_t*, wchar_t*)",92,904
1387,"decltype(std::__2::__unwrap_iter_impl<std::__2::ostreambuf_iterator<wchar_t, std::__2::char_traits<wchar_t>>, false>::__unwrap(std::declval<std::__2::ostreambuf_iterator<wchar_t, std::__2::char_traits<wchar_t>>>())) std::__2::__unwrap_iter[abi:v160000]<std::__2::ostreambuf_iterator<wchar_t, std::__2::char_traits<wchar_t>>, std::__2::__unwrap_iter_impl<std::__2::ostreambuf_iterator<wchar_t, std::__2::char_traits<wchar_t>>, false>, 0>(std::__2::ostreambuf_iterator<wchar_t, std::__2::char_traits<wchar_t>>)",107,928
1388,"std::__2::pair<wchar_t*, std::__2::ostreambuf_iterator<wchar_t, std::__2::char_traits<wchar_t>>> std::__2::__copy_loop<std::__2::_ClassicAlgPolicy>::operator()[abi:v160000]<wchar_t*, wchar_t*, std::__2::ostreambuf_iterator<wchar_t, std::__2::char_traits<wchar_t>>>(wchar_t*, wchar_t*, std::__2::ostreambuf_iterator<wchar_t, std::__2::char_traits<wchar_t>>) const",278,1192
1389,"wchar_t* std::__2::__rewrap_range[abi:v160000]<wchar_t*, wchar_t*, wchar_t*>(wchar_t*, wchar_t*)",95,912
1390,"std::__2::ostreambuf_iterator<wchar_t, std::__2::char_traits<wchar_t>> std::__2::__rewrap_iter[abi:v160000]<std::__2::ostreambuf_iterator<wchar_t, std::__2::char_traits<wchar_t>>, std::__2::ostreambuf_iterator<wchar_t, std::__2::char_traits<wchar_t>>, std::__2::__unwrap_iter_impl<std::__2::ostreambuf_iterator<wchar_t, std::__2::char_traits<wchar_t>>, false>>(std::__2::ostreambuf_iterator<wchar_t, std::__2::char_traits<wchar_t>>, std::__2::ostreambuf_iterator<wchar_t, std::__2::char_traits<wchar_t>>)",136,968
1391,"std::__2::pair<std::__2::__unwrap_ref_decay<wchar_t*>::type, std::__2::__unwrap_ref_decay<std::__2::ostreambuf_iterator<wchar_t, std::__2::char_traits<wchar_t>>>::type> std::__2::make_pair[abi:v160000]<wchar_t*, std::__2::ostreambuf_iterator<wchar_t, std::__2::char_traits<wchar_t>>>(wchar_t*&&, std::__2::ostreambuf_iterator<wchar_t, std::__2::char_traits<wchar_t>>&&)",94,904
1392,"std::__2::__unwrap_range_impl<wchar_t*, wchar_t*>::__unwrap[abi:v160000](wchar_t*, wchar_t*)",146,1088
1393,"std::__2::__unwrap_iter_impl<std::__2::ostreambuf_iterator<wchar_t, std::__2::char_traits<wchar_t>>, false>::__unwrap[abi:v160000](std::__2::ostreambuf_iterator<wchar_t, std::__2::char_traits<wchar_t>>)",55,544
1394,"std::__2::pair<wchar_t*, std::__2::ostreambuf_iterator<wchar_t, std::__2::char_traits<wchar_t>>>::pair[abi:v160000]<wchar_t*, std::__2::ostreambuf_iterator<wchar_t, std::__2::char_traits<wchar_t>>, (void*)0>(wchar_t*&&, std::__2::ostreambuf_iterator<wchar_t, std::__2::char_traits<wchar_t>>&&)",108,592
1395,"std::__2::__unwrap_range_impl<wchar_t*, wchar_t*>::__rewrap[abi:v160000](wchar_t*, wchar_t*)",94,912
1396,"std::__2::__unwrap_iter_impl<std::__2::ostreambuf_iterator<wchar_t, std::__2::char_traits<wchar_t>>, false>::__rewrap[abi:v160000](std::__2::ostreambuf_iterator<wchar_t, std::__2::char_traits<wchar_t>>, std::__2::ostreambuf_iterator<wchar_t, std::__2::char_traits<wchar_t>>)",62,560
1397,"std::__2::pair<wchar_t*, wchar_t*>::pair[abi:v160000]<wchar_t*, wchar_t*, (void*)0>(wchar_t*&&, wchar_t*&&)",97,592
1398,"std::__2::__compressed_pair_elem<std::__2::allocator<wchar_t>, 1, true>::__compressed_pair_elem[abi:v160000]<std::__2::allocator<wchar_t>, void>(std::__2::allocator<wchar_t>&&)",49,552
1399,"bool std::__2::__equal_to::operator()[abi:v160000]<char, char>(char const&, char const&) const",138,576
1400,"std::__2::iterator_traits<wchar_t*>::difference_type std::__2::__distance[abi:v160000]<wchar_t*>(wchar_t*, wchar_t*, std::__2::random_access_iterator_tag)",74,552
1401,"std::__2::enable_if<__is_cpp17_forward_iterator<wchar_t*>::value, void>::type std::__2::basic_string<wchar_t, std::__2::char_traits<wchar_t>, std::__2::allocator<wchar_t>>::__init<wchar_t*>(wchar_t*, wchar_t*)",572,1880
1402,"bool std::__2::__equal_to::operator()[abi:v160000]<wchar_t, wchar_t>(wchar_t const&, wchar_t const&) const",102,576
1403,"std::__2::basic_string<wchar_t, std::__2::char_traits<wchar_t>, std::__2::allocator<wchar_t>>::__move_assign_alloc[abi:v160000](std::__2::basic_string<wchar_t, std::__2::char_traits<wchar_t>, std::__2::allocator<wchar_t>>&)",90,896
1404,"std::__2::basic_string<wchar_t, std::__2::char_traits<wchar_t>, std::__2::allocator<wchar_t>>::__move_assign_alloc[abi:v160000](std::__2::basic_string<wchar_t, std::__2::char_traits<wchar_t>, std::__2::allocator<wchar_t>>&, std::__2::integral_constant<bool, true>)",99,968
1405,"std::__2::pair<std::__2::__wrap_iter<char const*>, char*> std::__2::__dispatch_copy_or_move[abi:v160000]<std::__2::_ClassicAlgPolicy, std::__2::__copy_loop<std::__2::_ClassicAlgPolicy>, std::__2::__copy_trivial, std::__2::__wrap_iter<char const*>, std::__2::__wrap_iter<char const*>, char*>(std::__2::__wrap_iter<char const*>, std::__2::__wrap_iter<char const*>, char*)",137,944
1406,"std::__2::pair<std::__2::__wrap_iter<char const*>, char*> std::__2::__unwrap_and_dispatch[abi:v160000]<std::__2::__overload<std::__2::__copy_loop<std::__2::_ClassicAlgPolicy>, std::__2::__copy_trivial>, std::__2::__wrap_iter<char const*>, std::__2::__wrap_iter<char const*>, char*, 0>(std::__2::__wrap_iter<char const*>, std::__2::__wrap_iter<char const*>, char*)",344,1384
1407,"auto std::__2::__unwrap_range[abi:v160000]<std::__2::__wrap_iter<char const*>, std::__2::__wrap_iter<char const*>>(std::__2::__wrap_iter<char const*>, std::__2::__wrap_iter<char const*>)",120,920
1408,"std::__2::__wrap_iter<char const*> std::__2::__rewrap_range[abi:v160000]<std::__2::__wrap_iter<char const*>, std::__2::__wrap_iter<char const*>, char const*>(std::__2::__wrap_iter<char const*>, char const*)",122,952
1409,"std::__2::pair<std::__2::__unwrap_ref_decay<std::__2::__wrap_iter<char const*>>::type, std::__2::__unwrap_ref_decay<char*>::type> std::__2::make_pair[abi:v160000]<std::__2::__wrap_iter<char const*>, char*>(std::__2::__wrap_iter<char const*>&&, char*&&)",94,904
1410,"std::__2::__unwrap_range_impl<std::__2::__wrap_iter<char const*>, std::__2::__wrap_iter<char const*>>::__unwrap[abi:v160000](std::__2::__wrap_iter<char const*>, std::__2::__wrap_iter<char const*>)",185,1112
1411,"std::__2::pair<std::__2::__wrap_iter<char const*>, char*>::pair[abi:v160000]<std::__2::__wrap_iter<char const*>, char*, (void*)0>(std::__2::__wrap_iter<char const*>&&, char*&&)",97,592
1412,"std::__2::__unwrap_range_impl<std::__2::__wrap_iter<char const*>, std::__2::__wrap_iter<char const*>>::__rewrap[abi:v160000](std::__2::__wrap_iter<char const*>, char const*)",122,952
1413,"decltype(std::__2::__unwrap_iter_impl<std::__2::__wrap_iter<char const*>, true>::__unwrap(std::declval<std::__2::__wrap_iter<char const*>>())) std::__2::__unwrap_iter[abi:v160000]<std::__2::__wrap_iter<char const*>, std::__2::__unwrap_iter_impl<std::__2::__wrap_iter<char const*>, true>, 0>(std::__2::__wrap_iter<char const*>)",92,904
1414,"std::__2::__unwrap_iter_impl<std::__2::__wrap_iter<char const*>, true>::__unwrap[abi:v160000](std::__2::__wrap_iter<char const*>)",86,896
1415,"std::__2::decay<decltype(__to_address_helper<std::__2::__wrap_iter<char const*>>::__call(std::declval<std::__2::__wrap_iter<char const*> const&>()))>::type std::__2::__to_address[abi:v160000]<std::__2::__wrap_iter<char const*>, void>(std::__2::__wrap_iter<char const*> const&)",78,896
1416,"std::__2::__to_address_helper<std::__2::__wrap_iter<char const*>, void>::__call[abi:v160000](std::__2::__wrap_iter<char const*> const&)",99,912
1417,std::__2::pointer_traits<std::__2::__wrap_iter<char const*>>::to_address[abi:v160000](std::__2::__wrap_iter<char const*>),96,936
1418,"std::__2::__wrap_iter<char const*> std::__2::__rewrap_iter[abi:v160000]<std::__2::__wrap_iter<char const*>, char const*, std::__2::__unwrap_iter_impl<std::__2::__wrap_iter<char const*>, true>>(std::__2::__wrap_iter<char const*>, char const*)",123,952
1419,"std::__2::__unwrap_iter_impl<std::__2::__wrap_iter<char const*>, true>::__rewrap[abi:v160000](std::__2::__wrap_iter<char const*>, char const*)",148,1016
1420,"std::__2::__wrap_iter<char const*>::__wrap_iter[abi:v160000](void const*, char const*)",70,568
1421,"std::__2::pair<std::__2::__wrap_iter<wchar_t const*>, wchar_t*> std::__2::__dispatch_copy_or_move[abi:v160000]<std::__2::_ClassicAlgPolicy, std::__2::__copy_loop<std::__2::_ClassicAlgPolicy>, std::__2::__copy_trivial, std::__2::__wrap_iter<wchar_t const*>, std::__2::__wrap_iter<wchar_t const*>, wchar_t*>(std::__2::__wrap_iter<wchar_t const*>, std::__2::__wrap_iter<wchar_t const*>, wchar_t*)",137,944
1422,"std::__2::pair<std::__2::__wrap_iter<wchar_t const*>, wchar_t*> std::__2::__unwrap_and_dispatch[abi:v160000]<std::__2::__overload<std::__2::__copy_loop<std::__2::_ClassicAlgPolicy>, std::__2::__copy_trivial>, std::__2::__wrap_iter<wchar_t const*>, std::__2::__wrap_iter<wchar_t const*>, wchar_t*, 0>(std::__2::__wrap_iter<wchar_t const*>, std::__2::__wrap_iter<wchar_t const*>, wchar_t*)",344,1384
1423,"auto std::__2::__unwrap_range[abi:v160000]<std::__2::__wrap_iter<wchar_t const*>, std::__2::__wrap_iter<wchar_t const*>>(std::__2::__wrap_iter<wchar_t const*>, std::__2::__wrap_iter<wchar_t const*>)",120,920
1424,"std::__2::__wrap_iter<wchar_t const*> std::__2::__rewrap_range[abi:v160000]<std::__2::__wrap_iter<wchar_t const*>, std::__2::__wrap_iter<wchar_t const*>, wchar_t const*>(std::__2::__wrap_iter<wchar_t const*>, wchar_t const*)",122,952
1425,"std::__2::pair<std::__2::__unwrap_ref_decay<std::__2::__wrap_iter<wchar_t const*>>::type, std::__2::__unwrap_ref_decay<wchar_t*>::type> std::__2::make_pair[abi:v160000]<std::__2::__wrap_iter<wchar_t const*>, wchar_t*>(std::__2::__wrap_iter<wchar_t const*>&&, wchar_t*&&)",94,904
1426,"std::__2::__unwrap_range_impl<std::__2::__wrap_iter<wchar_t const*>, std::__2::__wrap_iter<wchar_t const*>>::__unwrap[abi:v160000](std::__2::__wrap_iter<wchar_t const*>, std::__2::__wrap_iter<wchar_t const*>)",185,1112
1427,"std::__2::pair<std::__2::__wrap_iter<wchar_t const*>, wchar_t*>::pair[abi:v160000]<std::__2::__wrap_iter<wchar_t const*>, wchar_t*, (void*)0>(std::__2::__wrap_iter<wchar_t const*>&&, wchar_t*&&)",97,592
1428,"std::__2::__unwrap_range_impl<std::__2::__wrap_iter<wchar_t const*>, std::__2::__wrap_iter<wchar_t const*>>::__rewrap[abi:v160000](std::__2::__wrap_iter<wchar_t const*>, wchar_t const*)",122,952
1429,"decltype(std::__2::__unwrap_iter_impl<std::__2::__wrap_iter<wchar_t const*>, true>::__unwrap(std::declval<std::__2::__wrap_iter<wchar_t const*>>())) std::__2::__unwrap_iter[abi:v160000]<std::__2::__wrap_iter<wchar_t const*>, std::__2::__unwrap_iter_impl<std::__2::__wrap_iter<wchar_t const*>, true>, 0>(std::__2::__wrap_iter<wchar_t const*>)",92,904
1430,"std::__2::__unwrap_iter_impl<std::__2::__wrap_iter<wchar_t const*>, true>::__unwrap[abi:v160000](std::__2::__wrap_iter<wchar_t const*>)",86,896
1431,"std::__2::decay<decltype(__to_address_helper<std::__2::__wrap_iter<wchar_t const*>>::__call(std::declval<std::__2::__wrap_iter<wchar_t const*> const&>()))>::type std::__2::__to_address[abi:v160000]<std::__2::__wrap_iter<wchar_t const*>, void>(std::__2::__wrap_iter<wchar_t const*> const&)",78,896
1432,"std::__2::__to_address_helper<std::__2::__wrap_iter<wchar_t const*>, void>::__call[abi:v160000](std::__2::__wrap_iter<wchar_t const*> const&)",99,912
1433,std::__2::pointer_traits<std::__2::__wrap_iter<wchar_t const*>>::to_address[abi:v160000](std::__2::__wrap_iter<wchar_t const*>),96,936
1434,"std::__2::__wrap_iter<wchar_t const*> std::__2::__rewrap_iter[abi:v160000]<std::__2::__wrap_iter<wchar_t const*>, wchar_t const*, std::__2::__unwrap_iter_impl<std::__2::__wrap_iter<wchar_t const*>, true>>(std::__2::__wrap_iter<wchar_t const*>, wchar_t const*)",123,952
1435,"std::__2::__unwrap_iter_impl<std::__2::__wrap_iter<wchar_t const*>, true>::__rewrap[abi:v160000](std::__2::__wrap_iter<wchar_t const*>, wchar_t const*)",159,1024
1436,"std::__2::__wrap_iter<wchar_t const*>::__wrap_iter[abi:v160000](void const*, wchar_t const*)",69,568
1437,"std::__2::__compressed_pair_elem<std::__2::locale::facet**, 0, false>::__compressed_pair_elem[abi:v160000]<std::nullptr_t, void>(std::nullptr_t&&)",59,560
1438,"std::__2::__compressed_pair_elem<std::__2::__sso_allocator<std::__2::locale::facet*, 30ul>, 1, false>::__compressed_pair_elem[abi:v160000](std::__2::__default_init_tag)",77,904
1439,"std::__2::__exception_guard<std::__2::vector<std::__2::locale::facet*, std::__2::__sso_allocator<std::__2::locale::facet*, 30ul>>::__destroy_vector>::__exception_guard[abi:v160000](std::__2::vector<std::__2::locale::facet*, std::__2::__sso_allocator<std::__2::locale::facet*, 30ul>>::__destroy_vector)",60,552
1440,"std::__2::vector<std::__2::locale::facet*, std::__2::__sso_allocator<std::__2::locale::facet*, 30ul>>::max_size() const",159,1104
1441,"std::__2::vector<std::__2::locale::facet*, std::__2::__sso_allocator<std::__2::locale::facet*, 30ul>>::__throw_length_error[abi:v160000]() const",56,840
1442,"std::__2::vector<std::__2::locale::facet*, std::__2::__sso_allocator<std::__2::locale::facet*, 30ul>>::__alloc[abi:v160000]()",89,896
1443,"std::__2::__allocation_result<std::__2::allocator_traits<std::__2::__sso_allocator<std::__2::locale::facet*, 30ul>>::pointer> std::__2::__allocate_at_least[abi:v160000]<std::__2::__sso_allocator<std::__2::locale::facet*, 30ul>>(std::__2::__sso_allocator<std::__2::locale::facet*, 30ul>&, unsigned long)",119,976
1444,"std::__2::vector<std::__2::locale::facet*, std::__2::__sso_allocator<std::__2::locale::facet*, 30ul>>::__end_cap[abi:v160000]()",90,896
1445,"std::__2::vector<std::__2::locale::facet*, std::__2::__sso_allocator<std::__2::locale::facet*, 30ul>>::__annotate_new[abi:v160000](unsigned long) const",211,1248
1446,"std::__2::vector<std::__2::locale::facet*, std::__2::__sso_allocator<std::__2::locale::facet*, 30ul>>::_ConstructTransaction::_ConstructTransaction[abi:v160000](std::__2::vector<std::__2::locale::facet*, std::__2::__sso_allocator<std::__2::locale::facet*, 30ul>>&, unsigned long)",136,624
1447,std::__2::locale::facet** std::__2::__to_address[abi:v160000]<std::__2::locale::facet*>(std::__2::locale::facet**),41,536
1448,"void std::__2::allocator_traits<std::__2::__sso_allocator<std::__2::locale::facet*, 30ul>>::construct[abi:v160000]<std::__2::locale::facet*, void, void>(std::__2::__sso_allocator<std::__2::locale::facet*, 30ul>&, std::__2::locale::facet**)",82,896
1449,"std::__2::vector<std::__2::locale::facet*, std::__2::__sso_allocator<std::__2::locale::facet*, 30ul>>::_ConstructTransaction::~_ConstructTransaction[abi:v160000]()",62,552
1450,"std::__2::__sso_allocator<std::__2::locale::facet*, 30ul>::__sso_allocator[abi:v160000]()",53,544
1451,"std::__2::vector<std::__2::locale::facet*, std::__2::__sso_allocator<std::__2::locale::facet*, 30ul>>::__alloc[abi:v160000]() const",89,896
1452,"unsigned long std::__2::allocator_traits<std::__2::__sso_allocator<std::__2::locale::facet*, 30ul>>::max_size[abi:v160000]<std::__2::__sso_allocator<std::__2::locale::facet*, 30ul>, void>(std::__2::__sso_allocator<std::__2::locale::facet*, 30ul> const&)",79,896
1453,"std::__2::__sso_allocator<std::__2::locale::facet*, 30ul>::allocate[abi:v160000](unsigned long, void const*)",246,1064
1454,"std::__2::__compressed_pair<std::__2::locale::facet**, std::__2::__sso_allocator<std::__2::locale::facet*, 30ul>>::second[abi:v160000]()",89,896
1455,"std::__2::__compressed_pair<std::__2::locale::facet**, std::__2::__sso_allocator<std::__2::locale::facet*, 30ul>>::first[abi:v160000]()",78,896
1456,"std::__2::vector<std::__2::locale::facet*, std::__2::__sso_allocator<std::__2::locale::facet*, 30ul>>::data[abi:v160000]() const",85,896
1457,"std::__2::vector<std::__2::locale::facet*, std::__2::__sso_allocator<std::__2::locale::facet*, 30ul>>::capacity[abi:v160000]() const",110,920
1458,"std::__2::vector<std::__2::locale::facet*, std::__2::__sso_allocator<std::__2::locale::facet*, 30ul>>::__annotate_contiguous_container[abi:v160000](void const*, void const*, void const*, void const*) const",60,568
1459,"std::__2::__sso_allocator<std::__2::locale::facet*, 30ul>::max_size[abi:v160000]() const",42,536
1460,"std::__2::__compressed_pair<std::__2::locale::facet**, std::__2::__sso_allocator<std::__2::locale::facet*, 30ul>>::second[abi:v160000]() const",89,896
1461,"std::__2::__compressed_pair_elem<std::__2::__sso_allocator<std::__2::locale::facet*, 30ul>, 1, false>::__get[abi:v160000]() const",41,536
1462,std::__2::allocator<std::__2::locale::facet*>::allocator[abi:v160000](),78,904
1463,std::__2::allocator<std::__2::locale::facet*>::allocate[abi:v160000](unsigned long),167,1056
1464,"std::__2::__non_trivial_if<true, std::__2::allocator<std::__2::locale::facet*>>::__non_trivial_if[abi:v160000]()",41,536
1465,"unsigned long std::__2::allocator_traits<std::__2::allocator<std::__2::locale::facet*>>::max_size[abi:v160000]<std::__2::allocator<std::__2::locale::facet*>, void, void>(std::__2::allocator<std::__2::locale::facet*> const&)",80,896
1466,"std::__2::__compressed_pair_elem<std::__2::__sso_allocator<std::__2::locale::facet*, 30ul>, 1, false>::__get[abi:v160000]()",41,536
1467,"std::__2::__compressed_pair_elem<std::__2::locale::facet**, 0, false>::__get[abi:v160000]()",41,536
1468,"std::__2::vector<std::__2::locale::facet*, std::__2::__sso_allocator<std::__2::locale::facet*, 30ul>>::__end_cap[abi:v160000]() const",89,896
1469,"std::__2::__compressed_pair<std::__2::locale::facet**, std::__2::__sso_allocator<std::__2::locale::facet*, 30ul>>::first[abi:v160000]() const",78,896
1470,"std::__2::__compressed_pair_elem<std::__2::locale::facet**, 0, false>::__get[abi:v160000]() const",41,536
1471,"std::__2::locale::facet** std::__2::construct_at[abi:v160000]<std::__2::locale::facet*, std::__2::locale::facet**>(std::__2::locale::facet**)",67,552
1472,"std::__2::vector<std::__2::locale::facet*, std::__2::__sso_allocator<std::__2::locale::facet*, 30ul>>::__base_destruct_at_end[abi:v160000](std::__2::locale::facet**)",209,1128
1473,"void std::__2::allocator_traits<std::__2::__sso_allocator<std::__2::locale::facet*, 30ul>>::destroy[abi:v160000]<std::__2::locale::facet*, void, void>(std::__2::__sso_allocator<std::__2::locale::facet*, 30ul>&, std::__2::locale::facet**)",81,896
1474,"void std::__2::destroy_at[abi:v160000]<std::__2::locale::facet*, 0>(std::__2::locale::facet**)",74,880
1475,"void std::__2::__destroy_at[abi:v160000]<std::__2::locale::facet*, 0>(std::__2::locale::facet**)",33,536
1476,"std::__2::vector<std::__2::locale::facet*, std::__2::__sso_allocator<std::__2::locale::facet*, 30ul>>::__recommend[abi:v160000](unsigned long) const",332,1176
1477,"std::__2::vector<std::__2::locale::facet*, std::__2::__sso_allocator<std::__2::locale::facet*, 30ul>>::__invalidate_iterators_past[abi:v160000](std::__2::locale::facet**)",39,536
1478,"std::__2::allocator_traits<std::__2::__sso_allocator<std::__2::locale::facet*, 30ul>>::deallocate[abi:v160000](std::__2::__sso_allocator<std::__2::locale::facet*, 30ul>&, std::__2::locale::facet**, unsigned long)",107,920
1479,"std::__2::__sso_allocator<std::__2::locale::facet*, 30ul>::deallocate[abi:v160000](std::__2::locale::facet**, unsigned long)",181,1064
1480,"std::__2::allocator<std::__2::locale::facet*>::deallocate[abi:v160000](std::__2::locale::facet**, unsigned long)",115,928
1481,"std::__2::vector<std::__2::locale::facet*, std::__2::__sso_allocator<std::__2::locale::facet*, 30ul>>::__annotate_delete[abi:v160000]() const",206,1256
1482,"void std::__2::__debug_db_erase_c[abi:v160000]<std::__2::vector<std::__2::locale::facet*, std::__2::__sso_allocator<std::__2::locale::facet*, 30ul>>>(std::__2::vector<std::__2::locale::facet*, std::__2::__sso_allocator<std::__2::locale::facet*, 30ul>>*)",33,536
1483,"std::__2::__split_buffer<std::__2::locale::facet*, std::__2::__sso_allocator<std::__2::locale::facet*, 30ul>&>::__split_buffer(unsigned long, unsigned long, std::__2::__sso_allocator<std::__2::locale::facet*, 30ul>&)",347,1344
1484,"std::__2::__split_buffer<std::__2::locale::facet*, std::__2::__sso_allocator<std::__2::locale::facet*, 30ul>&>::__construct_at_end(unsigned long)",259,1216
1485,"std::__2::vector<std::__2::locale::facet*, std::__2::__sso_allocator<std::__2::locale::facet*, 30ul>>::__swap_out_circular_buffer(std::__2::__split_buffer<std::__2::locale::facet*, std::__2::__sso_allocator<std::__2::locale::facet*, 30ul>&>&)",441,1720
1486,"std::__2::__split_buffer<std::__2::locale::facet*, std::__2::__sso_allocator<std::__2::locale::facet*, 30ul>&>::~__split_buffer()",175,1136
1487,"std::__2::__compressed_pair<std::__2::locale::facet**, std::__2::__sso_allocator<std::__2::locale::facet*, 30ul>&>::__compressed_pair[abi:v160000]<std::nullptr_t, std::__2::__sso_allocator<std::__2::locale::facet*, 30ul>&>(std::nullptr_t&&, std::__2::__sso_allocator<std::__2::locale::facet*, 30ul>&)",129,1024
1488,"std::__2::__split_buffer<std::__2::locale::facet*, std::__2::__sso_allocator<std::__2::locale::facet*, 30ul>&>::__alloc[abi:v160000]()",89,896
1489,"std::__2::__split_buffer<std::__2::locale::facet*, std::__2::__sso_allocator<std::__2::locale::facet*, 30ul>&>::__end_cap[abi:v160000]()",90,896
1490,"std::__2::__split_buffer<std::__2::locale::facet*, std::__2::__sso_allocator<std::__2::locale::facet*, 30ul>&>::_ConstructTransaction::_ConstructTransaction[abi:v160000](std::__2::locale::facet***, unsigned long)",136,608
1491,"std::__2::__split_buffer<std::__2::locale::facet*, std::__2::__sso_allocator<std::__2::locale::facet*, 30ul>&>::_ConstructTransaction::~_ConstructTransaction[abi:v160000]()",62,552
1492,std::__2::reverse_iterator<std::__2::locale::facet**>::reverse_iterator[abi:v160000](std::__2::locale::facet**),63,552
1493,"std::__2::reverse_iterator<std::__2::locale::facet**> std::__2::__uninitialized_allocator_move_if_noexcept[abi:v160000]<std::__2::__sso_allocator<std::__2::locale::facet*, 30ul>, std::__2::reverse_iterator<std::__2::locale::facet**>, std::__2::reverse_iterator<std::__2::locale::facet**>, std::__2::locale::facet*, void>(std::__2::__sso_allocator<std::__2::locale::facet*, 30ul>&, std::__2::reverse_iterator<std::__2::locale::facet**>, std::__2::reverse_iterator<std::__2::locale::facet**>, std::__2::reverse_iterator<std::__2::locale::facet**>)",175,1016
1494,std::__2::reverse_iterator<std::__2::locale::facet**>::base[abi:v160000]() const,48,536
1495,"std::__2::enable_if<is_move_constructible<std::__2::locale::facet**>::value && is_move_assignable<std::__2::locale::facet**>::value, void>::type std::__2::swap[abi:v160000]<std::__2::locale::facet**>(std::__2::locale::facet**&, std::__2::locale::facet**&)",109,576
1496,"std::__2::__split_buffer<std::__2::locale::facet*, std::__2::__sso_allocator<std::__2::locale::facet*, 30ul>&>::clear[abi:v160000]()",83,896
1497,"std::__2::__split_buffer<std::__2::locale::facet*, std::__2::__sso_allocator<std::__2::locale::facet*, 30ul>&>::capacity[abi:v160000]() const",110,920
1498,"std::__2::__compressed_pair_elem<std::__2::__sso_allocator<std::__2::locale::facet*, 30ul>&, 1, false>::__compressed_pair_elem[abi:v160000]<std::__2::__sso_allocator<std::__2::locale::facet*, 30ul>&, void>(std::__2::__sso_allocator<std::__2::locale::facet*, 30ul>&)",62,552
1499,"std::__2::__compressed_pair<std::__2::locale::facet**, std::__2::__sso_allocator<std::__2::locale::facet*, 30ul>&>::second[abi:v160000]()",89,896
1500,"std::__2::__compressed_pair<std::__2::locale::facet**, std::__2::__sso_allocator<std::__2::locale::facet*, 30ul>&>::first[abi:v160000]()",78,896
1501,"std::__2::__compressed_pair_elem<std::__2::__sso_allocator<std::__2::locale::facet*, 30ul>&, 1, false>::__get[abi:v160000]()",49,536
1502,"std::__2::reverse_iterator<std::__2::locale::facet**> std::__2::move[abi:v160000]<std::__2::reverse_iterator<std::__2::locale::facet**>, std::__2::reverse_iterator<std::__2::locale::facet**>>(std::__2::reverse_iterator<std::__2::locale::facet**>, std::__2::reverse_iterator<std::__2::locale::facet**>, std::__2::reverse_iterator<std::__2::locale::facet**>)",217,1008
1503,"std::__2::pair<std::__2::reverse_iterator<std::__2::locale::facet**>, std::__2::reverse_iterator<std::__2::locale::facet**>> std::__2::__move[abi:v160000]<std::__2::_ClassicAlgPolicy, std::__2::reverse_iterator<std::__2::locale::facet**>, std::__2::reverse_iterator<std::__2::locale::facet**>, std::__2::reverse_iterator<std::__2::locale::facet**>>(std::__2::reverse_iterator<std::__2::locale::facet**>, std::__2::reverse_iterator<std::__2::locale::facet**>, std::__2::reverse_iterator<std::__2::locale::facet**>)",151,960
1504,"std::__2::pair<std::__2::reverse_iterator<std::__2::locale::facet**>, std::__2::reverse_iterator<std::__2::locale::facet**>> std::__2::__dispatch_copy_or_move[abi:v160000]<std::__2::_ClassicAlgPolicy, std::__2::__move_loop<std::__2::_ClassicAlgPolicy>, std::__2::__move_trivial, std::__2::reverse_iterator<std::__2::locale::facet**>, std::__2::reverse_iterator<std::__2::locale::facet**>, std::__2::reverse_iterator<std::__2::locale::facet**>>(std::__2::reverse_iterator<std::__2::locale::facet**>, std::__2::reverse_iterator<std::__2::locale::facet**>, std::__2::reverse_iterator<std::__2::locale::facet**>)",151,960
1505,"std::__2::pair<std::__2::reverse_iterator<std::__2::locale::facet**>, std::__2::reverse_iterator<std::__2::locale::facet**>> std::__2::__unwrap_and_dispatch[abi:v160000]<std::__2::__overload<std::__2::__move_loop<std::__2::_ClassicAlgPolicy>, std::__2::__move_trivial>, std::__2::reverse_iterator<std::__2::locale::facet**>, std::__2::reverse_iterator<std::__2::locale::facet**>, std::__2::reverse_iterator<std::__2::locale::facet**>, 0>(std::__2::reverse_iterator<std::__2::locale::facet**>, std::__2::reverse_iterator<std::__2::locale::facet**>, std::__2::reverse_iterator<std::__2::locale::facet**>)",535,1496
1506,"auto std::__2::__unwrap_range[abi:v160000]<std::__2::reverse_iterator<std::__2::locale::facet**>, std::__2::reverse_iterator<std::__2::locale::facet**>>(std::__2::reverse_iterator<std::__2::locale::facet**>, std::__2::reverse_iterator<std::__2::locale::facet**>)",120,920
1507,"decltype(std::__2::__unwrap_iter_impl<std::__2::reverse_iterator<std::__2::locale::facet**>, false>::__unwrap(std::declval<std::__2::reverse_iterator<std::__2::locale::facet**>>())) std::__2::__unwrap_iter[abi:v160000]<std::__2::reverse_iterator<std::__2::locale::facet**>, std::__2::__unwrap_iter_impl<std::__2::reverse_iterator<std::__2::locale::facet**>, false>, 0>(std::__2::reverse_iterator<std::__2::locale::facet**>)",107,928
1508,"std::__2::pair<std::__2::reverse_iterator<std::__2::locale::facet**>, std::__2::reverse_iterator<std::__2::locale::facet**>> std::__2::__move_loop<std::__2::_ClassicAlgPolicy>::operator()[abi:v160000]<std::__2::reverse_iterator<std::__2::locale::facet**>, std::__2::reverse_iterator<std::__2::locale::facet**>, std::__2::reverse_iterator<std::__2::locale::facet**>>(std::__2::reverse_iterator<std::__2::locale::facet**>, std::__2::reverse_iterator<std::__2::locale::facet**>, std::__2::reverse_iterator<std::__2::locale::facet**>) const",301,1296
1509,"std::__2::reverse_iterator<std::__2::locale::facet**> std::__2::__rewrap_range[abi:v160000]<std::__2::reverse_iterator<std::__2::locale::facet**>, std::__2::reverse_iterator<std::__2::locale::facet**>, std::__2::reverse_iterator<std::__2::locale::facet**>>(std::__2::reverse_iterator<std::__2::locale::facet**>, std::__2::reverse_iterator<std::__2::locale::facet**>)",137,968
1510,"std::__2::reverse_iterator<std::__2::locale::facet**> std::__2::__rewrap_iter[abi:v160000]<std::__2::reverse_iterator<std::__2::locale::facet**>, std::__2::reverse_iterator<std::__2::locale::facet**>, std::__2::__unwrap_iter_impl<std::__2::reverse_iterator<std::__2::locale::facet**>, false>>(std::__2::reverse_iterator<std::__2::locale::facet**>, std::__2::reverse_iterator<std::__2::locale::facet**>)",136,968
1511,"std::__2::pair<std::__2::__unwrap_ref_decay<std::__2::reverse_iterator<std::__2::locale::facet**>>::type, std::__2::__unwrap_ref_decay<std::__2::reverse_iterator<std::__2::locale::facet**>>::type> std::__2::make_pair[abi:v160000]<std::__2::reverse_iterator<std::__2::locale::facet**>, std::__2::reverse_iterator<std::__2::locale::facet**>>(std::__2::reverse_iterator<std::__2::locale::facet**>&&, std::__2::reverse_iterator<std::__2::locale::facet**>&&)",94,904
1512,"std::__2::__unwrap_range_impl<std::__2::reverse_iterator<std::__2::locale::facet**>, std::__2::reverse_iterator<std::__2::locale::facet**>>::__unwrap[abi:v160000](std::__2::reverse_iterator<std::__2::locale::facet**>, std::__2::reverse_iterator<std::__2::locale::facet**>)",185,1112
1513,"bool std::__2::operator!=[abi:v160000]<std::__2::locale::facet**, std::__2::locale::facet**>(std::__2::reverse_iterator<std::__2::locale::facet**> const&, std::__2::reverse_iterator<std::__2::locale::facet**> const&)",128,1008
1514,"std::__2::enable_if<is_reference<decltype(*std::declval<std::__2::reverse_iterator<std::__2::locale::facet**>&>())>::value, decltype(std::move(*std::declval<std::__2::reverse_iterator<std::__2::locale::facet**>&>()))>::type std::__2::_IterOps<std::__2::_ClassicAlgPolicy>::__iter_move[abi:v160000]<std::__2::reverse_iterator<std::__2::locale::facet**>&>(std::__2::reverse_iterator<std::__2::locale::facet**>&)",84,968
1515,std::__2::reverse_iterator<std::__2::locale::facet**>::operator*[abi:v160000]() const,80,552
1516,std::__2::reverse_iterator<std::__2::locale::facet**>::operator++[abi:v160000](),66,536
1517,"std::__2::__unwrap_iter_impl<std::__2::reverse_iterator<std::__2::locale::facet**>, false>::__unwrap[abi:v160000](std::__2::reverse_iterator<std::__2::locale::facet**>)",55,544
1518,"std::__2::pair<std::__2::reverse_iterator<std::__2::locale::facet**>, std::__2::reverse_iterator<std::__2::locale::facet**>>::pair[abi:v160000]<std::__2::reverse_iterator<std::__2::locale::facet**>, std::__2::reverse_iterator<std::__2::locale::facet**>, (void*)0>(std::__2::reverse_iterator<std::__2::locale::facet**>&&, std::__2::reverse_iterator<std::__2::locale::facet**>&&)",109,592
1519,"std::__2::__unwrap_range_impl<std::__2::reverse_iterator<std::__2::locale::facet**>, std::__2::reverse_iterator<std::__2::locale::facet**>>::__rewrap[abi:v160000](std::__2::reverse_iterator<std::__2::locale::facet**>, std::__2::reverse_iterator<std::__2::locale::facet**>)",136,968
1520,"std::__2::__unwrap_iter_impl<std::__2::reverse_iterator<std::__2::locale::facet**>, false>::__rewrap[abi:v160000](std::__2::reverse_iterator<std::__2::locale::facet**>, std::__2::reverse_iterator<std::__2::locale::facet**>)",62,560
1521,void std::__2::_IterOps<std::__2::_ClassicAlgPolicy>::__validate_iter_reference[abi:v160000]<std::__2::reverse_iterator<std::__2::locale::facet**>&>(),4,512
1522,"std::__2::__split_buffer<std::__2::locale::facet*, std::__2::__sso_allocator<std::__2::locale::facet*, 30ul>&>::__destruct_at_end[abi:v160000](std::__2::locale::facet**)",90,896
1523,"std::__2::__split_buffer<std::__2::locale::facet*, std::__2::__sso_allocator<std::__2::locale::facet*, 30ul>&>::__end_cap[abi:v160000]() const",90,896
1524,"std::__2::__split_buffer<std::__2::locale::facet*, std::__2::__sso_allocator<std::__2::locale::facet*, 30ul>&>::__destruct_at_end[abi:v160000](std::__2::locale::facet**, std::__2::integral_constant<bool, false>)",181,1112
1525,"std::__2::__compressed_pair<std::__2::locale::facet**, std::__2::__sso_allocator<std::__2::locale::facet*, 30ul>&>::first[abi:v160000]() const",79,896
1526,"void std::__2::__reverse_impl[abi:v160000]<std::__2::_ClassicAlgPolicy, unsigned int*>(unsigned int*, unsigned int*, std::__2::random_access_iterator_tag)",239,1016
1527,"void std::__2::_IterOps<std::__2::_ClassicAlgPolicy>::iter_swap[abi:v160000]<unsigned int*&, unsigned int*&>(unsigned int*&, unsigned int*&)",104,904
1528,"void std::__2::iter_swap[abi:v160000]<unsigned int*, unsigned int*>(unsigned int*, unsigned int*)",90,896
1529,std::__2::money_base::money_base[abi:v160000](),41,536
1530,std::__2::__money_get<char>::__money_get[abi:v160000](),41,536
1531,std::__2::__money_get<wchar_t>::__money_get[abi:v160000](),41,536
1532,std::__2::__money_put<char>::__money_put[abi:v160000](),41,536
1533,std::__2::__money_put<wchar_t>::__money_put[abi:v160000](),41,536
1534,std::__2::__time_get_c_storage<char>::__time_get_c_storage(),67,544
1535,std::__2::__time_get_c_storage<wchar_t>::__time_get_c_storage(),67,544
1536,std::__2::__time_put::__time_put[abi:v160000](),83,912
1537,std::__2::messages_base::messages_base[abi:v160000](),41,536
1538,"std::__2::__compressed_pair_elem<std::__2::locale::facet*, 0, false>::__compressed_pair_elem[abi:v160000]<std::__2::locale::facet*&, void>(std::__2::locale::facet*&)",69,560
1539,"std::__2::__compressed_pair_elem<std::__2::(anonymous namespace)::release, 1, true>::__compressed_pair_elem[abi:v160000](std::__2::__value_init_tag)",41,536
1540,"std::__2::__compressed_pair<std::__2::locale::facet*, std::__2::(anonymous namespace)::release>::second[abi:v160000]()",78,896
1541,std::__2::(anonymous namespace)::release::operator()(std::__2::locale::facet*),82,896
1542,"std::__2::__compressed_pair_elem<std::__2::locale::facet*, 0, false>::__get[abi:v160000]()",41,536
1543,"std::__2::__compressed_pair_elem<std::__2::(anonymous namespace)::release, 1, true>::__get[abi:v160000]()",41,536
1544,"std::__2::__tuple_impl<std::__2::__tuple_indices<0ul>, std::__2::(anonymous namespace)::__fake_bind&&>::__tuple_impl[abi:v160000]<0ul, std::__2::(anonymous namespace)::__fake_bind&&, std::__2::(anonymous namespace)::__fake_bind>(std::__2::__tuple_indices<0ul>, std::__2::__tuple_types<std::__2::(anonymous namespace)::__fake_bind&&>, std::__2::__tuple_indices<>, std::__2::__tuple_types<>, std::__2::(anonymous namespace)::__fake_bind&&)",93,928
1545,std::__2::__call_once_param<std::__2::tuple<std::__2::(anonymous namespace)::__fake_bind&&>>::operator()[abi:v160000](),74,880
1546,"std::__2::__tuple_leaf<0ul, std::__2::(anonymous namespace)::__fake_bind&&, false>::__tuple_leaf[abi:v160000]<std::__2::(anonymous namespace)::__fake_bind, void>(std::__2::(anonymous namespace)::__fake_bind&&)",62,552
1547,void std::__2::__call_once_param<std::__2::tuple<std::__2::(anonymous namespace)::__fake_bind&&>>::__execute[abi:v160000]<>(std::__2::__tuple_indices<>),91,928
1548,"std::__2::tuple_element<0ul, std::__2::tuple<std::__2::(anonymous namespace)::__fake_bind&&>>::type&& std::__2::get[abi:v160000]<0ul, std::__2::(anonymous namespace)::__fake_bind&&>(std::__2::tuple<std::__2::(anonymous namespace)::__fake_bind&&>&&)",78,896
1549,decltype(std::declval<std::__2::(anonymous namespace)::__fake_bind>()()) std::__2::__invoke[abi:v160000]<std::__2::(anonymous namespace)::__fake_bind>(std::__2::(anonymous namespace)::__fake_bind&&),75,880
1550,std::__2::(anonymous namespace)::__fake_bind::operator()() const,184,944
1551,"std::__2::__tuple_leaf<0ul, std::__2::(anonymous namespace)::__fake_bind&&, false>::get[abi:v160000]()",49,536
1552,"std::__2::__compressed_pair<unsigned char*, void (*)(void*)>::__compressed_pair[abi:v160000]<unsigned char*&, void (*)(void*)>(unsigned char*&, void (*&&)(void*))",129,1024
1553,"std::__2::__compressed_pair<unsigned char*, void (*)(void*)>::first[abi:v160000]()",78,896
1554,"std::__2::__compressed_pair<unsigned char*, void (*)(void*)>::second[abi:v160000]()",89,896
1555,"std::__2::__compressed_pair_elem<unsigned char*, 0, false>::__compressed_pair_elem[abi:v160000]<unsigned char*&, void>(unsigned char*&)",69,560
1556,"std::__2::__compressed_pair_elem<unsigned char*, 0, false>::__get[abi:v160000]()",41,536
1557,"std::__2::iterator_traits<std::__2::basic_string<char, std::__2::char_traits<char>, std::__2::allocator<char>> const*>::difference_type std::__2::__distance[abi:v160000]<std::__2::basic_string<char, std::__2::char_traits<char>, std::__2::allocator<char>> const*>(std::__2::basic_string<char, std::__2::char_traits<char>, std::__2::allocator<char>> const*, std::__2::basic_string<char, std::__2::char_traits<char>, std::__2::allocator<char>> const*, std::__2::random_access_iterator_tag)",73,576
1558,strtoll_l,121,944
1559,std::__2::numeric_limits<long>::min[abi:v160000](),16,808
1560,"std::__2::__libcpp_numeric_limits<long, true>::min[abi:v160000]()",16,520
1561,std::__2::numeric_limits<long long>::min[abi:v160000](),16,808
1562,std::__2::numeric_limits<long long>::max[abi:v160000](),16,808
1563,"std::__2::__libcpp_numeric_limits<long long, true>::min[abi:v160000]()",21,528
1564,"std::__2::__libcpp_numeric_limits<long long, true>::max[abi:v160000]()",21,528
1565,strtoull_l,121,944
1566,std::__2::numeric_limits<unsigned short>::max[abi:v160000](),29,824
1567,"std::__2::__libcpp_numeric_limits<unsigned short, true>::max[abi:v160000]()",27,520
1568,std::__2::numeric_limits<unsigned long long>::max[abi:v160000](),16,808
1569,"std::__2::__libcpp_numeric_limits<unsigned long long, true>::max[abi:v160000]()",12,520
1570,"float std::__2::__do_strtod[abi:v160000]<float>(char const*, char**)",108,992
1571,"double std::__2::__do_strtod[abi:v160000]<double>(char const*, char**)",109,992
1572,"long double std::__2::__do_strtod[abi:v160000]<long double>(char const*, char**)",134,1048
1573,"std::__2::iterator_traits<std::__2::basic_string<wchar_t, std::__2::char_traits<wchar_t>, std::__2::allocator<wchar_t>> const*>::difference_type std::__2::__distance[abi:v160000]<std::__2::basic_string<wchar_t, std::__2::char_traits<wchar_t>, std::__2::allocator<wchar_t>> const*>(std::__2::basic_string<wchar_t, std::__2::char_traits<wchar_t>, std::__2::allocator<wchar_t>> const*, std::__2::basic_string<wchar_t, std::__2::char_traits<wchar_t>, std::__2::allocator<wchar_t>> const*, std::__2::random_access_iterator_tag)",73,576
1574,"std::__2::__compressed_pair_elem<char*, 0, false>::__compressed_pair_elem[abi:v160000]<char*&, void>(char*&)",69,560
1575,"std::__2::__compressed_pair_elem<char*, 0, false>::__get[abi:v160000]() const",41,536
1576,"std::__2::__compressed_pair_elem<char*, 0, false>::__get[abi:v160000]()",41,536
1577,"std::__2::__compressed_pair_elem<unsigned int*, 0, false>::__compressed_pair_elem[abi:v160000]<unsigned int*&, void>(unsigned int*&)",69,560
1578,"std::__2::__compressed_pair<unsigned int*, void (*)(void*)>::first[abi:v160000]()",78,896
1579,"std::__2::__compressed_pair<unsigned int*, void (*)(void*)>::second[abi:v160000]()",89,896
1580,"std::__2::__compressed_pair_elem<unsigned int*, 0, false>::__get[abi:v160000]()",41,536
1581,"std::__2::__compressed_pair_elem<unsigned int*, 0, false>::__get[abi:v160000]() const",41,536
1582,"std::__2::__compressed_pair_elem<wchar_t*, 0, false>::__compressed_pair_elem[abi:v160000]<wchar_t*&, void>(wchar_t*&)",69,560
1583,"std::__2::__compressed_pair_elem<wchar_t*, 0, false>::__get[abi:v160000]() const",41,536
1584,"std::__2::__compressed_pair_elem<wchar_t*, 0, false>::__get[abi:v160000]()",41,536
1585,"void (*std::__2::(anonymous namespace)::__libcpp_atomic_load[abi:v160000]<void (*)()>(void (* const*)(), int))()",55,552
1586,std::get_new_handler(),32,832
1587,__cxa_pure_virtual,29,808
1588,abort_message,175,1056
1589,std::type_info::~type_info(),41,536
1590,__cxxabiv1::__shim_type_info::~__shim_type_info(),77,904
1591,__cxxabiv1::__shim_type_info::noop1() const,32,536
1592,__cxxabiv1::__shim_type_info::noop2() const,32,536
1593,__cxxabiv1::__class_type_info::~__class_type_info(),77,904
1594,__cxxabiv1::__class_type_info::~__class_type_info(),94,968
1595,__cxxabiv1::__si_class_type_info::~__si_class_type_info(),77,904
1596,__cxxabiv1::__si_class_type_info::~__si_class_type_info(),94,968
1597,__cxxabiv1::__vmi_class_type_info::~__vmi_class_type_info(),77,904
1598,__cxxabiv1::__vmi_class_type_info::~__vmi_class_type_info(),95,968
1599,"is_equal(std::type_info const*, std::type_info const*, bool)",317,1160
1600,std::type_info::operator==[abi:v160000](std::type_info const&) const,123,600
1601,std::type_info::name[abi:v160000]() const,63,552
1602,"__cxxabiv1::__class_type_info::can_catch(__cxxabiv1::__shim_type_info const*, void*&) const",700,1432
1603,__dynamic_cast,1005,1680
1604,"__cxxabiv1::__class_type_info::process_found_base_class(__cxxabiv1::__dynamic_cast_info*, void*, int) const",372,688
1605,"__cxxabiv1::__class_type_info::has_unambiguous_public_base(__cxxabiv1::__dynamic_cast_info*, void*, int) const",185,1072
1606,"__cxxabiv1::__si_class_type_info::has_unambiguous_public_base(__cxxabiv1::__dynamic_cast_info*, void*, int) const",249,1184
1607,"__cxxabiv1::__base_class_type_info::has_unambiguous_public_base(__cxxabiv1::__dynamic_cast_info*, void*, int) const",368,1232
1608,"update_offset_to_base(char const*, long)",70,560
1609,"__cxxabiv1::__vmi_class_type_info::has_unambiguous_public_base(__cxxabiv1::__dynamic_cast_info*, void*, int) const",504,1400
1610,"__cxxabiv1::__class_type_info::process_static_type_above_dst(__cxxabiv1::__dynamic_cast_info*, void const*, void const*, int) const",690,760
1611,"__cxxabiv1::__class_type_info::process_static_type_below_dst(__cxxabiv1::__dynamic_cast_info*, void const*, int) const",182,600
1612,"__cxxabiv1::__vmi_class_type_info::search_below_dst(__cxxabiv1::__dynamic_cast_info*, void const*, int, bool) const",2557,2520
1613,"__cxxabiv1::__base_class_type_info::search_above_dst(__cxxabiv1::__dynamic_cast_info*, void const*, void const*, int, bool) const",360,1288
1614,"__cxxabiv1::__base_class_type_info::search_below_dst(__cxxabiv1::__dynamic_cast_info*, void const*, int, bool) const",344,1256
1615,"__cxxabiv1::__si_class_type_info::search_below_dst(__cxxabiv1::__dynamic_cast_info*, void const*, int, bool) const",1113,1848
1616,"__cxxabiv1::__class_type_info::search_below_dst(__cxxabiv1::__dynamic_cast_info*, void const*, int, bool) const",657,1384
1617,"__cxxabiv1::__vmi_class_type_info::search_above_dst(__cxxabiv1::__dynamic_cast_info*, void const*, void const*, int, bool) const",1411,1896
1618,"__cxxabiv1::__si_class_type_info::search_above_dst(__cxxabiv1::__dynamic_cast_info*, void const*, void const*, int, bool) const",308,1280
1619,"__cxxabiv1::__class_type_info::search_above_dst(__cxxabiv1::__dynamic_cast_info*, void const*, void const*, int, bool) const",215,1128
1620,operator new(unsigned long),243,1192
1621,"operator new(unsigned long, std::nothrow_t const&)",110,952
1622,operator delete(void*),74,880
1623,operator delete[](void*),75,880
1624,"operator new(unsigned long, std::align_val_t)",316,1288
1625,"std::__2::__libcpp_aligned_alloc[abi:v160000](unsigned long, unsigned long)",241,952
1626,"operator delete(void*, std::align_val_t)",81,896
1627,std::__2::__libcpp_aligned_free[abi:v160000](void*),74,880
1628,__cxa_uncaught_exceptions,12,520
1629,malloc,12,808
1630,dlmalloc,6541,9304
1631,free,12,808
1632,dlfree,1698,2224
1633,calloc,109,984
1634,realloc,1131,2192
1635,dispose_chunk,1619,2120
1636,internal_memalign,430,1352
1637,aligned_alloc,32,848
1638,_Exit,13,792
1639,__main_void,214,1400
1640,__wasi_args_get,18,816
1641,__wasi_args_sizes_get,18,824
1642,__wasi_environ_get,18,824
1643,__wasi_environ_sizes_get,18,824
1644,__wasi_fd_close,16,824
1645,__wasi_fd_fdstat_get,18,824
1646,__wasi_fd_fdstat_set_flags,18,824
1647,__wasi_fd_prestat_get,18,824
1648,__wasi_fd_prestat_dir_name,20,824
1649,__wasi_fd_read,22,824
1650,__wasi_fd_seek,22,824
1651,__wasi_fd_write,22,824
1652,__wasi_path_open,38,992
1653,__wasi_proc_exit,12,792
1654,abort,5,504
1655,sbrk,79,888
1656,__ctype_get_mb_cur_max,17,536
1657,isascii,9,528
1658,__isdigit_l,11,528
1659,__islower_l,12,528
1660,__isupper_l,12,528
1661,__iswlower_l,14,848
1662,__isxdigit_l,24,544
1663,tolower,20,528
1664,toupper,22,528
1665,casemap,317,808
1666,towupper,13,824
1667,strerror,86,904
1668,__assert_fail,79,904
1669,__funcs_on_exit,183,1040
1670,__cxa_atexit,158,1000
1671,__wasm_call_dtors,15,864
1672,__lctrans,13,808
1673,freelocale,26,944
1674,__mo_lookup,584,1648
1675,__wasilibc_ensure_environ,27,824
1676,__wasilibc_initialize_environ,194,1360
1677,getenv,154,1120
1678,__lctrans_impl,44,888
1679,__get_locale,885,2976
1680,__loc_is_allocated,49,576
1681,__newlocale,862,2504
1682,strtof_l,13,808
1683,strtod_l,13,808
1684,strtold_l,71,936
1685,__uselocale,68,568
1686,__math_xflowf,14,752
1687,__math_oflowf,16,824
1688,__math_uflowf,17,824
1689,expf,235,1496
1690,ldexpf,13,808
1691,__math_invalidf,14,528
1692,powf,775,2392
1693,scalbnf,161,968
1694,mbrlen,27,856
1695,mbrtowc,369,752
1696,mbsnrtowcs,425,1464
1697,mbsrtowcs,1215,1944
1698,mbtowc,341,576
1699,wcrtomb,312,856
1700,wcsnrtombs,232,1328
1701,dummy,4,512
1702,fclose,153,1288
1703,feof,14,536
1704,ferror,15,536
1705,fflush,362,1648
1706,__stdio_exit,389,1712
1707,__toread,134,1056
1708,__uflow,85,1032
1709,fgetc,47,864
1710,__fmodeflags,103,1032
1711,internal_register_preopened_fd,280,1320
1712,__wasilibc_find_relpath,95,904
1713,__wasilibc_find_abspath,313,1408
1714,__wasilibc_populate_preopens,183,1296
1715,__wasilibc_nocwd_openat_nomode,282,1240
1716,close,35,864
1717,__wasilibc_open_nomode,163,1024
1718,fcntl,275,1504
1719,__isatty,103,968
1720,__lseek,101,976
1721,__stdio_seek,18,840
1722,writev,115,984
1723,__stdio_write,316,1368
1724,readv,114,984
1725,read,114,984
1726,__stdio_read,253,1224
1727,__stdio_close,15,840
1728,__fdopen,390,1712
1729,fopen,102,1112
1730,fprintf,57,904
1731,fread,198,1288
1732,fseek,178,1176
1733,__towrite,94,624
1734,__fwritex,234,1368
1735,fwrite,278,1384
1736,getc,47,864
1737,__ofl_lock,9,520
1738,__ofl_unlock,3,512
1739,__ofl_add,56,952
1740,printf,60,912
1741,snprintf,58,912
1742,sscanf,56,904
1743,__stdout_write,60,1008
1744,ungetc,105,984
1745,vasprintf,121,1136
1746,wctomb,26,848
1747,frexp,144,1200
1748,fputs,38,944
1749,vfprintf,398,1568
1750,printf_core,9070,18952
1751,pop_arg,565,1808
1752,pad,159,1168
1753,long_double_not_supported,30,856
1754,vsnprintf,180,1152
1755,sn_write,184,1176
1756,__shlim,73,608
1757,__shgetc,228,1136
1758,__intscan,1636,3464
1759,scalbn,176,984
1760,fmod,540,912
1761,__floatscan,4829,8760
1762,hexfloat,1401,3600
1763,scanexp,601,1712
1764,mbsinit,20,544
1765,vfscanf,3085,9968
1766,long_double_not_supported,29,856
1767,vsscanf,89,1024
1768,string_read,94,1064
1769,strtof,118,1096
1770,strtod,117,1096
1771,strtold,10,792
1772,long_double_not_supported,29,856
1773,strtoull,119,1112
1774,strtoll,128,1120
1775,strtoul,124,1112
1776,strtol,125,1112
1777,memchr,371,800
1778,memcmp,75,584
1779,memcpy,1000,1824
1780,memmove,1218,2168
1781,memset,393,1200
1782,strchr,31,864
1783,__strchrnul,354,1144
1784,strcmp,104,600
1785,strdup,48,960
1786,strlen,179,648
1787,strncmp,144,624
1788,strnlen,27,880
1789,wcslen,44,544
1790,__year_to_secs,361,864
1791,__month_to_secs,41,552
1792,__tm_to_secs,195,1168
1793,__tm_to_tzname,9,528
1794,__nl_langinfo_l,445,1584
1795,__strftime_fmt_1,1397,5976
1796,week_num,241,1024
1797,__strftime_l,792,1976
1798,__multi3,116,640
