id,name,size.bytecode,size.static,start.jit,exec.jit,freq.jit,compilation.jit,size.dynamic.jit,start.interp,exec.interp,freq.interp,exec.spec,compilation.spec,size.dynamic.spec
28,_start,83,992,60499.0,0.0,0.0,4428139.0,992.0,57440.0,0.0,0.0,999999999999,999999999999,999999999999
27,__wasm_call_ctors,5,808,4489648.0,0.0,1.0,1798489.0,808.0,61800.0,0.0,1.0,999999999999,999999999999,999999999999
39,init,20,840,6288667.0,0.0,1.0,1981219.0,840.0,62490.0,0.0,1.0,999999999999,999999999999,999999999999
2759,__wasi_clock_time_get,20,824,8270486.0,0.0,2.0,1942199.0,824.0,63660.0,0.0,2.0,999999999999,999999999999,999999999999
2752,__main_void,214,1400,10218265.0,0.0,1.0,4938358.0,1400.0,69420.0,0.0,1.0,999999999999,999999999999,999999999999
2756,__wasi_args_sizes_get,18,824,15157423.0,0.0,1.0,1919449.0,824.0,70910.0,0.0,1.0,999999999999,999999999999,999999999999
2729,malloc,12,808,17080312.0,0.0,22585.0,1781109.0,808.0,74920.0,0.0,22898.0,999999999999,999999999999,999999999999
2730,dlmalloc,5377,8240,18862061.0,10000000.0,22605.0,80071512.0,8240.0,75500.0,60000000.0,22913.0,999999999999,999999999999,999999999999
2734,calloc,109,984,98942183.0,0.0,2.0,3589818.0,984.0,94000.0,0.0,2.0,999999999999,999999999999,999999999999
2900,memset,393,1200,102533091.0,10000000.0,64082.0,9289486.0,1200.0,97670.0,1170000000.0,64352.0,999999999999,999999999999,999999999999
2755,__wasi_args_get,18,816,111823657.0,0.0,1.0,1809340.0,816.0,100020.0,0.0,1.0,999999999999,999999999999,999999999999
172,main,15217,17584,113634916.0,0.0,1.0,113396536.0,17584.0,101510.0,0.0,1.0,999999999999,999999999999,999999999999
2868,setvbuf,125,648,227036152.0,0.0,1.0,3680288.0,648.0,117100.0,0.0,1.0,999999999999,999999999999,999999999999
173,consoleClassifySetup,620,1304,230717330.0,0.0,1.0,6448187.0,1304.0,118420.0,0.0,1.0,999999999999,999999999999,999999999999
201,streamOfConsole,162,1024,237166377.0,0.0,3.0,2728438.0,1024.0,122130.0,0.0,3.0,999999999999,999999999999,999999999999
2844,fileno,35,552,239895925.0,0.0,3.0,1954768.0,552.0,123810.0,0.0,3.0,999999999999,999999999999,999999999999
2798,__isatty,104,968,241851504.0,0.0,4.0,2984318.0,968.0,124570.0,0.0,4.0,999999999999,999999999999,999999999999
2761,__wasi_fd_fdstat_get,18,824,244837023.0,0.0,13.0,1768629.0,824.0,125320.0,0.0,9.0,999999999999,999999999999,999999999999
2838,fflush,362,1648,246611412.0,0.0,27.0,8199057.0,1648.0,131380.0,0.0,28.0,999999999999,999999999999,999999999999
202,consoleRenewSetup,5,512,254815629.0,0.0,1.0,1349839.0,512.0,142460.0,0.0,1.0,999999999999,999999999999,999999999999
2829,atexit,162,984,256166338.0,0.0,2.0,3224929.0,984.0,144300.0,0.0,2.0,999999999999,999999999999,999999999999
2825,getenv,154,1120,259392147.0,0.0,5.0,4795808.0,1120.0,146150.0,0.0,5.0,999999999999,999999999999,999999999999
2823,__wasilibc_ensure_environ,27,824,264188945.0,0.0,5.0,1923008.0,824.0,146590.0,0.0,5.0,999999999999,999999999999,999999999999
2824,__wasilibc_initialize_environ,194,1360,266112783.0,0.0,1.0,4451878.0,1360.0,147170.0,0.0,1.0,999999999999,999999999999,999999999999
2758,__wasi_environ_sizes_get,18,824,270565411.0,0.0,1.0,1824459.0,824.0,147860.0,0.0,1.0,999999999999,999999999999,999999999999
2902,__strchrnul,358,1144,272391390.0,0.0,7.0,7183717.0,1144.0,149210.0,0.0,9.0,999999999999,999999999999,999999999999
34,signal,105,576,279576457.0,0.0,1.0,2508189.0,576.0,153110.0,0.0,1.0,999999999999,999999999999,999999999999
1048,sqlite3_sourceid,16,520,282085516.0,0.0,1.0,1596089.0,520.0,154540.0,0.0,1.0,999999999999,999999999999,999999999999
177,cli_strncmp,231,976,283682455.0,0.0,1.0,3344719.0,976.0,155470.0,0.0,1.0,999999999999,999999999999,999999999999
2909,strncmp,136,632,287027943.0,0.0,1.0,4456647.0,632.0,157870.0,0.0,1.0,999999999999,999999999999,999999999999
178,main_init,496,1696,291485912.0,0.0,1.0,4786427.0,1696.0,172450.0,0.0,1.0,999999999999,999999999999,999999999999
935,sqlite3_config,3089,3328,296273779.0,0.0,8.0,15280223.0,3328.0,175930.0,0.0,8.0,999999999999,999999999999,999999999999
179,verify_uninitialized,98,968,311555522.0,0.0,3.0,2551509.0,968.0,183310.0,0.0,3.0,999999999999,999999999999,999999999999
566,sqlite3_snprintf,290,1136,314109131.0,0.0,6.0,4017837.0,1136.0,195570.0,0.0,4.0,999999999999,999999999999,999999999999
562,sqlite3StrAccumInit,199,680,318127868.0,0.0,20819.0,3132938.0,680.0,197670.0,30000000.0,21609.0,999999999999,999999999999,999999999999
532,sqlite3_str_vappendf,24753,15472,321261667.0,10000000.0,20819.0,195026917.0,15472.0,200270.0,710000000.0,21609.0,999999999999,999999999999,999999999999
533,sqlite3_str_append,314,1024,516291294.0,0.0,20875.0,4284308.0,1024.0,244310.0,30000000.0,21620.0,999999999999,999999999999,999999999999
2898,memcpy,1008,1888,520577372.0,10000000.0,347633.0,15395773.0,1888.0,247890.0,1110000000.0,356584.0,999999999999,999999999999,999999999999
505,sqlite3_initialize,962,1616,535977655.0,0.0,40024.0,7549786.0,1616.0,293280.0,50000000.0,40022.0,999999999999,999999999999,999999999999
506,sqlite3MallocInit,453,1072,543528391.0,0.0,1.0,4071398.0,1072.0,296130.0,0.0,1.0,999999999999,999999999999,999999999999
928,sqlite3MemSetDefault,82,880,547600519.0,0.0,1.0,2073439.0,880.0,297650.0,0.0,1.0,999999999999,999999999999,999999999999
2687,sqlite3MemInit,38,536,549675588.0,0.0,1.0,1720850.0,536.0,303910.0,0.0,1.0,999999999999,999999999999,999999999999
507,sqlite3RegisterBuiltinFunctions,53,984,551397728.0,0.0,1.0,2074459.0,984.0,308040.0,0.0,1.0,999999999999,999999999999,999999999999
929,sqlite3AlterFunctions,28,832,553473457.0,0.0,1.0,1751799.0,832.0,308680.0,0.0,1.0,999999999999,999999999999,999999999999
933,sqlite3InsertBuiltinFuncs,665,1424,555225986.0,0.0,5.0,7611256.0,1424.0,309370.0,0.0,5.0,999999999999,999999999999,999999999999
538,sqlite3Strlen30,169,936,562838072.0,0.0,20339.0,2860999.0,936.0,311870.0,20000000.0,20302.0,999999999999,999999999999,999999999999
2908,strlen,206,656,565699851.0,0.0,30269.0,4970777.0,656.0,313710.0,60000000.0,39738.0,999999999999,999999999999,999999999999
970,sqlite3FunctionSearch,264,1064,570671658.0,0.0,181.0,4496828.0,1064.0,317480.0,0.0,181.0,999999999999,999999999999,999999999999
573,sqlite3StrICmp,361,672,575170546.0,0.0,905.0,4406718.0,672.0,334890.0,0.0,860.0,999999999999,999999999999,999999999999
930,sqlite3WindowFunctions,28,832,579579324.0,0.0,1.0,1879459.0,832.0,349050.0,0.0,1.0,999999999999,999999999999,999999999999
931,sqlite3RegisterDateTimeFunctions,28,832,581462363.0,0.0,1.0,1861400.0,832.0,434930.0,0.0,1.0,999999999999,999999999999,999999999999
932,sqlite3RegisterJsonFunctions,29,832,583327433.0,0.0,1.0,1885929.0,832.0,498700.0,0.0,1.0,999999999999,999999999999,999999999999
508,sqlite3PcacheInitialize,111,936,585235272.0,0.0,1.0,2643559.0,936.0,1632679.0,0.0,1.0,999999999999,999999999999,999999999999
934,sqlite3PCacheSetDefault,83,880,587879680.0,0.0,1.0,2201899.0,880.0,1634039.0,0.0,1.0,999999999999,999999999999,999999999999
2689,pcache1Init,340,984,590082870.0,0.0,1.0,3213079.0,984.0,1639789.0,0.0,1.0,999999999999,999999999999,999999999999
509,sqlite3OsInit,174,1024,593297798.0,0.0,1.0,3179138.0,1024.0,1642929.0,0.0,1.0,999999999999,999999999999,999999999999
520,sqlite3_malloc,204,1000,596477806.0,0.0,1.0,3355748.0,1000.0,1643959.0,0.0,1.0,999999999999,999999999999,999999999999
512,hasHighPrecisionDouble,488,1720,599834844.0,0.0,8.0,4641038.0,1720.0,1648689.0,0.0,8.0,999999999999,999999999999,999999999999
2924,__extenddftf2,269,1128,604477342.0,0.0,20816.0,4935198.0,1128.0,1651679.0,20000000.0,21616.0,999999999999,999999999999,999999999999
2921,__addtf3,1437,3104,609413760.0,0.0,8.0,21580150.0,3104.0,1655879.0,0.0,8.0,999999999999,999999999999,999999999999
2930,__ashlti3,84,592,630995210.0,0.0,20009.0,2948408.0,592.0,1658699.0,40000000.0,20009.0,999999999999,999999999999,999999999999
2933,__lshrti3,85,592,633944368.0,0.0,20808.0,2809319.0,592.0,1659839.0,490000000.0,21608.0,999999999999,999999999999,999999999999
2931,__fe_getround,5,520,636754897.0,0.0,8.0,1582419.0,520.0,1663179.0,0.0,8.0,999999999999,999999999999,999999999999
2922,__letf2,226,712,638338286.0,0.0,192568.0,4115309.0,712.0,1664809.0,320000000.0,200688.0,999999999999,999999999999,999999999999
521,sqlite3Malloc,306,1032,642454845.0,0.0,22580.0,3772248.0,1032.0,1668309.0,40000000.0,22892.0,999999999999,999999999999,999999999999
522,mallocWithAlarm,747,1608,646228903.0,0.0,22580.0,6552157.0,1608.0,1671659.0,20000000.0,22892.0,999999999999,999999999999,999999999999
2686,sqlite3MemRoundup,63,544,652782109.0,0.0,22601.0,1943209.0,544.0,1673689.0,10000000.0,22906.0,999999999999,999999999999,999999999999
528,sqlite3StatusHighwater,204,576,654726618.0,0.0,23878.0,2685059.0,576.0,1674959.0,40000000.0,24468.0,999999999999,999999999999,999999999999
2682,sqlite3MemMalloc,250,1056,657412567.0,0.0,22580.0,3502419.0,1056.0,1677919.0,10000000.0,22892.0,999999999999,999999999999,999999999999
496,sqlite3MallocSize,97,920,660916745.0,0.0,47760.0,2377210.0,920.0,1682789.0,10000000.0,48940.0,999999999999,999999999999,999999999999
2685,sqlite3MemSize,96,552,663294935.0,0.0,47779.0,2062068.0,552.0,1684039.0,70000000.0,48960.0,999999999999,999999999999,999999999999
530,sqlite3StatusUp,317,592,665358034.0,0.0,46458.0,2935618.0,592.0,1685399.0,60000000.0,47360.0,999999999999,999999999999,999999999999
524,sqlite3_free,249,1128,668295142.0,0.0,22666.0,3615939.0,1128.0,1691299.0,0.0,22955.0,999999999999,999999999999,999999999999
525,sqlite3StatusDown,101,560,671912421.0,0.0,46437.0,2202478.0,560.0,1694089.0,70000000.0,47346.0,999999999999,999999999999,999999999999
2683,sqlite3MemFree,114,896,674115999.0,0.0,22580.0,2364169.0,896.0,1695949.0,10000000.0,22892.0,999999999999,999999999999,999999999999
2732,free,12,808,676481638.0,0.0,22590.0,1763939.0,808.0,1696709.0,0.0,22904.0,999999999999,999999999999,999999999999
2733,dlfree,1713,2216,678246587.0,0.0,22605.0,23898539.0,2216.0,1697069.0,40000000.0,22914.0,999999999999,999999999999,999999999999
575,sqlite3_os_init,305,1136,702147166.0,0.0,1.0,4175348.0,1136.0,1699539.0,0.0,1.0,999999999999,999999999999,999999999999
2903,strcmp,105,600,706323974.0,0.0,15.0,3550598.0,600.0,1701569.0,0.0,11.0,999999999999,999999999999,999999999999
513,sqlite3_vfs_register,339,1152,709875892.0,0.0,6.0,4424738.0,1152.0,1703839.0,0.0,6.0,999999999999,999999999999,999999999999
514,vfsUnlink,479,608,714304250.0,0.0,6.0,4211588.0,608.0,1719789.0,0.0,6.0,999999999999,999999999999,999999999999
576,unixTempFileInit,73,936,718520878.0,0.0,1.0,2092459.0,936.0,1776609.0,0.0,1.0,999999999999,999999999999,999999999999
510,sqlite3MemdbInit,296,1048,720616747.0,0.0,1.0,3699809.0,1048.0,1792099.0,0.0,1.0,999999999999,999999999999,999999999999
504,sqlite3_vfs_find,322,1112,724317526.0,0.0,4.0,5078067.0,1112.0,1793419.0,0.0,4.0,999999999999,999999999999,999999999999
511,sqlite3PCacheBufferSetup,570,784,729399363.0,0.0,1.0,5586297.0,784.0,1823829.0,0.0,1.0,999999999999,999999999999,999999999999
105,sqlite3_appendvfs_init,337,1128,734988340.0,0.0,1.0,4291268.0,1128.0,1837869.0,0.0,1.0,999999999999,999999999999,999999999999
2801,access,165,1040,739281678.0,0.0,1.0,3090799.0,1040.0,1849369.0,0.0,1.0,999999999999,999999999999,999999999999
2796,__wasilibc_find_relpath_alloc,513,1928,742373737.0,0.0,48.0,8582786.0,1928.0,1850259.0,0.0,36.0,999999999999,999999999999,999999999999
2816,__wasilibc_find_abspath,343,1408,750957483.0,0.0,48.0,9217175.0,1408.0,1851689.0,0.0,36.0,999999999999,999999999999,999999999999
2813,__wasilibc_populate_preopens,226,1296,760175888.0,0.0,55.0,5337818.0,1296.0,1852479.0,0.0,40.0,999999999999,999999999999,999999999999
2765,__wasi_fd_prestat_get,18,824,765514696.0,0.0,3.0,1918169.0,824.0,1853419.0,0.0,3.0,999999999999,999999999999,999999999999
2766,__wasi_fd_prestat_dir_name,20,824,767437905.0,0.0,2.0,1930749.0,824.0,1857749.0,0.0,2.0,999999999999,999999999999,999999999999
2814,internal_register_preopened_fd_unlocked,280,1320,769370614.0,0.0,2.0,5914427.0,1320.0,1858769.0,0.0,2.0,999999999999,999999999999,999999999999
2907,strdup,48,960,775287741.0,0.0,2.0,2604209.0,960.0,1867229.0,0.0,2.0,999999999999,999999999999,999999999999
2897,memcmp,75,584,777898270.0,0.0,276950.0,3557228.0,584.0,1889109.0,820000000.0,320650.0,999999999999,999999999999,999999999999
2735,realloc,1140,2192,781457338.0,0.0,31.0,18092372.0,2192.0,1900699.0,0.0,24.0,999999999999,999999999999,999999999999
2905,strcpy,17,840,799551550.0,0.0,48.0,1949829.0,840.0,1903199.0,0.0,36.0,999999999999,999999999999,999999999999
2904,__stpcpy,374,776,801502399.0,0.0,48.0,6621857.0,776.0,1903529.0,0.0,36.0,999999999999,999999999999,999999999999
2789,__wasilibc_nocwd_faccessat,220,1160,808126206.0,0.0,1.0,4885047.0,1160.0,1905849.0,0.0,1.0,999999999999,999999999999,999999999999
2773,__wasi_path_filestat_get,30,952,813012453.0,0.0,18.0,2343729.0,952.0,1906789.0,0.0,16.0,999999999999,999999999999,999999999999
185,process_sqliterc,838,1848,815395272.0,0.0,1.0,8153146.0,1848.0,7477126.0,0.0,1.0,999999999999,999999999999,999999999999
216,find_xdg_config,389,1240,823549978.0,0.0,1.0,4330628.0,1240.0,7479596.0,0.0,1.0,999999999999,999999999999,999999999999
194,find_home_dir,582,1224,827883936.0,0.0,2.0,5009928.0,1224.0,7487056.0,0.0,2.0,999999999999,999999999999,999999999999
190,ePutsUtf8,314,1368,832895664.0,0.0,1.0,3945928.0,1368.0,7493646.0,0.0,1.0,999999999999,999999999999,999999999999
170,getEmitStreamInfo,730,1416,836842632.0,0.0,4803.0,6894206.0,1416.0,7495506.0,10000000.0,9603.0,999999999999,999999999999,999999999999
423,isValidStreamInfo,97,552,843737838.0,0.0,9606.0,2163140.0,552.0,7498236.0,50000000.0,19206.0,999999999999,999999999999,999999999999
2855,fputs,38,944,845902568.0,0.0,4803.0,2306208.0,944.0,7503356.0,0.0,9603.0,999999999999,999999999999,999999999999
2862,fwrite,289,1368,848210316.0,0.0,4803.0,7844947.0,1368.0,7507456.0,20000000.0,9603.0,999999999999,999999999999,999999999999
2860,__towrite,94,624,856056263.0,0.0,3.0,3058669.0,624.0,7508306.0,0.0,3.0,999999999999,999999999999,999999999999
2848,__stdio_write,316,1368,859115891.0,0.0,20.0,7216917.0,1368.0,7509796.0,0.0,36.0,999999999999,999999999999,999999999999
2847,writev,115,984,866333828.0,0.0,20.0,3099208.0,984.0,7510746.0,0.0,36.0,999999999999,999999999999,999999999999
2771,__wasi_fd_write,22,824,869434086.0,0.0,286.0,1926889.0,824.0,7511576.0,0.0,361.0,999999999999,999999999999,999999999999
196,process_input,4214,4312,871383035.0,0.0,1.0,28733157.0,4312.0,7528986.0,0.0,1.0,999999999999,999999999999,999999999999
275,setLexemeOpen,219,624,900118032.0,0.0,6.0,3146518.0,624.0,7535686.0,0.0,6.0,999999999999,999999999999,999999999999
276,trackParenLevel,125,592,903266040.0,0.0,6.0,2465939.0,592.0,7538626.0,0.0,6.0,999999999999,999999999999,999999999999
277,one_input_line,501,1352,905734089.0,0.0,25.0,5934307.0,1352.0,7542886.0,0.0,25.0,999999999999,999999999999,999999999999
471,local_getline,966,1472,911669326.0,0.0,25.0,9362364.0,1472.0,7544926.0,0.0,25.0,999999999999,999999999999,999999999999
180,shell_check_oom,111,880,921034412.0,0.0,4.0,2535899.0,880.0,7550896.0,0.0,4.0,999999999999,999999999999,999999999999
426,fGetsUtf8,178,952,923571770.0,0.0,25.0,3081109.0,952.0,7552716.0,0.0,25.0,999999999999,999999999999,999999999999
2843,fgets,303,1384,926654279.0,0.0,25.0,8281676.0,1384.0,7554356.0,0.0,25.0,999999999999,999999999999,999999999999
2841,__uflow,85,1032,934937565.0,0.0,2.0,3347719.0,1032.0,7555196.0,0.0,2.0,999999999999,999999999999,999999999999
2840,__toread,134,1056,938286344.0,0.0,2.0,4050578.0,1056.0,2003959.0,0.0,3.0,999999999999,999999999999,999999999999
2850,__stdio_read,253,1232,942338072.0,0.0,2.0,5249467.0,1232.0,2005299.0,0.0,3.0,999999999999,999999999999,999999999999
2749,read,113,984,947588789.0,0.0,11.0,3148598.0,984.0,3163058.0,0.0,208.0,999999999999,999999999999,999999999999
2767,__wasi_fd_read,22,824,950739167.0,0.0,11.0,1930300.0,824.0,2006999.0,0.0,209.0,999999999999,999999999999,999999999999
2896,memchr,371,800,952691387.0,0.0,25.0,8157896.0,800.0,1934819.0,0.0,26.0,999999999999,999999999999,999999999999
278,line_is_command_terminator,534,1248,960852013.0,0.0,24.0,5991007.0,1248.0,7587226.0,0.0,24.0,999999999999,999999999999,999999999999
217,__isspace,143,552,966843760.0,0.0,760.0,2374779.0,552.0,7588826.0,0.0,760.0,999999999999,999999999999,999999999999
2822,tolower,20,528,969220089.0,0.0,24.0,1949339.0,528.0,7591706.0,0.0,24.0,999999999999,999999999999,999999999999
280,quickscan,2565,4360,971172308.0,0.0,24.0,20459400.0,4360.0,7593996.0,0.0,24.0,999999999999,999999999999,999999999999
925,sqlite3_complete,3248,4488,991646158.0,0.0,5.0,21612020.0,4488.0,7950286.0,0.0,5.0,999999999999,999999999999,999999999999
574,sqlite3_strnicmp,736,760,1013260548.0,0.0,68.0,7184567.0,760.0,7958526.0,0.0,58.0,999999999999,999999999999,999999999999
191,echo_group_input,134,920,1020448775.0,0.0,7.0,2894559.0,920.0,8078466.0,0.0,7.0,999999999999,999999999999,999999999999
281,runOneSqlLine,1279,2448,1023344724.0,0.0,5.0,11920133.0,2448.0,8080306.0,0.0,5.0,999999999999,999999999999,999999999999
184,open_db,4033,5408,1035266617.0,0.0,5.0,24635118.0,5408.0,1925819.0,0.0,6.0,999999999999,999999999999,999999999999
167,deduceDatabaseType,1043,2072,1059905875.0,0.0,1.0,8971107.0,2072.0,1931799.0,0.0,1.0,999999999999,999999999999,999999999999
2853,fopen,102,1112,1068878711.0,0.0,1.0,3351969.0,1112.0,1934219.0,0.0,1.0,999999999999,999999999999,999999999999
2845,__fmodeflags,102,1032,1072232450.0,0.0,1.0,2960679.0,1032.0,1936259.0,0.0,1.0,999999999999,999999999999,999999999999
2901,strchr,31,864,1075194519.0,0.0,2.0,2065939.0,864.0,1936909.0,0.0,4.0,999999999999,999999999999,999999999999
2800,__wasilibc_open_nomode,163,1032,1077263048.0,0.0,1.0,3078298.0,1032.0,1940689.0,0.0,1.0,999999999999,999999999999,999999999999
2783,__wasilibc_nocwd_openat_nomode,282,1240,1080346746.0,0.0,9.0,5216817.0,1240.0,1960209.0,0.0,5.0,999999999999,999999999999,999999999999
2775,__wasi_path_open,38,992,1085570053.0,0.0,9.0,2581319.0,992.0,1964079.0,0.0,5.0,999999999999,999999999999,999999999999
992,sqlite3_open_v2,127,952,1088180062.0,0.0,1.0,2696789.0,952.0,2040509.0,0.0,1.0,999999999999,999999999999,999999999999
979,openDatabase,3876,4672,1090878151.0,0.0,1.0,28735466.0,4672.0,2042159.0,0.0,1.0,999999999999,999999999999,999999999999
643,sqlite3MallocZero,182,1008,1119616507.0,0.0,14.0,3188119.0,1008.0,2051069.0,0.0,13.0,999999999999,999999999999,999999999999
980,sqlite3HashInit,105,584,1122815286.0,0.0,15.0,2132739.0,584.0,2070349.0,0.0,15.0,999999999999,999999999999,999999999999
982,createCollation,1392,1960,1124949715.0,0.0,7.0,12048984.0,1960.0,2072749.0,0.0,7.0,999999999999,999999999999,999999999999
995,sqlite3FindCollSeq,309,1040,1136999539.0,0.0,29.0,4093178.0,1040.0,2077319.0,0.0,22.0,999999999999,999999999999,999999999999
1609,findCollSeqEntry,681,1664,1141094147.0,0.0,16.0,7165707.0,1664.0,2079429.0,0.0,16.0,999999999999,999999999999,999999999999
870,sqlite3HashFind,108,952,1148260904.0,0.0,127.0,2573969.0,952.0,2081779.0,0.0,122.0,999999999999,999999999999,999999999999
1610,findElementWithHash,532,1368,1150836093.0,0.0,179.0,7145576.0,1368.0,2083309.0,0.0,174.0,999999999999,999999999999,999999999999
820,sqlite3DbMallocZero,198,1032,1157986159.0,0.0,59.0,3369049.0,1032.0,2097019.0,0.0,55.0,999999999999,999999999999,999999999999
550,sqlite3DbMallocRaw,204,992,1161356488.0,0.0,61242.0,3271838.0,992.0,2098459.0,30000000.0,61265.0,999999999999,999999999999,999999999999
873,sqlite3DbMallocRawNN,1019,1232,1164629726.0,0.0,40530.0,7416556.0,1232.0,2100379.0,80000000.0,40344.0,999999999999,999999999999,999999999999
1051,dbMallocRawFinish,164,1008,1172047252.0,0.0,170.0,3129459.0,1008.0,2104649.0,0.0,117.0,999999999999,999999999999,999999999999
971,sqlite3HashInsert,936,1608,1175182821.0,0.0,52.0,8660996.0,1608.0,2124619.0,0.0,52.0,999999999999,999999999999,999999999999
1614,insertElement,598,816,1183847407.0,0.0,55.0,5472827.0,816.0,2143419.0,0.0,55.0,999999999999,999999999999,999999999999
628,sqlite3Error,202,960,1189325404.0,0.0,12.0,3327458.0,960.0,2150239.0,0.0,10.0,999999999999,999999999999,999999999999
985,sqlite3ParseUri,6770,4616,1192667282.0,0.0,1.0,44545810.0,4616.0,2325999.0,0.0,1.0,999999999999,999999999999,999999999999
523,sqlite3_malloc64,129,992,1237217452.0,0.0,5.0,3000268.0,992.0,2353239.0,0.0,5.0,999999999999,999999999999,999999999999
986,sqlite3BtreeOpen,5773,4912,1240224560.0,0.0,2.0,42064700.0,4912.0,2375159.0,0.0,2.0,999999999999,999999999999,999999999999
1127,sqlite3PagerOpen,5024,5008,1282297810.0,0.0,2.0,36323843.0,5008.0,2410969.0,0.0,2.0,999999999999,999999999999,999999999999
1138,sqlite3PcacheSize,12,520,1318623613.0,0.0,2.0,1564219.0,520.0,2416869.0,0.0,2.0,999999999999,999999999999,999999999999
1139,sqlite3JournalSize,124,552,1320189032.0,0.0,2.0,2143839.0,552.0,2418249.0,0.0,2.0,999999999999,999999999999,999999999999
1125,sqlite3OsFullPathname,162,1000,1322338371.0,0.0,1.0,2862459.0,1000.0,2435359.0,0.0,1.0,999999999999,999999999999,999999999999
590,unixFullPathname,608,1520,1325202020.0,0.0,1.0,6452666.0,1520.0,2437629.0,0.0,1.0,999999999999,999999999999,999999999999
591,appendAllPathElements,506,1104,1331656616.0,0.0,1.0,5770928.0,1104.0,2441339.0,0.0,1.0,999999999999,999999999999,999999999999
1101,appendOnePathElement,1789,2064,1337431044.0,0.0,8.0,11947204.0,2064.0,2451769.0,0.0,8.0,999999999999,999999999999,999999999999
2804,lstat,165,1040,1349380748.0,0.0,8.0,3136569.0,1040.0,2459879.0,0.0,8.0,999999999999,999999999999,999999999999
2790,__wasilibc_nocwd_fstatat,425,1488,1352524717.0,0.0,17.0,7085646.0,1488.0,2474909.0,0.0,15.0,999999999999,999999999999,999999999999
498,sqlite3DbFree,136,896,1359673803.0,0.0,1172.0,2776339.0,896.0,2758758.0,10000000.0,1230.0,999999999999,999999999999,999999999999
556,sqlite3DbFreeNN,511,1072,1362451752.0,0.0,41173.0,4676928.0,1072.0,2760109.0,50000000.0,41232.0,999999999999,999999999999,999999999999
1140,sqlite3OsOpen,188,1024,1367132500.0,0.0,4.0,3231008.0,1024.0,2771609.0,0.0,2.0,999999999999,999999999999,999999999999
577,unixOpen,3419,3616,1370365038.0,0.0,4.0,26042438.0,3616.0,2773009.0,0.0,2.0,999999999999,999999999999,999999999999
569,sqlite3_randomness,1079,1824,1396409646.0,0.0,4.0,9492236.0,1824.0,2778569.0,0.0,2.0,999999999999,999999999999,999999999999
578,findReusableFd,850,1312,1405904572.0,0.0,1.0,7871925.0,1312.0,2784429.0,0.0,1.0,999999999999,999999999999,999999999999
1058,unixEnterMutex,5,512,1413778137.0,0.0,1.0,1458310.0,512.0,2786409.0,0.0,1.0,999999999999,999999999999,999999999999
1062,unixLeaveMutex,5,512,1415237647.0,0.0,1.0,1444559.0,512.0,2787449.0,0.0,1.0,999999999999,999999999999,999999999999
580,findCreateFileMode,868,1520,1416687716.0,0.0,4.0,8490396.0,1520.0,2807269.0,0.0,2.0,999999999999,999999999999,999999999999
581,robust_open,1077,1936,1425179292.0,0.0,8.0,10362255.0,1936.0,2811658.0,0.0,4.0,999999999999,999999999999,999999999999
1087,posixOpen,118,944,1435542957.0,0.0,8.0,2635898.0,944.0,2814298.0,0.0,4.0,999999999999,999999999999,999999999999
2799,open,163,1032,1438180886.0,0.0,8.0,3090718.0,1032.0,2815849.0,0.0,4.0,999999999999,999999999999,999999999999
2740,fcntl,276,1504,1441358784.0,0.0,14.0,4633858.0,1504.0,2851169.0,0.0,6.0,999999999999,999999999999,999999999999
585,fillInUnixFile,1118,2128,1445994732.0,0.0,4.0,10943105.0,2128.0,2858589.0,0.0,2.0,999999999999,999999999999,999999999999
1034,sqlite3_uri_boolean,272,1056,1456939687.0,0.0,6.0,3642029.0,1056.0,2861478.0,0.0,4.0,999999999999,999999999999,999999999999
1032,sqlite3_uri_parameter,238,1032,1460582656.0,0.0,6.0,3633978.0,1032.0,2863278.0,0.0,4.0,999999999999,999999999999,999999999999
1103,dotlockIoFinderImpl,50,544,1464219423.0,0.0,1.0,1951329.0,544.0,2869638.0,0.0,1.0,999999999999,999999999999,999999999999
1065,storeLastErrno,61,552,1466180422.0,0.0,9.0,2038629.0,552.0,2979509.0,0.0,3.0,999999999999,999999999999,999999999999
1056,verifyDbFile,541,1304,1468219921.0,0.0,4.0,5601288.0,1304.0,2981158.0,0.0,2.0,999999999999,999999999999,999999999999
2741,fstat,416,1456,1473822719.0,0.0,7.0,6932307.0,1456.0,2983469.0,0.0,7.0,999999999999,999999999999,999999999999
2763,__wasi_fd_filestat_get,18,824,1480756466.0,0.0,7.0,1909099.0,824.0,2984149.0,0.0,7.0,999999999999,999999999999,999999999999
1080,fileHasMoved,279,1040,1482677945.0,0.0,3.0,3721818.0,1040.0,2991278.0,0.0,2.0,999999999999,999999999999,999999999999
1141,sqlite3OsDeviceCharacteristics,185,952,1486401963.0,0.0,16.0,3167499.0,952.0,2996878.0,0.0,12.0,999999999999,999999999999,999999999999
1083,unixDeviceCharacteristics,104,936,1489570892.0,0.0,16.0,2438118.0,936.0,2998349.0,0.0,12.0,999999999999,999999999999,999999999999
1082,setDeviceCharacteristics,151,584,1492010250.0,0.0,16.0,2896649.0,584.0,2999509.0,0.0,12.0,999999999999,999999999999,999999999999
1142,setSectorSize,201,1040,1494908029.0,0.0,3.0,3681688.0,1040.0,3002178.0,0.0,3.0,999999999999,999999999999,999999999999
1031,databaseName,329,600,1498592227.0,0.0,3.0,3904338.0,600.0,3008748.0,0.0,3.0,999999999999,999999999999,999999999999
1033,uriParameter,436,1248,1502497785.0,0.0,2.0,6031278.0,1248.0,3012268.0,0.0,2.0,999999999999,999999999999,999999999999
1014,sqlite3PagerSetPagesize,1157,1936,1508532573.0,0.0,4.0,10475714.0,1936.0,3031628.0,0.0,4.0,999999999999,999999999999,999999999999
1153,sqlite3PcacheRefCount,50,544,1519009517.0,0.0,11.0,1940199.0,544.0,3034718.0,0.0,11.0,999999999999,999999999999,999999999999
1154,sqlite3PageMalloc,79,896,1520951386.0,0.0,1053.0,2282419.0,896.0,3037978.0,0.0,1136.0,999999999999,999999999999,999999999999
1244,pcache1Alloc,580,1392,1523234855.0,0.0,1277.0,5434568.0,1392.0,3039008.0,0.0,1562.0,999999999999,999999999999,999999999999
1155,pager_reset,137,1008,1528677503.0,0.0,4.0,2767269.0,1008.0,3062878.0,0.0,4.0,999999999999,999999999999,999999999999
697,sqlite3BackupRestart,136,576,1531446172.0,0.0,4.0,3178998.0,576.0,3064108.0,0.0,4.0,999999999999,999999999999,999999999999
1227,sqlite3PcacheClear,81,888,1534627020.0,0.0,4.0,2270929.0,888.0,3065938.0,0.0,4.0,999999999999,999999999999,999999999999
1209,sqlite3PcacheTruncate,584,1448,1536899259.0,0.0,9.0,7500867.0,1448.0,3067538.0,0.0,7.0,999999999999,999999999999,999999999999
1156,sqlite3PcacheSetPageSize,453,1320,1544401536.0,0.0,4.0,5481807.0,1320.0,3070328.0,0.0,4.0,999999999999,999999999999,999999999999
1145,sqlite3PageFree,75,880,1549884653.0,0.0,1055.0,2244259.0,880.0,3072418.0,0.0,1138.0,999999999999,999999999999,999999999999
1177,pcache1Free,482,1216,1552130092.0,0.0,1279.0,4457468.0,1216.0,3073608.0,0.0,1564.0,999999999999,999999999999,999999999999
1150,pagerFixMaplimit,33,536,1556588610.0,0.0,6.0,1836919.0,536.0,3078428.0,0.0,6.0,999999999999,999999999999,999999999999
1143,sqlite3PcacheOpen,410,1200,1558426899.0,0.0,2.0,4774248.0,1200.0,3081088.0,0.0,2.0,999999999999,999999999999,999999999999
2691,pcache1Create,808,1552,1563202377.0,0.0,2.0,8072566.0,1552.0,3086148.0,0.0,2.0,999999999999,999999999999,999999999999
2692,pcache1ResizeHash,724,1464,1571282663.0,0.0,2.0,9180265.0,1464.0,3103638.0,0.0,3.0,999999999999,999999999999,999999999999
1181,numberOfCachePages,308,624,1580467848.0,0.0,5.0,3461139.0,624.0,3121778.0,0.0,5.0,999999999999,999999999999,999999999999
2694,pcache1Cachesize,488,1152,1583930447.0,0.0,5.0,5199117.0,1152.0,3124078.0,0.0,5.0,999999999999,999999999999,999999999999
2695,pcache1EnforceMaxPage,407,1272,1589130544.0,0.0,7.0,5645758.0,1272.0,3126938.0,0.0,7.0,999999999999,999999999999,999999999999
1146,sqlite3PagerSetFlags,1009,840,1594777872.0,0.0,2.0,6879876.0,840.0,3131758.0,0.0,2.0,999999999999,999999999999,999999999999
1147,setGetterMethod,105,560,1601661008.0,0.0,4.0,2292309.0,560.0,3143388.0,0.0,4.0,999999999999,999999999999,999999999999
1128,sqlite3PagerSetMmapLimit,108,904,1603954737.0,0.0,2.0,2416689.0,904.0,3145458.0,0.0,2.0,999999999999,999999999999,999999999999
1129,sqlite3PagerReadFileheader,299,1144,1606373316.0,0.0,2.0,4123068.0,1144.0,3147158.0,0.0,2.0,999999999999,999999999999,999999999999
1151,sqlite3OsRead,155,992,1610498174.0,0.0,9.0,2976739.0,992.0,3149798.0,0.0,206.0,999999999999,999999999999,999999999999
1063,unixRead,455,1272,1613476373.0,0.0,9.0,5200877.0,1272.0,3151308.0,0.0,206.0,999999999999,999999999999,999999999999
1064,seekAndRead,849,1672,1618678690.0,0.0,9.0,9076795.0,1672.0,3152838.0,0.0,206.0,999999999999,999999999999,999999999999
2748,__lseek,101,976,1627758076.0,0.0,275.0,3035599.0,976.0,2023229.0,0.0,532.0,999999999999,999999999999,999999999999
2769,__wasi_fd_seek,22,824,1630796034.0,0.0,275.0,1930979.0,824.0,2024129.0,0.0,532.0,999999999999,999999999999,999999999999
1131,sqlite3PagerSetBusyHandler,180,984,1632761913.0,0.0,2.0,3005589.0,984.0,3178028.0,0.0,2.0,999999999999,999999999999,999999999999
1136,sqlite3OsFileControlHint,183,952,1635769202.0,0.0,6.0,3163868.0,952.0,3180018.0,0.0,4.0,999999999999,999999999999,999999999999
1077,unixFileControl,841,2904,1638934271.0,0.0,13.0,7611037.0,2904.0,3182058.0,0.0,6.0,999999999999,999999999999,999999999999
1132,sqlite3PagerIsreadonly,61,544,1646546807.0,0.0,2.0,2021279.0,544.0,3186278.0,0.0,2.0,999999999999,999999999999,999999999999
1134,sqlite3BtreeSchema,260,1120,1648570876.0,0.0,3.0,4082498.0,1120.0,3201658.0,0.0,3.0,999999999999,999999999999,999999999999
657,sqlite3BtreeEnter,68,552,1652655094.0,0.0,72.0,2074389.0,552.0,3203428.0,0.0,51.0,999999999999,999999999999,999999999999
1135,sqlite3BtreeSetCacheSize,140,1032,1654731743.0,0.0,3.0,2839978.0,1032.0,3206108.0,0.0,3.0,999999999999,999999999999,999999999999
1163,sqlite3PagerSetCachesize,99,912,1657573141.0,0.0,3.0,2423039.0,912.0,3207978.0,0.0,3.0,999999999999,999999999999,999999999999
1245,sqlite3PcacheSetCachesize,147,1032,1659997540.0,0.0,3.0,2942269.0,1032.0,3209218.0,0.0,3.0,999999999999,999999999999,999999999999
670,sqlite3PagerFile,48,544,1662942429.0,0.0,2.0,1984069.0,544.0,3217348.0,0.0,2.0,999999999999,999999999999,999999999999
987,sqlite3SchemaGet,450,1304,1664929618.0,0.0,2.0,5045738.0,1304.0,3224018.0,0.0,2.0,999999999999,999999999999,999999999999
988,sqlite3SetTextEncoding,177,1040,1669984756.0,0.0,1.0,3071858.0,1040.0,3248548.0,0.0,2.0,999999999999,999999999999,999999999999
889,sqlite3ExpirePreparedStatements,202,616,1673060214.0,0.0,4.0,3838879.0,616.0,3265208.0,0.0,4.0,999999999999,999999999999,999999999999
989,sqlite3RegisterPerConnectionBuiltinFunctions,161,1000,1676905083.0,0.0,1.0,3005108.0,1000.0,3287628.0,0.0,1.0,999999999999,999999999999,999999999999
967,sqlite3_overload_function,406,1480,1679911391.0,0.0,1.0,4906767.0,1480.0,3288668.0,0.0,1.0,999999999999,999999999999,999999999999
966,sqlite3FindFunction,1824,2304,1684819778.0,0.0,77.0,15541333.0,2304.0,3290688.0,0.0,77.0,999999999999,999999999999,999999999999
564,sqlite3_mprintf,155,1032,1700366122.0,0.0,20001.0,3236798.0,1032.0,3312278.0,0.0,20001.0,999999999999,999999999999,999999999999
563,sqlite3_vmprintf,260,1176,1703606060.0,0.0,20001.0,3929498.0,1176.0,3315128.0,20000000.0,20001.0,999999999999,999999999999,999999999999
558,sqlite3StrAccumFinish,310,1000,1707539898.0,0.0,20013.0,3939698.0,1000.0,3365768.0,40000000.0,20005.0,999999999999,999999999999,999999999999
559,strAccumFinishRealloc,347,1144,1711481546.0,0.0,20008.0,4225478.0,1144.0,3368158.0,10000000.0,20005.0,999999999999,999999999999,999999999999
964,sqlite3_create_function_v2,215,1104,1715712584.0,0.0,1.0,3731818.0,1104.0,3387598.0,0.0,1.0,999999999999,999999999999,999999999999
962,createFunctionApi,633,1840,1719445972.0,0.0,36.0,8592676.0,1840.0,3389788.0,0.0,36.0,999999999999,999999999999,999999999999
963,sqlite3CreateFunc,2419,2736,1728042988.0,0.0,36.0,17439212.0,2736.0,3404728.0,0.0,36.0,999999999999,999999999999,999999999999
725,functionDestroy,249,1064,1745493300.0,0.0,72.0,3694668.0,1064.0,3481198.0,0.0,72.0,999999999999,999999999999,999999999999
621,sqlite3ApiExit,173,960,1749190158.0,0.0,4879.0,3168429.0,960.0,3486878.0,10000000.0,9673.0,999999999999,999999999999,999999999999
975,sqlite3_errcode,297,1056,1752360767.0,0.0,4.0,4005208.0,1056.0,3490138.0,0.0,4.0,999999999999,999999999999,999999999999
895,sqlite3SafetyCheckSickOrOk,301,968,1756367365.0,0.0,5.0,3364348.0,968.0,3491928.0,0.0,5.0,999999999999,999999999999,999999999999
2712,sqlite3TestExtInit,77,896,1759733593.0,0.0,1.0,2237179.0,896.0,3496818.0,0.0,1.0,999999999999,999999999999,999999999999
695,sqlite3FaultSim,177,936,1761973002.0,0.0,193.0,3014338.0,936.0,3497668.0,0.0,377.0,999999999999,999999999999,999999999999
2713,sqlite3JsonTableFunctions,341,1064,1764989420.0,0.0,1.0,4690958.0,1064.0,3500598.0,0.0,1.0,999999999999,999999999999,999999999999
900,sqlite3_create_module,133,960,1769681558.0,0.0,5.0,2705739.0,960.0,3502788.0,0.0,5.0,999999999999,999999999999,999999999999
901,createModule,275,1224,1772388607.0,0.0,5.0,4510688.0,1224.0,3504188.0,0.0,5.0,999999999999,999999999999,999999999999
902,sqlite3VtabCreateModule,787,1776,1776902565.0,0.0,5.0,8167626.0,1776.0,3505708.0,0.0,5.0,999999999999,999999999999,999999999999
990,sqlite3AutoLoadExtensions,496,1440,1785082171.0,0.0,1.0,6878396.0,1440.0,3589358.0,0.0,1.0,999999999999,999999999999,999999999999
944,setupLookaside,2370,2392,1791963157.0,0.0,1.0,18592312.0,2392.0,3594858.0,0.0,1.0,999999999999,999999999999,999999999999
484,sqlite3LookasideUsed,356,1272,1810557569.0,0.0,1.0,4637708.0,1272.0,3598488.0,0.0,1.0,999999999999,999999999999,999999999999
494,countLookasideSlots,148,576,1815197457.0,0.0,4.0,3311948.0,576.0,3600028.0,0.0,4.0,999999999999,999999999999,999999999999
945,sqlite3BeginBenignMalloc,83,832,1818511125.0,0.0,474.0,2275599.0,832.0,3608308.0,0.0,501.0,999999999999,999999999999,999999999999
2817,sbrk,79,888,1820791174.0,0.0,20.0,2926588.0,888.0,3616358.0,0.0,32.0,999999999999,999999999999,999999999999
946,sqlite3EndBenignMalloc,83,832,1823727352.0,0.0,474.0,2232629.0,832.0,3630138.0,0.0,501.0,999999999999,999999999999,999999999999
973,sqlite3_wal_autocheckpoint,46,544,1825978601.0,0.0,1.0,1928990.0,544.0,3709878.0,0.0,1.0,999999999999,999999999999,999999999999
991,sqlite3_free_filename,159,976,1827909990.0,0.0,1.0,2920059.0,976.0,3715408.0,0.0,1.0,999999999999,999999999999,999999999999
943,sqlite3_db_config,1175,1960,1830836319.0,0.0,8.0,11314445.0,1960.0,3731118.0,0.0,9.0,999999999999,999999999999,999999999999
44,sqlite3_shathree_init,410,1712,1842153954.0,0.0,1.0,4721897.0,1712.0,3766358.0,0.0,1.0,999999999999,999999999999,999999999999
961,sqlite3_create_function,201,1088,1846877932.0,0.0,34.0,3533389.0,1088.0,3768368.0,0.0,34.0,999999999999,999999999999,999999999999
969,matchQuality,636,704,1850427060.0,0.0,18.0,5225607.0,704.0,3869488.0,0.0,18.0,999999999999,999999999999,999999999999
51,sqlite3_uint_init,125,1144,1855666027.0,0.0,1.0,2650669.0,1144.0,4085638.0,0.0,1.0,999999999999,999999999999,999999999999
993,sqlite3_create_collation,149,984,1858318506.0,0.0,2.0,2897149.0,984.0,4086978.0,0.0,2.0,999999999999,999999999999,999999999999
994,sqlite3_create_collation_v2,218,1128,1861217325.0,0.0,2.0,3473268.0,1128.0,4088088.0,0.0,2.0,999999999999,999999999999,999999999999
53,sqlite3_decimal_init,667,1664,1864700493.0,0.0,1.0,7004437.0,1664.0,4148078.0,0.0,1.0,999999999999,999999999999,999999999999
1612,rehash,706,1696,1871727200.0,0.0,1.0,8465836.0,1696.0,5106997.0,0.0,1.0,999999999999,999999999999,999999999999
1613,strHash,209,632,1880198446.0,0.0,86.0,3811968.0,632.0,5125228.0,0.0,86.0,999999999999,999999999999,999999999999
965,sqlite3_create_window_function,229,1144,1884014344.0,0.0,1.0,3938408.0,1144.0,5202857.0,0.0,1.0,999999999999,999999999999,999999999999
75,sqlite3_base64_init,138,1160,1887965692.0,0.0,1.0,2705149.0,1160.0,5362117.0,0.0,1.0,999999999999,999999999999,999999999999
79,sqlite3_base85_init,138,1160,1890678531.0,0.0,1.0,2695949.0,1160.0,5438567.0,0.0,1.0,999999999999,999999999999,999999999999
89,sqlite3_regexp_init,253,1320,1893382760.0,0.0,1.0,3781228.0,1320.0,5510257.0,0.0,1.0,999999999999,999999999999,999999999999
83,sqlite3_ieee_init,454,1144,1897175118.0,0.0,1.0,5124127.0,1144.0,5670227.0,0.0,1.0,999999999999,999999999999,999999999999
88,sqlite3_series_init,303,1168,1902318205.0,0.0,1.0,4084408.0,1168.0,6302427.0,0.0,1.0,999999999999,999999999999,999999999999
927,sqlite3_libversion_number,15,520,1906403743.0,0.0,1.0,1588739.0,520.0,6303867.0,0.0,1.0,999999999999,999999999999,999999999999
94,sqlite3_fileio_init,358,1608,1908000772.0,0.0,1.0,4631288.0,1608.0,6347297.0,0.0,1.0,999999999999,999999999999,999999999999
98,fsdirRegister,119,944,1912645810.0,0.0,1.0,2434169.0,944.0,6600107.0,0.0,1.0,999999999999,999999999999,999999999999
104,sqlite3_completion_init,118,952,1915086659.0,0.0,1.0,2592439.0,952.0,6643877.0,0.0,1.0,999999999999,999999999999,999999999999
103,sqlite3CompletionVtabInit,129,960,1917680328.0,0.0,1.0,2539019.0,960.0,6644927.0,0.0,1.0,999999999999,999999999999,999999999999
473,beginTimer,80,928,1920245117.0,0.0,5.0,2368579.0,928.0,8100286.0,0.0,5.0,999999999999,999999999999,999999999999
189,shell_exec,3936,4936,1922616106.0,0.0,5.0,31599074.0,4936.0,8101636.0,0.0,5.0,999999999999,999999999999,999999999999
603,sqlite3_prepare_v2,170,1016,1954218521.0,0.0,8.0,3007318.0,1016.0,8108686.0,0.0,6.0,999999999999,999999999999,999999999999
616,sqlite3LockAndPrepare,719,1632,1957228409.0,0.0,8.0,8752836.0,1632.0,8110356.0,0.0,6.0,999999999999,999999999999,999999999999
627,sqlite3SafetyCheckOk,290,1040,1965982265.0,0.0,11.0,3728138.0,1040.0,8112526.0,0.0,7.0,999999999999,999999999999,999999999999
485,sqlite3BtreeEnterAll,261,664,1969712403.0,0.0,10.0,4395878.0,664.0,8115706.0,0.0,8.0,999999999999,999999999999,999999999999
897,sqlite3Prepare,2882,3376,1974111411.0,0.0,12.0,24022299.0,3376.0,8119826.0,0.0,10.0,999999999999,999999999999,999999999999
1615,sqlite3BtreeSchemaLocked,132,1008,1998138090.0,0.0,12.0,2590439.0,1008.0,8128916.0,0.0,10.0,999999999999,999999999999,999999999999
1246,querySharedCacheTableLock,676,768,2000732789.0,0.0,19.0,6047837.0,768.0,8130786.0,0.0,17.0,999999999999,999999999999,999999999999
905,sqlite3RunParser,2748,3944,2006782996.0,0.0,14.0,20906990.0,3944.0,8136486.0,0.0,10.0,999999999999,999999999999,999999999999
908,sqlite3ParserInit,225,664,2027692476.0,0.0,14.0,3021828.0,664.0,8141056.0,0.0,10.0,999999999999,999999999999,999999999999
904,sqlite3GetToken,9763,4920,2030716174.0,0.0,496.0,56357933.0,4920.0,8143536.0,10000000.0,383.0,999999999999,999999999999,999999999999
907,keywordCode,1136,1104,2087077338.0,0.0,170.0,11253184.0,1104.0,8157676.0,0.0,136.0,999999999999,999999999999,999999999999
912,sqlite3Parser,916,1840,2098333112.0,0.0,319.0,9438686.0,1840.0,8169126.0,0.0,234.0,999999999999,999999999999,999999999999
1660,yy_find_shift_action,850,808,2107774008.0,0.0,871.0,7475686.0,808.0,8172026.0,10000000.0,667.0,999999999999,999999999999,999999999999
1664,yy_shift,455,1184,2115252144.0,0.0,317.0,5013567.0,1184.0,8178306.0,0.0,234.0,999999999999,999999999999,999999999999
1663,yy_reduce,47469,42664,2120268381.0,0.0,552.0,336013751.0,42664.0,8217776.0,20000000.0,433.0,999999999999,999999999999,999999999999
1676,disableLookaside,139,584,2456285312.0,0.0,6.0,2675209.0,584.0,8332526.0,0.0,6.0,999999999999,999999999999,999999999999
1768,yy_find_reduce_action,214,592,2458962881.0,0.0,552.0,2653138.0,592.0,8338816.0,0.0,433.0,999999999999,999999999999,999999999999
1675,sqlite3StartTable,3728,4504,2461626420.0,0.0,4.0,25990728.0,4504.0,8719406.0,0.0,4.0,999999999999,999999999999,999999999999
1779,sqlite3TwoPartName,506,1240,2487618747.0,0.0,4.0,5291008.0,1240.0,8724556.0,0.0,4.0,999999999999,999999999999,999999999999
1710,sqlite3NameFromToken,221,1064,2492911425.0,0.0,25.0,3392828.0,1064.0,8728626.0,0.0,17.0,999999999999,999999999999,999999999999
1616,sqlite3DbStrNDup,326,1128,2496305333.0,0.0,67.0,4024538.0,1128.0,8730346.0,0.0,40.0,999999999999,999999999999,999999999999
1803,sqlite3Dequote,715,728,2500339761.0,0.0,68.0,5590097.0,728.0,8758226.0,0.0,39.0,999999999999,999999999999,999999999999
1780,sqlite3CheckObjectName,763,1752,2505931618.0,0.0,6.0,8033497.0,1752.0,8763356.0,0.0,6.0,999999999999,999999999999,999999999999
1252,sqlite3WritableSchema,98,560,2513967035.0,0.0,8.0,2042428.0,560.0,8764986.0,0.0,6.0,999999999999,999999999999,999999999999
2002,sqlite3ReadOnlyShadowTables,311,632,2516012314.0,0.0,2.0,3355649.0,632.0,8773736.0,0.0,2.0,999999999999,999999999999,999999999999
1785,sqlite3ShadowTableName,420,1208,2519369062.0,0.0,6.0,4639148.0,1208.0,8776566.0,0.0,5.0,999999999999,999999999999,999999999999
2912,strrchr,25,912,2524009420.0,0.0,6.0,2008279.0,912.0,8778186.0,0.0,5.0,999999999999,999999999999,999999999999
2911,__memrchr,48,560,2526019829.0,0.0,6.0,2837578.0,560.0,8780186.0,0.0,5.0,999999999999,999999999999,999999999999
1778,sqlite3AuthCheck,551,1344,2528859137.0,0.0,32.0,5739077.0,1344.0,8784846.0,0.0,21.0,999999999999,999999999999,999999999999
868,sqlite3ReadSchema,386,1064,2534600505.0,0.0,17.0,4083368.0,1064.0,8790116.0,0.0,13.0,999999999999,999999999999,999999999999
999,sqlite3Init,696,1416,2538687013.0,0.0,9.0,8233466.0,1416.0,8792566.0,0.0,7.0,999999999999,999999999999,999999999999
1003,sqlite3InitOne,3656,4040,2546922989.0,0.0,2.0,27480247.0,4040.0,8795846.0,0.0,2.0,999999999999,999999999999,999999999999
1413,sqlite3InitCallback,2627,2432,2574405166.0,0.0,4.0,16357242.0,2432.0,8802056.0,0.0,4.0,999999999999,999999999999,999999999999
1499,sqlite3GetUInt32,513,728,2590764828.0,0.0,4.0,5745667.0,728.0,8809856.0,0.0,4.0,999999999999,999999999999,999999999999
620,sqlite3DbStrDup,311,1144,2596527155.0,0.0,26.0,4073089.0,1144.0,9343766.0,0.0,16.0,999999999999,999999999999,999999999999
572,sqlite3_stricmp,278,968,2600614003.0,0.0,31.0,3375659.0,968.0,9379226.0,0.0,21.0,999999999999,999999999999,999999999999
869,sqlite3FindTable,2007,2472,2603993312.0,0.0,20.0,16404222.0,2472.0,9412506.0,0.0,16.0,999999999999,999999999999,999999999999
1500,sqlite3FindIndex,517,1280,2620402414.0,0.0,6.0,6914887.0,1280.0,9436275.0,0.0,5.0,999999999999,999999999999,999999999999
1620,sqlite3DbIsNamed,252,1096,2627319061.0,0.0,12.0,3779568.0,1096.0,9439635.0,0.0,10.0,999999999999,999999999999,999999999999
1678,sqlite3AddColumn,3567,3280,2631112689.0,0.0,18.0,26594817.0,3280.0,9715255.0,0.0,18.0,999999999999,999999999999,999999999999
1802,sqlite3DequoteToken,430,664,2657709496.0,0.0,36.0,4840238.0,664.0,9721405.0,0.0,28.0,999999999999,999999999999,999999999999
1804,sqlite3StrIHash,319,640,2662559074.0,0.0,60.0,3893918.0,640.0,9765325.0,0.0,33.0,999999999999,999999999999,999999999999
555,sqlite3DbRealloc,553,1096,2666454652.0,0.0,59.0,4664268.0,1096.0,9772445.0,0.0,35.0,999999999999,999999999999,999999999999
1050,dbReallocFinish,422,1432,2671136069.0,0.0,25.0,5120708.0,1432.0,10178345.0,0.0,16.0,999999999999,999999999999,999999999999
1052,isLookaside,162,584,2676258777.0,0.0,25.0,2499359.0,584.0,10180045.0,0.0,16.0,999999999999,999999999999,999999999999
527,sqlite3Realloc,1065,1816,2678759386.0,0.0,21.0,8646726.0,1816.0,10182345.0,0.0,14.0,999999999999,999999999999,999999999999
517,sqlite3StatusValue,85,552,2687409912.0,0.0,21.0,1979869.0,552.0,10189955.0,0.0,14.0,999999999999,999999999999,999999999999
529,sqlite3MallocAlarm,138,888,2689391771.0,0.0,21.0,2460979.0,888.0,10191865.0,0.0,14.0,999999999999,999999999999,999999999999
2684,sqlite3MemRealloc,329,1200,2691853920.0,0.0,21.0,3999628.0,1200.0,10193825.0,0.0,14.0,999999999999,999999999999,999999999999
1677,sqlite3EndTable,7278,7240,2695877848.0,0.0,4.0,54096374.0,7240.0,11681805.0,0.0,4.0,999999999999,999999999999,999999999999
859,sqlite3SchemaToIndex,259,624,2749982692.0,0.0,24.0,3970328.0,624.0,11716445.0,0.0,13.0,999999999999,999999999999,999999999999
1790,estimateTableWidth,428,1112,2753955660.0,0.0,4.0,5877818.0,1112.0,11720454.0,0.0,3.0,999999999999,999999999999,999999999999
1024,sqlite3LogEst,685,744,2759835578.0,0.0,22.0,5910377.0,744.0,11725654.0,0.0,16.0,999999999999,999999999999,999999999999
1671,sqlite3FinishCoding,2803,3512,2765758825.0,0.0,14.0,22439939.0,3512.0,11849134.0,0.0,10.0,999999999999,999999999999,999999999999
913,sqlite3ParserFinalize,398,1088,2788202964.0,0.0,14.0,5172588.0,1088.0,11864614.0,0.0,10.0,999999999999,999999999999,999999999999
1619,sqlite3ErrorClear,172,928,2793379112.0,0.0,12.0,2874239.0,928.0,11876085.0,0.0,10.0,999999999999,999999999999,999999999999
654,sqlite3ParseObjectReset,683,1512,2796255510.0,0.0,12.0,7806315.0,1512.0,11878834.0,0.0,10.0,999999999999,999999999999,999999999999
612,sqlite3_finalize,400,1400,2804064916.0,0.0,9.0,5245848.0,1400.0,11885574.0,0.0,9.0,999999999999,999999999999,999999999999
655,sqlite3BtreeTxnState,127,552,2809313344.0,0.0,14.0,2260609.0,552.0,11890285.0,0.0,14.0,999999999999,999999999999,999999999999
659,sqlite3BtreeBeginTrans,475,1240,2811575093.0,0.0,10.0,5467498.0,1240.0,11892325.0,0.0,8.0,999999999999,999999999999,999999999999
680,btreeBeginTrans,3189,2984,2817044151.0,0.0,7.0,23646409.0,2984.0,11894605.0,0.0,7.0,999999999999,999999999999,999999999999
1247,lockBtree,2541,2928,2840693669.0,0.0,7.0,18813911.0,2928.0,11906425.0,0.0,7.0,999999999999,999999999999,999999999999
1251,sqlite3PagerSharedLock,1873,2768,2859509880.0,0.0,7.0,15410533.0,2768.0,11909825.0,0.0,7.0,999999999999,999999999999,999999999999
1189,pager_wait_on_lock,250,1136,2874922203.0,0.0,12.0,4617457.0,1136.0,11913274.0,0.0,8.0,999999999999,999999999999,999999999999
1190,pagerLockDb,451,1112,2879541510.0,0.0,16.0,4847368.0,1112.0,11914725.0,0.0,10.0,999999999999,999999999999,999999999999
1191,sqlite3OsLock,119,952,2884390168.0,0.0,12.0,2683669.0,952.0,11917145.0,0.0,8.0,999999999999,999999999999,999999999999
1099,dotlockLock,573,1344,2887075837.0,0.0,12.0,5854367.0,1344.0,11918714.0,0.0,8.0,999999999999,999999999999,999999999999
2808,mkdir,161,1016,2892933154.0,0.0,6.0,3030869.0,1016.0,11921774.0,0.0,6.0,999999999999,999999999999,999999999999
2786,__wasilibc_nocwd_mkdirat_nomode,37,864,2895972023.0,0.0,6.0,2262439.0,864.0,11945014.0,0.0,6.0,999999999999,999999999999,999999999999
2772,__wasi_path_create_directory,26,928,2898236442.0,0.0,6.0,2240479.0,928.0,11945754.0,0.0,6.0,999999999999,999999999999,999999999999
1254,hasHotJournal,1093,2136,2900572361.0,0.0,6.0,10383784.0,2136.0,12019804.0,0.0,6.0,999999999999,999999999999,999999999999
1212,sqlite3OsAccess,144,984,2910958425.0,0.0,6.0,2874939.0,984.0,12023094.0,0.0,6.0,999999999999,999999999999,999999999999
589,unixAccess,428,1136,2913836364.0,0.0,6.0,4667268.0,1136.0,12024814.0,0.0,6.0,999999999999,999999999999,999999999999
2803,stat,165,1040,2918506212.0,0.0,9.0,3081949.0,1040.0,12026714.0,0.0,7.0,999999999999,999999999999,999999999999
1255,pagerPagecount,450,1128,2921614571.0,0.0,6.0,4932017.0,1128.0,12060544.0,0.0,6.0,999999999999,999999999999,999999999999
705,sqlite3OsFileSize,118,952,2926548418.0,0.0,6.0,2642739.0,952.0,12062664.0,0.0,6.0,999999999999,999999999999,999999999999
1071,unixFileSize,323,1128,2929193927.0,0.0,6.0,4210658.0,1128.0,12064644.0,0.0,6.0,999999999999,999999999999,999999999999
718,btreeGetPage,250,1152,2933418275.0,0.0,251.0,4025118.0,1152.0,12077554.0,0.0,255.0,999999999999,999999999999,999999999999
609,sqlite3PagerGet,144,984,2937445073.0,0.0,27406.0,2857079.0,984.0,12079444.0,30000000.0,32198.0,999999999999,999999999999,999999999999
1179,getPageNormal,1590,2344,2940303921.0,0.0,27405.0,12793794.0,2344.0,12081144.0,40000000.0,32197.0,999999999999,999999999999,999999999999
1194,sqlite3PcacheFetch,197,1016,2953099176.0,0.0,27405.0,3237998.0,1016.0,12084344.0,30000000.0,32197.0,999999999999,999999999999,999999999999
2697,pcache1Fetch,111,936,2956339794.0,0.0,27480.0,2550599.0,936.0,12086144.0,10000000.0,32197.0,999999999999,999999999999,999999999999
2698,pcache1FetchNoMutex,536,1128,2958892223.0,0.0,27480.0,6202117.0,1128.0,12087394.0,150000000.0,32197.0,999999999999,999999999999,999999999999
2707,pcache1FetchStage2,1509,2096,2965096550.0,0.0,245.0,12271614.0,2096.0,12090854.0,0.0,447.0,999999999999,999999999999,999999999999
2709,pcache1AllocPage,582,1424,2977369494.0,0.0,245.0,6563247.0,1424.0,12095174.0,10000000.0,447.0,999999999999,999999999999,999999999999
2710,pcache1InitBulk,965,1504,2983934291.0,0.0,2.0,9240715.0,1504.0,12096984.0,0.0,2.0,999999999999,999999999999,999999999999
1196,sqlite3PcacheFetchFinish,288,1024,2993217186.0,10000000.0,27650.0,3823449.0,1024.0,12179904.0,80000000.0,32644.0,999999999999,999999999999,999999999999
1201,pcacheFetchFinishWithInit,389,1120,2997042395.0,0.0,245.0,4193258.0,1120.0,12182034.0,0.0,447.0,999999999999,999999999999,999999999999
1256,btreePageFromDbPage,324,1168,3001238743.0,0.0,250.0,4426978.0,1168.0,12210724.0,0.0,453.0,999999999999,999999999999,999999999999
685,sqlite3PagerGetExtra,49,544,3005668251.0,0.0,27402.0,1943649.0,544.0,12212124.0,100000000.0,32395.0,999999999999,999999999999,999999999999
610,sqlite3PagerGetData,48,544,3007614540.0,0.0,245.0,1930119.0,544.0,12213674.0,0.0,447.0,999999999999,999999999999,999999999999
681,sqlite3Get4byte,193,584,3009547039.0,0.0,27422.0,2618339.0,584.0,3190228.0,60000000.0,32218.0,999999999999,999999999999,999999999999
671,sqlite3PagerPagecount,68,560,3012166618.0,0.0,7.0,2075418.0,560.0,12218194.0,0.0,7.0,999999999999,999999999999,999999999999
1377,sqlite3BtreeGetMeta,300,1160,3014244126.0,0.0,6.0,4267847.0,1160.0,12241424.0,0.0,5.0,999999999999,999999999999,999999999999
1295,sqlite3AbsInt32,197,576,3018514764.0,0.0,1.0,2662549.0,576.0,12281694.0,0.0,1.0,999999999999,999999999999,999999999999
663,sqlite3BtreeLastPage,86,904,3021182243.0,0.0,3.0,2319829.0,904.0,12296004.0,0.0,1.0,999999999999,999999999999,999999999999
684,btreePagecount,48,544,3023503722.0,0.0,27405.0,1938479.0,544.0,12297064.0,20000000.0,32192.0,999999999999,999999999999,999999999999
860,sqlite3MPrintf,125,968,3025443891.0,0.0,10.0,2644019.0,968.0,12299054.0,0.0,4.0,999999999999,999999999999,999999999999
648,sqlite3VMPrintf,314,1200,3028089500.0,0.0,12.0,4243428.0,1200.0,12300274.0,0.0,4.0,999999999999,999999999999,999999999999
607,sqlite3_exec,2628,3432,3032348858.0,0.0,3.0,24389778.0,3432.0,12408684.0,0.0,1.0,999999999999,999999999999,999999999999
1703,sqlite3Expr,163,1048,3056755536.0,0.0,18.0,3137489.0,1048.0,12699914.0,0.0,6.0,999999999999,999999999999,999999999999
1723,sqlite3ExprAlloc,1042,1608,3059895345.0,0.0,30.0,9264466.0,1608.0,12703604.0,0.0,18.0,999999999999,999999999999,999999999999
1704,sqlite3ExprSetErrorOffset,146,568,3069165771.0,0.0,18.0,2687578.0,568.0,12728494.0,0.0,6.0,999999999999,999999999999,999999999999
1700,sqlite3ExprListAppend,447,1096,3071854649.0,0.0,73.0,4691768.0,1096.0,12730394.0,0.0,45.0,999999999999,999999999999,999999999999
1910,sqlite3ExprListAppendNew,332,1136,3076547717.0,0.0,27.0,4255588.0,1136.0,12732994.0,0.0,17.0,999999999999,999999999999,999999999999
1696,sqlite3SrcListAppendFromTerm,1498,1784,3080814985.0,0.0,7.0,10890555.0,1784.0,13163284.0,0.0,5.0,999999999999,999999999999,999999999999
1708,sqlite3SrcListAppend,1003,1688,3091707350.0,0.0,12.0,8626915.0,1688.0,13167504.0,0.0,8.0,999999999999,999999999999,999999999999
1705,sqlite3SrcListShiftJoinType,853,776,3100345895.0,0.0,7.0,7920707.0,776.0,13288874.0,0.0,5.0,999999999999,999999999999,999999999999
1681,tokenExpr,809,1560,3108273282.0,0.0,44.0,7766826.0,1560.0,13554154.0,0.0,25.0,999999999999,999999999999,999999999999
1712,sqlite3ExprListSetSortOrder,419,664,3116049718.0,0.0,5.0,4267348.0,664.0,13732334.0,0.0,3.0,999999999999,999999999999,999999999999
1697,sqlite3SelectNew,1029,1888,3120320346.0,0.0,9.0,9556635.0,1888.0,13870564.0,0.0,6.0,999999999999,999999999999,999999999999
1695,parserDoubleLinkSelect,748,1368,3129882631.0,0.0,8.0,7563337.0,1368.0,13937964.0,0.0,5.0,999999999999,999999999999,999999999999
1693,sqlite3Select,26465,24136,3137448588.0,0.0,9.0,206923841.0,24136.0,13985073.0,0.0,7.0,999999999999,999999999999,999999999999
1769,sqlite3GetVdbe,277,984,3344376229.0,0.0,19.0,4085608.0,984.0,14027873.0,0.0,12.0,999999999999,999999999999,999999999999
861,sqlite3VdbeCreate,510,1288,3348465457.0,0.0,8.0,5262358.0,1288.0,14030344.0,0.0,6.0,999999999999,999999999999,999999999999
874,sqlite3VdbeAddOp2,133,960,3353740315.0,0.0,53.0,2571719.0,960.0,14048953.0,0.0,34.0,999999999999,999999999999,999999999999
1631,sqlite3VdbeAddOp3,468,1272,3356313704.0,0.0,227.0,5357988.0,1272.0,14050293.0,0.0,138.0,999999999999,999999999999,999999999999
1632,growOp3,204,1120,3361673172.0,0.0,9.0,3700309.0,1120.0,14053093.0,0.0,7.0,999999999999,999999999999,999999999999
876,growOpArray,583,1304,3365374820.0,0.0,9.0,5935127.0,1304.0,14054644.0,0.0,7.0,999999999999,999999999999,999999999999
542,sqlite3DbMallocSize,384,1032,3371316067.0,0.0,40078.0,3974288.0,1032.0,14074844.0,70000000.0,40041.0,999999999999,999999999999,999999999999
1840,sqlite3SelectPrep,319,1184,3375294175.0,0.0,9.0,4220918.0,1184.0,14087484.0,0.0,7.0,999999999999,999999999999,999999999999
2150,sqlite3SelectExpand,297,1144,3379516543.0,0.0,6.0,3889448.0,1144.0,14089833.0,0.0,4.0,999999999999,999999999999,999999999999
2086,sqlite3WalkSelect,543,1376,3383407221.0,0.0,25.0,6809707.0,1376.0,14092253.0,0.0,19.0,999999999999,999999999999,999999999999
2160,selectExpander,12126,8896,3390218268.0,0.0,10.0,88878957.0,8896.0,14095093.0,0.0,8.0,999999999999,999999999999,999999999999
1761,sqlite3WithPush,379,1096,3479101515.0,0.0,8.0,4744458.0,1096.0,14134293.0,0.0,6.0,999999999999,999999999999,999999999999
2163,sqlite3SrcListAssignCursors,452,1160,3483848833.0,0.0,8.0,5604698.0,1160.0,14136944.0,0.0,6.0,999999999999,999999999999,999999999999
2165,resolveFromTermToCte,4333,3672,3489455520.0,0.0,6.0,29738995.0,3672.0,14142353.0,0.0,4.0,999999999999,999999999999,999999999999
1819,sqlite3LocateTableItem,311,1160,3519197177.0,0.0,11.0,4445998.0,1160.0,14148633.0,0.0,7.0,999999999999,999999999999,999999999999
858,sqlite3LocateTable,1121,1840,3523646435.0,0.0,11.0,10122355.0,1840.0,14151204.0,0.0,7.0,999999999999,999999999999,999999999999
2166,cannotBeFunction,219,984,3533776429.0,0.0,6.0,3241839.0,984.0,14179373.0,0.0,4.0,999999999999,999999999999,999999999999
2168,sqlite3ProcessJoin,3947,4400,3537019878.0,0.0,8.0,31557655.0,4400.0,14183513.0,0.0,6.0,999999999999,999999999999,999999999999
1911,sqlite3ExprListAppendGrow,483,1248,3568601073.0,0.0,9.0,5201018.0,1248.0,14426413.0,0.0,5.0,999999999999,999999999999,999999999999
885,sqlite3ExprListDelete,136,896,3573813171.0,0.0,80.0,2609568.0,896.0,14474683.0,0.0,55.0,999999999999,999999999999,999999999999
914,exprListDeleteNN,338,1200,3576425729.0,0.0,29.0,4655898.0,1200.0,14476053.0,0.0,19.0,999999999999,999999999999,999999999999
499,sqlite3ExprDelete,136,896,3581083787.0,0.0,147.0,2687329.0,896.0,14477623.0,0.0,88.0,999999999999,999999999999,999999999999
1539,sqlite3ExprDeleteNN,689,1480,3583774066.0,0.0,106.0,8435545.0,1480.0,14479473.0,0.0,68.0,999999999999,999999999999,999999999999
503,sqlite3DbNNFreeNN,466,1072,3592212451.0,0.0,418.0,4491789.0,1072.0,14485003.0,0.0,255.0,999999999999,999999999999,999999999999
2088,sqlite3WalkSelectExpr,759,1568,3596710960.0,0.0,18.0,7174226.0,1568.0,14506323.0,0.0,14.0,999999999999,999999999999,999999999999
2085,sqlite3WalkExprList,335,1112,3603886356.0,0.0,66.0,4984008.0,1112.0,14508333.0,0.0,54.0,999999999999,999999999999,999999999999
2082,sqlite3WalkExpr,161,920,3608871454.0,0.0,194.0,2871029.0,920.0,14510713.0,0.0,145.0,999999999999,999999999999,999999999999
2084,sqlite3WalkExprNN,693,1448,3611743473.0,0.0,263.0,8224045.0,1448.0,14512393.0,0.0,171.0,999999999999,999999999999,999999999999
2158,sqlite3ExprWalkNoop,46,544,3619968678.0,0.0,154.0,1977499.0,544.0,14514553.0,0.0,102.0,999999999999,999999999999,999999999999
2089,sqlite3WalkSelectFrom,524,1216,3621949357.0,0.0,18.0,6530377.0,1216.0,14544993.0,0.0,14.0,999999999999,999999999999,999999999999
2091,sqlite3SelectPopWith,294,1032,3628481465.0,0.0,8.0,3762839.0,1032.0,14549683.0,0.0,6.0,999999999999,999999999999,999999999999
2131,sqlite3ResolveSelectNames,176,968,3632246243.0,0.0,7.0,2941789.0,968.0,14553213.0,0.0,5.0,999999999999,999999999999,999999999999
2125,resolveSelectStep,4682,3984,3635189691.0,0.0,7.0,39157121.0,3984.0,14556393.0,0.0,5.0,999999999999,999999999999,999999999999
1919,sqlite3ResolveExprNames,709,1384,3674349623.0,0.0,27.0,6837066.0,1384.0,14564053.0,0.0,14.0,999999999999,999999999999,999999999999
1955,sqlite3ResolveExprListNames,966,1536,3681188639.0,0.0,9.0,9689246.0,1536.0,14570903.0,0.0,6.0,999999999999,999999999999,999999999999
1809,sqlite3ExprCheckHeight,216,1008,3690879365.0,0.0,71.0,3375358.0,1008.0,14575523.0,0.0,35.0,999999999999,999999999999,999999999999
2124,resolveExprStep,10140,10816,3694256693.0,0.0,92.0,67122758.0,10816.0,14579363.0,0.0,52.0,999999999999,999999999999,999999999999
2127,lookupName,13252,9864,3761383121.0,0.0,36.0,100588142.0,9864.0,14594743.0,0.0,18.0,999999999999,999999999999,999999999999
2141,sqlite3ExprColUsed,480,696,3861979393.0,0.0,31.0,4696558.0,696.0,14668933.0,0.0,16.0,999999999999,999999999999,999999999999
2132,resolveOrderGroupBy,1201,2128,3866685101.0,0.0,3.0,12993924.0,2128.0,14857753.0,0.0,1.0,999999999999,999999999999,999999999999
2028,sqlite3ExprSkipCollateAndLikely,334,616,3879680935.0,0.0,83.0,4270368.0,616.0,14860813.0,0.0,50.0,999999999999,999999999999,999999999999
2152,resolveAsName,459,1176,3883953403.0,0.0,3.0,6438947.0,1176.0,14864093.0,0.0,1.0,999999999999,999999999999,999999999999
2153,sqlite3ExprIsInteger,439,1192,3890396360.0,0.0,7.0,5144027.0,1192.0,14884923.0,0.0,2.0,999999999999,999999999999,999999999999
1000,sqlite3IsRowid,224,1104,3895545817.0,0.0,4.0,3723249.0,1104.0,14940713.0,0.0,1.0,999999999999,999999999999,999999999999
2057,sqlite3ExprCompare,4011,2736,3899273496.0,0.0,86.0,23116238.0,2736.0,14957313.0,0.0,54.0,999999999999,999999999999,999999999999
1858,sqlite3ExprListCompare,827,1264,3922392465.0,0.0,15.0,7878377.0,1264.0,14979973.0,0.0,5.0,999999999999,999999999999,999999999999
2156,sqlite3ResolveOrderGroupBy,878,1464,3930274871.0,0.0,3.0,8769275.0,1464.0,15060323.0,0.0,1.0,999999999999,999999999999,999999999999
2151,sqlite3SelectAddTypeInfo,159,944,3939046646.0,0.0,6.0,2743529.0,944.0,15070393.0,0.0,4.0,999999999999,999999999999,999999999999
2161,sqlite3SelectWalkNoop,46,544,3941791595.0,0.0,8.0,1943109.0,544.0,15073123.0,0.0,6.0,999999999999,999999999999,999999999999
2162,selectAddSubqueryTypeInfo,505,1248,3943738904.0,0.0,8.0,6585197.0,1248.0,15103273.0,0.0,6.0,999999999999,999999999999,999999999999
1842,sqlite3GenerateColumnNames,2019,2216,3950325961.0,0.0,5.0,16488552.0,2216.0,15109043.0,0.0,3.0,999999999999,999999999999,999999999999
1968,sqlite3VdbeSetNumCols,495,1304,3966816773.0,0.0,5.0,5446508.0,1304.0,15115053.0,0.0,3.0,999999999999,999999999999,999999999999
883,initMemArray,246,664,3972274601.0,0.0,21.0,3963848.0,664.0,15134723.0,0.0,15.0,999999999999,999999999999,999999999999
1969,sqlite3VdbeSetColName,367,1104,3976241189.0,0.0,38.0,4369168.0,1104.0,15143533.0,0.0,18.0,999999999999,999999999999,999999999999
760,sqlite3VdbeMemSetStr,2222,2256,3980612717.0,0.0,39.0,16357032.0,2256.0,15146633.0,0.0,18.0,999999999999,999999999999,999999999999
773,sqlite3VdbeMemClearAndResize,259,1000,3996974159.0,0.0,21645.0,3673248.0,1000.0,15156273.0,40000000.0,23223.0,999999999999,999999999999,999999999999
738,sqlite3VdbeMemGrow,1170,1840,4000648847.0,0.0,40059.0,10082886.0,1840.0,15158403.0,70000000.0,40031.0,999999999999,999999999999,999999999999
2193,generateColumnTypes,376,1256,4010747943.0,0.0,5.0,5667577.0,1256.0,15314683.0,0.0,3.0,999999999999,999999999999,999999999999
2178,columnTypeImpl,1434,1752,4016417780.0,0.0,20.0,12860954.0,1752.0,15317393.0,0.0,10.0,999999999999,999999999999,999999999999
1001,sqlite3ColumnType,339,1000,4029281524.0,0.0,17.0,4076858.0,1000.0,15325203.0,0.0,7.0,999999999999,999999999999,999999999999
1843,sqlite3WindowRewrite,4503,4888,4033374172.0,0.0,9.0,31305385.0,4888.0,15507373.0,0.0,7.0,999999999999,999999999999,999999999999
1850,countOfViewOptimization,2497,2384,4064682687.0,0.0,8.0,17539261.0,2384.0,15518233.0,0.0,6.0,999999999999,999999999999,999999999999
1859,sqlite3KeyInfoFromExprList,570,1400,4082224869.0,0.0,3.0,7090586.0,1400.0,15527193.0,0.0,1.0,999999999999,999999999999,999999999999
2030,sqlite3KeyInfoAlloc,519,1280,4089317235.0,0.0,6.0,5689358.0,1280.0,15529273.0,0.0,3.0,999999999999,999999999999,999999999999
2222,sqlite3ExprNNCollSeq,181,968,4095018343.0,0.0,3.0,3197038.0,968.0,15550903.0,0.0,1.0,999999999999,999999999999,999999999999
1651,sqlite3ExprCollSeq,1798,2400,4098217601.0,0.0,25.0,14748673.0,2400.0,15552493.0,0.0,16.0,999999999999,999999999999,999999999999
1653,sqlite3CheckCollSeq,353,1048,4112968784.0,0.0,25.0,4122678.0,1048.0,15558663.0,0.0,16.0,999999999999,999999999999,999999999999
1773,sqlite3VdbeAddOp4,213,1144,4117094212.0,0.0,45.0,3607529.0,1144.0,15565103.0,0.0,22.0,999999999999,999999999999,999999999999
866,sqlite3VdbeChangeP4,738,1216,4120704711.0,0.0,57.0,6354718.0,1216.0,15569623.0,0.0,28.0,999999999999,999999999999,999999999999
1860,sqlite3VdbeMakeLabel,67,552,4127062508.0,0.0,45.0,2023359.0,552.0,15576543.0,0.0,32.0,999999999999,999999999999,999999999999
1862,sqlite3VdbeChangeOpcode,114,960,4129087416.0,0.0,3.0,2644978.0,960.0,15579343.0,0.0,1.0,999999999999,999999999999,999999999999
1999,sqlite3VdbeGetOp,190,608,4131734085.0,0.0,71.0,2964489.0,608.0,15580913.0,0.0,63.0,999999999999,999999999999,999999999999
1864,sqlite3WhereBegin,12155,9888,4134700193.0,0.0,9.0,90963497.0,9888.0,15585883.0,0.0,6.0,999999999999,999999999999,999999999999
2223,whereLoopInit,119,592,4225679261.0,0.0,19.0,2461899.0,592.0,15619813.0,0.0,12.0,999999999999,999999999999,999999999999
2224,sqlite3WhereClauseInit,183,640,4228144099.0,0.0,9.0,2577179.0,640.0,15621473.0,0.0,6.0,999999999999,999999999999,999999999999
2225,sqlite3WhereSplit,397,1248,4230722478.0,0.0,15.0,4701568.0,1248.0,15623353.0,0.0,8.0,999999999999,999999999999,999999999999
2226,createMask,122,568,4235425986.0,0.0,8.0,2241129.0,568.0,15628323.0,0.0,5.0,999999999999,999999999999,999999999999
2227,sqlite3WhereTabFuncArgs,1320,1992,4237668605.0,0.0,8.0,13399763.0,1992.0,15630243.0,0.0,5.0,999999999999,999999999999,999999999999
2228,sqlite3WhereExprAnalyze,207,1032,4251070728.0,0.0,9.0,3896629.0,1032.0,15633523.0,0.0,6.0,999999999999,999999999999,999999999999
2232,whereShortCut,2769,2304,4254968857.0,0.0,8.0,19528670.0,2304.0,15637713.0,0.0,5.0,999999999999,999999999999,999999999999
2292,whereScanInit,1032,1520,4274499517.0,0.0,24.0,9003816.0,1520.0,15645063.0,0.0,15.0,999999999999,999999999999,999999999999
2293,whereScanNext,3270,2528,4283504393.0,0.0,25.0,25767158.0,2528.0,15648983.0,0.0,16.0,999999999999,999999999999,999999999999
2233,whereLoopAddAll,1669,2352,4309273951.0,0.0,8.0,15974342.0,2352.0,15659623.0,0.0,6.0,999999999999,999999999999,999999999999
2294,sqlite3WhereGetMask,364,680,4325249933.0,0.0,27.0,5160708.0,680.0,15664003.0,0.0,17.0,999999999999,999999999999,999999999999
2296,whereLoopAddBtree,7002,5280,4330412580.0,0.0,7.0,49836776.0,5280.0,15667553.0,0.0,5.0,999999999999,999999999999,999999999999
2350,estLog,237,912,4380253487.0,0.0,16.0,3181018.0,912.0,15680753.0,0.0,12.0,999999999999,999999999999,999999999999
2353,indexMightHelpWithOrderBy,1463,1632,4383438395.0,0.0,9.0,12273395.0,1632.0,15691993.0,0.0,7.0,999999999999,999999999999,999999999999
2354,whereLoopOutputAdjust,2336,1832,4395714490.0,0.0,8.0,17101481.0,1832.0,15701053.0,0.0,6.0,999999999999,999999999999,999999999999
2351,whereLoopInsert,1476,1984,4412817951.0,0.0,12.0,11860055.0,1984.0,15707273.0,0.0,7.0,999999999999,999999999999,999999999999
2365,whereLoopAdjustCost,1264,1368,4424679696.0,0.0,12.0,8756895.0,1368.0,15710783.0,0.0,7.0,999999999999,999999999999,999999999999
2366,whereLoopFindLesser,1358,992,4433438641.0,0.0,13.0,9247836.0,992.0,15713923.0,0.0,8.0,999999999999,999999999999,999999999999
2367,whereLoopXfer,820,1472,4442702607.0,0.0,11.0,7271377.0,1472.0,15745193.0,0.0,7.0,999999999999,999999999999,999999999999
2359,whereLoopClearUnion,459,1192,4449975064.0,0.0,29.0,4869568.0,1192.0,15746813.0,0.0,19.0,999999999999,999999999999,999999999999
2356,whereLoopAddBtreeIndex,10711,6472,4454847912.0,0.0,10.0,68172817.0,6472.0,15755323.0,0.0,8.0,999999999999,999999999999,999999999999
2298,whereLoopClear,274,1104,4523028829.0,0.0,18.0,3885358.0,1104.0,15799293.0,0.0,12.0,999999999999,999999999999,999999999999
2234,wherePathSolver,10018,5672,4526916997.0,0.0,11.0,68812397.0,5672.0,15803733.0,0.0,7.0,999999999999,999999999999,999999999999
2211,sqlite3LogEstAdd,901,696,4595745364.0,0.0,26.0,5475808.0,696.0,15840163.0,0.0,15.0,999999999999,999999999999,999999999999
2299,wherePathSatisfiesOrderBy,9718,5576,4601224702.0,0.0,6.0,73757715.0,5576.0,15864973.0,0.0,2.0,999999999999,999999999999,999999999999
2289,sqlite3WhereFindTerm,575,1280,4674986797.0,0.0,6.0,6693487.0,1280.0,15887073.0,0.0,2.0,999999999999,999999999999,999999999999
2235,whereInterstageHeuristic,582,832,4681692773.0,0.0,3.0,6721466.0,832.0,15928993.0,0.0,1.0,999999999999,999999999999,999999999999
1986,sqlite3OpenTable,545,1440,4688429910.0,0.0,9.0,6120628.0,1440.0,16032193.0,0.0,4.0,999999999999,999999999999,999999999999
1899,sqlite3TableLock,273,1152,4694552808.0,0.0,12.0,4106428.0,1152.0,16035073.0,0.0,4.0,999999999999,999999999999,999999999999
877,sqlite3BtreeSharable,61,544,4698660946.0,0.0,23.0,1969989.0,544.0,16037123.0,0.0,12.0,999999999999,999999999999,999999999999
862,sqlite3VdbeAddOp4Int,488,1312,4700634235.0,0.0,21.0,5682467.0,1312.0,16039623.0,0.0,13.0,999999999999,999999999999,999999999999
879,vdbeChangeP4Full,434,1248,4706319142.0,0.0,27.0,5340267.0,1248.0,16049643.0,0.0,11.0,999999999999,999999999999,999999999999
863,sqlite3VdbeChangeP5,163,584,4711661299.0,0.0,47.0,2828419.0,584.0,16056493.0,0.0,31.0,999999999999,999999999999,999999999999
1781,sqlite3CodeVerifySchema,176,920,4714492088.0,0.0,6.0,2822299.0,920.0,16059573.0,0.0,5.0,999999999999,999999999999,999999999999
2102,sqlite3CodeVerifySchemaAtToplevel,250,944,4717317037.0,0.0,11.0,3356208.0,944.0,16061453.0,0.0,6.0,999999999999,999999999999,999999999999
1793,sqlite3VdbeCurrentAddr,49,544,4720675705.0,0.0,42.0,1961369.0,544.0,16065763.0,0.0,29.0,999999999999,999999999999,999999999999
2244,sqlite3WhereExplainOneScan,2475,2632,4722638524.0,0.0,8.0,16860982.0,2632.0,16070113.0,0.0,5.0,999999999999,999999999999,999999999999
2245,sqlite3WhereCodeOneLoopStart,30791,25592,4739504736.0,0.0,8.0,249368862.0,25592.0,16076223.0,0.0,5.0,999999999999,999999999999,999999999999
1865,sqlite3WhereOutputRowCount,66,544,4988883778.0,0.0,14.0,2269779.0,544.0,16154432.0,0.0,10.0,999999999999,999999999999,999999999999
1867,sqlite3WhereIsOrdered,158,552,4991156957.0,0.0,3.0,2321399.0,552.0,16157583.0,0.0,1.0,999999999999,999999999999,999999999999
1868,sqlite3WhereOrderByLimitOptLabel,309,640,4993480025.0,0.0,3.0,3570198.0,640.0,16159503.0,0.0,1.0,999999999999,999999999999,999999999999
1869,sqlite3VdbeChangeToNoop,351,1072,4997051604.0,0.0,4.0,4035078.0,1072.0,16162763.0,0.0,1.0,999999999999,999999999999,999999999999
878,freeP4,581,1688,5001088902.0,0.0,42.0,4676057.0,1688.0,16165112.0,0.0,21.0,999999999999,999999999999,999999999999
1307,sqlite3KeyInfoUnref,188,912,5005768969.0,0.0,7.0,2922559.0,912.0,16167663.0,0.0,3.0,999999999999,999999999999,999999999999
1873,sqlite3WhereContinueLabel,48,544,5008702648.0,0.0,7.0,1811829.0,544.0,16179512.0,0.0,5.0,999999999999,999999999999,999999999999
1874,sqlite3WhereBreakLabel,49,544,5010515907.0,0.0,7.0,1788049.0,544.0,16180712.0,0.0,5.0,999999999999,999999999999,999999999999
1872,selectInnerLoop,7166,7384,5012305216.0,0.0,9.0,51491256.0,7384.0,16181823.0,0.0,7.0,999999999999,999999999999,999999999999
2257,codeOffset,165,936,5063799132.0,0.0,10.0,3045288.0,936.0,16190563.0,0.0,8.0,999999999999,999999999999,999999999999
2258,innerLoopLoadRow,156,952,5066846850.0,0.0,8.0,2720959.0,952.0,16197183.0,0.0,6.0,999999999999,999999999999,999999999999
1885,sqlite3ExprCodeExprList,1576,2016,5069569569.0,0.0,9.0,14370623.0,2016.0,16198923.0,0.0,7.0,999999999999,999999999999,999999999999
1958,sqlite3ExprCodeTarget,15921,19104,5083942382.0,0.0,78.0,117799634.0,19104.0,16204752.0,0.0,49.0,999999999999,999999999999,999999999999
2035,sqlite3ExprCodeGetColumn,461,1208,5201745986.0,0.0,29.0,5281678.0,1208.0,16222963.0,0.0,15.0,999999999999,999999999999,999999999999
1924,sqlite3ExprCodeGetColumnOfTable,1070,1896,5207030434.0,0.0,31.0,9481196.0,1896.0,16224963.0,0.0,15.0,999999999999,999999999999,999999999999
1942,sqlite3TableColumnToStorage,581,744,5216514090.0,0.0,33.0,6575507.0,744.0,16230292.0,0.0,18.0,999999999999,999999999999,999999999999
1993,sqlite3ColumnDefault,597,1488,5223092716.0,0.0,29.0,6028907.0,1488.0,16236263.0,0.0,14.0,999999999999,999999999999,999999999999
1875,sqlite3WhereEnd,7780,7664,5229130593.0,0.0,9.0,62535841.0,7664.0,16344392.0,0.0,6.0,999999999999,999999999999,999999999999
1871,sqlite3VdbeResolveLabel,284,992,5291671034.0,0.0,45.0,3743708.0,992.0,16354952.0,0.0,32.0,999999999999,999999999999,999999999999
2071,resizeResolveLabel,486,1232,5295417552.0,0.0,9.0,5570507.0,1232.0,16357383.0,0.0,5.0,999999999999,999999999999,999999999999
1347,sqlite3DbReallocOrFree,197,1056,5300991109.0,0.0,13.0,3298628.0,1056.0,16359972.0,0.0,6.0,999999999999,999999999999,999999999999
2246,whereInfoFree,385,1288,5304308457.0,0.0,9.0,5868638.0,1288.0,16397572.0,0.0,6.0,999999999999,999999999999,999999999999
2320,sqlite3WhereClauseClear,550,1192,5310179685.0,0.0,9.0,6403977.0,1192.0,16398812.0,0.0,6.0,999999999999,999999999999,999999999999
2321,whereLoopDelete,115,992,5316585782.0,0.0,10.0,2568099.0,992.0,16402163.0,0.0,6.0,999999999999,999999999999,999999999999
1848,sqlite3VdbeExplainPop,92,928,5319163461.0,0.0,9.0,2277509.0,928.0,16423572.0,0.0,7.0,999999999999,999999999999,999999999999
2214,sqlite3VdbeExplainParent,176,976,5321442870.0,0.0,9.0,3124738.0,976.0,16424912.0,0.0,7.0,999999999999,999999999999,999999999999
1538,sqlite3SelectDelete,142,904,5324570368.0,0.0,10.0,2765878.0,904.0,16427512.0,0.0,6.0,999999999999,999999999999,999999999999
1540,clearSelect,671,1776,5327337796.0,0.0,9.0,8679856.0,1776.0,16428942.0,0.0,6.0,999999999999,999999999999,999999999999
1543,sqlite3SrcListDelete,1037,1712,5336028372.0,0.0,16.0,10832385.0,1712.0,16521512.0,0.0,11.0,999999999999,999999999999,999999999999
491,sqlite3DeleteTable,262,952,5346865648.0,0.0,17.0,3596829.0,952.0,16538532.0,0.0,12.0,999999999999,999999999999,999999999999
1770,sqlite3VdbeAddOp0,104,928,5350475526.0,0.0,10.0,2490899.0,928.0,16660472.0,0.0,6.0,999999999999,999999999999,999999999999
1772,sqlite3VdbeJumpHere,107,912,5352969215.0,0.0,15.0,2456698.0,912.0,16664122.0,0.0,9.0,999999999999,999999999999,999999999999
2027,sqlite3VdbeChangeP2,114,960,5355427583.0,0.0,15.0,2620159.0,960.0,16665552.0,0.0,9.0,999999999999,999999999999,999999999999
865,sqlite3VdbeUsesBtree,276,1040,5358051772.0,0.0,13.0,3838898.0,1040.0,16669302.0,0.0,8.0,999999999999,999999999999,999999999999
1777,sqlite3VdbeGoto,109,928,5361894540.0,0.0,14.0,2481219.0,928.0,16679392.0,0.0,12.0,999999999999,999999999999,999999999999
867,sqlite3VdbeMakeReady,2567,2880,5364377579.0,0.0,8.0,16974372.0,2880.0,16682812.0,0.0,6.0,999999999999,999999999999,999999999999
881,resolveP2Values,1028,1880,5381353841.0,0.0,8.0,9030516.0,1880.0,16688442.0,0.0,6.0,999999999999,999999999999,999999999999
882,allocSpace,342,648,5390392187.0,0.0,44.0,3638709.0,648.0,16710942.0,0.0,28.0,999999999999,999999999999,999999999999
626,sqlite3VdbeRewind,205,672,5394035745.0,0.0,8.0,2808149.0,672.0,16727402.0,0.0,6.0,999999999999,999999999999,999999999999
604,sqlite3_step,751,1848,5396853744.0,0.0,811.0,9033995.0,1848.0,16759562.0,10000000.0,1609.0,999999999999,999999999999,999999999999
617,vdbeSafetyNotNull,182,984,5405889649.0,0.0,811.0,3149368.0,984.0,16761392.0,0.0,1609.0,999999999999,999999999999,999999999999
638,vdbeSafety,176,944,5409040477.0,0.0,816.0,2952989.0,944.0,16762692.0,0.0,1614.0,999999999999,999999999999,999999999999
618,sqlite3Step,2011,2184,5411994896.0,0.0,811.0,15019533.0,2184.0,16765852.0,10000000.0,1609.0,999999999999,999999999999,999999999999
798,sqlite3VdbeExec,103835,80248,5427016519.0,0.0,811.0,1346730889.0,80248.0,16773232.0,90000000.0,1609.0,999999999999,999999999999,999999999999
1379,allocateCursor,1292,1824,6773754669.0,0.0,16.0,11307764.0,1824.0,16902482.0,0.0,8.0,999999999999,999999999999,999999999999
1460,sqlite3BtreeCursorSize,13,520,6785065864.0,0.0,14.0,1482520.0,520.0,16906412.0,0.0,7.0,999999999999,999999999999,999999999999
1461,sqlite3BtreeCursorZero,95,568,6786563093.0,0.0,14.0,1955339.0,568.0,16933772.0,0.0,7.0,999999999999,999999999999,999999999999
1380,sqlite3BtreeCursor,289,1056,6788520332.0,0.0,14.0,3654438.0,1056.0,16936552.0,0.0,7.0,999999999999,999999999999,999999999999
1463,btreeCursor,857,1496,6792175950.0,0.0,14.0,8880515.0,1496.0,16938612.0,0.0,7.0,999999999999,999999999999,999999999999
1381,sqlite3BtreeCursorHintFlags,61,552,6801059245.0,0.0,13.0,1967339.0,552.0,16945722.0,0.0,6.0,999999999999,999999999999,999999999999
810,sqlite3BtreeFirst,234,1056,6803028715.0,0.0,20006.0,3479278.0,1056.0,16951272.0,0.0,20003.0,999999999999,999999999999,999999999999
1456,moveToRoot,1683,1968,6806510853.0,0.0,104120.0,12584774.0,1968.0,16952852.0,670000000.0,108171.0,999999999999,999999999999,999999999999
731,sqlite3VdbeHalt,4031,3400,6819098968.0,0.0,8.0,24448209.0,3400.0,22437310.0,0.0,6.0,999999999999,999999999999,999999999999
1311,closeAllCursors,552,1352,6843550196.0,0.0,8.0,6600516.0,1352.0,22442480.0,0.0,6.0,999999999999,999999999999,999999999999
1318,closeCursorsInFrame,328,1096,6850152902.0,0.0,8.0,4900358.0,1096.0,22444760.0,0.0,6.0,999999999999,999999999999,999999999999
1328,sqlite3VdbeFreeCursorNN,372,1080,6855054670.0,0.0,16.0,4302968.0,1080.0,22447740.0,0.0,8.0,999999999999,999999999999,999999999999
1331,sqlite3BtreeCloseCursor,637,1392,6859359178.0,0.0,14.0,6724387.0,1392.0,22451640.0,0.0,7.0,999999999999,999999999999,999999999999
1283,btreeReleaseAllCursorPages,344,1120,6866086875.0,0.0,14.0,4868738.0,1120.0,22455320.0,0.0,7.0,999999999999,999999999999,999999999999
1249,unlockBtreeIfUnused,196,928,6870957333.0,0.0,23.0,2975688.0,928.0,22464460.0,0.0,16.0,999999999999,999999999999,999999999999
1304,releaseMemArray,597,1280,6873937241.0,0.0,21.0,6792437.0,1280.0,22470920.0,0.0,15.0,999999999999,999999999999,999999999999
1312,sqlite3VdbeEnter,447,1160,6880739038.0,0.0,8.0,5794557.0,1160.0,22517900.0,0.0,6.0,999999999999,999999999999,999999999999
1313,sqlite3VdbeCheckFk,417,1144,6886534825.0,0.0,14.0,4434318.0,1144.0,22521260.0,0.0,12.0,999999999999,999999999999,999999999999
1314,vdbeCommit,4736,5120,6890970953.0,0.0,6.0,36958863.0,5120.0,22528620.0,0.0,6.0,999999999999,999999999999,999999999999
1322,sqlite3VtabSync,495,1376,6927932186.0,0.0,6.0,6813476.0,1376.0,22533380.0,0.0,6.0,999999999999,999999999999,999999999999
1040,sqlite3BtreeGetFilename,99,912,6934750932.0,0.0,6.0,2307969.0,912.0,22541370.0,0.0,6.0,999999999999,999999999999,999999999999
1041,sqlite3PagerFilename,206,1008,6937061821.0,0.0,6.0,3462668.0,1008.0,22542760.0,0.0,6.0,999999999999,999999999999,999999999999
1137,sqlite3IsMemdb,75,544,6940526309.0,0.0,6.0,1857749.0,544.0,22544670.0,0.0,6.0,999999999999,999999999999,999999999999
679,sqlite3BtreeCommitPhaseOne,479,1312,6942390409.0,0.0,7.0,5195758.0,1312.0,22553110.0,0.0,7.0,999999999999,999999999999,999999999999
678,sqlite3BtreeCommitPhaseTwo,389,1264,6947589106.0,0.0,7.0,4893028.0,1264.0,22557560.0,0.0,7.0,999999999999,999999999999,999999999999
711,btreeEndTransaction,456,1176,6952485154.0,0.0,9.0,4580297.0,1176.0,22560440.0,0.0,9.0,999999999999,999999999999,999999999999
1272,clearAllSharedCacheTableLocks,587,1168,6957068041.0,0.0,7.0,5899978.0,1168.0,22564180.0,0.0,7.0,999999999999,999999999999,999999999999
720,releasePageOne,82,888,6962971408.0,0.0,7.0,2181490.0,888.0,22569980.0,0.0,7.0,999999999999,999999999999,999999999999
1257,sqlite3PagerUnrefPageOne,110,992,6965154387.0,0.0,7.0,2467530.0,992.0,22571100.0,0.0,7.0,999999999999,999999999999,999999999999
1118,sqlite3PcacheRelease,275,960,6967623977.0,0.0,27405.0,3399788.0,960.0,22461170.0,80000000.0,32197.0,999999999999,999999999999,999999999999
1120,pcacheUnpin,204,944,6971025645.0,0.0,4441.0,2999199.0,944.0,22573880.0,0.0,8647.0,999999999999,999999999999,999999999999
2699,pcache1Unpin,388,1072,6974027174.0,0.0,4441.0,4197988.0,1072.0,22575960.0,20000000.0,8647.0,999999999999,999999999999,999999999999
1200,pagerUnlockIfUnused,142,984,6978228642.0,0.0,7.0,2783278.0,984.0,22580190.0,0.0,7.0,999999999999,999999999999,999999999999
1161,pagerUnlockAndRollback,703,1424,6981015720.0,0.0,9.0,5834197.0,1424.0,22582190.0,0.0,9.0,999999999999,999999999999,999999999999
1202,pager_end_transaction,2032,2496,6986851427.0,0.0,11.0,14900013.0,2496.0,22585780.0,0.0,9.0,999999999999,999999999999,999999999999
1158,pager_unlock,876,1600,7001753601.0,0.0,9.0,7892617.0,1600.0,22590160.0,0.0,9.0,999999999999,999999999999,999999999999
1030,sqlite3BitvecDestroy,292,1120,7009649147.0,0.0,18.0,4438457.0,1120.0,22592500.0,0.0,14.0,999999999999,999999999999,999999999999
1204,releaseAllSavepoints,407,1304,7014091074.0,0.0,14.0,6050048.0,1304.0,22594570.0,0.0,12.0,999999999999,999999999999,999999999999
1144,sqlite3OsClose,169,936,7020143932.0,0.0,27.0,2835608.0,936.0,22597730.0,0.0,23.0,999999999999,999999999999,999999999999
1210,pagerUnlockDb,354,1072,7022987200.0,0.0,12.0,4118658.0,1072.0,22606840.0,0.0,10.0,999999999999,999999999999,999999999999
1217,sqlite3OsUnlock,118,952,7027107218.0,0.0,10.0,2516839.0,952.0,22608740.0,0.0,8.0,999999999999,999999999999,999999999999
1098,dotlockUnlock,521,1184,7029625617.0,0.0,11.0,5064678.0,1184.0,22610200.0,0.0,9.0,999999999999,999999999999,999999999999
2807,rmdir,161,1016,7034693835.0,0.0,6.0,2855908.0,1016.0,22613400.0,0.0,6.0,999999999999,999999999999,999999999999
2793,__wasilibc_nocwd___wasilibc_rmdirat,36,864,7037558373.0,0.0,6.0,2108769.0,864.0,22636680.0,0.0,6.0,999999999999,999999999999,999999999999
2777,__wasi_path_remove_directory,26,928,7039668712.0,0.0,6.0,2105299.0,928.0,22637750.0,0.0,6.0,999999999999,999999999999,999999999999
1323,sqlite3VtabCommit,88,904,7041860261.0,0.0,6.0,2143659.0,904.0,22697350.0,0.0,6.0,999999999999,999999999999,999999999999
1339,callFinaliser,559,1400,7044006020.0,0.0,8.0,6900707.0,1400.0,22698420.0,0.0,8.0,999999999999,999999999999,999999999999
1004,sqlite3CommitInternalChanges,65,544,7050909777.0,0.0,15.0,1907599.0,544.0,22703720.0,0.0,13.0,999999999999,999999999999,999999999999
799,doWalCallbacks,53,552,7052822636.0,0.0,8.0,1824539.0,552.0,22714360.0,0.0,6.0,999999999999,999999999999,999999999999
634,sqlite3VdbeFinalize,184,1032,7054652135.0,0.0,3.0,3125809.0,1032.0,22719720.0,0.0,1.0,999999999999,999999999999,999999999999
625,sqlite3VdbeReset,523,1256,7057780124.0,0.0,8.0,5273038.0,1256.0,22721300.0,0.0,6.0,999999999999,999999999999,999999999999
492,sqlite3VdbeDelete,304,1096,7063055912.0,0.0,8.0,3900357.0,1096.0,22726380.0,0.0,6.0,999999999999,999999999999,999999999999
502,sqlite3VdbeClearObject,784,1784,7066959679.0,0.0,8.0,8454776.0,1784.0,22727960.0,0.0,6.0,999999999999,999999999999,999999999999
1305,vdbeFreeOpArray,410,1128,7075427205.0,0.0,8.0,5159738.0,1128.0,22817269.0,0.0,6.0,999999999999,999999999999,999999999999
1414,sqlite3AnalysisLoad,1057,1792,7080596553.0,0.0,1.0,10616105.0,1792.0,22863320.0,0.0,1.0,999999999999,999999999999,999999999999
1497,sqlite3BtreeCommit,158,1072,7091219978.0,0.0,1.0,3226498.0,1072.0,22906740.0,0.0,1.0,999999999999,999999999999,999999999999
1783,sqlite3BeginWriteOperation,290,1032,7094519726.0,0.0,5.0,3525708.0,1032.0,41634050.0,0.0,1.0,999999999999,999999999999,999999999999
1771,sqlite3VdbeAddOp1,118,944,7098049914.0,0.0,17.0,2469459.0,944.0,43359560.0,0.0,11.0,999999999999,999999999999,999999999999
1784,sqlite3OpenSchemaTable,238,1152,7100524403.0,0.0,1.0,3516809.0,1152.0,,,,999999999999,999999999999,999999999999
1684,sqlite3AddPrimaryKey,1948,2536,7104059052.0,0.0,2.0,16732551.0,2536.0,18465162.0,0.0,2.0,999999999999,999999999999,999999999999
1812,makeColumnPartOfPrimaryKey,190,936,7120793823.0,0.0,2.0,3005009.0,936.0,18470482.0,0.0,1.0,999999999999,999999999999,999999999999
1815,sqlite3HasExplicitNulls,545,1104,7123801202.0,0.0,4.0,6317557.0,1104.0,18475742.0,0.0,3.0,999999999999,999999999999,999999999999
1683,sqlite3AddNotNull,611,768,7130141249.0,0.0,6.0,6178677.0,768.0,19096891.0,0.0,6.0,999999999999,999999999999,999999999999
547,enlargeAndAppend,261,1096,7136347206.0,0.0,7.0,3603179.0,1096.0,,,,999999999999,999999999999,999999999999
541,sqlite3StrAccumEnlarge,1355,1744,7139952925.0,0.0,7.0,9940154.0,1744.0,,,,999999999999,999999999999,999999999999
1799,sqlite3NestedParse,683,1544,7149900999.0,0.0,2.0,6451278.0,1544.0,,,,999999999999,999999999999,999999999999
535,printfTempBuf,483,1160,7156362427.0,0.0,1.0,4613138.0,1160.0,,,,999999999999,999999999999,999999999999
1810,sqlite3DequoteExpr,202,936,7161002685.0,0.0,19.0,2856748.0,936.0,37070352.0,0.0,7.0,999999999999,999999999999,999999999999
1701,sqlite3ExprListSetName,420,1256,7163867043.0,0.0,6.0,4888418.0,1256.0,33990704.0,0.0,1.0,999999999999,999999999999,999999999999
1680,sqlite3PExpr,511,1408,7168771921.0,0.0,23.0,5600137.0,1408.0,35435643.0,0.0,13.0,999999999999,999999999999,999999999999
1726,sqlite3ExprAttachSubtrees,586,1240,7174376808.0,0.0,23.0,5540237.0,1240.0,35442093.0,0.0,13.0,999999999999,999999999999,999999999999
852,sqlite3GetInt32,2182,1536,7179920145.0,0.0,13.0,13769214.0,1536.0,34426394.0,0.0,10.0,999999999999,999999999999,999999999999
1706,sqlite3SrcListIndexedBy,474,1064,7193718989.0,0.0,1.0,4588798.0,1064.0,,,,999999999999,999999999999,999999999999
1715,sqlite3ExprListCheckLength,241,968,7198309627.0,0.0,3.0,3276958.0,968.0,22032100.0,0.0,1.0,999999999999,999999999999,999999999999
1717,sqlite3Update,21493,19176,7201588045.0,0.0,1.0,170163269.0,19176.0,,,,999999999999,999999999999,999999999999
1816,sqlite3SrcListLookup,474,1224,7371755064.0,0.0,4.0,5515468.0,1224.0,30501215.0,0.0,2.0,999999999999,999999999999,999999999999
1913,sqlite3TriggersExist,355,1200,7377286532.0,0.0,3.0,4817167.0,1200.0,41589980.0,0.0,1.0,999999999999,999999999999,999999999999
2394,tempTriggersExist,207,608,7382107489.0,0.0,3.0,2899509.0,608.0,41592140.0,0.0,1.0,999999999999,999999999999,999999999999
1829,sqlite3ViewGetColumnNames,255,976,7385009388.0,0.0,3.0,3319949.0,976.0,41596880.0,0.0,1.0,999999999999,999999999999,999999999999
1915,sqlite3IsReadOnly,451,1176,7388330857.0,0.0,3.0,4907717.0,1176.0,41600120.0,0.0,1.0,999999999999,999999999999,999999999999
2398,tabIsReadOnly,407,1112,7393240334.0,0.0,3.0,4588378.0,1112.0,41601900.0,0.0,1.0,999999999999,999999999999,999999999999
1914,sqlite3FkRequired,966,1696,7397849282.0,0.0,1.0,10287375.0,1696.0,,,,999999999999,999999999999,999999999999
1950,sqlite3ExprVectorSize,339,648,7408140747.0,0.0,38.0,3558019.0,648.0,42388730.0,0.0,20.0,999999999999,999999999999,999999999999
2285,whereClauseInsert,1083,1760,7411716255.0,0.0,11.0,9779685.0,1760.0,43452070.0,0.0,6.0,999999999999,999999999999,999999999999
2286,exprAnalyze,11789,10736,7421499940.0,0.0,11.0,79434252.0,10736.0,43464650.0,0.0,6.0,999999999999,999999999999,999999999999
2322,sqlite3WhereExprUsage,165,920,7500939403.0,0.0,24.0,3023588.0,920.0,43476039.0,0.0,14.0,999999999999,999999999999,999999999999
2324,sqlite3WhereExprUsageNN,309,1000,7503966581.0,0.0,25.0,3929659.0,1000.0,43477599.0,0.0,15.0,999999999999,999999999999,999999999999
2335,sqlite3WhereExprUsageFull,1047,1616,7507898480.0,0.0,2.0,8576097.0,1616.0,23102290578.0,0.0,1.0,999999999999,999999999999,999999999999
2325,allowedOp,275,568,7516476716.0,0.0,11.0,2859588.0,568.0,43488230.0,0.0,6.0,999999999999,999999999999,999999999999
1813,sqlite3ExprSkipCollate,194,576,7519338414.0,0.0,20.0,3537259.0,576.0,22148510.0,0.0,11.0,999999999999,999999999999,999999999999
2326,exprMightBeIndexed,769,1264,7522878473.0,0.0,18.0,8147415.0,1264.0,43494939.0,0.0,10.0,999999999999,999999999999,999999999999
2327,operatorMask,276,640,7531027988.0,0.0,9.0,3168439.0,640.0,43499170.0,0.0,5.0,999999999999,999999999999,999999999999
2334,isAuxiliaryVtabOperator,2528,2040,7534199807.0,0.0,11.0,15682173.0,2040.0,43509739.0,0.0,6.0,999999999999,999999999999,999999999999
2308,codeEqualityTerm,4613,4192,7549897220.0,0.0,2.0,35586652.0,4192.0,20705156649.0,0.0,1.0,999999999999,999999999999,999999999999
2310,disableTerm,620,824,7585487483.0,0.0,2.0,6985317.0,824.0,20705203659.0,0.0,1.0,999999999999,999999999999,999999999999
1887,sqlite3ReleaseTempReg,207,584,7592475589.0,0.0,53.0,2930649.0,584.0,43315890.0,0.0,43.0,999999999999,999999999999,999999999999
1921,sqlite3WhereOkOnePass,111,576,7595412458.0,0.0,1.0,2256329.0,576.0,,,,999999999999,999999999999,999999999999
1923,sqlite3WhereUsesDeferredSeek,72,544,7597670707.0,0.0,1.0,2043449.0,544.0,,,,999999999999,999999999999,999999999999
1926,sqlite3OpenTableAndIndices,1465,2096,7599739196.0,0.0,3.0,14254403.0,2096.0,46166058.0,0.0,1.0,999999999999,999999999999,999999999999
1941,sqlite3TriggerColmask,765,1488,7613998629.0,0.0,1.0,8576646.0,1488.0,,,,999999999999,999999999999,999999999999
1776,sqlite3ExprCode,474,1232,7622577735.0,0.0,27.0,5341818.0,1232.0,44900249.0,0.0,18.0,999999999999,999999999999,999999999999
1987,sqlite3VdbeLoadString,128,960,7627923013.0,0.0,19.0,2703818.0,960.0,44915689.0,0.0,7.0,999999999999,999999999999,999999999999
1945,sqlite3GenerateConstraintChecks,17496,16056,7630647582.0,0.0,3.0,138995284.0,16056.0,46250188.0,0.0,1.0,999999999999,999999999999,999999999999
2429,indexIteratorFirst,178,624,7769647595.0,0.0,3.0,3349538.0,624.0,46544338.0,0.0,1.0,999999999999,999999999999,999999999999
1797,sqlite3TableAffinity,737,1648,7773003223.0,0.0,3.0,7263407.0,1648.0,46548638.0,0.0,1.0,999999999999,999999999999,999999999999
2121,sqlite3TableAffinityStr,692,1224,7780270440.0,0.0,2.0,7516117.0,1224.0,46551048.0,0.0,1.0,999999999999,999999999999,999999999999
1947,sqlite3GenerateRowIndexDelete,891,1696,7787807836.0,0.0,1.0,10444084.0,1696.0,,,,999999999999,999999999999,999999999999
1948,sqlite3CompleteInsertion,1648,2144,7798254162.0,0.0,3.0,15318372.0,2144.0,46613888.0,0.0,1.0,999999999999,999999999999,999999999999
1932,sqlite3AuthContextPop,139,576,7813576954.0,0.0,1.0,2435739.0,576.0,,,,999999999999,999999999999,999999999999
1665,yy_accept,75,552,7816039713.0,0.0,2.0,1948189.0,552.0,,,,999999999999,999999999999,999999999999
1800,sqlite3ChangeCookie,213,984,7817995202.0,0.0,2.0,3006009.0,984.0,,,,999999999999,999999999999,999999999999
1801,sqlite3VdbeAddParseSchemaOp,322,1272,7821013531.0,0.0,2.0,5348127.0,1272.0,,,,999999999999,999999999999,999999999999
1792,sqlite3MayAbort,149,568,7826365478.0,0.0,7.0,2341949.0,568.0,46005929.0,0.0,4.0,999999999999,999999999999,999999999999
501,deleteTable,707,1648,7828725447.0,0.0,5.0,8013656.0,1648.0,46780598.0,0.0,4.0,999999999999,999999999999,999999999999
1646,sqlite3FkDelete,661,1464,7836742723.0,0.0,5.0,7604677.0,1464.0,46783368.0,0.0,4.0,999999999999,999999999999,999999999999
1648,sqlite3DeleteColumnNames,531,1336,7844349340.0,0.0,5.0,6681056.0,1336.0,46786368.0,0.0,4.0,999999999999,999999999999,999999999999
1617,sqlite3VdbeSetSql,280,1048,7851042746.0,0.0,5.0,3848268.0,1048.0,28632306.0,0.0,5.0,999999999999,999999999999,999999999999
800,sqlite3_sql,129,568,7854901134.0,0.0,5.0,2438339.0,568.0,28665506.0,0.0,5.0,999999999999,999999999999,999999999999
846,sqlite3_stmt_isexplain,151,568,7857343383.0,0.0,10.0,2490879.0,568.0,28671876.0,0.0,10.0,999999999999,999999999999,999999999999
273,bind_prepared_stmt,978,2160,7859835982.0,0.0,5.0,10400965.0,2160.0,28676686.0,0.0,5.0,999999999999,999999999999,999999999999
838,sqlite3_bind_parameter_count,147,560,7870239177.0,0.0,5.0,2527359.0,560.0,28679156.0,0.0,5.0,999999999999,999999999999,999999999999
270,exec_prepared_stmt,2296,2376,7872768396.0,0.0,5.0,16223112.0,2376.0,28681866.0,0.0,5.0,999999999999,999999999999,999999999999
2705,pcache1PinPage,169,632,7889133168.0,0.0,4441.0,2731439.0,632.0,28945466.0,10000000.0,8647.0,999999999999,999999999999,999999999999
1124,sqlite3TempInMemory,91,552,7891869837.0,0.0,6.0,2096519.0,552.0,47867258.0,0.0,3.0,999999999999,999999999999,999999999999
1248,sqlite3PagerBegin,465,1272,7893968876.0,0.0,4.0,5518308.0,1272.0,47868808.0,0.0,2.0,999999999999,999999999999,999999999999
2805,utimes,245,1152,7899490463.0,0.0,6.0,4082548.0,1152.0,47874858.0,0.0,2.0,999999999999,999999999999,999999999999
2791,__wasilibc_nocwd_utimensat,505,1712,7903578002.0,0.0,6.0,8689535.0,1712.0,47896628.0,0.0,2.0,999999999999,999999999999,999999999999
2774,__wasi_path_filestat_set_times,34,976,7912269707.0,0.0,6.0,2500809.0,976.0,47898018.0,0.0,2.0,999999999999,999999999999,999999999999
688,newDatabase,807,1600,7914814006.0,0.0,4.0,7491946.0,1600.0,47926257.0,0.0,2.0,999999999999,999999999999,999999999999
672,sqlite3PagerWrite,427,1160,7922308363.0,0.0,85975.0,4971367.0,1160.0,48433267.0,330000000.0,86403.0,999999999999,999999999999,999999999999
694,pager_write,790,1456,7927281840.0,0.0,249.0,7115887.0,1456.0,48435987.0,0.0,267.0,999999999999,999999999999,999999999999
1261,pager_open_journal,1017,1784,7934400587.0,0.0,4.0,9083505.0,1784.0,48438697.0,0.0,2.0,999999999999,999999999999,999999999999
1025,sqlite3BitvecCreate,161,960,7943487832.0,0.0,3.0,3002119.0,960.0,49727137.0,0.0,1.0,999999999999,999999999999,999999999999
1267,jrnlBufferSize,39,536,7946503051.0,0.0,3.0,1846379.0,536.0,49749557.0,0.0,1.0,999999999999,999999999999,999999999999
1268,databaseIsUnmoved,365,1064,7948351140.0,0.0,3.0,4211498.0,1064.0,49750787.0,0.0,1.0,999999999999,999999999999,999999999999
1265,sqlite3JournalOpen,541,1224,7952563898.0,0.0,3.0,5602378.0,1224.0,49762637.0,0.0,1.0,999999999999,999999999999,999999999999
1091,getFileMode,293,1144,7958174356.0,0.0,3.0,4067788.0,1144.0,49792557.0,0.0,1.0,999999999999,999999999999,999999999999
1184,writeJournalHdr,1408,2080,7962324244.0,0.0,3.0,13084943.0,2080.0,49906547.0,0.0,1.0,999999999999,999999999999,999999999999
1183,journalHdrOffset,235,616,7975411277.0,0.0,6.0,3083579.0,616.0,49910637.0,0.0,2.0,999999999999,999999999999,999999999999
570,sqlite3OsRandomness,303,1144,7978501356.0,0.0,1.0,4227108.0,1144.0,49925887.0,0.0,1.0,999999999999,999999999999,999999999999
592,unixRandomness,514,1408,7982731384.0,0.0,1.0,5817867.0,1408.0,49927957.0,0.0,1.0,999999999999,999999999999,999999999999
2745,time,93,976,7988587551.0,0.0,1.0,2815328.0,976.0,49957477.0,0.0,1.0,999999999999,999999999999,999999999999
571,chacha_block,4736,1648,7991407789.0,0.0,1.0,30416416.0,1648.0,49963497.0,0.0,1.0,999999999999,999999999999,999999999999
686,sqlite3Put4byte,156,600,8021829625.0,0.0,3837.0,2619359.0,600.0,48466697.0,10000000.0,4107.0,999999999999,999999999999,999999999999
674,sqlite3OsWrite,155,992,8024453544.0,0.0,266.0,2933068.0,992.0,50107277.0,0.0,325.0,999999999999,999999999999,999999999999
1066,unixWrite,578,1336,8027388613.0,0.0,266.0,6680077.0,1336.0,50108857.0,0.0,325.0,999999999999,999999999999,999999999999
1067,seekAndWrite,158,976,8034071090.0,0.0,266.0,2858078.0,976.0,50110947.0,0.0,325.0,999999999999,999999999999,999999999999
1089,seekAndWriteFd,571,1424,8036930798.0,0.0,266.0,6777206.0,1424.0,50112977.0,0.0,325.0,999999999999,999999999999,999999999999
2750,write,113,984,8043718554.0,0.0,266.0,3100888.0,984.0,50119367.0,0.0,325.0,999999999999,999999999999,999999999999
1230,sqlite3PcacheMakeDirty,275,952,8046879123.0,0.0,249.0,3428008.0,952.0,48443307.0,0.0,267.0,999999999999,999999999999,999999999999
1121,pcacheManageDirtyList,934,872,8050309902.0,0.0,22725.0,6930236.0,872.0,48446397.0,170000000.0,23215.0,999999999999,999999999999,999999999999
1231,sqlite3BitvecTestNotNull,815,824,8057242818.0,0.0,248.0,8033567.0,824.0,50159967.0,0.0,266.0,999999999999,999999999999,999999999999
1253,zeroPage,983,1536,8065280075.0,0.0,245.0,8678225.0,1536.0,48456657.0,0.0,248.0,999999999999,999999999999,999999999999
1233,decodeFlags,1226,1552,8073960850.0,0.0,247.0,8545066.0,1552.0,16978862.0,0.0,447.0,999999999999,999999999999,999999999999
682,sqlite3PagerOpenSavepoint,211,968,8082509466.0,0.0,4.0,3401549.0,968.0,47935177.0,0.0,2.0,999999999999,999999999999,999999999999
1356,out2Prerelease,238,1000,8085917375.0,20000000.0,80855.0,3634638.0,1000.0,28985496.0,220000000.0,81625.0,999999999999,999999999999,999999999999
1364,sqlite3VdbeBooleanValue,303,992,8089554373.0,0.0,1.0,3785209.0,992.0,,,,999999999999,999999999999,999999999999
667,sqlite3BtreeUpdateMeta,325,1216,8093341442.0,0.0,4.0,4658868.0,1216.0,,,,999999999999,999999999999,999999999999
1383,sqlite3BtreeCreateTable,140,1056,8098005409.0,0.0,2.0,2892508.0,1056.0,,,,999999999999,999999999999,999999999999
1466,btreeCreateTable,2057,3056,8100901167.0,0.0,2.0,16953743.0,3056.0,,,,999999999999,999999999999,999999999999
1279,allocateBtreePage,6533,6184,8117857550.0,0.0,243.0,48569667.0,6184.0,179606025.0,0.0,247.0,999999999999,999999999999,999999999999
1294,btreeGetUnusedPage,354,1240,8166433956.0,0.0,243.0,4780907.0,1240.0,179699675.0,0.0,247.0,999999999999,999999999999,999999999999
2708,pcache1UnderMemoryPressure,215,968,8171226164.0,0.0,244.0,3212069.0,968.0,51149666.0,0.0,441.0,999999999999,999999999999,999999999999
1491,sqlite3HeapNearlyFull,57,536,8174440903.0,0.0,244.0,1782359.0,536.0,51150936.0,0.0,441.0,999999999999,999999999999,999999999999
1197,addToSavepointBitvecs,338,1176,8176229242.0,0.0,247.0,5677167.0,1176.0,50240556.0,0.0,266.0,999999999999,999999999999,999999999999
1148,sqlite3PagerPageRefcount,88,896,8181914139.0,0.0,4596.0,2247419.0,896.0,88203178.0,10000000.0,4941.0,999999999999,999999999999,999999999999
1232,sqlite3PcachePageRefcount,51,544,8184163828.0,0.0,4596.0,1945899.0,544.0,88204458.0,10000000.0,4941.0,999999999999,999999999999,999999999999
1280,releasePage,120,880,8186113947.0,0.0,8220.0,2561679.0,880.0,90025047.0,0.0,8831.0,999999999999,999999999999,999999999999
611,sqlite3PagerUnref,120,880,8188678716.0,0.0,5.0,2539979.0,880.0,20689414227.0,0.0,1.0,999999999999,999999999999,999999999999
637,sqlite3PagerUnrefNotNull,141,912,8191222285.0,0.0,27398.0,2801238.0,912.0,22459610.0,20000000.0,32190.0,999999999999,999999999999,999999999999
1547,allocateTempSpace,325,1112,8194033293.0,0.0,2.0,4158269.0,1112.0,48008968.0,0.0,2.0,999999999999,999999999999,999999999999
1387,sqlite3BtreeLast,249,976,8198202032.0,0.0,40002.0,3522079.0,976.0,48544157.0,50000000.0,40000.0,999999999999,999999999999,999999999999
1467,btreeLast,342,1112,8201725400.0,0.0,20166.0,4187138.0,1112.0,48546137.0,0.0,20167.0,999999999999,999999999999,999999999999
1472,getAndInitPage,520,1536,8205914438.0,0.0,27152.0,6230017.0,1536.0,16958522.0,20000000.0,31942.0,999999999999,999999999999,999999999999
734,sqlite3VdbeMemRelease,144,904,8212151625.0,0.0,2.0,2919959.0,904.0,23102060828.0,0.0,1.0,999999999999,999999999999,999999999999
1397,sqlite3BtreeInsert,5857,4544,8215074553.0,10000000.0,60003.0,36866093.0,4544.0,48577677.0,470000000.0,60000.0,999999999999,999999999999,999999999999
1389,sqlite3BtreeTableMoveto,2904,2432,8251943566.0,0.0,44003.0,21154670.0,2432.0,48587637.0,230000000.0,48000.0,999999999999,999999999999,999999999999
1479,fillInCell,3155,3176,8273101386.0,0.0,60003.0,24337928.0,3176.0,48600067.0,230000000.0,60000.0,999999999999,999999999999,999999999999
1373,sqlite3PutVarint,392,1008,8297441644.0,0.0,40005.0,3931088.0,1008.0,48605937.0,90000000.0,40000.0,999999999999,999999999999,999999999999
1482,insertCellFast,3093,2752,8301378572.0,0.0,60003.0,21568740.0,2752.0,48616607.0,190000000.0,60000.0,999999999999,999999999999,999999999999
2899,memmove,1217,2192,8322953012.0,10000000.0,113618.0,23676959.0,2192.0,48631197.0,1060000000.0,115627.0,999999999999,999999999999,999999999999
1386,sqlite3VdbeFreeCursor,136,896,8346634901.0,0.0,5.0,2771029.0,896.0,,,,999999999999,999999999999,999999999999
1285,releasePageNotNull,81,888,8349412149.0,0.0,27393.0,2295469.0,888.0,22458030.0,0.0,32189.0,999999999999,999999999999,999999999999
769,sqlite3VdbeMemSetNull,146,904,8351717488.0,0.0,20002.0,2812809.0,904.0,49124587.0,20000000.0,20001.0,999999999999,999999999999,999999999999
1243,sqlite3GetVarint,3210,1288,8354547407.0,0.0,53731.0,14781013.0,1288.0,20706590078.0,700000000.0,115558.0,999999999999,999999999999,999999999999
1402,sqlite3VdbeCursorRestore,141,1008,8369332959.0,0.0,4801.0,3172149.0,1008.0,20706524558.0,10000000.0,9600.0,999999999999,999999999999,999999999999
1366,sqlite3BtreeCursorHasMoved,91,544,8372506908.0,0.0,66415.0,2079029.0,544.0,17002522.0,120000000.0,92809.0,999999999999,999999999999,999999999999
1286,sqlite3BtreeIntegerKey,95,920,8374588067.0,0.0,20001.0,2377839.0,920.0,49271367.0,0.0,20000.0,999999999999,999999999999,999999999999
1288,getCellInfo,214,936,8376967326.0,10000000.0,72804.0,3164429.0,936.0,17005792.0,100000000.0,105602.0,999999999999,999999999999,999999999999
1289,btreeParseCell,306,1024,8380133035.0,0.0,68005.0,3548618.0,1024.0,17008222.0,230000000.0,96003.0,999999999999,999999999999,999999999999
1236,btreeParseCellPtr,2548,1656,8383683313.0,0.0,84005.0,14654863.0,1656.0,17010852.0,820000000.0,108002.0,999999999999,999999999999,999999999999
1357,sqlite3VdbeMemShallowCopy,399,1040,8398346176.0,0.0,140003.0,4290548.0,1040.0,48775567.0,390000000.0,140001.0,999999999999,999999999999,999999999999
755,sqlite3VdbeMemMakeWriteable,424,1104,8402639474.0,0.0,80002.0,4906998.0,1104.0,48675597.0,600000000.0,80001.0,999999999999,999999999999,999999999999
1360,applyAffinity,670,1120,8407551022.0,10000000.0,80010.0,5644237.0,1120.0,49293667.0,130000000.0,80000.0,999999999999,999999999999,999999999999
1372,sqlite3VarintLen,150,600,8413197429.0,0.0,60008.0,3161099.0,600.0,49332967.0,220000000.0,60000.0,999999999999,999999999999,999999999999
1481,dropCell,1188,1672,8416370948.0,0.0,22094.0,9781585.0,1672.0,48717477.0,70000000.0,22264.0,999999999999,999999999999,999999999999
1560,freeSpace,4242,2408,8426155443.0,0.0,25111.0,25120468.0,2408.0,48722067.0,280000000.0,24998.0,999999999999,999999999999,999999999999
1378,sqlite3FkClearTriggerCache,473,1312,8451285921.0,0.0,2.0,6668907.0,1312.0,,,,999999999999,999999999999,999999999999
1730,sqlite3ExprAnd,537,1256,8458009478.0,0.0,3.0,5290107.0,1256.0,20703142850.0,0.0,1.0,999999999999,999999999999,999999999999
1053,lookasideMallocSize,147,584,8463334385.0,0.0,4.0,2567369.0,584.0,38826542.0,0.0,2.0,999999999999,999999999999,999999999999
1849,propagateConstants,693,1584,8465940534.0,0.0,3.0,8179386.0,1584.0,20704258419.0,0.0,1.0,999999999999,999999999999,999999999999
2215,findConstInWhere,685,1472,8474122120.0,0.0,9.0,6817227.0,1472.0,20704261959.0,0.0,3.0,999999999999,999999999999,999999999999
1733,sqlite3ExprIsConstant,101,920,8480941826.0,0.0,6.0,2471210.0,920.0,45605419.0,0.0,3.0,999999999999,999999999999,999999999999
1964,exprIsConst,187,1000,8483415656.0,0.0,39.0,2999729.0,1000.0,43782679.0,0.0,28.0,999999999999,999999999999,999999999999
2080,exprNodeIsConstant,1313,1376,8486418224.0,0.0,48.0,9198346.0,1376.0,43786529.0,0.0,37.0,999999999999,999999999999,999999999999
2277,constInsert,1019,1576,8495620380.0,0.0,4.0,9936145.0,1576.0,20704282689.0,0.0,1.0,999999999999,999999999999,999999999999
2058,sqlite3ExprAffinity,998,2736,8505559165.0,0.0,45.0,9086606.0,2736.0,42961800.0,0.0,25.0,999999999999,999999999999,999999999999
917,sqlite3ExprCompareCollSeq,227,1008,8514650061.0,0.0,5.0,3605478.0,1008.0,20704293619.0,0.0,2.0,999999999999,999999999999,999999999999
918,sqlite3BinaryCompareCollSeq,379,1168,8518258239.0,0.0,17.0,4743558.0,1168.0,43893769.0,0.0,10.0,999999999999,999999999999,999999999999
1002,sqlite3ColumnColl,386,632,8523005897.0,0.0,15.0,4643418.0,632.0,22155240.0,0.0,7.0,999999999999,999999999999,999999999999
2218,sqlite3IsBinary,143,568,8527654795.0,0.0,4.0,2460908.0,568.0,20704313209.0,0.0,1.0,999999999999,999999999999,999999999999
2032,sqlite3TableColumnAffinity,254,624,8530119423.0,0.0,17.0,3325398.0,624.0,43916519.0,0.0,7.0,999999999999,999999999999,999999999999
2216,propagateConstantExprRewrite,607,1320,8533452201.0,0.0,21.0,5994608.0,1320.0,20704334019.0,0.0,7.0,999999999999,999999999999,999999999999
2278,propagateConstantExprRewriteOne,1151,1520,8539448809.0,0.0,21.0,10388935.0,1520.0,20704336389.0,0.0,7.0,999999999999,999999999999,999999999999
2304,termCanDriveIndex,606,1288,8549868414.0,0.0,9.0,6444167.0,1288.0,20704596439.0,0.0,5.0,999999999999,999999999999,999999999999
2345,sqlite3IndexAffinityOk,372,1024,8556315091.0,0.0,5.0,4006018.0,1024.0,20704601599.0,0.0,2.0,999999999999,999999999999,999999999999
2346,comparisonAffinity,388,1152,8560322979.0,0.0,5.0,4945488.0,1152.0,20704603609.0,0.0,2.0,999999999999,999999999999,999999999999
2079,sqlite3CompareAffinity,551,1048,8565271026.0,0.0,18.0,4735427.0,1048.0,43912489.0,0.0,11.0,999999999999,999999999999,999999999999
2111,sqlite3ProgressCheck,496,1184,8570016434.0,0.0,9.0,5160668.0,1184.0,43567239.0,0.0,5.0,999999999999,999999999999,999999999999
1895,sqlite3ExprIfFalse,2579,3856,8575201732.0,0.0,15.0,20458020.0,3856.0,43767519.0,0.0,11.0,999999999999,999999999999,999999999999
2039,sqlite3ExprIsVector,109,904,8595662682.0,0.0,12.0,2388749.0,904.0,43772799.0,0.0,8.0,999999999999,999999999999,999999999999
2041,sqlite3ExprCodeTemp,520,1456,8598054301.0,0.0,36.0,5990527.0,1456.0,43776799.0,0.0,28.0,999999999999,999999999999,999999999999
2043,sqlite3ExprIsConstantNotJoin,101,920,8604046928.0,0.0,33.0,2423859.0,920.0,43781019.0,0.0,25.0,999999999999,999999999999,999999999999
1886,sqlite3GetTempReg,207,600,8606473907.0,0.0,24.0,3119339.0,600.0,43303080.0,0.0,19.0,999999999999,999999999999,999999999999
2044,sqlite3ExprCodeRunJustOnce,1367,2040,8609600536.0,0.0,18.0,13364843.0,2040.0,43849819.0,0.0,14.0,999999999999,999999999999,999999999999
1807,sqlite3ExprDup,183,952,8622967669.0,0.0,38.0,2953519.0,952.0,41805730.0,0.0,34.0,999999999999,999999999999,999999999999
2072,exprDup,2769,2968,8625923378.0,0.0,32.0,19469990.0,2968.0,41807220.0,0.0,28.0,999999999999,999999999999,999999999999
2113,dupedExprStructSize,278,624,8645399378.0,0.0,32.0,3395869.0,624.0,41816070.0,0.0,28.0,999999999999,999999999999,999999999999
2114,exprStructSize,152,608,8648797547.0,0.0,32.0,2746579.0,608.0,41819730.0,0.0,28.0,999999999999,999999999999,999999999999
2042,codeCompare,474,1480,8651550096.0,0.0,12.0,6252947.0,1480.0,43891279.0,0.0,8.0,999999999999,999999999999,999999999999
2064,binaryCompareP5,208,1056,8657810043.0,0.0,12.0,3269228.0,1056.0,43907379.0,0.0,8.0,999999999999,999999999999,999999999999
1474,moveToLeftmost,487,1208,8661165891.0,0.0,20186.0,5733587.0,1208.0,16991002.0,200000000.0,20372.0,999999999999,999999999999,999999999999
812,sqlite3BtreePayloadSize,91,920,8666903708.0,0.0,52803.0,2409509.0,920.0,17004552.0,10000000.0,85602.0,999999999999,999999999999,999999999999
1368,sqlite3BtreePayloadFetch,94,912,8669318367.0,0.0,52803.0,2429019.0,912.0,17020092.0,40000000.0,85602.0,999999999999,999999999999,999999999999
1449,fetchPayload,344,640,8671749806.0,0.0,52803.0,3609608.0,640.0,17021422.0,290000000.0,85602.0,999999999999,999999999999,999999999999
1369,sqlite3VdbeOneByteSerialTypeLen,77,544,8675361564.0,0.0,116011.0,2073579.0,544.0,17035982.0,470000000.0,212009.0,999999999999,999999999999,999999999999
1363,sqlite3MemCompare,1471,1488,8677441663.0,0.0,42005.0,10530466.0,1488.0,20706822118.0,650000000.0,84000.0,999999999999,999999999999,999999999999
1446,vdbeCompareMemString,879,1824,8687973989.0,0.0,5.0,8564955.0,1824.0,,,,999999999999,999999999999,999999999999
981,binCollFunc,267,1040,8696541414.0,0.0,5.0,3922398.0,1040.0,,,,999999999999,999999999999,999999999999
815,sqlite3VdbeSerialGet,1427,1888,8700474742.0,10000000.0,89601.0,8744936.0,1888.0,17145122.0,590000000.0,119201.0,999999999999,999999999999,999999999999
814,sqlite3GetVarint32,630,1160,8709223228.0,0.0,1.0,5469058.0,1160.0,17155412.0,0.0,1.0,999999999999,999999999999,999999999999
884,sqlite3VdbeSerialTypeLen,166,568,8714694526.0,0.0,158675.0,2668959.0,568.0,17159232.0,370000000.0,182804.0,999999999999,999999999999,999999999999
629,sqlite3_column_count,151,576,8717370305.0,0.0,4.0,2682199.0,576.0,17200202.0,0.0,3.0,999999999999,999999999999,999999999999
630,sqlite3_column_name,103,920,8720055304.0,0.0,14.0,2502149.0,920.0,17217622.0,0.0,9.0,999999999999,999999999999,999999999999
826,columnName,1206,1408,8722559012.0,0.0,14.0,8870196.0,1408.0,17218772.0,0.0,9.0,999999999999,999999999999,999999999999
553,sqlite3_value_text,97,904,8731431838.0,0.0,2425.0,2309669.0,904.0,17223472.0,0.0,4820.0,999999999999,999999999999,999999999999
739,sqlite3ValueText,416,1008,8733744367.0,0.0,2425.0,4450958.0,1008.0,17224922.0,0.0,4820.0,999999999999,999999999999,999999999999
631,sqlite3_column_text,134,1056,8738200105.0,0.0,2411.0,2905218.0,1056.0,17254852.0,10000000.0,4811.0,999999999999,999999999999,999999999999
622,columnMem,423,1120,8741107313.0,0.0,4812.0,4792178.0,1120.0,17255922.0,30000000.0,9612.0,999999999999,999999999999,999999999999
623,columnMallocFailure,173,960,8745901641.0,0.0,4812.0,3086548.0,960.0,17261522.0,30000000.0,9612.0,999999999999,999999999999,999999999999
750,valueToText,752,1360,8748992399.0,0.0,1603.0,7175137.0,1360.0,17282132.0,0.0,3203.0,999999999999,999999999999,999999999999
1349,sqlite3VdbeMemStringify,414,1232,8756169886.0,0.0,21603.0,5017377.0,1232.0,17285262.0,10000000.0,23203.0,999999999999,999999999999,999999999999
1350,vdbeMemRenderNum,422,1224,8761193624.0,0.0,21603.0,4863808.0,1224.0,17308962.0,20000000.0,23203.0,999999999999,999999999999,999999999999
1351,sqlite3Int64ToText,618,1208,8766058711.0,0.0,20803.0,6637447.0,1208.0,17311232.0,110000000.0,21603.0,999999999999,999999999999,999999999999
763,sqlite3VdbeChangeEncoding,297,1008,8772700658.0,0.0,21604.0,3876978.0,1008.0,17318912.0,30000000.0,23206.0,999999999999,999999999999,999999999999
809,sqlite3BtreeNext,491,1120,8776663956.0,0.0,24166.0,5081108.0,1120.0,20820930.0,190000000.0,48331.0,999999999999,999999999999,999999999999
1473,btreeNext,1462,1776,8781746954.0,0.0,187.0,11333324.0,1776.0,22424050.0,0.0,373.0,999999999999,999999999999,999999999999
1315,sqlite3VdbeCloseStatement,173,976,8793095329.0,0.0,2.0,3305469.0,976.0,,,,999999999999,999999999999,999999999999
486,sqlite3BtreePager,56,544,8796416267.0,0.0,3.0,1936099.0,544.0,28989056.0,0.0,3.0,999999999999,999999999999,999999999999
661,sqlite3PagerGetJournalMode,61,544,8798354826.0,0.0,3.0,1988249.0,544.0,28990166.0,0.0,3.0,999999999999,999999999999,999999999999
662,sqlite3PagerIsMemdb,139,568,8800345825.0,0.0,3.0,2493939.0,568.0,20689265187.0,0.0,1.0,999999999999,999999999999,999999999999
1182,sqlite3PagerExclusiveLock,134,952,8802841824.0,0.0,6.0,2909548.0,952.0,20689267747.0,0.0,2.0,999999999999,999999999999,999999999999
673,sqlite3PagerCommitPhaseOne,883,1888,8805815002.0,0.0,3.0,9051906.0,1888.0,20689386327.0,0.0,1.0,999999999999,999999999999,999999999999
696,pagerFlushOnCommit,285,1000,8814869788.0,0.0,8.0,3755848.0,1000.0,20688964687.0,0.0,4.0,999999999999,999999999999,999999999999
698,pager_incr_changecounter,345,1248,8818627876.0,0.0,3.0,4676538.0,1248.0,20689392187.0,0.0,1.0,999999999999,999999999999,999999999999
1187,pager_write_changecounter,292,1160,8823310984.0,0.0,6.0,3911398.0,1160.0,20689407316.0,0.0,2.0,999999999999,999999999999,999999999999
699,writeSuperJournal,1643,2008,8827228033.0,0.0,3.0,12158903.0,2008.0,20689418387.0,0.0,1.0,999999999999,999999999999,999999999999
700,syncJournal,1728,2168,8839389766.0,0.0,3.0,12623115.0,2168.0,20689422107.0,0.0,1.0,999999999999,999999999999,999999999999
708,sqlite3OsSync,155,960,8852048621.0,0.0,9.0,2987038.0,960.0,20689473327.0,0.0,3.0,999999999999,999999999999,999999999999
1070,unixSync,573,1496,8855037059.0,0.0,9.0,6465897.0,1496.0,20689475207.0,0.0,3.0,999999999999,999999999999,999999999999
587,full_fsync,107,944,8861506726.0,0.0,12.0,2543538.0,944.0,20689478407.0,0.0,4.0,999999999999,999999999999,999999999999
2746,fsync,43,880,8864053344.0,0.0,12.0,2389648.0,880.0,20689479836.0,0.0,4.0,999999999999,999999999999,999999999999
2770,__wasi_fd_sync,16,824,8866445423.0,0.0,12.0,1903630.0,824.0,20689480687.0,0.0,4.0,999999999999,999999999999,999999999999
1088,openDirectory,797,1368,8868702972.0,0.0,3.0,8060037.0,1368.0,20689769786.0,0.0,1.0,999999999999,999999999999,999999999999
588,robust_close,232,1088,8876815609.0,0.0,7.0,3731618.0,1088.0,20689890086.0,0.0,3.0,999999999999,999999999999,999999999999
2754,close,40,936,8880548677.0,0.0,7.0,2425868.0,936.0,2027489.0,0.0,4.0,999999999999,999999999999,999999999999
2760,__wasi_fd_close,16,824,8882976606.0,0.0,7.0,1912518.0,824.0,2028429.0,0.0,4.0,999999999999,999999999999,999999999999
1185,sqlite3PcacheClearSyncFlags,198,608,8885175224.0,0.0,3.0,3570899.0,608.0,20690195006.0,0.0,1.0,999999999999,999999999999,999999999999
701,sqlite3PcacheDirtyList,206,968,8888749343.0,0.0,3.0,3919658.0,968.0,20690311596.0,0.0,1.0,999999999999,999999999999,999999999999
1269,pcacheSortDirtyList,1146,1504,8892672571.0,0.0,3.0,9703705.0,1504.0,20690393006.0,0.0,1.0,999999999999,999999999999,999999999999
1270,pcacheMergeDirtyList,395,696,8902379837.0,0.0,245.0,4537789.0,696.0,20690400216.0,0.0,265.0,999999999999,999999999999,999999999999
702,pager_write_pagelist,1377,1856,8906919635.0,0.0,3.0,12551284.0,1856.0,20691798215.0,0.0,1.0,999999999999,999999999999,999999999999
1078,fcntlSizeHint,882,1376,8919475878.0,0.0,3.0,8861806.0,1376.0,20691808735.0,0.0,1.0,999999999999,999999999999,999999999999
1188,sqlite3BackupUpdate,152,920,8928395944.0,0.0,248.0,2943289.0,920.0,20691846426.0,0.0,266.0,999999999999,999999999999,999999999999
703,sqlite3PcacheCleanAll,139,992,8931369073.0,0.0,6.0,3528988.0,992.0,20697291813.0,0.0,2.0,999999999999,999999999999,999999999999
1176,sqlite3PcacheMakeClean,254,1016,8934900081.0,0.0,249.0,3360828.0,1016.0,20689040307.0,0.0,267.0,999999999999,999999999999,999999999999
676,sqlite3PagerSync,339,1120,8938266729.0,0.0,3.0,4281618.0,1120.0,20698928062.0,0.0,1.0,999999999999,999999999999,999999999999
707,sqlite3OsFileControl,217,992,8942551027.0,0.0,8.0,3487699.0,992.0,49753287.0,0.0,3.0,999999999999,999999999999,999999999999
709,sqlite3PagerCommitPhaseTwo,437,1144,8946393325.0,0.0,3.0,4706278.0,1144.0,20700093461.0,0.0,1.0,999999999999,999999999999,999999999999
1205,sqlite3JournalIsInMemory,83,544,8951105373.0,0.0,5.0,2087429.0,544.0,20688957867.0,0.0,3.0,999999999999,999999999999,999999999999
1093,nolockClose,78,896,8953195682.0,0.0,3.0,2234399.0,896.0,20700108701.0,0.0,1.0,999999999999,999999999999,999999999999
1061,closeUnixFile,344,1120,8955432191.0,0.0,4.0,4124859.0,1120.0,20700110141.0,0.0,2.0,999999999999,999999999999,999999999999
1207,sqlite3OsDelete,201,976,8959571270.0,0.0,3.0,3286879.0,976.0,20700126501.0,0.0,1.0,999999999999,999999999999,999999999999
586,unixDelete,544,1456,8962860198.0,0.0,3.0,6230356.0,1456.0,20700128531.0,0.0,1.0,999999999999,999999999999,999999999999
2806,unlink,161,1016,8969093764.0,0.0,3.0,3027089.0,1016.0,20700130551.0,0.0,1.0,999999999999,999999999999,999999999999
2792,__wasilibc_nocwd___wasilibc_unlinkat,36,864,8972129343.0,0.0,3.0,2243659.0,864.0,20700153761.0,0.0,1.0,999999999999,999999999999,999999999999
2779,__wasi_path_unlink_file,26,928,8974375142.0,0.0,3.0,2237609.0,928.0,20700154581.0,0.0,1.0,999999999999,999999999999,999999999999
2702,pcache1Truncate,192,968,8976697961.0,0.0,7.0,3160419.0,968.0,20688973287.0,0.0,5.0,999999999999,999999999999,999999999999
1160,pager_error,245,1000,8979865100.0,0.0,3.0,3540618.0,1000.0,20700262261.0,0.0,1.0,999999999999,999999999999,999999999999
710,btreeClearHasContent,100,928,8983408258.0,0.0,4.0,2420799.0,928.0,20688985707.0,0.0,2.0,999999999999,999999999999,999999999999
271,explain_data_delete,140,968,8985906117.0,0.0,5.0,2693609.0,968.0,29155216.0,0.0,5.0,999999999999,999999999999,999999999999
267,eqp_render,551,1344,8988603406.0,0.0,5.0,5501596.0,1344.0,29157846.0,0.0,5.0,999999999999,999999999999,999999999999
639,sqlite3LeaveMutexAndCloseZombie,1974,2864,8994118793.0,0.0,6.0,18274162.0,2864.0,29203096.0,0.0,6.0,999999999999,999999999999,999999999999
474,endTimer,357,1448,9012397354.0,0.0,5.0,4052728.0,1448.0,29211886.0,0.0,5.0,999999999999,999999999999,999999999999
475,doAutoDetectRestore,1546,2720,9016452752.0,0.0,5.0,12680294.0,2720.0,29215486.0,0.0,5.0,999999999999,999999999999,999999999999
200,clearTempFile,265,1048,9029139496.0,0.0,6.0,3504969.0,1048.0,29227766.0,0.0,6.0,999999999999,999999999999,999999999999
1685,sqlite3CreateIndex,15020,12184,9032700384.0,0.0,2.0,106355560.0,12184.0,21863720.0,0.0,2.0,999999999999,999999999999,999999999999
1817,sqlite3FixInit,460,856,9139076104.0,0.0,2.0,4876108.0,856.0,21886740.0,0.0,2.0,999999999999,999999999999,999999999999
1818,sqlite3FixSrcList,233,1104,9143956102.0,0.0,2.0,3514018.0,1104.0,21890150.0,0.0,2.0,999999999999,999999999999,999999999999
2185,fixSelectCb,1342,2000,9147476190.0,0.0,2.0,13441413.0,2000.0,21894210.0,0.0,2.0,999999999999,999999999999,999999999999
601,sqlite3FindDbName,460,1184,9160921023.0,0.0,2.0,5620158.0,1184.0,21897140.0,0.0,2.0,999999999999,999999999999,999999999999
2090,sqlite3WalkWinDefnDummyCallback,40,536,9166549221.0,0.0,2.0,1805239.0,536.0,21925540.0,0.0,2.0,999999999999,999999999999,999999999999
1821,sqlite3AllocateIndexObject,854,1296,9168385980.0,0.0,2.0,6537227.0,1296.0,22041170.0,0.0,1.0,999999999999,999999999999,999999999999
1814,sqlite3StringToId,280,568,9174931307.0,0.0,2.0,2799119.0,568.0,22070500.0,0.0,1.0,999999999999,999999999999,999999999999
1787,sqlite3ResolveSelfReference,674,1456,9177731956.0,0.0,2.0,6857396.0,1456.0,22073470.0,0.0,1.0,999999999999,999999999999,999999999999
1822,sqlite3LocateCollSeq,431,1192,9184600452.0,0.0,1.0,4514028.0,1192.0,,,,999999999999,999999999999,999999999999
1503,sqlite3DefaultRowEst,767,1208,9189119430.0,0.0,2.0,7225367.0,1208.0,22161100.0,0.0,2.0,999999999999,999999999999,999999999999
1791,estimateIndexWidth,490,1192,9196348797.0,0.0,2.0,6211717.0,1192.0,22168350.0,0.0,1.0,999999999999,999999999999,999999999999
1824,recomputeColumnsNotIndexed,512,736,9202563774.0,0.0,2.0,5733697.0,736.0,22176050.0,0.0,1.0,999999999999,999999999999,999999999999
1719,sqlite3Insert,17231,15480,9208364781.0,0.0,2.0,130260718.0,15480.0,41533780.0,0.0,1.0,999999999999,999999999999,999999999999
1953,autoIncBegin,1262,1576,9338660719.0,0.0,2.0,10652705.0,1576.0,41639490.0,0.0,1.0,999999999999,999999999999,999999999999
1959,autoIncStep,166,936,9349347244.0,0.0,2.0,2918359.0,936.0,46246358.0,0.0,1.0,999999999999,999999999999,999999999999
1649,sqlite3UpsertDelete,136,896,9352288482.0,0.0,2.0,2613599.0,896.0,46654328.0,0.0,1.0,999999999999,999999999999,999999999999
500,sqlite3IdListDelete,304,1120,9354905291.0,0.0,2.0,4830498.0,1120.0,46915798.0,0.0,1.0,999999999999,999999999999,999999999999
1826,sqlite3RefillIndex,2223,4064,9359754489.0,0.0,1.0,18247541.0,4064.0,,,,999999999999,999999999999,999999999999
1900,sqlite3KeyInfoOfIndex,926,1584,9378008520.0,0.0,3.0,9507676.0,1584.0,46185698.0,0.0,2.0,999999999999,999999999999,999999999999
1891,sqlite3KeyInfoRef,119,552,9387526646.0,0.0,1.0,2325559.0,552.0,,,,999999999999,999999999999,999999999999
1922,sqlite3MultiWrite,149,568,9389858515.0,0.0,1.0,2362429.0,568.0,,,,999999999999,999999999999,999999999999
1995,sqlite3GenerateIndexKey,1557,2048,9392222884.0,0.0,1.0,13378983.0,2048.0,,,,999999999999,999999999999,999999999999
1884,sqlite3GetTempRange,396,1040,9405603957.0,0.0,3.0,4215808.0,1040.0,43301510.0,0.0,2.0,999999999999,999999999999,999999999999
1992,sqlite3ExprCodeLoadIndexColumn,425,1152,9409821695.0,0.0,2.0,4752448.0,1152.0,,,,999999999999,999999999999,999999999999
2188,sqlite3VdbeDeletePriorOpcode,320,992,9414578903.0,0.0,1.0,3801898.0,992.0,,,,999999999999,999999999999,999999999999
1888,sqlite3ReleaseTempRange,242,960,9418384541.0,0.0,4.0,3405169.0,960.0,43318280.0,0.0,3.0,999999999999,999999999999,999999999999
1996,sqlite3ResolvePartIdxLabel,112,912,9421792170.0,0.0,1.0,2768828.0,912.0,,,,999999999999,999999999999,999999999999
1504,sqlite3FreeIndex,295,1320,9424587048.0,0.0,2.0,4512938.0,1320.0,25321209122.0,0.0,1.0,999999999999,999999999999,999999999999
1623,sqlite3DeleteIndexSamples,40,536,9429102306.0,0.0,2.0,1913729.0,536.0,25321211742.0,0.0,1.0,999999999999,999999999999,999999999999
1262,pagerAddPageToRollbackJournal,759,1672,9431295885.0,0.0,4.0,7480326.0,1672.0,50164716.0,0.0,19.0,999999999999,999999999999,999999999999
1228,pager_cksum,250,672,9438778571.0,0.0,4.0,5282708.0,672.0,50166807.0,0.0,19.0,999999999999,999999999999,999999999999
1264,write32bits,161,1048,9444064329.0,0.0,8.0,2941709.0,1048.0,50177776.0,0.0,38.0,999999999999,999999999999,999999999999
1026,sqlite3BitvecSet,2202,1984,9447057847.0,0.0,4.0,15726683.0,1984.0,50234167.0,0.0,19.0,999999999999,999999999999,999999999999
1555,moveToRightmost,422,1232,9462818530.0,0.0,164.0,5644677.0,1232.0,49214257.0,0.0,167.0,999999999999,999999999999,999999999999
1384,sqlite3VdbeSorterInit,1887,2080,9468478197.0,0.0,1.0,13915203.0,2080.0,,,,999999999999,999999999999,999999999999
602,sqlite3BtreeGetPageSize,56,552,9482399060.0,0.0,1.0,2042219.0,552.0,,,,999999999999,999999999999,999999999999
1359,sqlite3VdbeMemIntegerify,165,952,9484460789.0,0.0,1.0,2711859.0,952.0,,,,999999999999,999999999999,999999999999
746,sqlite3VdbeIntValue,340,1032,9487175068.0,0.0,20001.0,4214148.0,1032.0,48891417.0,30000000.0,20000.0,999999999999,999999999999,999999999999
1403,sqlite3VdbeSorterRewind,417,1232,9491394666.0,0.0,1.0,4909558.0,1232.0,,,,999999999999,999999999999,999999999999
1330,sqlite3VdbeSorterClose,221,1128,9496314664.0,0.0,1.0,3560448.0,1128.0,,,,999999999999,999999999999,999999999999
1332,sqlite3VdbeSorterReset,535,1480,9499876292.0,0.0,1.0,7200487.0,1480.0,,,,999999999999,999999999999,999999999999
1333,vdbeMergeEngineFree,263,1056,9507078049.0,0.0,1.0,4639347.0,1056.0,,,,999999999999,999999999999,999999999999
1334,vdbeSortSubtaskCleanup,303,1184,9511719876.0,0.0,1.0,4208449.0,1184.0,,,,999999999999,999999999999,999999999999
1335,vdbeSorterRecordFree,190,1032,9515931105.0,0.0,1.0,3973069.0,1032.0,,,,999999999999,999999999999,999999999999
1501,sqlite3IndexHasDuplicateRootPage,275,648,9520156792.0,0.0,1.0,4146299.0,648.0,22185070.0,0.0,1.0,999999999999,999999999999,999999999999
1721,sqlite3IdListAppend,785,1464,9525315850.0,0.0,3.0,7038917.0,1464.0,33197904.0,0.0,3.0,999999999999,999999999999,999999999999
1737,parserAddExprIdListTerm,341,1312,9532368497.0,0.0,1.0,4902527.0,1312.0,33980274.0,0.0,1.0,999999999999,999999999999,999999999999
1702,sqlite3ExprListSetSpan,370,1072,9537282834.0,0.0,9.0,4384138.0,1072.0,34586063.0,0.0,9.0,999999999999,999999999999,999999999999
1806,sqlite3DbSpanDup,373,1040,9541669722.0,0.0,9.0,5401968.0,1040.0,34588903.0,0.0,9.0,999999999999,999999999999,999999999999
1762,sqlite3CteNew,383,1360,9547094460.0,0.0,1.0,4955898.0,1360.0,36736653.0,0.0,1.0,999999999999,999999999999,999999999999
1763,sqlite3WithAdd,989,1664,9552055748.0,0.0,1.0,10047465.0,1664.0,36801142.0,0.0,1.0,999999999999,999999999999,999999999999
1736,sqlite3ExprSetHeightAndFlags,141,1032,9562132783.0,0.0,3.0,3115008.0,1032.0,39385931.0,0.0,3.0,999999999999,999999999999,999999999999
1965,exprSetHeight,567,1216,9565249181.0,0.0,3.0,5438557.0,1216.0,39387301.0,0.0,3.0,999999999999,999999999999,999999999999
2280,heightOfExprList,275,1048,9570691548.0,0.0,8.0,4592118.0,1048.0,39391601.0,0.0,8.0,999999999999,999999999999,999999999999
2279,heightOfExpr,175,568,9575286916.0,0.0,23.0,2712399.0,568.0,39394641.0,0.0,23.0,999999999999,999999999999,999999999999
2433,sqlite3ExprListFlags,241,640,9578002235.0,0.0,2.0,4449538.0,640.0,39407451.0,0.0,2.0,999999999999,999999999999,999999999999
1727,sqlite3ExprFunction,677,1472,9582470933.0,0.0,2.0,6861287.0,1472.0,40564891.0,0.0,2.0,999999999999,999999999999,999999999999
1694,attachWithToSelect,209,1016,9589345890.0,0.0,1.0,3485218.0,1016.0,41441320.0,0.0,1.0,999999999999,999999999999,999999999999
1917,sqlite3VdbeCountChanges,67,544,9592851568.0,0.0,1.0,2015079.0,544.0,41632080.0,0.0,1.0,999999999999,999999999999,999999999999
1795,sqlite3SelectDestInit,161,648,9594873397.0,0.0,3.0,2745619.0,648.0,41684810.0,0.0,3.0,999999999999,999999999999,999999999999
2171,searchWith,472,1208,9597626346.0,0.0,1.0,6827936.0,1208.0,41747960.0,0.0,1.0,999999999999,999999999999,999999999999
1839,sqlite3ParserAddCleanup,381,1344,9604460472.0,0.0,2.0,5179577.0,1344.0,41771420.0,0.0,2.0,999999999999,999999999999,999999999999
1835,sqlite3SelectDup,1339,2544,9609646850.0,0.0,2.0,13946753.0,2544.0,41790050.0,0.0,2.0,999999999999,999999999999,999999999999
1836,sqlite3ExprListDup,1290,1904,9623596293.0,0.0,9.0,11577515.0,1904.0,41796900.0,0.0,9.0,999999999999,999999999999,999999999999
2004,sqlite3SrcListDup,1858,2424,9635185558.0,0.0,2.0,16269592.0,2424.0,41867050.0,0.0,2.0,999999999999,999999999999,999999999999
2103,sqlite3WithDup,874,1504,9651465000.0,0.0,2.0,8385696.0,1504.0,41941030.0,0.0,2.0,999999999999,999999999999,999999999999
2104,sqlite3WindowListDup,326,1120,9659854126.0,0.0,2.0,4744008.0,1120.0,41943730.0,0.0,2.0,999999999999,999999999999,999999999999
2092,findRightmost,120,560,9664614494.0,0.0,2.0,2695729.0,560.0,42050140.0,0.0,2.0,999999999999,999999999999,999999999999
2119,sqlite3ColumnsFromExprList,3611,3448,9667311983.0,0.0,1.0,27933427.0,3448.0,42056080.0,0.0,1.0,999999999999,999999999999,999999999999
1811,sqlite3IsTrueOrFalse,185,1056,9695253230.0,0.0,1.0,3405998.0,1056.0,42073170.0,0.0,1.0,999999999999,999999999999,999999999999
726,sqlite3HashClear,275,1136,9698678608.0,0.0,12.0,4327817.0,1136.0,42118810.0,0.0,12.0,999999999999,999999999999,999999999999
2133,resolveCompoundOrderBy,2890,2896,9703031745.0,0.0,1.0,24368229.0,2896.0,42465950.0,0.0,1.0,999999999999,999999999999,999999999999
2120,sqlite3SubqueryColumnTypes,3684,3224,9727426574.0,0.0,1.0,27232407.0,3224.0,42954640.0,0.0,1.0,999999999999,999999999999,999999999999
2177,sqlite3ExprDataType,980,3640,9754662871.0,0.0,1.0,11454125.0,3640.0,42969540.0,0.0,1.0,999999999999,999999999999,999999999999
1846,flattenSubquery,9196,6424,9766125376.0,0.0,1.0,66725068.0,6424.0,43010560.0,0.0,1.0,999999999999,999999999999,999999999999
1851,sqlite3SelectExprHeight,112,936,9832856414.0,0.0,2.0,2454108.0,936.0,43033800.0,0.0,2.0,999999999999,999999999999,999999999999
2217,heightOfSelect,338,1336,9835315073.0,0.0,2.0,5134757.0,1336.0,43034880.0,0.0,2.0,999999999999,999999999999,999999999999
1852,pushDownWhereTerms,2393,2872,9840455030.0,0.0,1.0,21727190.0,2872.0,43048640.0,0.0,1.0,999999999999,999999999999,999999999999
1853,disableUnusedSubqueryResultColumns,1877,1248,9862184430.0,0.0,1.0,14361643.0,1248.0,43053420.0,0.0,1.0,999999999999,999999999999,999999999999
1854,fromClauseTermCanBeCoroutine,1067,1384,9876548953.0,0.0,1.0,9774445.0,1384.0,43058030.0,0.0,1.0,999999999999,999999999999,999999999999
1857,isSelfJoinView,794,1360,9886325978.0,0.0,1.0,8558346.0,1360.0,43062700.0,0.0,1.0,999999999999,999999999999,999999999999
1855,sqlite3VdbeExplain,417,1256,9894889574.0,0.0,4.0,4967388.0,1256.0,43072700.0,0.0,4.0,999999999999,999999999999,999999999999
1847,multiSelect,7100,8304,9899862292.0,0.0,1.0,52446615.0,8304.0,43106320.0,0.0,1.0,999999999999,999999999999,999999999999
2208,hasAnchor,224,584,9952314527.0,0.0,1.0,3684458.0,584.0,43115750.0,0.0,1.0,999999999999,999999999999,999999999999
2209,generateWithRecursiveQuery,2949,4360,9956002165.0,0.0,1.0,25280458.0,4360.0,43119010.0,0.0,1.0,999999999999,999999999999,999999999999
1861,computeLimitRegisters,1015,2048,9981286493.0,0.0,1.0,9395886.0,2048.0,43125990.0,0.0,1.0,999999999999,999999999999,999999999999
2036,codeInteger,832,1592,9990714299.0,0.0,9.0,7757826.0,1592.0,43291190.0,0.0,9.0,999999999999,999999999999,999999999999
1796,sqlite3VdbeEndCoroutine,149,976,9998549335.0,0.0,2.0,2685998.0,976.0,44133809.0,0.0,2.0,999999999999,999999999999,999999999999
1856,sqlite3ClearTempRegCache,69,560,10001239803.0,0.0,1.0,1976039.0,560.0,44141289.0,0.0,1.0,999999999999,999999999999,999999999999
2053,exprCodeVector,573,1392,10003248853.0,0.0,2.0,7254896.0,1392.0,44610099.0,0.0,2.0,999999999999,999999999999,999999999999
2054,exprToRegister,243,1008,10010517399.0,0.0,2.0,3511999.0,1008.0,44742479.0,0.0,2.0,999999999999,999999999999,999999999999
2055,setDoNotMergeFlagOnCopy,169,984,10014070478.0,0.0,1.0,2957189.0,984.0,45518959.0,0.0,1.0,999999999999,999999999999,999999999999
2060,sqlite3VdbeGetLastOp,106,912,10017028876.0,0.0,2.0,2414389.0,912.0,45519779.0,0.0,2.0,999999999999,999999999999,999999999999
2047,sqlite3VtabOverloadFunction,1243,1776,10019474365.0,0.0,1.0,9890125.0,1776.0,45973838.0,0.0,1.0,999999999999,999999999999,999999999999
2048,sqlite3VdbeAddFunctionCall,622,1640,10029366330.0,0.0,1.0,7121077.0,1640.0,45979578.0,0.0,1.0,999999999999,999999999999,999999999999
2262,translateColumnToCopy,706,1376,10036500247.0,0.0,1.0,7297467.0,1376.0,46032998.0,0.0,1.0,999999999999,999999999999,999999999999
1954,readsTable,888,1528,10043809444.0,0.0,1.0,9373185.0,1528.0,46080538.0,0.0,1.0,999999999999,999999999999,999999999999
1920,sqlite3VdbeSetP4KeyInfo,195,1032,10053192129.0,0.0,2.0,3329148.0,1032.0,46184858.0,0.0,2.0,999999999999,999999999999,999999999999
1938,sqlite3VdbeAppendP4,300,1024,10056525857.0,0.0,8.0,3829468.0,1024.0,46201008.0,0.0,8.0,999999999999,999999999999,999999999999
2431,indexIteratorNext,405,728,10060387106.0,0.0,1.0,4470987.0,728.0,46605158.0,0.0,1.0,999999999999,999999999999,999999999999
1930,sqlite3AutoincrementEnd,127,896,10064864473.0,0.0,1.0,2606998.0,896.0,46640538.0,0.0,1.0,999999999999,999999999999,999999999999
1544,sqlite3WithDelete,292,1112,10067488512.0,0.0,1.0,4945258.0,1112.0,46844688.0,0.0,1.0,999999999999,999999999999,999999999999
1546,cteClear,160,1088,10072435850.0,0.0,1.0,3058319.0,1088.0,46847078.0,0.0,1.0,999999999999,999999999999,999999999999
2038,codeReal,296,1400,10075515039.0,0.0,4.0,4258897.0,1400.0,47177558.0,0.0,4.0,999999999999,999999999999,999999999999
855,sqlite3AtoF,8944,5600,10079777346.0,0.0,20004.0,58271173.0,5600.0,47181628.0,330000000.0,20004.0,999999999999,999999999999,999999999999
2927,__floatunditf,138,1008,10138054058.0,0.0,20001.0,3448988.0,1008.0,47205948.0,20000000.0,20001.0,999999999999,999999999999,999999999999
2928,__multf3,1474,2808,10141506127.0,0.0,170162.0,22408299.0,2808.0,47211938.0,700000000.0,175882.0,999999999999,999999999999,999999999999
2923,__getf2,218,704,10163916796.0,0.0,40801.0,4082268.0,704.0,47224578.0,70000000.0,41601.0,999999999999,999999999999,999999999999
2929,__trunctfdf2,548,1472,10168000864.0,0.0,20001.0,7890997.0,1472.0,47227278.0,30000000.0,20001.0,999999999999,999999999999,999999999999
2061,sqlite3VdbeAddOp4Dup8,296,1240,10175895011.0,0.0,4.0,4602938.0,1240.0,47232938.0,0.0,4.0,999999999999,999999999999,999999999999
801,sqlite3VdbeDb,48,536,10180503199.0,0.0,4.0,1934869.0,536.0,47234828.0,0.0,4.0,999999999999,999999999999,999999999999
1385,sqlite3BtreeFakeValidCursor,17,520,10182660418.0,0.0,1.0,1607499.0,520.0,48081548.0,0.0,1.0,999999999999,999999999999,999999999999
813,sqlite3VdbeMemFromBtreeZeroOffset,295,1184,10184355557.0,0.0,28800.0,4181657.0,1184.0,48669627.0,20000000.0,37600.0,999999999999,999999999999,999999999999
756,vdbeMemAddTerminator,359,1088,10188540484.0,0.0,20000.0,4234589.0,1088.0,48678577.0,30000000.0,20000.0,999999999999,999999999999,999999999999
1399,sqlite3BtreeDelete,5061,4232,10192779332.0,0.0,20000.0,35343693.0,4232.0,48697437.0,210000000.0,20000.0,999999999999,999999999999,999999999999
1483,balance,1992,2408,10228129646.0,0.0,21211.0,15617992.0,2408.0,48737887.0,150000000.0,21298.0,999999999999,999999999999,999999999999
1358,numericType,202,936,10243768298.0,0.0,40000.0,3029399.0,936.0,48865487.0,40000000.0,40000.0,999999999999,999999999999,999999999999
744,sqlite3VdbeRealValue,321,992,10246802037.0,10000000.0,60000.0,3741548.0,992.0,48869487.0,110000000.0,60000.0,999999999999,999999999999,999999999999
770,sqlite3IsNaN,216,600,10250547025.0,0.0,40000.0,2740159.0,600.0,48875147.0,210000000.0,40000.0,999999999999,999999999999,999999999999
2471,roundFunc,971,2352,10253291774.0,0.0,20000.0,8208286.0,2352.0,48884587.0,20000000.0,20000.0,999999999999,999999999999,999999999999
752,sqlite3_value_type,95,552,10261503700.0,0.0,42401.0,2202699.0,552.0,48887907.0,30000000.0,44801.0,999999999999,999999999999,999999999999
636,sqlite3_value_int,88,896,10263709589.0,0.0,20000.0,2280999.0,896.0,48889977.0,0.0,20000.0,999999999999,999999999999,999999999999
551,sqlite3_value_double,83,896,10265994548.0,0.0,20000.0,2267439.0,896.0,48895937.0,0.0,20000.0,999999999999,999999999999,999999999999
537,sqlite3FpDecode,6263,6480,10268268936.0,0.0,20800.0,39658042.0,6480.0,48946187.0,100000000.0,21600.0,999999999999,999999999999,999999999999
2925,__fixunstfdi,135,1008,10307932658.0,0.0,20800.0,3297109.0,1008.0,49006817.0,0.0,21600.0,999999999999,999999999999,999999999999
767,sqlite3_result_double,102,904,10311251836.0,0.0,20000.0,2255570.0,904.0,49122377.0,10000000.0,20000.0,999999999999,999999999999,999999999999
768,sqlite3VdbeMemSetDouble,153,1040,10313509655.0,0.0,20000.0,3014818.0,1040.0,49123777.0,10000000.0,20000.0,999999999999,999999999999,999999999999
857,sqlite3VdbeIntegerAffinity,471,1032,10316543954.0,0.0,20000.0,4229838.0,1032.0,49307597.0,0.0,20000.0,999999999999,999999999999,999999999999
747,sqlite3RealToI64,279,1024,10320775522.0,0.0,20000.0,3010458.0,1024.0,49310167.0,110000000.0,20000.0,999999999999,999999999999,999999999999
776,sqlite3VdbeMemSetInt64,186,936,10323789010.0,0.0,20001.0,3116869.0,936.0,49321917.0,70000000.0,20001.0,999999999999,999999999999,999999999999
1391,sqlite3BtreeIndexMoveto,4833,4064,10326914999.0,0.0,20001.0,35902283.0,4064.0,49398917.0,60000000.0,20001.0,999999999999,999999999999,999999999999
1468,sqlite3VdbeFindCompare,660,816,10362821432.0,0.0,20001.0,5569057.0,816.0,49404017.0,50000000.0,20001.0,999999999999,999999999999,999999999999
1424,sqlite3AddInt64,465,656,10368626879.0,0.0,19999.0,3785699.0,656.0,50437687.0,290000000.0,19999.0,999999999999,999999999999,999999999999
1557,vdbeRecordCompareString,1402,1648,10372461038.0,20000000.0,272882.0,11010665.0,1648.0,49463017.0,1080000000.0,312594.0,999999999999,999999999999,999999999999
1469,cursorOnLastPage,366,664,10383509302.0,0.0,18949.0,5105597.0,664.0,51043996.0,40000000.0,18868.0,999999999999,999999999999,999999999999
1470,indexCellCompare,727,1200,10388616639.0,0.0,8019.0,6244378.0,1200.0,54182365.0,30000000.0,7788.0,999999999999,999999999999,999999999999
1408,sqlite3VdbeRecordCompareWithSkip,5548,4328,10394921257.0,0.0,162674.0,38519961.0,4328.0,49480447.0,990000000.0,190803.0,999999999999,999999999999,999999999999
1493,vdbeRecordDecodeInt,1420,1480,10433445518.0,10000000.0,158674.0,8543236.0,1480.0,49492577.0,990000000.0,182803.0,999999999999,999999999999,999999999999
1563,anotherValidCursor,344,1032,10442859614.0,0.0,2.0,4701638.0,1032.0,,,,999999999999,999999999999,999999999999
1564,balance_deeper,875,1824,10447563612.0,0.0,2.0,8309525.0,1824.0,,,,999999999999,999999999999,999999999999
1568,copyNodeContent,814,1552,10455971537.0,0.0,2.0,7736837.0,1552.0,,,,999999999999,999999999999,999999999999
1149,btreeInitPage,896,1464,10463711084.0,0.0,2.0,8204456.0,1464.0,16976452.0,10000000.0,199.0,999999999999,999999999999,999999999999
1478,btreeComputeFreeSpace,1762,1680,10471919370.0,0.0,2.0,12542454.0,1680.0,49695467.0,0.0,18.0,999999999999,999999999999,999999999999
1565,balance_quick,1979,2368,10484469684.0,0.0,162.0,16206342.0,2368.0,179601875.0,0.0,166.0,999999999999,999999999999,999999999999
1235,cellSizePtrTableLeaf,1514,968,10500693426.0,0.0,162.0,10513015.0,968.0,179759975.0,0.0,166.0,999999999999,999999999999,999999999999
1569,rebuildPage,2658,2368,10511210941.0,0.0,199.0,19838891.0,2368.0,179779095.0,0.0,205.0,999999999999,999999999999,999999999999
1567,sqlite3PagerTempSpace,50,544,10531051892.0,0.0,334.0,1858809.0,544.0,77846653.0,0.0,347.0,999999999999,999999999999,999999999999
1485,insertCell,3376,2960,10532915001.0,0.0,2332.0,23268959.0,2960.0,89784647.0,30000000.0,2511.0,999999999999,999999999999,999999999999
1458,moveToChild,833,1480,10556258380.0,0.0,4346.0,7873376.0,1480.0,49218717.0,10000000.0,8538.0,999999999999,999999999999,999999999999
1566,balance_nonroot,24537,14120,10565161826.0,0.0,1049.0,179725544.0,14120.0,88417028.0,40000000.0,1132.0,999999999999,999999999999,999999999999
1237,cellSizePtrIdxLeaf,881,792,10744920230.0,10000000.0,108737.0,8102946.0,792.0,77850393.0,520000000.0,112986.0,999999999999,999999999999,999999999999
1570,cachedCellSize,281,968,10753027896.0,0.0,120309.0,3387658.0,968.0,89236748.0,200000000.0,123565.0,999999999999,999999999999,999999999999
1573,computeCellSize,270,1064,10756417794.0,0.0,61422.0,3449909.0,1064.0,89243737.0,50000000.0,63694.0,999999999999,999999999999,999999999999
1572,editPage,3081,3032,10759903493.0,0.0,3219.0,22881649.0,3032.0,89842517.0,20000000.0,3477.0,999999999999,999999999999,999999999999
1575,pageInsertArray,1685,1936,10782788322.0,0.0,5333.0,14707543.0,1936.0,89852047.0,60000000.0,5759.0,999999999999,999999999999,999999999999
1574,pageFreeArray,2284,2080,10797503745.0,0.0,1998.0,19225681.0,2080.0,89925847.0,90000000.0,2169.0,999999999999,999999999999,999999999999
1561,pageFindSlot,1574,1624,10816756136.0,0.0,29510.0,11922444.0,1624.0,50247496.0,160000000.0,29590.0,999999999999,999999999999,999999999999
1562,defragmentPage,4579,3192,10830142170.0,0.0,519.0,28807926.0,3192.0,77838443.0,0.0,571.0,999999999999,999999999999,999999999999
1239,cellSizePtr,836,776,10859285746.0,0.0,2093.0,7541186.0,776.0,88517878.0,10000000.0,2493.0,999999999999,999999999999,999999999999
1576,populateCellCache,401,1224,10869218851.0,0.0,37.0,5814387.0,1224.0,225838733.0,0.0,39.0,999999999999,999999999999,999999999999
1571,sqlite3PagerRekey,119,928,10877522997.0,0.0,75.0,2591159.0,928.0,,,,999999999999,999999999999,999999999999
1301,sqlite3PcacheMove,529,1328,10880115486.0,0.0,75.0,5571577.0,1328.0,,,,999999999999,999999999999,999999999999
2701,pcache1Rekey,528,816,10885690693.0,0.0,75.0,5644607.0,816.0,,,,999999999999,999999999999,999999999999
1455,putVarint64,805,848,11012987103.0,0.0,3617.0,7822436.0,848.0,50292836.0,90000000.0,20000.0,999999999999,999999999999,999999999999
724,sqlite3BtreeClose,645,1584,11050440545.0,0.0,2.0,7021046.0,1584.0,20688934137.0,0.0,2.0,999999999999,999999999999,999999999999
714,sqlite3BtreeRollback,564,1656,11057465191.0,0.0,3.0,7045257.0,1656.0,20688937997.0,0.0,3.0,999999999999,999999999999,999999999999
715,saveAllCursors,513,1096,11064512898.0,0.0,3.0,6070167.0,1096.0,20688941057.0,0.0,3.0,999999999999,999999999999,999999999999
717,sqlite3PagerRollback,679,1296,11070584615.0,0.0,1.0,6100947.0,1296.0,20688946437.0,0.0,1.0,999999999999,999999999999,999999999999
1208,sqlite3PcacheClearWritable,198,608,11076693412.0,0.0,2.0,3512127.0,608.0,20688967307.0,0.0,2.0,999999999999,999999999999,999999999999
1178,getPageError,88,592,11080212130.0,0.0,1.0,2372499.0,592.0,20688983157.0,0.0,1.0,999999999999,999999999999,999999999999
1133,sqlite3PagerClose,449,1592,11082595719.0,0.0,2.0,5638498.0,1592.0,20689022927.0,0.0,2.0,999999999999,999999999999,999999999999
1157,pagerFreeMapHdrs,182,1024,11088237497.0,0.0,2.0,3794738.0,1024.0,20689033147.0,0.0,2.0,999999999999,999999999999,999999999999
2703,pcache1TruncateUnsafe,724,1336,11092038345.0,0.0,3.0,8140796.0,1336.0,20689053067.0,0.0,2.0,999999999999,999999999999,999999999999
2706,pcache1FreePage,266,1000,11100182761.0,0.0,245.0,3528739.0,1000.0,20689059827.0,0.0,447.0,999999999999,999999999999,999999999999
1162,sqlite3PcacheClose,99,904,11103725290.0,0.0,2.0,2423278.0,904.0,20689107307.0,0.0,2.0,999999999999,999999999999,999999999999
2693,pcache1Destroy,356,1272,11106149938.0,0.0,2.0,4790028.0,1272.0,20689108177.0,0.0,2.0,999999999999,999999999999,999999999999
1013,freeTempSpace,184,952,11110947556.0,0.0,2.0,3010808.0,952.0,20689141467.0,0.0,2.0,999999999999,999999999999,999999999999
1316,sqlite3VdbeSetChanges,106,576,11118321912.0,0.0,1.0,2325139.0,576.0,20700373331.0,0.0,1.0,999999999999,999999999999,999999999999
1306,freeP4FuncCtx,122,1000,11120663721.0,0.0,2.0,2734659.0,1000.0,20700492291.0,0.0,2.0,999999999999,999999999999,999999999999
1308,freeEphemeralFunction,124,912,11123400640.0,0.0,3.0,2814959.0,912.0,20700493621.0,0.0,3.0,999999999999,999999999999,999999999999
2312,codeAllEqualityTerms,2300,3088,11126363289.0,0.0,1.0,20174210.0,3088.0,20705106329.0,0.0,1.0,999999999999,999999999999,999999999999
1925,sqlite3IndexAffinityStr,186,960,11146540799.0,0.0,1.0,3140599.0,960.0,20705111239.0,0.0,1.0,999999999999,999999999999,999999999999
2376,computeIndexAffStr,970,1512,11149684928.0,0.0,1.0,9695895.0,1512.0,20705113759.0,0.0,1.0,999999999999,999999999999,999999999999
2069,sqlite3ExprCanBeNull,902,776,11159399813.0,0.0,1.0,7047256.0,776.0,20705210619.0,0.0,1.0,999999999999,999999999999,999999999999
2381,sqlite3ExprNeedsNoAffinityChange,1076,1520,11166450829.0,0.0,1.0,7119117.0,1520.0,20705222769.0,0.0,1.0,999999999999,999999999999,999999999999
2315,codeApplyAffinity,658,1208,11173572776.0,0.0,1.0,9971646.0,1208.0,20705235859.0,0.0,1.0,999999999999,999999999999,999999999999
2316,codeDeferredSeek,973,1624,11183550402.0,0.0,1.0,9595855.0,1624.0,20705256829.0,0.0,1.0,999999999999,999999999999,999999999999
2319,sqlite3ExprCoveredByIndex,302,1032,11193150417.0,0.0,1.0,3561698.0,1032.0,20705269949.0,0.0,1.0,999999999999,999999999999,999999999999
2370,exprIdxCover,370,1048,11196714875.0,0.0,2.0,4284708.0,1048.0,20705274369.0,0.0,2.0,999999999999,999999999999,999999999999
1825,sqlite3TableColumnToIndex,331,688,11201002713.0,0.0,4.0,4923168.0,688.0,20705280199.0,0.0,4.0,999999999999,999999999999,999999999999
2263,sqlite3StorageColumnToTable,310,672,11205972961.0,0.0,3.0,5073078.0,672.0,20705595139.0,0.0,3.0,999999999999,999999999999,999999999999
1390,sqlite3BtreeCursorHasHint,112,568,11211232539.0,0.0,1.0,2346209.0,568.0,20706353508.0,0.0,1.0,999999999999,999999999999,999999999999
1406,sqlite3VdbeIdxRowid,1078,1808,11213593527.0,0.0,4800.0,8783156.0,1808.0,20706528798.0,10000000.0,9600.0,999999999999,999999999999,999999999999
1238,btreeParseCellPtrIndex,840,1240,11222380453.0,0.0,4001.0,8237146.0,1240.0,20706536068.0,30000000.0,8001.0,999999999999,999999999999,999999999999
1407,sqlite3VdbeMemInit,107,608,11230620769.0,0.0,8801.0,2440619.0,608.0,20706542138.0,20000000.0,17601.0,999999999999,999999999999,999999999999
1409,sqlite3VdbeMemReleaseMalloc,97,896,11233066078.0,0.0,8800.0,2538249.0,896.0,20706555618.0,140000000.0,17600.0,999999999999,999999999999,999999999999
1365,sqlite3VdbeFinishMoveto,263,1120,11235606427.0,0.0,4000.0,3997908.0,1120.0,20706563738.0,10000000.0,8000.0,999999999999,999999999999,999999999999
1451,serialGet,744,744,11239619785.0,0.0,24800.0,5307647.0,744.0,20706807068.0,520000000.0,49600.0,999999999999,999999999999,999999999999
632,sqlite3_column_type,134,1056,11244948732.0,0.0,2401.0,2848069.0,1056.0,20706933478.0,10000000.0,4801.0,999999999999,999999999999,999999999999
546,sqlite3_str_appendf,107,920,11247808381.0,0.0,800.0,2495818.0,920.0,20707009668.0,0.0,1600.0,999999999999,999999999999,999999999999
433,shell_callback,20663,17320,11250315009.0,0.0,801.0,131463208.0,17320.0,20707165668.0,40000000.0,1601.0,999999999999,999999999999,999999999999
230,oPutsUtf8,314,1368,11381784997.0,0.0,4802.0,4208368.0,1368.0,20707187078.0,0.0,9602.0,999999999999,999999999999,999999999999
2870,__stdout_write,61,1008,11386006745.0,0.0,1.0,2934109.0,1008.0,20707248278.0,0.0,1.0,999999999999,999999999999,999999999999
1457,moveToParent,317,1024,11389252474.0,0.0,184.0,3675909.0,1024.0,20756578594.0,0.0,371.0,999999999999,999999999999,999999999999
2130,sqlite3ReferencesSrcList,751,1472,11403416217.0,0.0,1.0,6945496.0,1472.0,23101853118.0,0.0,1.0,999999999999,999999999999,999999999999
1877,sqlite3ExprAnalyzeAggList,289,1096,11410385023.0,0.0,3.0,4480298.0,1096.0,23102126358.0,0.0,3.0,999999999999,999999999999,999999999999
1879,sqlite3ExprAnalyzeAggregates,181,1168,11414867951.0,0.0,1.0,2745389.0,1168.0,23102129548.0,0.0,1.0,999999999999,999999999999,999999999999
2265,analyzeAggregate,3790,3776,11417616200.0,0.0,1.0,28706876.0,3776.0,23102133938.0,0.0,1.0,999999999999,999999999999,999999999999
2391,addAggInfoFunc,166,1016,11446327547.0,0.0,1.0,2882329.0,1016.0,23102142108.0,0.0,1.0,999999999999,999999999999,999999999999
2393,sqlite3ArrayAllocate,626,1264,11449212145.0,0.0,1.0,5943137.0,1264.0,23102144388.0,0.0,1.0,999999999999,999999999999,999999999999
1880,minMaxQuery,640,1480,11455169403.0,0.0,1.0,6969346.0,1480.0,23102195278.0,0.0,1.0,999999999999,999999999999,999999999999
1881,analyzeAggFuncArgs,479,1320,11462141509.0,0.0,1.0,6666477.0,1320.0,23102198538.0,0.0,1.0,999999999999,999999999999,999999999999
1898,isSimpleCount,753,816,11468810226.0,0.0,1.0,6049077.0,816.0,23102204478.0,0.0,1.0,999999999999,999999999999,999999999999
1883,assignAggregateRegisters,142,600,11474861743.0,0.0,1.0,2543279.0,600.0,23102210008.0,0.0,1.0,999999999999,999999999999,999999999999
1896,resetAccumulator,1712,2272,11477406512.0,0.0,1.0,14258033.0,2272.0,23102212218.0,0.0,1.0,999999999999,999999999999,999999999999
2301,sqlite3WhereExprListUsage,330,1128,11491682925.0,0.0,1.0,5264787.0,1128.0,23102298808.0,0.0,1.0,999999999999,999999999999,999999999999
2331,transferJoinMarkings,196,600,11496961262.0,0.0,2.0,3010789.0,600.0,23102360778.0,0.0,2.0,999999999999,999999999999,999999999999
2328,markTermAsChild,230,680,11499978531.0,0.0,2.0,3211589.0,680.0,23102417538.0,0.0,2.0,999999999999,999999999999,999999999999
2052,exprCodeBetween,1085,1936,11503220900.0,0.0,1.0,9827015.0,1936.0,23102853258.0,0.0,1.0,999999999999,999999999999,999999999999
2073,sqlite3ExprSimplifiedAndOr,749,1208,11513064865.0,0.0,3.0,5749627.0,1208.0,23102949268.0,0.0,3.0,999999999999,999999999999,999999999999
1866,sqlite3WhereIsDistinct,61,544,11518841662.0,0.0,1.0,1988359.0,544.0,23103197048.0,0.0,1.0,999999999999,999999999999,999999999999
1893,updateAccumulator,4313,4864,11520831731.0,0.0,1.0,36507153.0,4864.0,23103198728.0,0.0,1.0,999999999999,999999999999,999999999999
1894,finalizeAggFunctions,1917,2928,11557361694.0,0.0,1.0,18192091.0,2928.0,23103293658.0,0.0,1.0,999999999999,999999999999,999999999999
1876,agginfoFree,167,1104,11575598305.0,0.0,1.0,3148918.0,1104.0,23103687778.0,0.0,1.0,999999999999,999999999999,999999999999
2502,countStep,259,1064,11578948353.0,0.0,4000.0,3806779.0,1064.0,23106503186.0,10000000.0,8000.0,999999999999,999999999999,999999999999
816,sqlite3_aggregate_context,196,984,11582757602.0,0.0,4001.0,3328258.0,984.0,23106504616.0,20000000.0,8001.0,999999999999,999999999999,999999999999
817,createAggContext,350,1176,11586089290.0,0.0,1.0,4271758.0,1176.0,23106506146.0,0.0,1.0,999999999999,999999999999,999999999999
1346,sqlite3VdbeMemFinalize,626,1320,11598050134.0,0.0,1.0,6105787.0,1320.0,25315003165.0,0.0,1.0,999999999999,999999999999,999999999999
2503,countFinalize,191,1000,11604159731.0,0.0,1.0,3234549.0,1000.0,25315008015.0,0.0,1.0,999999999999,999999999999,999999999999
778,sqlite3_result_int64,101,896,11607397260.0,0.0,1.0,2403499.0,896.0,25315011995.0,0.0,1.0,999999999999,999999999999,999999999999
198,set_table_name,1060,1520,11609952589.0,0.0,1.0,9041096.0,1520.0,25315766504.0,0.0,1.0,999999999999,999999999999,999999999999
168,close_db,156,1088,11618996385.0,0.0,1.0,3290388.0,1088.0,25315771164.0,0.0,1.0,999999999999,999999999999,999999999999
951,sqlite3_close,85,904,11622289443.0,0.0,1.0,2300928.0,904.0,25315772874.0,0.0,1.0,999999999999,999999999999,999999999999
952,sqlite3Close,670,1704,11624593421.0,0.0,1.0,8522346.0,1704.0,25315774674.0,0.0,1.0,999999999999,999999999999,999999999999
953,disconnectAllVtab,681,1424,11633118247.0,0.0,1.0,8517236.0,1424.0,25315780334.0,0.0,1.0,999999999999,999999999999,999999999999
690,sqlite3VtabUnlockList,240,1056,11641640324.0,0.0,2.0,3853618.0,1056.0,25315793984.0,0.0,2.0,999999999999,999999999999,999999999999
954,sqlite3VtabRollback,88,904,11645496942.0,0.0,2.0,2290119.0,904.0,25315796454.0,0.0,2.0,999999999999,999999999999,999999999999
721,connectionIsBusy,377,1176,11647790871.0,0.0,2.0,5620237.0,1176.0,25315799084.0,0.0,2.0,999999999999,999999999999,999999999999
2439,sqlite3BtreeIsInBackup,79,552,11653414078.0,0.0,2.0,2069269.0,552.0,25315801914.0,0.0,2.0,999999999999,999999999999,999999999999
722,sqlite3RollbackAll,878,1744,11655487487.0,0.0,1.0,9726196.0,1744.0,25315811164.0,0.0,1.0,999999999999,999999999999,999999999999
723,sqlite3CloseSavepoints,249,1088,11665221983.0,0.0,1.0,4470058.0,1088.0,25315836224.0,0.0,1.0,999999999999,999999999999,999999999999
1097,dotlockClose,137,1048,11669807740.0,0.0,1.0,2854099.0,1048.0,25321094702.0,0.0,1.0,999999999999,999999999999,999999999999
689,sqlite3SchemaClear,859,1664,11672699859.0,0.0,2.0,8207686.0,1664.0,25321174182.0,0.0,2.0,999999999999,999999999999,999999999999
691,sqlite3CollapseDatabaseArray,884,1432,11680937735.0,0.0,1.0,8529086.0,1432.0,25321509072.0,0.0,1.0,999999999999,999999999999,999999999999
727,sqlite3VtabEponymousTableClear,209,984,11689487411.0,0.0,5.0,3636748.0,984.0,25321912792.0,0.0,5.0,999999999999,999999999999,999999999999
728,sqlite3VtabModuleUnref,235,1056,11693126229.0,0.0,5.0,3824759.0,1056.0,25321914572.0,0.0,5.0,999999999999,999999999999,999999999999
729,sqlite3ValueFree,155,992,11696960988.0,0.0,1.0,2940458.0,992.0,25321993182.0,0.0,1.0,999999999999,999999999999,999999999999
199,output_reset,439,1360,11699907966.0,0.0,1.0,4946877.0,1360.0,25322028791.0,0.0,1.0,999999999999,999999999999,999999999999
245,output_file_close,227,896,11704858113.0,0.0,1.0,2940299.0,896.0,25322031091.0,0.0,1.0,999999999999,999999999999,999999999999
283,setOutputStream,85,904,11707801172.0,0.0,1.0,2293039.0,904.0,25322035282.0,0.0,1.0,999999999999,999999999999,999999999999
459,designateEmitStream,446,1136,11710096241.0,0.0,1.0,4491398.0,1136.0,25322036942.0,0.0,1.0,999999999999,999999999999,999999999999
424,isKnownWritable,274,616,11714589599.0,0.0,1.0,3717948.0,616.0,25322039202.0,0.0,1.0,999999999999,999999999999,999999999999
2831,__wasm_call_dtors,15,864,11718313077.0,0.0,1.0,1881329.0,864.0,25322048862.0,0.0,1.0,999999999999,999999999999,999999999999
2828,__funcs_on_exit,183,1040,11720196276.0,0.0,1.0,4234628.0,1040.0,25322049671.0,0.0,1.0,999999999999,999999999999,999999999999
2830,call,12,824,11724431974.0,0.0,2.0,1887189.0,824.0,25322051571.0,0.0,2.0,999999999999,999999999999,999999999999
175,sayAbnormalExit,47,848,11726320963.0,0.0,1.0,2117479.0,848.0,25322052431.0,0.0,1.0,999999999999,999999999999,999999999999
174,consoleRestore,4,512,11728440293.0,0.0,1.0,1434550.0,512.0,25322054511.0,0.0,1.0,999999999999,999999999999,999999999999
2839,__stdio_exit,389,1712,11729876682.0,0.0,1.0,8277265.0,1712.0,25322055531.0,0.0,1.0,999999999999,999999999999,999999999999
2863,__ofl_lock,9,520,11738155928.0,10000000.0,1.0,1587139.0,520.0,1996639.0,10000000.0,3.0,999999999999,999999999999,999999999999
1198,readDbPage,551,1192,,,,,,12190284.0,0.0,199.0,999999999999,999999999999,999999999999
1426,sqlite3PagerOkToChangeJournalMode,258,592,,,,,,28992336.0,0.0,2.0,999999999999,999999999999,999999999999
1427,sqlite3PagerSetJournalMode,1172,1720,,,,,,28995986.0,0.0,2.0,999999999999,999999999999,999999999999
1428,sqlite3JournalModename,150,568,,,,,,28999976.0,0.0,2.0,999999999999,999999999999,999999999999
1782,sqlite3ForceNotReadOnly,232,1120,,,,,,25877038.0,0.0,2.0,999999999999,999999999999,999999999999
2836,dummy,4,512,,,,,,2035199.0,0.0,1.0,999999999999,999999999999,999999999999
2837,fclose,153,1288,,,,,,2021359.0,0.0,1.0,999999999999,999999999999,999999999999
2846,__stdio_seek,18,840,,,,,,2022639.0,0.0,1.0,999999999999,999999999999,999999999999
2849,readv,115,984,,,,,,2006219.0,0.0,1.0,999999999999,999999999999,999999999999
2851,__stdio_close,15,840,,,,,,2027159.0,0.0,1.0,999999999999,999999999999,999999999999
2852,__fdopen,390,1712,,,,,,1976949.0,0.0,1.0,999999999999,999999999999,999999999999
2856,fread,198,1288,,,,,,2002879.0,0.0,1.0,999999999999,999999999999,999999999999
2864,__ofl_unlock,3,512,,,,,,1998369.0,0.0,2.0,999999999999,999999999999,999999999999
2865,__ofl_add,53,944,,,,,,1994809.0,0.0,1.0,999999999999,999999999999,999999999999
